fixture	sample	label	kind	base_gas	candidate_gas	gas_delta	gas_pct	cycles_delta	base_storage_bytes	candidate_storage_bytes	storage_delta_bytes	storage_delta_ugnot	deposits_delta_ugnot	refunds_delta_ugnot	fee_ugnot	buffered_fee_ugnot	historical143_fee_ugnot	net_delta_ugnot	buffered_net_delta_ugnot	historical143_net_delta_ugnot
poc_launchpad_numerics_filetest.gno	0	Launchpad Numerics CreateProject	paid	6822113	6822113	0	0.0	0	32744	32744	0	0	0	0	0	0	0	0	0	0
poc_launchpad_numerics_filetest.gno	1	Launchpad Numerics DepositGns call=1/256	paid	6391412	6401763	10351	0.16195169392929137	9724	27369	27008	-361	-36100	-36100	0	10	11	1481	-36090	-36089	-34619
poc_launchpad_numerics_filetest.gno	2	Launchpad Numerics DepositGns call=2/256	paid	5973016	5985183	12167	0.2036994376040513	11425	4070	3709	-361	-36100	-36100	0	12	13	1740	-36088	-36087	-34360
poc_launchpad_numerics_filetest.gno	3	Launchpad Numerics DepositGns call=3/256	paid	5967308	5979475	12167	0.20389428532933107	11425	3929	3568	-361	-36100	-36100	0	12	13	1739	-36088	-36087	-34361
poc_launchpad_numerics_filetest.gno	4	Launchpad Numerics DepositGns call=4/256	paid	5973728	5985895	12167	0.2036751589627114	11425	3928	3567	-361	-36100	-36100	0	12	13	1739	-36088	-36087	-34361
poc_launchpad_numerics_filetest.gno	5	Launchpad Numerics DepositGns call=5/256	paid	5975644	5987811	12167	0.20360985359904304	11425	3926	3565	-361	-36100	-36100	0	12	13	1739	-36088	-36087	-34361
poc_launchpad_numerics_filetest.gno	6	Launchpad Numerics DepositGns call=6/256	paid	5975125	5987292	12167	0.20362753917282064	11425	3926	3565	-361	-36100	-36100	0	12	14	1740	-36088	-36086	-34360
poc_launchpad_numerics_filetest.gno	7	Launchpad Numerics DepositGns call=7/256	paid	5977528	5989695	12167	0.2035456797525666	11425	3926	3565	-361	-36100	-36100	0	12	13	1740	-36088	-36087	-34360
poc_launchpad_numerics_filetest.gno	8	Launchpad Numerics DepositGns call=8/256	paid	5983942	5996109	12167	0.20332750551392376	11425	3926	3565	-361	-36100	-36100	0	13	13	1740	-36087	-36087	-34360
poc_launchpad_numerics_filetest.gno	9	Launchpad Numerics DepositGns call=9/256	paid	5985371	5997538	12167	0.20327896132086049	11425	3926	3565	-361	-36100	-36100	0	12	14	1739	-36088	-36086	-34361
poc_launchpad_numerics_filetest.gno	10	Launchpad Numerics DepositGns call=10/256	paid	6017520	6029687	12167	0.20219292997779817	11425	4025	3664	-361	-36100	-36100	0	12	13	1740	-36088	-36087	-34360
poc_launchpad_numerics_filetest.gno	11	Launchpad Numerics DepositGns call=11/256	paid	6012514	6024681	12167	0.20236127516709318	11425	3929	3568	-361	-36100	-36100	0	12	14	1740	-36088	-36086	-34360
poc_launchpad_numerics_filetest.gno	12	Launchpad Numerics DepositGns call=12/256	paid	6019418	6031585	12167	0.2021291759435879	11425	3929	3568	-361	-36100	-36100	0	12	13	1740	-36088	-36087	-34360
poc_launchpad_numerics_filetest.gno	13	Launchpad Numerics DepositGns call=13/256	paid	6020853	6033020	12167	0.2020810008150008	11425	3929	3568	-361	-36100	-36100	0	13	14	1740	-36087	-36086	-34360
poc_launchpad_numerics_filetest.gno	14	Launchpad Numerics DepositGns call=14/256	paid	6021806	6033973	12167	0.20204901984554136	11425	3929	3568	-361	-36100	-36100	0	12	14	1740	-36088	-36086	-34360
poc_launchpad_numerics_filetest.gno	15	Launchpad Numerics DepositGns call=15/256	paid	6022754	6034921	12167	0.20201721670850245	11425	3929	3568	-361	-36100	-36100	0	12	13	1740	-36088	-36087	-34360
poc_launchpad_numerics_filetest.gno	16	Launchpad Numerics DepositGns call=16/256	paid	6024194	6036361	12167	0.20196892729550212	11425	3929	3568	-361	-36100	-36100	0	12	13	1740	-36088	-36087	-34360
poc_launchpad_numerics_filetest.gno	17	Launchpad Numerics DepositGns call=17/256	paid	6312541	6324708	12167	0.19274330257815356	11425	17103	16742	-361	-36100	-36100	0	12	14	1740	-36088	-36086	-34360
poc_launchpad_numerics_filetest.gno	18	Launchpad Numerics DepositGns call=18/256	paid	6072626	6084793	12167	0.2003581317209392	11425	4025	3664	-361	-36100	-36100	0	12	14	1740	-36088	-36086	-34360
poc_launchpad_numerics_filetest.gno	19	Launchpad Numerics DepositGns call=19/256	paid	6064810	6076977	12167	0.2006163424740429	11425	3929	3568	-361	-36100	-36100	0	12	13	1740	-36088	-36087	-34360
poc_launchpad_numerics_filetest.gno	20	Launchpad Numerics DepositGns call=20/256	paid	6072500	6084667	12167	0.20036228900782216	11425	3929	3568	-361	-36100	-36100	0	12	14	1740	-36088	-36086	-34360
poc_launchpad_numerics_filetest.gno	21	Launchpad Numerics DepositGns call=21/256	paid	6073448	6085615	12167	0.20033101460652994	11425	3929	3568	-361	-36100	-36100	0	12	14	1739	-36088	-36086	-34361
poc_launchpad_numerics_filetest.gno	22	Launchpad Numerics DepositGns call=22/256	paid	6068927	6081094	12167	0.20048024963885708	11425	3929	3568	-361	-36100	-36100	0	13	14	1740	-36087	-36086	-34360
poc_launchpad_numerics_filetest.gno	23	Launchpad Numerics DepositGns call=23/256	paid	6076323	6088490	12167	0.2002362283900971	11425	3929	3568	-361	-36100	-36100	0	12	14	1740	-36088	-36086	-34360
poc_launchpad_numerics_filetest.gno	24	Launchpad Numerics DepositGns call=24/256	paid	6076776	6088943	12167	0.2002213015585896	11425	3929	3568	-361	-36100	-36100	0	12	13	1740	-36088	-36087	-34360
poc_launchpad_numerics_filetest.gno	25	Launchpad Numerics DepositGns call=25/256	paid	6378468	6390635	12167	0.19075113334424504	11425	10621	10260	-361	-36100	-36100	0	12	13	1740	-36088	-36087	-34360
poc_launchpad_numerics_filetest.gno	26	Launchpad Numerics DepositGns call=26/256	paid	6065400	6077567	12167	0.2005968279091239	11425	3977	3616	-361	-36100	-36100	0	12	14	1740	-36088	-36086	-34360
poc_launchpad_numerics_filetest.gno	27	Launchpad Numerics DepositGns call=27/256	paid	6072791	6084958	12167	0.20035268791565525	11425	3929	3568	-361	-36100	-36100	0	12	13	1739	-36088	-36087	-34361
poc_launchpad_numerics_filetest.gno	28	Launchpad Numerics DepositGns call=28/256	paid	6074718	6086885	12167	0.20028913276303525	11425	3929	3568	-361	-36100	-36100	0	12	13	1740	-36088	-36087	-34360
poc_launchpad_numerics_filetest.gno	29	Launchpad Numerics DepositGns call=29/256	paid	6070910	6083077	12167	0.20041476483756143	11425	3929	3568	-361	-36100	-36100	0	13	13	1740	-36087	-36087	-34360
poc_launchpad_numerics_filetest.gno	30	Launchpad Numerics DepositGns call=30/256	paid	6073121	6085288	12167	0.20034180119250053	11425	3929	3568	-361	-36100	-36100	0	12	13	1740	-36088	-36087	-34360
poc_launchpad_numerics_filetest.gno	31	Launchpad Numerics DepositGns call=31/256	paid	6074558	6086725	12167	0.20029440825159625	11425	3929	3568	-361	-36100	-36100	0	12	13	1740	-36088	-36087	-34360
poc_launchpad_numerics_filetest.gno	32	Launchpad Numerics DepositGns call=32/256	paid	6072216	6084383	12167	0.20037166003317405	11425	3929	3568	-361	-36100	-36100	0	12	13	1740	-36088	-36087	-34360
poc_launchpad_numerics_filetest.gno	33	Launchpad Numerics DepositGns call=33/256	paid	6381172	6393339	12167	0.19067030319822126	11425	10609	10248	-361	-36100	-36100	0	12	13	1740	-36088	-36087	-34360
poc_launchpad_numerics_filetest.gno	34	Launchpad Numerics DepositGns call=34/256	paid	6071063	6083230	12167	0.20040971408137256	11425	3977	3616	-361	-36100	-36100	0	12	13	1739	-36088	-36087	-34361
poc_launchpad_numerics_filetest.gno	35	Launchpad Numerics DepositGns call=35/256	paid	6077972	6090139	12167	0.20018190277941392	11425	3929	3568	-361	-36100	-36100	0	13	14	1740	-36087	-36086	-34360
poc_launchpad_numerics_filetest.gno	36	Launchpad Numerics DepositGns call=36/256	paid	6073451	6085618	12167	0.20033091565240257	11425	3929	3568	-361	-36100	-36100	0	12	14	1740	-36088	-36086	-34360
poc_launchpad_numerics_filetest.gno	37	Launchpad Numerics DepositGns call=37/256	paid	6066742	6078909	12167	0.20055245467831004	11425	3929	3568	-361	-36100	-36100	0	12	13	1739	-36088	-36087	-34361
poc_launchpad_numerics_filetest.gno	38	Launchpad Numerics DepositGns call=38/256	paid	6077029	6089196	12167	0.2002129659081765	11425	3929	3568	-361	-36100	-36100	0	12	14	1740	-36088	-36086	-34360
poc_launchpad_numerics_filetest.gno	39	Launchpad Numerics DepositGns call=39/256	paid	6081290	6093457	12167	0.20007268194741576	11425	3935	3574	-361	-36100	-36100	0	12	13	1740	-36088	-36087	-34360
poc_launchpad_numerics_filetest.gno	40	Launchpad Numerics DepositGns call=40/256	paid	6081190	6093357	12167	0.2000759719725909	11425	3929	3568	-361	-36100	-36100	0	12	13	1740	-36088	-36087	-34360
poc_launchpad_numerics_filetest.gno	41	Launchpad Numerics DepositGns call=41/256	paid	6384605	6396772	12167	0.19056777983915998	11425	10609	10248	-361	-36100	-36100	0	12	13	1740	-36088	-36087	-34360
poc_launchpad_numerics_filetest.gno	42	Launchpad Numerics DepositGns call=42/256	paid	6069810	6081977	12167	0.20045108495982575	11425	3977	3616	-361	-36100	-36100	0	12	14	1740	-36088	-36086	-34360
poc_launchpad_numerics_filetest.gno	43	Launchpad Numerics DepositGns call=43/256	paid	6071732	6083899	12167	0.20038763239220703	11425	3929	3568	-361	-36100	-36100	0	12	14	1740	-36088	-36086	-34360
poc_launchpad_numerics_filetest.gno	44	Launchpad Numerics DepositGns call=44/256	paid	6077170	6089337	12167	0.20020832064924957	11425	3929	3568	-361	-36100	-36100	0	12	14	1740	-36088	-36086	-34360
poc_launchpad_numerics_filetest.gno	45	Launchpad Numerics DepositGns call=45/256	paid	6079092	6091259	12167	0.20014502165783968	11425	3929	3568	-361	-36100	-36100	0	12	13	1740	-36088	-36087	-34360
poc_launchpad_numerics_filetest.gno	46	Launchpad Numerics DepositGns call=46/256	paid	6079558	6091725	12167	0.20012968048006122	11425	3929	3568	-361	-36100	-36100	0	12	13	1740	-36088	-36087	-34360
poc_launchpad_numerics_filetest.gno	47	Launchpad Numerics DepositGns call=47/256	paid	6080506	6092673	12167	0.2000984786463495	11425	3929	3568	-361	-36100	-36100	0	12	13	1740	-36088	-36087	-34360
poc_launchpad_numerics_filetest.gno	48	Launchpad Numerics DepositGns call=48/256	paid	6082467	6094595	12128	0.19939277927853946	11425	3942	3568	-374	-37400	-37400	0	12	14	1735	-37388	-37386	-35665
poc_launchpad_numerics_filetest.gno	49	Launchpad Numerics DepositGns call=49/256	paid	6390019	6401946	11927	0.18665046222867257	11425	10673	10248	-425	-42500	-42500	0	11	13	1706	-42489	-42487	-40794
poc_launchpad_numerics_filetest.gno	50	Launchpad Numerics DepositGns call=50/256	paid	6074233	6086169	11936	0.1965021756656355	11425	4001	3616	-385	-38500	-38500	0	12	13	1707	-38488	-38487	-36793
poc_launchpad_numerics_filetest.gno	51	Launchpad Numerics DepositGns call=51/256	paid	6075676	6087732	12056	0.1984305943898259	11425	3953	3605	-348	-34800	-34800	0	12	13	1724	-34788	-34787	-33076
poc_launchpad_numerics_filetest.gno	52	Launchpad Numerics DepositGns call=52/256	paid	6077122	6089193	12071	0.1986302068643677	11425	3953	3587	-366	-36600	-36600	0	12	14	1726	-36588	-36586	-34874
poc_launchpad_numerics_filetest.gno	53	Launchpad Numerics DepositGns call=53/256	paid	6077595	6089666	12071	0.198614748103485	11425	3954	3588	-366	-36600	-36600	0	12	13	1726	-36588	-36587	-34874
poc_launchpad_numerics_filetest.gno	54	Launchpad Numerics DepositGns call=54/256	paid	6079529	6091600	12071	0.1985515654255453	11425	3955	3589	-366	-36600	-36600	0	12	13	1726	-36588	-36587	-34874
poc_launchpad_numerics_filetest.gno	55	Launchpad Numerics DepositGns call=55/256	paid	6080483	6092554	12071	0.19852041359214392	11425	3953	3587	-366	-36600	-36600	0	12	13	1726	-36588	-36587	-34874
poc_launchpad_numerics_filetest.gno	56	Launchpad Numerics DepositGns call=56/256	paid	6081442	6093513	12071	0.19848910833976546	11425	3953	3587	-366	-36600	-36600	0	12	13	1726	-36588	-36587	-34874
poc_launchpad_numerics_filetest.gno	57	Launchpad Numerics DepositGns call=57/256	paid	6391030	6403056	12026	0.1881699819903834	11425	10655	10299	-356	-35600	-35600	0	12	13	1720	-35588	-35587	-33880
poc_launchpad_numerics_filetest.gno	58	Launchpad Numerics DepositGns call=58/256	paid	6076493	6088645	12152	0.19998377353516247	11425	4001	3637	-364	-36400	-36400	0	12	13	1738	-36388	-36387	-34662
poc_launchpad_numerics_filetest.gno	59	Launchpad Numerics DepositGns call=59/256	paid	6076960	6089112	12152	0.19996840525525922	11425	3953	3589	-364	-36400	-36400	0	13	14	1738	-36387	-36386	-34662
poc_launchpad_numerics_filetest.gno	60	Launchpad Numerics DepositGns call=60/256	paid	6069449	6081601	12152	0.20021586803019517	11425	3953	3589	-364	-36400	-36400	0	12	13	1737	-36388	-36387	-34663
poc_launchpad_numerics_filetest.gno	61	Launchpad Numerics DepositGns call=61/256	paid	6071379	6083531	12152	0.20015222241932187	11425	3953	3589	-364	-36400	-36400	0	12	13	1737	-36388	-36387	-34663
poc_launchpad_numerics_filetest.gno	62	Launchpad Numerics DepositGns call=62/256	paid	6074999	6087151	12152	0.20003295473793495	11425	3953	3589	-364	-36400	-36400	0	13	13	1738	-36387	-36387	-34662
poc_launchpad_numerics_filetest.gno	63	Launchpad Numerics DepositGns call=63/256	paid	6079733	6091885	12152	0.1998771985546076	11425	3953	3589	-364	-36400	-36400	0	12	14	1738	-36388	-36386	-34662
poc_launchpad_numerics_filetest.gno	64	Launchpad Numerics DepositGns call=64/256	paid	6080195	6092347	12152	0.19986201100458126	11425	3953	3589	-364	-36400	-36400	0	12	13	1738	-36388	-36387	-34662
poc_launchpad_numerics_filetest.gno	65	Launchpad Numerics DepositGns call=65/256	paid	6393339	6405467	12128	0.18969743353199323	11425	10655	10291	-364	-36400	-36400	0	12	14	1734	-36388	-36386	-34666
poc_launchpad_numerics_filetest.gno	66	Launchpad Numerics DepositGns call=66/256	paid	6081686	6093838	12152	0.19981301237847532	11425	4001	3637	-364	-36400	-36400	0	12	14	1737	-36388	-36386	-34663
poc_launchpad_numerics_filetest.gno	67	Launchpad Numerics DepositGns call=67/256	paid	6082640	6094792	12152	0.19978167374692568	11425	3953	3589	-364	-36400	-36400	0	12	14	1738	-36388	-36386	-34662
poc_launchpad_numerics_filetest.gno	68	Launchpad Numerics DepositGns call=68/256	paid	6078125	6090277	12152	0.1999300771208226	11425	3953	3589	-364	-36400	-36400	0	12	14	1738	-36388	-36386	-34662
poc_launchpad_numerics_filetest.gno	69	Launchpad Numerics DepositGns call=69/256	paid	6078105	6090257	12152	0.19993073499059327	11425	3953	3589	-364	-36400	-36400	0	12	14	1737	-36388	-36386	-34663
poc_launchpad_numerics_filetest.gno	70	Launchpad Numerics DepositGns call=70/256	paid	6082501	6094653	12152	0.19978623924599437	11425	3953	3589	-364	-36400	-36400	0	12	14	1738	-36388	-36386	-34662
poc_launchpad_numerics_filetest.gno	71	Launchpad Numerics DepositGns call=71/256	paid	6083457	6095609	12152	0.19975484333989704	11425	3953	3589	-364	-36400	-36400	0	12	14	1738	-36388	-36386	-34662
poc_launchpad_numerics_filetest.gno	72	Launchpad Numerics DepositGns call=72/256	paid	6085390	6097542	12152	0.19969139200609987	11425	3953	3589	-364	-36400	-36400	0	12	14	1738	-36388	-36386	-34662
poc_launchpad_numerics_filetest.gno	73	Launchpad Numerics DepositGns call=73/256	paid	6401058	6413210	12152	0.18984361647715112	11425	10655	10291	-364	-36400	-36400	0	12	13	1738	-36388	-36387	-34662
poc_launchpad_numerics_filetest.gno	74	Launchpad Numerics DepositGns call=74/256	paid	6074460	6086612	12152	0.20005070409550807	11425	4001	3637	-364	-36400	-36400	0	12	14	1738	-36388	-36386	-34662
poc_launchpad_numerics_filetest.gno	75	Launchpad Numerics DepositGns call=75/256	paid	6075901	6088053	12152	0.20000325877594122	11425	3953	3589	-364	-36400	-36400	0	13	13	1738	-36387	-36387	-34662
poc_launchpad_numerics_filetest.gno	76	Launchpad Numerics DepositGns call=76/256	paid	6082324	6094476	12152	0.19979205316915047	11425	3953	3589	-364	-36400	-36400	0	12	13	1738	-36388	-36387	-34662
poc_launchpad_numerics_filetest.gno	77	Launchpad Numerics DepositGns call=77/256	paid	6083278	6095430	12152	0.19976072111121668	11425	3953	3589	-364	-36400	-36400	0	12	13	1738	-36388	-36387	-34662
poc_launchpad_numerics_filetest.gno	78	Launchpad Numerics DepositGns call=78/256	paid	6083745	6095897	12152	0.19974538709298303	11425	3953	3589	-364	-36400	-36400	0	12	13	1738	-36388	-36387	-34662
poc_launchpad_numerics_filetest.gno	79	Launchpad Numerics DepositGns call=79/256	paid	6085186	6097338	12152	0.19969808646769382	11425	3953	3589	-364	-36400	-36400	0	12	14	1738	-36388	-36386	-34662
poc_launchpad_numerics_filetest.gno	80	Launchpad Numerics DepositGns call=80/256	paid	6084118	6096270	12152	0.1997331412704356	11425	3953	3589	-364	-36400	-36400	0	12	13	1738	-36388	-36387	-34662
poc_launchpad_numerics_filetest.gno	81	Launchpad Numerics DepositGns call=81/256	paid	6401322	6413474	12152	0.18983578704523846	11425	10655	10291	-364	-36400	-36400	0	12	13	1737	-36388	-36387	-34663
poc_launchpad_numerics_filetest.gno	82	Launchpad Numerics DepositGns call=82/256	paid	6073202	6085354	12152	0.2000921424974832	11425	4001	3637	-364	-36400	-36400	0	12	13	1738	-36388	-36387	-34662
poc_launchpad_numerics_filetest.gno	83	Launchpad Numerics DepositGns call=83/256	paid	6070372	6082524	12152	0.20018542520952587	11425	3953	3589	-364	-36400	-36400	0	12	13	1737	-36388	-36387	-34663
poc_launchpad_numerics_filetest.gno	84	Launchpad Numerics DepositGns call=84/256	paid	6081069	6093221	12152	0.19983328589101687	11425	3953	3589	-364	-36400	-36400	0	12	13	1738	-36388	-36387	-34662
poc_launchpad_numerics_filetest.gno	85	Launchpad Numerics DepositGns call=85/256	paid	6078730	6090882	12152	0.19991017860638652	11425	3953	3589	-364	-36400	-36400	0	12	13	1738	-36388	-36387	-34662
poc_launchpad_numerics_filetest.gno	86	Launchpad Numerics DepositGns call=86/256	paid	6083466	6095618	12152	0.1997545478186284	11425	3953	3589	-364	-36400	-36400	0	12	14	1738	-36388	-36386	-34662
poc_launchpad_numerics_filetest.gno	87	Launchpad Numerics DepositGns call=87/256	paid	6083446	6095598	12152	0.19975520453374618	11425	3953	3589	-364	-36400	-36400	0	12	14	1738	-36388	-36386	-34662
poc_launchpad_numerics_filetest.gno	88	Launchpad Numerics DepositGns call=88/256	paid	6084887	6097039	12152	0.19970789925926316	11425	3953	3589	-364	-36400	-36400	0	13	13	1738	-36387	-36387	-34662
poc_launchpad_numerics_filetest.gno	89	Launchpad Numerics DepositGns call=89/256	paid	6404211	6416363	12152	0.18975015033077455	11425	10655	10291	-364	-36400	-36400	0	12	13	1737	-36388	-36387	-34663
poc_launchpad_numerics_filetest.gno	90	Launchpad Numerics DepositGns call=90/256	paid	6070382	6082534	12152	0.20018509543550966	11425	4014	3650	-364	-36400	-36400	0	12	13	1738	-36388	-36387	-34662
poc_launchpad_numerics_filetest.gno	91	Launchpad Numerics DepositGns call=91/256	paid	6070407	6082559	12152	0.20018427100522254	11425	3968	3604	-364	-36400	-36400	0	12	13	1737	-36388	-36387	-34663
poc_launchpad_numerics_filetest.gno	92	Launchpad Numerics DepositGns call=92/256	paid	6068066	6080218	12152	0.2002615001221147	11425	3953	3589	-364	-36400	-36400	0	12	14	1738	-36388	-36386	-34662
poc_launchpad_numerics_filetest.gno	93	Launchpad Numerics DepositGns call=93/256	paid	6074358	6086510	12152	0.20005406332652767	11425	3953	3589	-364	-36400	-36400	0	12	14	1737	-36388	-36386	-34663
poc_launchpad_numerics_filetest.gno	94	Launchpad Numerics DepositGns call=94/256	paid	6074338	6086490	12152	0.20005472201250574	11425	3953	3589	-364	-36400	-36400	0	12	14	1738	-36388	-36386	-34662
poc_launchpad_numerics_filetest.gno	95	Launchpad Numerics DepositGns call=95/256	paid	6070443	6082595	12152	0.20018308383753872	11425	3953	3589	-364	-36400	-36400	0	12	13	1738	-36388	-36387	-34662
poc_launchpad_numerics_filetest.gno	96	Launchpad Numerics DepositGns call=96/256	paid	6082694	6094846	12152	0.19977990015608216	11425	3953	3589	-364	-36400	-36400	0	12	14	1737	-36388	-36386	-34663
poc_launchpad_numerics_filetest.gno	97	Launchpad Numerics DepositGns call=97/256	paid	6328944	6341096	12152	0.19200675499735817	11425	10375	10011	-364	-36400	-36400	0	13	14	1738	-36387	-36386	-34662
poc_launchpad_numerics_filetest.gno	98	Launchpad Numerics DepositGns call=98/256	paid	6052689	6064841	12152	0.20077026921422858	11425	4001	3637	-364	-36400	-36400	0	12	14	1738	-36388	-36386	-34662
poc_launchpad_numerics_filetest.gno	99	Launchpad Numerics DepositGns call=99/256	paid	6060091	6072243	12152	0.20052504162066212	11425	3953	3589	-364	-36400	-36400	0	12	13	1737	-36388	-36387	-34663
poc_launchpad_numerics_filetest.gno	100	Launchpad Numerics DepositGns call=100/256	paid	6123792	6135944	12152	0.19843913705756172	11425	3938	3574	-364	-36400	-36400	0	12	13	1737	-36388	-36387	-34663
poc_launchpad_numerics_filetest.gno	101	Launchpad Numerics DepositGns call=101/256	paid	6123660	6135812	12152	0.19844341455926684	11425	3914	3550	-364	-36400	-36400	0	12	13	1738	-36388	-36387	-34662
poc_launchpad_numerics_filetest.gno	102	Launchpad Numerics DepositGns call=102/256	paid	6131437	6143589	12152	0.19819171264419744	11425	3914	3550	-364	-36400	-36400	0	12	13	1738	-36388	-36387	-34662
poc_launchpad_numerics_filetest.gno	103	Launchpad Numerics DepositGns call=103/256	paid	6126319	6138471	12152	0.19835728436602795	11425	3914	3550	-364	-36400	-36400	0	12	14	1738	-36388	-36386	-34662
poc_launchpad_numerics_filetest.gno	104	Launchpad Numerics DepositGns call=104/256	paid	6127159	6139311	12152	0.1983300906668164	11425	3914	3550	-364	-36400	-36400	0	12	14	1738	-36388	-36386	-34662
poc_launchpad_numerics_filetest.gno	105	Launchpad Numerics DepositGns call=105/256	paid	6133465	6145617	12152	0.19812618153034214	11425	3914	3550	-364	-36400	-36400	0	12	14	1738	-36388	-36386	-34662
poc_launchpad_numerics_filetest.gno	106	Launchpad Numerics DepositGns call=106/256	paid	6133818	6145970	12152	0.19811477940819242	11425	3914	3550	-364	-36400	-36400	0	12	13	1738	-36388	-36387	-34662
poc_launchpad_numerics_filetest.gno	107	Launchpad Numerics DepositGns call=107/256	paid	6136124	6148276	12152	0.19804032643408118	11425	3914	3550	-364	-36400	-36400	0	12	14	1738	-36388	-36386	-34662
poc_launchpad_numerics_filetest.gno	108	Launchpad Numerics DepositGns call=108/256	paid	6445160	6457300	12140	0.18835839606774696	11425	10400	10036	-364	-36400	-36400	0	12	14	1736	-36388	-36386	-34664
poc_launchpad_numerics_filetest.gno	109	Launchpad Numerics DepositGns call=109/256	paid	6125096	6137248	12152	0.19839689043241118	11425	4004	3640	-364	-36400	-36400	0	12	13	1738	-36388	-36387	-34662
poc_launchpad_numerics_filetest.gno	110	Launchpad Numerics DepositGns call=110/256	paid	6120246	6132398	12152	0.1985541104066732	11425	3956	3592	-364	-36400	-36400	0	12	13	1737	-36388	-36387	-34663
poc_launchpad_numerics_filetest.gno	111	Launchpad Numerics DepositGns call=111/256	paid	6126674	6138826	12152	0.19834579088099025	11425	3956	3592	-364	-36400	-36400	0	12	13	1738	-36388	-36387	-34662
poc_launchpad_numerics_filetest.gno	112	Launchpad Numerics DepositGns call=112/256	paid	6131416	6143568	12152	0.19819239144758732	11425	3956	3592	-364	-36400	-36400	0	12	13	1738	-36388	-36387	-34662
poc_launchpad_numerics_filetest.gno	113	Launchpad Numerics DepositGns call=113/256	paid	6132868	6145020	12152	0.19814546799311514	11425	3956	3592	-364	-36400	-36400	0	13	13	1737	-36387	-36387	-34663
poc_launchpad_numerics_filetest.gno	114	Launchpad Numerics DepositGns call=114/256	paid	6132367	6144519	12152	0.19816165601308597	11425	3956	3592	-364	-36400	-36400	0	12	13	1738	-36388	-36387	-34662
poc_launchpad_numerics_filetest.gno	115	Launchpad Numerics DepositGns call=115/256	paid	6134788	6146940	12152	0.19808345455458282	11425	3956	3592	-364	-36400	-36400	0	12	13	1738	-36388	-36387	-34662
poc_launchpad_numerics_filetest.gno	116	Launchpad Numerics DepositGns call=116/256	paid	6468827	6480967	12140	0.18766926368567285	11425	10660	10296	-364	-36400	-36400	0	12	14	1736	-36388	-36386	-34664
poc_launchpad_numerics_filetest.gno	117	Launchpad Numerics DepositGns call=117/256	paid	6123350	6135502	12152	0.1984534609323328	11425	4004	3640	-364	-36400	-36400	0	12	14	1737	-36388	-36386	-34663
poc_launchpad_numerics_filetest.gno	118	Launchpad Numerics DepositGns call=118/256	paid	6124797	6136949	12152	0.19840657576079665	11425	3956	3592	-364	-36400	-36400	0	12	13	1738	-36388	-36387	-34662
poc_launchpad_numerics_filetest.gno	119	Launchpad Numerics DepositGns call=119/256	paid	6131710	6143862	12152	0.19818288862323888	11425	3956	3592	-364	-36400	-36400	0	12	14	1738	-36388	-36386	-34662
poc_launchpad_numerics_filetest.gno	120	Launchpad Numerics DepositGns call=120/256	paid	6130642	6142794	12152	0.19821741344544339	11425	3956	3592	-364	-36400	-36400	0	12	14	1738	-36388	-36386	-34662
poc_launchpad_numerics_filetest.gno	121	Launchpad Numerics DepositGns call=121/256	paid	6131117	6143269	12152	0.1982020568193365	11425	3956	3592	-364	-36400	-36400	0	12	13	1738	-36388	-36387	-34662
poc_launchpad_numerics_filetest.gno	122	Launchpad Numerics DepositGns call=122/256	paid	6132075	6144227	12152	0.1981710921670071	11425	3956	3592	-364	-36400	-36400	0	12	13	1738	-36388	-36387	-34662
poc_launchpad_numerics_filetest.gno	123	Launchpad Numerics DepositGns call=123/256	paid	6133527	6145679	12152	0.19812417879631083	11425	3956	3592	-364	-36400	-36400	0	12	14	1738	-36388	-36386	-34662
poc_launchpad_numerics_filetest.gno	124	Launchpad Numerics DepositGns call=124/256	paid	6470100	6482240	12140	0.18763233953107372	11425	10660	10296	-364	-36400	-36400	0	12	13	1736	-36388	-36387	-34664
poc_launchpad_numerics_filetest.gno	125	Launchpad Numerics DepositGns call=125/256	paid	6129018	6141170	12152	0.1982699349226907	11425	4004	3640	-364	-36400	-36400	0	12	14	1738	-36388	-36386	-34662
poc_launchpad_numerics_filetest.gno	126	Launchpad Numerics DepositGns call=126/256	paid	6126683	6138835	12152	0.19834549951417432	11425	3956	3592	-364	-36400	-36400	0	12	13	1738	-36388	-36387	-34662
poc_launchpad_numerics_filetest.gno	127	Launchpad Numerics DepositGns call=127/256	paid	6127648	6139800	12152	0.1983142634824977	11425	3956	3592	-364	-36400	-36400	0	12	13	1738	-36388	-36387	-34662
poc_launchpad_numerics_filetest.gno	128	Launchpad Numerics DepositGns call=128/256	paid	6131903	6144055	12152	0.19817665087004802	11425	3956	3592	-364	-36400	-36400	0	13	13	1737	-36387	-36387	-34663
poc_launchpad_numerics_filetest.gno	129	Launchpad Numerics DepositGns call=129/256	paid	6132863	6145015	12152	0.1981456295371346	11425	3956	3592	-364	-36400	-36400	0	13	13	1738	-36387	-36387	-34662
poc_launchpad_numerics_filetest.gno	130	Launchpad Numerics DepositGns call=130/256	paid	6131795	6143947	12152	0.19818014137785103	11425	3956	3592	-364	-36400	-36400	0	12	14	1738	-36388	-36386	-34662
poc_launchpad_numerics_filetest.gno	131	Launchpad Numerics DepositGns call=131/256	paid	6132752	6144904	12152	0.198149215882201	11425	3956	3592	-364	-36400	-36400	0	12	13	1738	-36388	-36387	-34662
poc_launchpad_numerics_filetest.gno	132	Launchpad Numerics DepositGns call=132/256	paid	6471855	6483995	12140	0.18758145848446853	11425	10660	10296	-364	-36400	-36400	0	12	13	1736	-36388	-36387	-34664
poc_launchpad_numerics_filetest.gno	133	Launchpad Numerics DepositGns call=133/256	paid	6127742	6139894	12152	0.1983112213275298	11425	4004	3640	-364	-36400	-36400	0	12	13	1737	-36388	-36387	-34663
poc_launchpad_numerics_filetest.gno	134	Launchpad Numerics DepositGns call=134/256	paid	6128215	6140367	12152	0.19829591487896558	11425	3956	3592	-364	-36400	-36400	0	12	13	1738	-36388	-36387	-34662
poc_launchpad_numerics_filetest.gno	135	Launchpad Numerics DepositGns call=135/256	paid	6123704	6135856	12152	0.19844198870487534	11425	3956	3592	-364	-36400	-36400	0	12	13	1738	-36388	-36387	-34662
poc_launchpad_numerics_filetest.gno	136	Launchpad Numerics DepositGns call=136/256	paid	6124177	6136329	12152	0.19842666206414347	11425	3956	3592	-364	-36400	-36400	0	12	13	1738	-36388	-36387	-34662
poc_launchpad_numerics_filetest.gno	137	Launchpad Numerics DepositGns call=137/256	paid	6131100	6143252	12152	0.1982026063838463	11425	3956	3592	-364	-36400	-36400	0	12	13	1738	-36388	-36387	-34662
poc_launchpad_numerics_filetest.gno	138	Launchpad Numerics DepositGns call=138/256	paid	6132547	6144699	12152	0.19815583965357297	11425	3956	3592	-364	-36400	-36400	0	12	14	1737	-36388	-36386	-34663
poc_launchpad_numerics_filetest.gno	139	Launchpad Numerics DepositGns call=139/256	paid	6132041	6144193	12152	0.19817219095567037	11425	3956	3592	-364	-36400	-36400	0	12	13	1738	-36388	-36387	-34662
poc_launchpad_numerics_filetest.gno	140	Launchpad Numerics DepositGns call=140/256	paid	6867783	6879923	12140	0.17676737893436645	11425	24222	23858	-364	-36400	-36400	0	12	13	1736	-36388	-36387	-34664
poc_launchpad_numerics_filetest.gno	141	Launchpad Numerics DepositGns call=141/256	paid	6158642	6170800	12158	0.1974136506067409	11425	4076	3712	-364	-36400	-36400	0	12	13	1739	-36388	-36387	-34661
poc_launchpad_numerics_filetest.gno	142	Launchpad Numerics DepositGns call=142/256	paid	6156305	6168463	12158	0.1974885909648726	11425	3956	3592	-364	-36400	-36400	0	12	14	1739	-36388	-36386	-34661
poc_launchpad_numerics_filetest.gno	143	Launchpad Numerics DepositGns call=143/256	paid	6167005	6179163	12158	0.1971459403713796	11425	3956	3592	-364	-36400	-36400	0	12	14	1739	-36388	-36386	-34661
poc_launchpad_numerics_filetest.gno	144	Launchpad Numerics DepositGns call=144/256	paid	6167967	6180125	12158	0.19711519208841422	11425	3956	3592	-364	-36400	-36400	0	13	14	1738	-36387	-36386	-34662
poc_launchpad_numerics_filetest.gno	145	Launchpad Numerics DepositGns call=145/256	paid	6168927	6181085	12158	0.19708451729125664	11425	3956	3592	-364	-36400	-36400	0	13	14	1739	-36387	-36386	-34661
poc_launchpad_numerics_filetest.gno	146	Launchpad Numerics DepositGns call=146/256	paid	6169400	6181558	12158	0.19706940707362142	11425	3956	3592	-364	-36400	-36400	0	12	13	1738	-36388	-36387	-34662
poc_launchpad_numerics_filetest.gno	147	Launchpad Numerics DepositGns call=147/256	paid	6170852	6183010	12158	0.19702303668926105	11425	3956	3592	-364	-36400	-36400	0	13	14	1739	-36387	-36386	-34661
poc_launchpad_numerics_filetest.gno	148	Launchpad Numerics DepositGns call=148/256	paid	6492815	6504973	12158	0.1872531405869411	11425	10634	10270	-364	-36400	-36400	0	12	13	1739	-36388	-36387	-34661
poc_launchpad_numerics_filetest.gno	149	Launchpad Numerics DepositGns call=149/256	paid	6160383	6172541	12158	0.19735785908116427	11425	4004	3640	-364	-36400	-36400	0	12	13	1739	-36388	-36387	-34661
poc_launchpad_numerics_filetest.gno	150	Launchpad Numerics DepositGns call=150/256	paid	6158823	6170981	12158	0.19740784886982465	11425	3956	3592	-364	-36400	-36400	0	12	14	1739	-36388	-36386	-34661
poc_launchpad_numerics_filetest.gno	151	Launchpad Numerics DepositGns call=151/256	paid	6165746	6177904	12158	0.19718619612290225	11425	3956	3592	-364	-36400	-36400	0	12	13	1739	-36388	-36387	-34661
poc_launchpad_numerics_filetest.gno	152	Launchpad Numerics DepositGns call=152/256	paid	6166708	6178866	12158	0.19715543528248783	11425	3956	3592	-364	-36400	-36400	0	12	13	1738	-36388	-36387	-34662
poc_launchpad_numerics_filetest.gno	153	Launchpad Numerics DepositGns call=153/256	paid	6167668	6179826	12158	0.1971247479598448	11425	3956	3592	-364	-36400	-36400	0	12	13	1739	-36388	-36387	-34661
poc_launchpad_numerics_filetest.gno	154	Launchpad Numerics DepositGns call=154/256	paid	6169115	6181273	12158	0.19707851126133977	11425	3956	3592	-364	-36400	-36400	0	12	13	1739	-36388	-36387	-34661
poc_launchpad_numerics_filetest.gno	155	Launchpad Numerics DepositGns call=155/256	paid	6170075	6182233	12158	0.19704784787867247	11425	3956	3592	-364	-36400	-36400	0	12	13	1739	-36388	-36387	-34661
poc_launchpad_numerics_filetest.gno	156	Launchpad Numerics DepositGns call=156/256	paid	6493468	6505626	12158	0.18723430992498924	11425	10620	10256	-364	-36400	-36400	0	12	14	1739	-36388	-36386	-34661
poc_launchpad_numerics_filetest.gno	157	Launchpad Numerics DepositGns call=157/256	paid	6159592	6171750	12158	0.1973832033030759	11425	4004	3640	-364	-36400	-36400	0	12	13	1739	-36388	-36387	-34661
poc_launchpad_numerics_filetest.gno	158	Launchpad Numerics DepositGns call=158/256	paid	6160065	6172223	12158	0.19736804725274815	11425	3956	3592	-364	-36400	-36400	0	12	13	1738	-36388	-36387	-34662
poc_launchpad_numerics_filetest.gno	159	Launchpad Numerics DepositGns call=159/256	paid	6167962	6180120	12158	0.1971153518779785	11425	3956	3592	-364	-36400	-36400	0	13	14	1739	-36387	-36386	-34661
poc_launchpad_numerics_filetest.gno	160	Launchpad Numerics DepositGns call=160/256	paid	6157866	6170024	12158	0.19743852821740518	11425	3956	3592	-364	-36400	-36400	0	13	14	1739	-36387	-36386	-34661
poc_launchpad_numerics_filetest.gno	161	Launchpad Numerics DepositGns call=161/256	paid	6158341	6170499	12158	0.19742329955421437	11425	3956	3592	-364	-36400	-36400	0	12	13	1739	-36388	-36387	-34661
poc_launchpad_numerics_filetest.gno	162	Launchpad Numerics DepositGns call=162/256	paid	6159299	6171457	12158	0.19739259289084682	11425	3956	3592	-364	-36400	-36400	0	12	13	1739	-36388	-36387	-34661
poc_launchpad_numerics_filetest.gno	163	Launchpad Numerics DepositGns call=163/256	paid	6166709	6178867	12158	0.19715540331155565	11425	3956	3592	-364	-36400	-36400	0	12	13	1738	-36388	-36387	-34662
poc_launchpad_numerics_filetest.gno	164	Launchpad Numerics DepositGns call=164/256	paid	6421177	6433335	12158	0.1893422342975439	11425	10342	9978	-364	-36400	-36400	0	12	13	1738	-36388	-36387	-34662
poc_launchpad_numerics_filetest.gno	165	Launchpad Numerics DepositGns call=165/256	paid	6135662	6147820	12158	0.1981530273342958	11425	4004	3640	-364	-36400	-36400	0	12	13	1739	-36388	-36387	-34661
poc_launchpad_numerics_filetest.gno	166	Launchpad Numerics DepositGns call=166/256	paid	6142585	6154743	12158	0.19792969897852453	11425	3956	3592	-364	-36400	-36400	0	12	14	1739	-36388	-36386	-34661
poc_launchpad_numerics_filetest.gno	167	Launchpad Numerics DepositGns call=167/256	paid	6144519	6156677	12158	0.19786740019845328	11425	3956	3592	-364	-36400	-36400	0	12	14	1738	-36388	-36386	-34662
poc_launchpad_numerics_filetest.gno	168	Launchpad Numerics DepositGns call=168/256	paid	6137335	6149493	12158	0.19809901203046598	11425	3956	3592	-364	-36400	-36400	0	12	13	1739	-36388	-36387	-34661
poc_launchpad_numerics_filetest.gno	169	Launchpad Numerics DepositGns call=169/256	paid	6146439	6158597	12158	0.19780559117238453	11425	3956	3592	-364	-36400	-36400	0	12	13	1739	-36388	-36387	-34661
poc_launchpad_numerics_filetest.gno	170	Launchpad Numerics DepositGns call=170/256	paid	6165427	6177585	12158	0.1971963985625002	11425	3938	3574	-364	-36400	-36400	0	12	14	1738	-36388	-36386	-34662
poc_launchpad_numerics_filetest.gno	171	Launchpad Numerics DepositGns call=171/256	paid	6159822	6171980	12158	0.1973758332627144	11425	3914	3550	-364	-36400	-36400	0	12	14	1739	-36388	-36386	-34661
poc_launchpad_numerics_filetest.gno	172	Launchpad Numerics DepositGns call=172/256	paid	6162838	6174996	12158	0.19727924050575402	11425	3914	3550	-364	-36400	-36400	0	12	13	1739	-36388	-36387	-34661
poc_launchpad_numerics_filetest.gno	173	Launchpad Numerics DepositGns call=173/256	paid	6167954	6180112	12158	0.1971156075418202	11425	3914	3550	-364	-36400	-36400	0	13	14	1739	-36387	-36386	-34661
poc_launchpad_numerics_filetest.gno	174	Launchpad Numerics DepositGns call=174/256	paid	6169768	6181926	12158	0.19705765273507853	11425	3914	3550	-364	-36400	-36400	0	12	14	1739	-36388	-36386	-34661
poc_launchpad_numerics_filetest.gno	175	Launchpad Numerics DepositGns call=175/256	paid	6163676	6175834	12158	0.19725241884875194	11425	3914	3550	-364	-36400	-36400	0	12	13	1739	-36388	-36387	-34661
poc_launchpad_numerics_filetest.gno	176	Launchpad Numerics DepositGns call=176/256	paid	6171940	6184098	12158	0.19698830513582438	11425	3914	3550	-364	-36400	-36400	0	13	13	1739	-36387	-36387	-34661
poc_launchpad_numerics_filetest.gno	177	Launchpad Numerics DepositGns call=177/256	paid	6171309	6183467	12158	0.19700844666828382	11425	3914	3550	-364	-36400	-36400	0	12	13	1738	-36388	-36387	-34662
poc_launchpad_numerics_filetest.gno	178	Launchpad Numerics DepositGns call=178/256	paid	6471687	6483845	12158	0.18786446254276512	11425	10350	9986	-364	-36400	-36400	0	12	14	1738	-36388	-36386	-34662
poc_launchpad_numerics_filetest.gno	179	Launchpad Numerics DepositGns call=179/256	paid	6182585	6194743	12158	0.19664913624317337	11425	4004	3640	-364	-36400	-36400	0	12	14	1739	-36388	-36386	-34661
poc_launchpad_numerics_filetest.gno	180	Launchpad Numerics DepositGns call=180/256	paid	6186988	6199146	12158	0.19650918993216085	11425	3956	3592	-364	-36400	-36400	0	13	14	1738	-36387	-36386	-34662
poc_launchpad_numerics_filetest.gno	181	Launchpad Numerics DepositGns call=181/256	paid	6182481	6194639	12158	0.1966524442210174	11425	3956	3592	-364	-36400	-36400	0	12	14	1739	-36388	-36386	-34661
poc_launchpad_numerics_filetest.gno	182	Launchpad Numerics DepositGns call=182/256	paid	6183439	6195597	12158	0.19662197686433067	11425	3956	3592	-364	-36400	-36400	0	12	14	1739	-36388	-36386	-34661
poc_launchpad_numerics_filetest.gno	183	Launchpad Numerics DepositGns call=183/256	paid	6190352	6202510	12158	0.19640240167279663	11425	3956	3592	-364	-36400	-36400	0	12	13	1738	-36388	-36387	-34662
poc_launchpad_numerics_filetest.gno	184	Launchpad Numerics DepositGns call=184/256	paid	6190825	6202983	12158	0.19638739586404075	11425	3956	3592	-364	-36400	-36400	0	12	14	1739	-36388	-36386	-34661
poc_launchpad_numerics_filetest.gno	185	Launchpad Numerics DepositGns call=185/256	paid	6192766	6204924	12158	0.19632584211966025	11425	3956	3592	-364	-36400	-36400	0	12	13	1739	-36388	-36387	-34661
poc_launchpad_numerics_filetest.gno	186	Launchpad Numerics DepositGns call=186/256	paid	6502157	6514315	12158	0.18698410389044742	11425	10622	10258	-364	-36400	-36400	0	12	13	1739	-36388	-36387	-34661
poc_launchpad_numerics_filetest.gno	187	Launchpad Numerics DepositGns call=187/256	paid	6181321	6193479	12158	0.19668934844186217	11425	4004	3640	-364	-36400	-36400	0	12	13	1739	-36388	-36387	-34661
poc_launchpad_numerics_filetest.gno	188	Launchpad Numerics DepositGns call=188/256	paid	6188244	6200402	12158	0.1964693053473651	11425	3956	3592	-364	-36400	-36400	0	12	13	1739	-36388	-36387	-34661
poc_launchpad_numerics_filetest.gno	189	Launchpad Numerics DepositGns call=189/256	paid	6184222	6196380	12158	0.19659708205817966	11425	3956	3592	-364	-36400	-36400	0	12	14	1739	-36388	-36386	-34661
poc_launchpad_numerics_filetest.gno	190	Launchpad Numerics DepositGns call=190/256	paid	6187152	6199310	12158	0.19650398115320264	11425	3956	3592	-364	-36400	-36400	0	12	14	1739	-36388	-36386	-34661
poc_launchpad_numerics_filetest.gno	191	Launchpad Numerics DepositGns call=191/256	paid	6189091	6201249	12158	0.1964424177960867	11425	3956	3592	-364	-36400	-36400	0	12	14	1738	-36388	-36386	-34662
poc_launchpad_numerics_filetest.gno	192	Launchpad Numerics DepositGns call=192/256	paid	6190540	6202698	12158	0.19639643714441712	11425	3956	3592	-364	-36400	-36400	0	12	13	1738	-36388	-36387	-34662
poc_launchpad_numerics_filetest.gno	193	Launchpad Numerics DepositGns call=193/256	paid	6190526	6202684	12158	0.1963968812989397	11425	3956	3592	-364	-36400	-36400	0	12	13	1738	-36388	-36387	-34662
poc_launchpad_numerics_filetest.gno	194	Launchpad Numerics DepositGns call=194/256	paid	6503303	6515461	12158	0.18695115389825756	11425	10622	10258	-364	-36400	-36400	0	12	14	1738	-36388	-36386	-34662
poc_launchpad_numerics_filetest.gno	195	Launchpad Numerics DepositGns call=195/256	paid	6180062	6192220	12158	0.19672941792493345	11425	4004	3640	-364	-36400	-36400	0	12	13	1739	-36388	-36387	-34661
poc_launchpad_numerics_filetest.gno	196	Launchpad Numerics DepositGns call=196/256	paid	6181509	6193667	12158	0.19668336647249077	11425	3956	3592	-364	-36400	-36400	0	12	14	1739	-36388	-36386	-34661
poc_launchpad_numerics_filetest.gno	197	Launchpad Numerics DepositGns call=197/256	paid	6184153	6196311	12158	0.19659927560007004	11425	3956	3592	-364	-36400	-36400	0	12	13	1739	-36388	-36387	-34661
poc_launchpad_numerics_filetest.gno	198	Launchpad Numerics DepositGns call=198/256	paid	6185600	6197758	12158	0.1965532850491464	11425	3956	3592	-364	-36400	-36400	0	12	13	1739	-36388	-36387	-34661
poc_launchpad_numerics_filetest.gno	199	Launchpad Numerics DepositGns call=199/256	paid	6187539	6199697	12158	0.19649169079984788	11425	3956	3592	-364	-36400	-36400	0	12	13	1738	-36388	-36387	-34662
poc_launchpad_numerics_filetest.gno	200	Launchpad Numerics DepositGns call=200/256	paid	6186272	6198430	12158	0.19653193393371646	11425	3956	3592	-364	-36400	-36400	0	12	14	1739	-36388	-36386	-34661
poc_launchpad_numerics_filetest.gno	201	Launchpad Numerics DepositGns call=201/256	paid	6187233	6199391	12158	0.19650140862644094	11425	3956	3592	-364	-36400	-36400	0	12	14	1738	-36388	-36386	-34662
poc_launchpad_numerics_filetest.gno	202	Launchpad Numerics DepositGns call=202/256	paid	6504780	6516938	12158	0.18690870406070612	11425	10622	10258	-364	-36400	-36400	0	12	13	1739	-36388	-36387	-34661
poc_launchpad_numerics_filetest.gno	203	Launchpad Numerics DepositGns call=203/256	paid	6182230	6194388	12158	0.196660428356758	11425	4004	3640	-364	-36400	-36400	0	12	13	1739	-36388	-36387	-34661
poc_launchpad_numerics_filetest.gno	204	Launchpad Numerics DepositGns call=204/256	paid	6183677	6195835	12158	0.19661440919375317	11425	3956	3592	-364	-36400	-36400	0	12	13	1739	-36388	-36387	-34661
poc_launchpad_numerics_filetest.gno	205	Launchpad Numerics DepositGns call=205/256	paid	6178192	6190350	12158	0.19678896350259104	11425	3956	3592	-364	-36400	-36400	0	12	13	1739	-36388	-36387	-34661
poc_launchpad_numerics_filetest.gno	206	Launchpad Numerics DepositGns call=206/256	paid	6179639	6191797	12158	0.19674288417171296	11425	3956	3592	-364	-36400	-36400	0	12	13	1738	-36388	-36387	-34662
poc_launchpad_numerics_filetest.gno	207	Launchpad Numerics DepositGns call=207/256	paid	6187049	6199207	12158	0.19650725248822176	11425	3956	3592	-364	-36400	-36400	0	12	14	1738	-36388	-36386	-34662
poc_launchpad_numerics_filetest.gno	208	Launchpad Numerics DepositGns call=208/256	paid	6188009	6200167	12158	0.19647676659810934	11425	3956	3592	-364	-36400	-36400	0	12	14	1738	-36388	-36386	-34662
poc_launchpad_numerics_filetest.gno	209	Launchpad Numerics DepositGns call=209/256	paid	6188477	6200635	12158	0.1964619081560778	11425	3956	3592	-364	-36400	-36400	0	12	13	1738	-36388	-36387	-34662
poc_launchpad_numerics_filetest.gno	210	Launchpad Numerics DepositGns call=210/256	paid	6505909	6518067	12158	0.18687626894258744	11425	10622	10258	-364	-36400	-36400	0	13	13	1739	-36387	-36387	-34661
poc_launchpad_numerics_filetest.gno	211	Launchpad Numerics DepositGns call=211/256	paid	6175513	6187671	12158	0.19687433254532863	11425	4004	3640	-364	-36400	-36400	0	12	13	1738	-36388	-36387	-34662
poc_launchpad_numerics_filetest.gno	212	Launchpad Numerics DepositGns call=212/256	paid	6176979	6189137	12158	0.19682760779986463	11425	3961	3597	-364	-36400	-36400	0	13	14	1739	-36387	-36386	-34661
poc_launchpad_numerics_filetest.gno	213	Launchpad Numerics DepositGns call=213/256	paid	6183933	6196091	12158	0.1966062698286026	11425	3961	3597	-364	-36400	-36400	0	13	13	1739	-36387	-36387	-34661
poc_launchpad_numerics_filetest.gno	214	Launchpad Numerics DepositGns call=214/256	paid	6183921	6196079	12158	0.19660665134628985	11425	3956	3592	-364	-36400	-36400	0	13	13	1739	-36387	-36387	-34661
poc_launchpad_numerics_filetest.gno	215	Launchpad Numerics DepositGns call=215/256	paid	6182073	6194231	12158	0.19666542274735352	11425	3956	3592	-364	-36400	-36400	0	12	13	1739	-36388	-36387	-34661
poc_launchpad_numerics_filetest.gno	216	Launchpad Numerics DepositGns call=216/256	paid	6186328	6198486	12158	0.19653015488347853	11425	3956	3592	-364	-36400	-36400	0	12	14	1739	-36388	-36386	-34661
poc_launchpad_numerics_filetest.gno	217	Launchpad Numerics DepositGns call=217/256	paid	6187293	6199451	12158	0.19649950309448735	11425	3956	3592	-364	-36400	-36400	0	12	13	1739	-36388	-36387	-34661
poc_launchpad_numerics_filetest.gno	218	Launchpad Numerics DepositGns call=218/256	paid	6917339	6929497	12158	0.1757612284145681	11425	17534	17170	-364	-36400	-36400	0	12	13	1739	-36388	-36387	-34661
poc_launchpad_numerics_filetest.gno	219	Launchpad Numerics DepositGns call=219/256	paid	6168365	6180523	12158	0.19710247367008923	11425	4052	3688	-364	-36400	-36400	0	12	13	1738	-36388	-36387	-34662
poc_launchpad_numerics_filetest.gno	220	Launchpad Numerics DepositGns call=220/256	paid	6166805	6178963	12158	0.19715233415034203	11425	3956	3592	-364	-36400	-36400	0	12	13	1738	-36388	-36387	-34662
poc_launchpad_numerics_filetest.gno	221	Launchpad Numerics DepositGns call=221/256	paid	6173728	6185886	12158	0.19693125450295187	11425	3956	3592	-364	-36400	-36400	0	12	13	1738	-36388	-36387	-34662
poc_launchpad_numerics_filetest.gno	222	Launchpad Numerics DepositGns call=222/256	paid	6174690	6186848	12158	0.19690057314618223	11425	3956	3592	-364	-36400	-36400	0	12	13	1739	-36388	-36387	-34661
poc_launchpad_numerics_filetest.gno	223	Launchpad Numerics DepositGns call=223/256	paid	6176137	6188295	12158	0.1968544415384568	11425	3956	3592	-364	-36400	-36400	0	12	14	1739	-36388	-36386	-34661
poc_launchpad_numerics_filetest.gno	224	Launchpad Numerics DepositGns call=224/256	paid	6176610	6188768	12158	0.19683936657810677	11425	3956	3592	-364	-36400	-36400	0	12	13	1738	-36388	-36387	-34662
poc_launchpad_numerics_filetest.gno	225	Launchpad Numerics DepositGns call=225/256	paid	6177570	6189728	12158	0.19680877756140358	11425	3956	3592	-364	-36400	-36400	0	12	13	1739	-36388	-36387	-34661
poc_launchpad_numerics_filetest.gno	226	Launchpad Numerics DepositGns call=226/256	paid	6498114	6510272	12158	0.1871004417589473	11425	10672	10308	-364	-36400	-36400	0	12	14	1738	-36388	-36386	-34662
poc_launchpad_numerics_filetest.gno	227	Launchpad Numerics DepositGns call=227/256	paid	6166600	6178758	12158	0.1971588882041968	11425	4004	3640	-364	-36400	-36400	0	12	13	1739	-36388	-36387	-34661
poc_launchpad_numerics_filetest.gno	228	Launchpad Numerics DepositGns call=228/256	paid	6167073	6179231	12158	0.19714376658100205	11425	3956	3592	-364	-36400	-36400	0	12	14	1739	-36388	-36386	-34661
poc_launchpad_numerics_filetest.gno	229	Launchpad Numerics DepositGns call=229/256	paid	6175457	6187615	12158	0.19687611783225112	11425	3956	3592	-364	-36400	-36400	0	12	13	1738	-36388	-36387	-34662
poc_launchpad_numerics_filetest.gno	230	Launchpad Numerics DepositGns call=230/256	paid	6164387	6176545	12158	0.197229667767452	11425	3956	3592	-364	-36400	-36400	0	12	14	1738	-36388	-36386	-34662
poc_launchpad_numerics_filetest.gno	231	Launchpad Numerics DepositGns call=231/256	paid	6162054	6174212	12158	0.1973043404033785	11425	3956	3592	-364	-36400	-36400	0	12	13	1739	-36388	-36387	-34661
poc_launchpad_numerics_filetest.gno	232	Launchpad Numerics DepositGns call=232/256	paid	6166794	6178952	12158	0.1971526858202171	11425	3956	3592	-364	-36400	-36400	0	12	13	1739	-36388	-36387	-34661
poc_launchpad_numerics_filetest.gno	233	Launchpad Numerics DepositGns call=233/256	paid	6174691	6186849	12158	0.19690054125785403	11425	3956	3592	-364	-36400	-36400	0	12	13	1739	-36388	-36387	-34661
poc_launchpad_numerics_filetest.gno	234	Launchpad Numerics DepositGns call=234/256	paid	6425943	6438101	12158	0.18920180275486415	11425	10382	10018	-364	-36400	-36400	0	13	13	1739	-36387	-36387	-34661
poc_launchpad_numerics_filetest.gno	235	Launchpad Numerics DepositGns call=235/256	paid	6143644	6155802	12158	0.19789558118927464	11425	4004	3640	-364	-36400	-36400	0	12	13	1738	-36388	-36387	-34662
poc_launchpad_numerics_filetest.gno	236	Launchpad Numerics DepositGns call=236/256	paid	6151054	6163212	12158	0.19765718200490517	11425	3956	3592	-364	-36400	-36400	0	12	13	1739	-36388	-36387	-34661
poc_launchpad_numerics_filetest.gno	237	Launchpad Numerics DepositGns call=237/256	paid	6152501	6164659	12158	0.1976106952278431	11425	3956	3592	-364	-36400	-36400	0	12	14	1739	-36388	-36386	-34661
poc_launchpad_numerics_filetest.gno	238	Launchpad Numerics DepositGns call=238/256	paid	6153461	6165619	12158	0.19757986602986513	11425	3956	3592	-364	-36400	-36400	0	12	14	1739	-36388	-36386	-34661
poc_launchpad_numerics_filetest.gno	239	Launchpad Numerics DepositGns call=239/256	paid	6153934	6166092	12158	0.19756467976419637	11425	3956	3592	-364	-36400	-36400	0	13	13	1739	-36387	-36387	-34661
poc_launchpad_numerics_filetest.gno	240	Launchpad Numerics DepositGns call=240/256	paid	6189284	6201442	12158	0.1964362921462321	11425	3938	3574	-364	-36400	-36400	0	12	13	1739	-36388	-36387	-34661
poc_launchpad_numerics_filetest.gno	241	Launchpad Numerics DepositGns call=241/256	paid	6184655	6196813	12158	0.19658331790536415	11425	3914	3550	-364	-36400	-36400	0	12	13	1739	-36388	-36387	-34661
poc_launchpad_numerics_filetest.gno	242	Launchpad Numerics DepositGns call=242/256	paid	6190479	6202637	12158	0.1963983724038156	11425	3914	3550	-364	-36400	-36400	0	12	13	1739	-36388	-36387	-34661
poc_launchpad_numerics_filetest.gno	243	Launchpad Numerics DepositGns call=243/256	paid	6192298	6204456	12158	0.1963406799866544	11425	3914	3550	-364	-36400	-36400	0	12	13	1739	-36388	-36387	-34661
poc_launchpad_numerics_filetest.gno	244	Launchpad Numerics DepositGns call=244/256	paid	6193138	6205296	12158	0.1963140495173852	11425	3914	3550	-364	-36400	-36400	0	12	13	1739	-36388	-36387	-34661
poc_launchpad_numerics_filetest.gno	245	Launchpad Numerics DepositGns call=245/256	paid	6188020	6200178	12158	0.196476417335432	11425	3914	3550	-364	-36400	-36400	0	12	14	1739	-36388	-36386	-34661
poc_launchpad_numerics_filetest.gno	246	Launchpad Numerics DepositGns call=246/256	paid	6195797	6207955	12158	0.1962297990072948	11425	3914	3550	-364	-36400	-36400	0	12	13	1739	-36388	-36387	-34661
poc_launchpad_numerics_filetest.gno	247	Launchpad Numerics DepositGns call=247/256	paid	6194679	6206837	12158	0.19626521406516786	11425	3914	3550	-364	-36400	-36400	0	12	13	1738	-36388	-36387	-34662
poc_launchpad_numerics_filetest.gno	248	Launchpad Numerics DepositGns call=248/256	paid	6476578	6488736	12158	0.18772259054086896	11425	10390	10026	-364	-36400	-36400	0	12	13	1739	-36388	-36387	-34661
poc_launchpad_numerics_filetest.gno	249	Launchpad Numerics DepositGns call=249/256	paid	6184128	6196286	12158	0.19660007037370508	11425	4004	3640	-364	-36400	-36400	0	12	13	1738	-36388	-36387	-34662
poc_launchpad_numerics_filetest.gno	250	Launchpad Numerics DepositGns call=250/256	paid	6189505	6201663	12158	0.19642927827023324	11425	3956	3592	-364	-36400	-36400	0	12	13	1738	-36388	-36387	-34662
poc_launchpad_numerics_filetest.gno	251	Launchpad Numerics DepositGns call=251/256	paid	6183535	6195693	12158	0.19661892428845312	11425	3956	3592	-364	-36400	-36400	0	12	14	1739	-36388	-36386	-34661
poc_launchpad_numerics_filetest.gno	252	Launchpad Numerics DepositGns call=252/256	paid	6184980	6197138	12158	0.19657298810990495	11425	3956	3592	-364	-36400	-36400	0	13	13	1738	-36387	-36387	-34662
poc_launchpad_numerics_filetest.gno	253	Launchpad Numerics DepositGns call=253/256	paid	6191895	6204053	12158	0.19635345883610753	11425	3956	3592	-364	-36400	-36400	0	13	13	1739	-36387	-36387	-34661
poc_launchpad_numerics_filetest.gno	254	Launchpad Numerics DepositGns call=254/256	paid	6192855	6205013	12158	0.196323020642337	11425	3956	3592	-364	-36400	-36400	0	13	13	1738	-36387	-36387	-34662
poc_launchpad_numerics_filetest.gno	255	Launchpad Numerics DepositGns call=255/256	paid	6194307	6206465	12158	0.1962770008008967	11425	3956	3592	-364	-36400	-36400	0	12	14	1739	-36388	-36386	-34661
poc_launchpad_numerics_filetest.gno	256	Launchpad Numerics DepositGns call=256/256	paid	6481645	6493803	12158	0.18757583915811496	11425	7526	7162	-364	-36400	-36400	0	12	14	1738	-36388	-36386	-34662
poc_launchpad_numerics_filetest.gno	257	Launchpad Numerics CollectReward pattern=1 call=1/1	paid	3205677	3211789	6112	0.19066175413181052	5534	2046	2046	0	0	0	0	6	6	874	6	6	874
poc_launchpad_numerics_filetest.gno	258	Launchpad Numerics CollectReward pattern=10 call=1/10	paid	3193535	3199647	6112	0.19138666086327533	5534	12	12	0	0	0	0	6	7	874	6	7	874
poc_launchpad_numerics_filetest.gno	259	Launchpad Numerics CollectReward pattern=10 call=2/10	paid	3172162	3178274	6112	0.19267616218843805	5534	12	12	0	0	0	0	6	7	874	6	7	874
poc_launchpad_numerics_filetest.gno	260	Launchpad Numerics CollectReward pattern=10 call=3/10	paid	3180641	3186753	6112	0.19216252321466018	5534	12	12	0	0	0	0	6	7	874	6	7	874
poc_launchpad_numerics_filetest.gno	261	Launchpad Numerics CollectReward pattern=10 call=4/10	paid	3154506	3160618	6112	0.1937545847115206	5534	12	12	0	0	0	0	6	7	874	6	7	874
poc_launchpad_numerics_filetest.gno	262	Launchpad Numerics CollectReward pattern=10 call=5/10	paid	3158288	3164400	6112	0.19352256665636572	5534	12	12	0	0	0	0	6	6	874	6	6	874
poc_launchpad_numerics_filetest.gno	263	Launchpad Numerics CollectReward pattern=10 call=6/10	paid	3157308	3163420	6112	0.19358263432012335	5534	12	12	0	0	0	0	6	6	874	6	6	874
poc_launchpad_numerics_filetest.gno	264	Launchpad Numerics CollectReward pattern=10 call=7/10	paid	3157858	3163970	6112	0.19354891828574938	5534	31	31	0	0	0	0	6	7	874	6	7	874
poc_launchpad_numerics_filetest.gno	265	Launchpad Numerics CollectReward pattern=10 call=8/10	paid	3170281	3176393	6112	0.19279048134849877	5534	20	20	0	0	0	0	6	7	874	6	7	874
poc_launchpad_numerics_filetest.gno	266	Launchpad Numerics CollectReward pattern=10 call=9/10	paid	3178798	3184910	6112	0.19227393499052156	5534	12	12	0	0	0	0	6	7	874	6	7	874
poc_launchpad_numerics_filetest.gno	267	Launchpad Numerics CollectReward pattern=10 call=10/10	paid	3166053	3172165	6112	0.19304793697389147	5534	14	14	0	0	0	0	6	7	874	6	7	874
poc_launchpad_numerics_filetest.gno	268	Launchpad Numerics CollectReward pattern=100 call=1/100	paid	3169354	3175466	6112	0.19284687037169088	5534	14	14	0	0	0	0	6	7	874	6	7	874
poc_launchpad_numerics_filetest.gno	269	Launchpad Numerics CollectReward pattern=100 call=2/100	paid	3168374	3174486	6112	0.1929065192429934	5534	12	12	0	0	0	0	6	6	874	6	6	874
poc_launchpad_numerics_filetest.gno	270	Launchpad Numerics CollectReward pattern=100 call=3/100	paid	3169354	3175466	6112	0.19284687037169088	5534	12	12	0	0	0	0	6	7	874	6	7	874
poc_launchpad_numerics_filetest.gno	271	Launchpad Numerics CollectReward pattern=100 call=4/100	paid	3180783	3186895	6112	0.1921539444847385	5534	12	12	0	0	0	0	6	7	874	6	7	874
poc_launchpad_numerics_filetest.gno	272	Launchpad Numerics CollectReward pattern=100 call=5/100	paid	3183723	3189835	6112	0.1919765004681626	5534	12	12	0	0	0	0	6	6	874	6	6	874
poc_launchpad_numerics_filetest.gno	273	Launchpad Numerics CollectReward pattern=100 call=6/100	paid	3192196	3198308	6112	0.1914669399999248	5534	12	12	0	0	0	0	6	7	874	6	7	874
poc_launchpad_numerics_filetest.gno	274	Launchpad Numerics CollectReward pattern=100 call=7/100	paid	3181266	3187378	6112	0.1921247704530209	5534	12	12	0	0	0	0	6	7	874	6	7	874
poc_launchpad_numerics_filetest.gno	275	Launchpad Numerics CollectReward pattern=100 call=8/100	paid	3182739	3188851	6112	0.19203585339545592	5534	12	12	0	0	0	0	6	6	874	6	6	874
poc_launchpad_numerics_filetest.gno	276	Launchpad Numerics CollectReward pattern=100 call=9/100	paid	3182242	3188354	6112	0.1920658454008212	5534	12	12	0	0	0	0	6	7	874	6	7	874
poc_launchpad_numerics_filetest.gno	277	Launchpad Numerics CollectReward pattern=100 call=10/100	paid	3169847	3175959	6112	0.1928168772814587	5534	12	12	0	0	0	0	6	7	874	6	7	874
poc_launchpad_numerics_filetest.gno	278	Launchpad Numerics CollectReward pattern=100 call=11/100	paid	3189400	3195512	6112	0.19163479024267888	5534	12	12	0	0	0	0	6	7	874	6	7	874
poc_launchpad_numerics_filetest.gno	279	Launchpad Numerics CollectReward pattern=100 call=12/100	paid	3196122	3202234	6112	0.19123174897579004	5534	12	12	0	0	0	0	6	7	874	6	7	874
poc_launchpad_numerics_filetest.gno	280	Launchpad Numerics CollectReward pattern=100 call=13/100	paid	3193176	3199288	6112	0.1914081779394559	5534	12	12	0	0	0	0	6	7	874	6	7	874
poc_launchpad_numerics_filetest.gno	281	Launchpad Numerics CollectReward pattern=100 call=14/100	paid	3182739	3188851	6112	0.19203585339545592	5534	12	12	0	0	0	0	6	6	874	6	6	874
poc_launchpad_numerics_filetest.gno	282	Launchpad Numerics CollectReward pattern=100 call=15/100	paid	3171314	3177426	6112	0.19272768322531292	5534	12	12	0	0	0	0	6	7	874	6	7	874
poc_launchpad_numerics_filetest.gno	283	Launchpad Numerics CollectReward pattern=100 call=16/100	paid	3171807	3177919	6112	0.19269772719462439	5534	12	12	0	0	0	0	6	7	874	6	7	874
poc_launchpad_numerics_filetest.gno	284	Launchpad Numerics CollectReward pattern=100 call=17/100	paid	3179444	3185556	6112	0.1922348687380561	5534	12	12	0	0	0	0	6	7	874	6	7	874
poc_launchpad_numerics_filetest.gno	285	Launchpad Numerics CollectReward pattern=100 call=18/100	paid	3184206	3190318	6112	0.1919473802888381	5534	12	12	0	0	0	0	6	7	874	6	7	874
poc_launchpad_numerics_filetest.gno	286	Launchpad Numerics CollectReward pattern=100 call=19/100	paid	3172290	3178402	6112	0.1926683878207856	5534	12	12	0	0	0	0	6	7	874	6	7	874
poc_launchpad_numerics_filetest.gno	287	Launchpad Numerics CollectReward pattern=100 call=20/100	paid	3178817	3184929	6112	0.19227278575646223	5534	12	12	0	0	0	0	6	7	874	6	7	874
poc_launchpad_numerics_filetest.gno	288	Launchpad Numerics CollectReward pattern=100 call=21/100	paid	3180284	3186396	6112	0.19218409425070213	5534	12	12	0	0	0	0	6	7	874	6	7	874
poc_launchpad_numerics_filetest.gno	289	Launchpad Numerics CollectReward pattern=100 call=22/100	paid	3167881	3173993	6112	0.19293654022988868	5534	12	12	0	0	0	0	6	7	874	6	7	874
poc_launchpad_numerics_filetest.gno	290	Launchpad Numerics CollectReward pattern=100 call=23/100	paid	3168368	3174480	6112	0.19290688455381447	5534	12	12	0	0	0	0	6	6	874	6	6	874
poc_launchpad_numerics_filetest.gno	291	Launchpad Numerics CollectReward pattern=100 call=24/100	paid	3169348	3175460	6112	0.19284723545663018	5534	12	12	0	0	0	0	6	7	874	6	7	874
poc_launchpad_numerics_filetest.gno	292	Launchpad Numerics CollectReward pattern=100 call=25/100	paid	3168368	3174480	6112	0.19290688455381447	5534	12	12	0	0	0	0	6	6	874	6	6	874
poc_launchpad_numerics_filetest.gno	293	Launchpad Numerics CollectReward pattern=100 call=26/100	paid	3168861	3174973	6112	0.19287687279435733	5534	12	12	0	0	0	0	6	7	874	6	7	874
poc_launchpad_numerics_filetest.gno	294	Launchpad Numerics CollectReward pattern=100 call=27/100	paid	3168861	3174973	6112	0.19287687279435733	5534	12	12	0	0	0	0	6	7	874	6	7	874
poc_launchpad_numerics_filetest.gno	295	Launchpad Numerics CollectReward pattern=100 call=28/100	paid	3176498	3182610	6112	0.1924131543605568	5534	12	12	0	0	0	0	6	6	874	6	6	874
poc_launchpad_numerics_filetest.gno	296	Launchpad Numerics CollectReward pattern=100 call=29/100	paid	3169344	3175456	6112	0.19284747884735767	5534	12	12	0	0	0	0	6	7	874	6	7	874
poc_launchpad_numerics_filetest.gno	297	Launchpad Numerics CollectReward pattern=100 call=30/100	paid	3169348	3175460	6112	0.19284723545663018	5534	12	12	0	0	0	0	6	7	874	6	7	874
poc_launchpad_numerics_filetest.gno	298	Launchpad Numerics CollectReward pattern=100 call=31/100	paid	3169841	3175953	6112	0.19281724225284486	5534	12	12	0	0	0	0	6	7	874	6	7	874
poc_launchpad_numerics_filetest.gno	299	Launchpad Numerics CollectReward pattern=100 call=32/100	paid	3169348	3175460	6112	0.19284723545663018	5534	12	12	0	0	0	0	6	7	874	6	7	874
poc_launchpad_numerics_filetest.gno	300	Launchpad Numerics CollectReward pattern=100 call=33/100	paid	3169841	3175953	6112	0.19281724225284486	5534	12	12	0	0	0	0	6	7	874	6	7	874
poc_launchpad_numerics_filetest.gno	301	Launchpad Numerics CollectReward pattern=100 call=34/100	paid	3165479	3171591	6112	0.19308294258151767	5534	12	12	0	0	0	0	6	6	874	6	6	874
poc_launchpad_numerics_filetest.gno	302	Launchpad Numerics CollectReward pattern=100 call=35/100	paid	3168368	3174480	6112	0.19290688455381447	5534	12	12	0	0	0	0	6	6	874	6	6	874
poc_launchpad_numerics_filetest.gno	303	Launchpad Numerics CollectReward pattern=100 call=36/100	paid	3169348	3175460	6112	0.19284723545663018	5534	12	12	0	0	0	0	6	7	874	6	7	874
poc_launchpad_numerics_filetest.gno	304	Launchpad Numerics CollectReward pattern=100 call=37/100	paid	3156945	3163057	6112	0.19360489333833816	5534	12	12	0	0	0	0	7	7	874	7	7	874
poc_launchpad_numerics_filetest.gno	305	Launchpad Numerics CollectReward pattern=100 call=38/100	paid	3157477	3163544	6067	0.1921470845234977	5534	12	12	0	0	0	0	6	6	867	6	6	867
poc_launchpad_numerics_filetest.gno	306	Launchpad Numerics CollectReward pattern=100 call=39/100	paid	3156990	3163057	6067	0.1921767252984647	5534	12	12	0	0	0	0	7	7	868	7	7	868
poc_launchpad_numerics_filetest.gno	307	Launchpad Numerics CollectReward pattern=100 call=40/100	paid	3158457	3164563	6106	0.1933222456408303	5534	12	12	0	0	0	0	6	7	873	6	7	873
poc_launchpad_numerics_filetest.gno	308	Launchpad Numerics CollectReward pattern=100 call=41/100	paid	3158457	3164563	6106	0.1933222456408303	5534	12	12	0	0	0	0	6	7	873	6	7	873
poc_launchpad_numerics_filetest.gno	309	Launchpad Numerics CollectReward pattern=100 call=42/100	paid	3168417	3174523	6106	0.19271453220961762	5534	12	12	0	0	0	0	6	6	873	6	6	873
poc_launchpad_numerics_filetest.gno	310	Launchpad Numerics CollectReward pattern=100 call=43/100	paid	3168910	3175016	6106	0.19268455083924757	5534	12	12	0	0	0	0	7	7	873	7	7	873
poc_launchpad_numerics_filetest.gno	311	Launchpad Numerics CollectReward pattern=100 call=44/100	paid	3157481	3163587	6106	0.19338200293208416	5534	12	12	0	0	0	0	6	6	873	6	6	873
poc_launchpad_numerics_filetest.gno	312	Launchpad Numerics CollectReward pattern=100 call=45/100	paid	3153699	3159805	6106	0.1936139117905672	5534	12	12	0	0	0	0	6	6	874	6	6	874
poc_launchpad_numerics_filetest.gno	313	Launchpad Numerics CollectReward pattern=100 call=46/100	paid	3158461	3164573	6112	0.19351196674582968	5534	12	12	0	0	0	0	6	7	874	6	7	874
poc_launchpad_numerics_filetest.gno	314	Launchpad Numerics CollectReward pattern=100 call=47/100	paid	3157481	3163593	6112	0.19357202782851265	5534	12	12	0	0	0	0	6	6	874	6	6	874
poc_launchpad_numerics_filetest.gno	315	Launchpad Numerics CollectReward pattern=100 call=48/100	paid	3157974	3164086	6112	0.19354180876726662	5534	12	12	0	0	0	0	7	7	874	7	7	874
poc_launchpad_numerics_filetest.gno	316	Launchpad Numerics CollectReward pattern=100 call=49/100	paid	3168910	3175022	6112	0.1928738903913333	5534	12	12	0	0	0	0	7	7	874	7	7	874
poc_launchpad_numerics_filetest.gno	317	Launchpad Numerics CollectReward pattern=100 call=50/100	paid	3169890	3176002	6112	0.19281426169362345	5534	12	12	0	0	0	0	7	7	874	7	7	874
poc_launchpad_numerics_filetest.gno	318	Launchpad Numerics CollectReward pattern=100 call=51/100	paid	3158461	3164573	6112	0.19351196674582968	5534	12	12	0	0	0	0	6	7	874	6	7	874
poc_launchpad_numerics_filetest.gno	319	Launchpad Numerics CollectReward pattern=100 call=52/100	paid	3157974	3164086	6112	0.19354180876726662	5534	12	12	0	0	0	0	7	7	874	7	7	874
poc_launchpad_numerics_filetest.gno	320	Launchpad Numerics CollectReward pattern=100 call=53/100	paid	3159441	3165553	6112	0.1934519429228145	5534	12	12	0	0	0	0	6	7	874	6	7	874
poc_launchpad_numerics_filetest.gno	321	Launchpad Numerics CollectReward pattern=100 call=54/100	paid	3157974	3164086	6112	0.19354180876726662	5534	12	12	0	0	0	0	7	7	874	7	7	874
poc_launchpad_numerics_filetest.gno	322	Launchpad Numerics CollectReward pattern=100 call=55/100	paid	3159441	3165553	6112	0.1934519429228145	5534	12	12	0	0	0	0	6	7	874	6	7	874
poc_launchpad_numerics_filetest.gno	323	Launchpad Numerics CollectReward pattern=100 call=56/100	paid	3155659	3161771	6112	0.1936837915630301	5534	12	12	0	0	0	0	6	6	874	6	6	874
poc_launchpad_numerics_filetest.gno	324	Launchpad Numerics CollectReward pattern=100 call=57/100	paid	3168413	3174525	6112	0.19290414475638118	5534	12	12	0	0	0	0	6	6	874	6	6	874
poc_launchpad_numerics_filetest.gno	325	Launchpad Numerics CollectReward pattern=100 call=58/100	paid	3169393	3175505	6112	0.1928444973532787	5534	12	12	0	0	0	0	6	7	874	6	7	874
poc_launchpad_numerics_filetest.gno	326	Launchpad Numerics CollectReward pattern=100 call=59/100	paid	3157477	3163589	6112	0.1935722730521869	5534	12	12	0	0	0	0	6	6	874	6	6	874
poc_launchpad_numerics_filetest.gno	327	Launchpad Numerics CollectReward pattern=100 call=60/100	paid	3157970	3164082	6112	0.1935420539143817	5534	12	12	0	0	0	0	7	7	874	7	7	874
poc_launchpad_numerics_filetest.gno	328	Launchpad Numerics CollectReward pattern=100 call=61/100	paid	3157481	3163593	6112	0.19357202782851265	5534	12	12	0	0	0	0	6	6	874	6	6	874
poc_launchpad_numerics_filetest.gno	329	Launchpad Numerics CollectReward pattern=100 call=62/100	paid	3154679	3160791	6112	0.19374395936955868	5534	12	12	0	0	0	0	6	6	874	6	6	874
poc_launchpad_numerics_filetest.gno	330	Launchpad Numerics CollectReward pattern=100 call=63/100	paid	3158461	3164573	6112	0.19351196674582968	5534	12	12	0	0	0	0	6	7	874	6	7	874
poc_launchpad_numerics_filetest.gno	331	Launchpad Numerics CollectReward pattern=100 call=64/100	paid	3169397	3175509	6112	0.19284425397007696	5534	12	12	0	0	0	0	6	7	874	6	7	874
poc_launchpad_numerics_filetest.gno	332	Launchpad Numerics CollectReward pattern=100 call=65/100	paid	3170377	3176489	6112	0.19278464359285977	5534	12	12	0	0	0	0	6	7	874	6	7	874
poc_launchpad_numerics_filetest.gno	333	Launchpad Numerics CollectReward pattern=100 call=66/100	paid	3157974	3164086	6112	0.19354180876726662	5534	12	12	0	0	0	0	7	7	874	7	7	874
poc_launchpad_numerics_filetest.gno	334	Launchpad Numerics CollectReward pattern=100 call=67/100	paid	3157974	3164086	6112	0.19354180876726662	5534	12	12	0	0	0	0	7	7	874	7	7	874
poc_launchpad_numerics_filetest.gno	335	Launchpad Numerics CollectReward pattern=100 call=68/100	paid	3159441	3165553	6112	0.1934519429228145	5534	12	12	0	0	0	0	6	7	874	6	7	874
poc_launchpad_numerics_filetest.gno	336	Launchpad Numerics CollectReward pattern=100 call=69/100	paid	3159437	3165549	6112	0.1934521878423276	5534	12	12	0	0	0	0	6	7	874	6	7	874
poc_launchpad_numerics_filetest.gno	337	Launchpad Numerics CollectReward pattern=100 call=70/100	paid	3159441	3165553	6112	0.1934519429228145	5534	12	12	0	0	0	0	6	7	874	6	7	874
poc_launchpad_numerics_filetest.gno	338	Launchpad Numerics CollectReward pattern=100 call=71/100	paid	3168910	3175022	6112	0.1928738903913333	5534	12	12	0	0	0	0	7	7	874	7	7	874
poc_launchpad_numerics_filetest.gno	339	Launchpad Numerics CollectReward pattern=100 call=72/100	paid	3169890	3176002	6112	0.19281426169362345	5534	12	12	0	0	0	0	7	7	874	7	7	874
poc_launchpad_numerics_filetest.gno	340	Launchpad Numerics CollectReward pattern=100 call=73/100	paid	3166595	3172707	6112	0.19301489454761345	5534	12	12	0	0	0	0	6	6	874	6	6	874
poc_launchpad_numerics_filetest.gno	341	Launchpad Numerics CollectReward pattern=100 call=74/100	paid	3171357	3177469	6112	0.19272507005676118	5534	12	12	0	0	0	0	6	7	874	6	7	874
poc_launchpad_numerics_filetest.gno	342	Launchpad Numerics CollectReward pattern=100 call=75/100	paid	3169890	3176002	6112	0.19281426169362345	5534	12	12	0	0	0	0	7	7	874	7	7	874
poc_launchpad_numerics_filetest.gno	343	Launchpad Numerics CollectReward pattern=100 call=76/100	paid	3171357	3177469	6112	0.19272507005676118	5534	12	12	0	0	0	0	6	7	874	6	7	874
poc_launchpad_numerics_filetest.gno	344	Launchpad Numerics CollectReward pattern=100 call=77/100	paid	3170870	3176982	6112	0.19275466985401482	5534	12	12	0	0	0	0	6	7	874	6	7	874
poc_launchpad_numerics_filetest.gno	345	Launchpad Numerics CollectReward pattern=100 call=78/100	paid	3171850	3177962	6112	0.19269511483834356	5534	12	12	0	0	0	0	6	6	874	6	6	874
poc_launchpad_numerics_filetest.gno	346	Launchpad Numerics CollectReward pattern=100 call=79/100	paid	3167571	3173683	6112	0.19295542230939733	5534	12	12	0	0	0	0	6	7	874	6	7	874
poc_launchpad_numerics_filetest.gno	347	Launchpad Numerics CollectReward pattern=100 call=80/100	paid	3171357	3177469	6112	0.19272507005676118	5534	12	12	0	0	0	0	6	7	874	6	7	874
poc_launchpad_numerics_filetest.gno	348	Launchpad Numerics CollectReward pattern=100 call=81/100	paid	3172337	3178449	6112	0.19266553332763828	5534	12	12	0	0	0	0	6	7	874	6	7	874
poc_launchpad_numerics_filetest.gno	349	Launchpad Numerics CollectReward pattern=100 call=82/100	paid	3171357	3177469	6112	0.19272507005676118	5534	12	12	0	0	0	0	6	7	874	6	7	874
poc_launchpad_numerics_filetest.gno	350	Launchpad Numerics CollectReward pattern=100 call=83/100	paid	3171850	3177962	6112	0.19269511483834356	5534	12	12	0	0	0	0	6	6	874	6	6	874
poc_launchpad_numerics_filetest.gno	351	Launchpad Numerics CollectReward pattern=100 call=84/100	paid	3172337	3178449	6112	0.19266553332763828	5534	12	12	0	0	0	0	6	7	874	6	7	874
poc_launchpad_numerics_filetest.gno	352	Launchpad Numerics CollectReward pattern=100 call=85/100	paid	3158461	3164573	6112	0.19351196674582968	5534	12	12	0	0	0	0	6	7	874	6	7	874
poc_launchpad_numerics_filetest.gno	353	Launchpad Numerics CollectReward pattern=100 call=86/100	paid	3174495	3180607	6112	0.19253456061515295	5534	18	18	0	0	0	0	6	7	874	6	7	874
poc_launchpad_numerics_filetest.gno	354	Launchpad Numerics CollectReward pattern=100 call=87/100	paid	3162579	3168691	6112	0.1932599944538935	5534	18	18	0	0	0	0	6	7	874	6	7	874
poc_launchpad_numerics_filetest.gno	355	Launchpad Numerics CollectReward pattern=100 call=88/100	paid	3162579	3168691	6112	0.1932599944538935	5534	18	18	0	0	0	0	6	7	874	6	7	874
poc_launchpad_numerics_filetest.gno	356	Launchpad Numerics CollectReward pattern=100 call=89/100	paid	3185490	3191602	6112	0.19187001057922015	5534	18	18	0	0	0	0	6	6	874	6	6	874
poc_launchpad_numerics_filetest.gno	357	Launchpad Numerics CollectReward pattern=100 call=90/100	paid	3182199	3188311	6112	0.1920684407229089	5534	18	18	0	0	0	0	6	7	874	6	7	874
poc_launchpad_numerics_filetest.gno	358	Launchpad Numerics CollectReward pattern=100 call=91/100	paid	3186961	3193073	6112	0.19178144947490727	5534	18	18	0	0	0	0	7	7	874	7	7	874
poc_launchpad_numerics_filetest.gno	359	Launchpad Numerics CollectReward pattern=100 call=92/100	paid	3185981	3192093	6112	0.19184044098191422	5534	18	18	0	0	0	0	7	7	874	7	7	874
poc_launchpad_numerics_filetest.gno	360	Launchpad Numerics CollectReward pattern=100 call=93/100	paid	3186961	3193073	6112	0.19178144947490727	5534	18	18	0	0	0	0	7	7	874	7	7	874
poc_launchpad_numerics_filetest.gno	361	Launchpad Numerics CollectReward pattern=100 call=94/100	paid	3186474	3192586	6112	0.1918107601066257	5534	18	18	0	0	0	0	6	6	874	6	6	874
poc_launchpad_numerics_filetest.gno	362	Launchpad Numerics CollectReward pattern=100 call=95/100	paid	3178894	3185006	6112	0.19226812847487207	5534	12	12	0	0	0	0	7	7	874	7	7	874
poc_launchpad_numerics_filetest.gno	363	Launchpad Numerics CollectReward pattern=100 call=96/100	paid	3172217	3178329	6112	0.1926728215629637	5534	12	12	0	0	0	0	6	7	874	6	7	874
poc_launchpad_numerics_filetest.gno	364	Launchpad Numerics CollectReward pattern=100 call=97/100	paid	3168441	3174553	6112	0.1929024400328111	5534	12	12	0	0	0	0	6	7	874	6	7	874
poc_launchpad_numerics_filetest.gno	365	Launchpad Numerics CollectReward pattern=100 call=98/100	paid	3167954	3174066	6112	0.19293209434227895	5534	12	12	0	0	0	0	7	7	874	7	7	874
poc_launchpad_numerics_filetest.gno	366	Launchpad Numerics CollectReward pattern=100 call=99/100	paid	3168441	3174553	6112	0.1929024400328111	5534	12	12	0	0	0	0	6	7	874	6	7	874
poc_launchpad_numerics_filetest.gno	367	Launchpad Numerics CollectReward pattern=100 call=100/100	paid	3168934	3175046	6112	0.19287242965615567	5534	12	12	0	0	0	0	7	7	874	7	7	874
poc_launchpad_numerics_filetest.gno	368	Launchpad Numerics CollectDepositGns call=1/256	paid	8079071	8092833	13762	0.17034136721907753	12386	-3682	-3321	361	36100	0	-36100	13	16	1968	36113	36116	38068
poc_launchpad_numerics_filetest.gno	369	Launchpad Numerics CollectDepositGns call=2/256	paid	7667252	7681014	13762	0.17949064410560656	12386	-5733	-5372	361	36100	0	-36100	14	16	1968	36114	36116	38068
poc_launchpad_numerics_filetest.gno	370	Launchpad Numerics CollectDepositGns call=3/256	paid	7496100	7509862	13762	0.18358879950907805	12386	-2258	-1897	361	36100	0	-36100	13	15	1968	36113	36115	38068
poc_launchpad_numerics_filetest.gno	371	Launchpad Numerics CollectDepositGns call=4/256	paid	7642316	7656069	13753	0.17995853612962354	12386	-5699	-5334	365	36500	0	-36500	14	15	1966	36514	36515	38466
poc_launchpad_numerics_filetest.gno	372	Launchpad Numerics CollectDepositGns call=5/256	paid	7569192	7582906	13714	0.18118182231339885	12386	-2263	-1902	361	36100	0	-36100	13	15	1961	36113	36115	38061
poc_launchpad_numerics_filetest.gno	373	Launchpad Numerics CollectDepositGns call=6/256	paid	7700861	7714584	13723	0.17820085312538428	12386	-5742	-5381	361	36100	0	-36100	14	16	1962	36114	36116	38062
poc_launchpad_numerics_filetest.gno	374	Launchpad Numerics CollectDepositGns call=7/256	paid	7695911	7709664	13753	0.17870528908143557	12386	-5730	-5369	361	36100	0	-36100	14	15	1966	36114	36115	38066
poc_launchpad_numerics_filetest.gno	375	Launchpad Numerics CollectDepositGns call=8/256	paid	7569235	7582997	13762	0.18181493902620277	12386	-2263	-1902	361	36100	0	-36100	13	15	1968	36113	36115	38068
poc_launchpad_numerics_filetest.gno	376	Launchpad Numerics CollectDepositGns call=9/256	paid	7494403	7508165	13762	0.18363037055786832	12386	-2258	-1897	361	36100	0	-36100	14	15	1968	36114	36115	38068
poc_launchpad_numerics_filetest.gno	377	Launchpad Numerics CollectDepositGns call=10/256	paid	7529751	7543513	13762	0.1827683279301002	12386	-2258	-1897	361	36100	0	-36100	14	15	1968	36114	36115	38068
poc_launchpad_numerics_filetest.gno	378	Launchpad Numerics CollectDepositGns call=11/256	paid	7499633	7513395	13762	0.18350231271316877	12386	-2277	-1916	361	36100	0	-36100	14	15	1968	36114	36115	38068
poc_launchpad_numerics_filetest.gno	379	Launchpad Numerics CollectDepositGns call=12/256	paid	7588253	7602015	13762	0.1813592667508582	12386	-2265	-1904	361	36100	0	-36100	14	15	1968	36114	36115	38068
poc_launchpad_numerics_filetest.gno	380	Launchpad Numerics CollectDepositGns call=13/256	paid	7713592	7727354	13762	0.1784123401911846	12386	-5733	-5372	361	36100	0	-36100	14	16	1968	36114	36116	38068
poc_launchpad_numerics_filetest.gno	381	Launchpad Numerics CollectDepositGns call=14/256	paid	7595355	7609117	13762	0.18118968764461965	12386	-2265	-1904	361	36100	0	-36100	14	16	1968	36114	36116	38068
poc_launchpad_numerics_filetest.gno	382	Launchpad Numerics CollectDepositGns call=15/256	paid	7544881	7558643	13762	0.18240181654289842	12386	-2264	-1903	361	36100	0	-36100	14	15	1968	36114	36115	38068
poc_launchpad_numerics_filetest.gno	383	Launchpad Numerics CollectDepositGns call=16/256	paid	7518840	7532602	13762	0.18303355304807656	12386	-2277	-1916	361	36100	0	-36100	14	15	1968	36114	36115	38068
poc_launchpad_numerics_filetest.gno	384	Launchpad Numerics CollectDepositGns call=17/256	paid	7758141	7771903	13762	0.1773878561887442	12386	-9095	-8734	361	36100	0	-36100	13	16	1968	36113	36116	38068
poc_launchpad_numerics_filetest.gno	385	Launchpad Numerics CollectDepositGns call=18/256	paid	7597998	7611760	13762	0.1811266599438431	12386	-2265	-1904	361	36100	0	-36100	14	15	1968	36114	36115	38068
poc_launchpad_numerics_filetest.gno	386	Launchpad Numerics CollectDepositGns call=19/256	paid	7617926	7631688	13762	0.1806528443568499	12386	-2265	-1904	361	36100	0	-36100	14	15	1968	36114	36115	38068
poc_launchpad_numerics_filetest.gno	387	Launchpad Numerics CollectDepositGns call=20/256	paid	7512230	7525992	13762	0.18319460399907883	12386	-2277	-1916	361	36100	0	-36100	13	15	1968	36113	36115	38068
poc_launchpad_numerics_filetest.gno	388	Launchpad Numerics CollectDepositGns call=21/256	paid	7588704	7602466	13762	0.1813484884902613	12386	-2265	-1904	361	36100	0	-36100	14	15	1968	36114	36115	38068
poc_launchpad_numerics_filetest.gno	389	Launchpad Numerics CollectDepositGns call=22/256	paid	7547266	7561028	13762	0.18234417602347658	12386	-2264	-1903	361	36100	0	-36100	14	16	1968	36114	36116	38068
poc_launchpad_numerics_filetest.gno	390	Launchpad Numerics CollectDepositGns call=23/256	paid	7521078	7534840	13762	0.18297908890188347	12386	-2277	-1916	361	36100	0	-36100	13	15	1968	36113	36115	38068
poc_launchpad_numerics_filetest.gno	391	Launchpad Numerics CollectDepositGns call=24/256	paid	7633998	7647760	13762	0.18027251251572243	12386	-5563	-5202	361	36100	0	-36100	14	15	1968	36114	36115	38068
poc_launchpad_numerics_filetest.gno	392	Launchpad Numerics CollectDepositGns call=25/256	paid	7720779	7734532	13753	0.17812969390782976	12386	-5486	-5125	361	36100	0	-36100	14	15	1967	36114	36115	38067
poc_launchpad_numerics_filetest.gno	393	Launchpad Numerics CollectDepositGns call=26/256	paid	7492104	7505866	13762	0.18368671871079206	12386	-2277	-1916	361	36100	0	-36100	13	15	1968	36113	36115	38068
poc_launchpad_numerics_filetest.gno	394	Launchpad Numerics CollectDepositGns call=27/256	paid	7491160	7504922	13762	0.18370986602875924	12386	-2277	-1916	361	36100	0	-36100	13	15	1968	36113	36115	38068
poc_launchpad_numerics_filetest.gno	395	Launchpad Numerics CollectDepositGns call=28/256	paid	7498660	7512422	13762	0.18352612333403567	12386	-2277	-1916	361	36100	0	-36100	14	15	1968	36114	36115	38068
poc_launchpad_numerics_filetest.gno	396	Launchpad Numerics CollectDepositGns call=29/256	paid	7496736	7510498	13762	0.18357322440059248	12386	-2277	-1916	361	36100	0	-36100	14	15	1968	36114	36115	38068
poc_launchpad_numerics_filetest.gno	397	Launchpad Numerics CollectDepositGns call=30/256	paid	7487100	7500862	13762	0.18380948564864902	12386	-2277	-1916	361	36100	0	-36100	13	15	1968	36113	36115	38068
poc_launchpad_numerics_filetest.gno	398	Launchpad Numerics CollectDepositGns call=31/256	paid	7522176	7535938	13762	0.18295237973692718	12386	-2276	-1915	361	36100	0	-36100	13	15	1968	36113	36115	38068
poc_launchpad_numerics_filetest.gno	399	Launchpad Numerics CollectDepositGns call=32/256	paid	7521235	7534997	13762	0.1829752693540356	12386	-2276	-1915	361	36100	0	-36100	13	15	1968	36113	36115	38068
poc_launchpad_numerics_filetest.gno	400	Launchpad Numerics CollectDepositGns call=33/256	paid	7510622	7524384	13762	0.18323382537424995	12386	-2276	-1915	361	36100	0	-36100	14	15	1968	36114	36115	38068
poc_launchpad_numerics_filetest.gno	401	Launchpad Numerics CollectDepositGns call=34/256	paid	7508946	7522708	13762	0.18327472324344854	12386	-2276	-1915	361	36100	0	-36100	14	15	1968	36114	36115	38068
poc_launchpad_numerics_filetest.gno	402	Launchpad Numerics CollectDepositGns call=35/256	paid	7508005	7521767	13762	0.18329769359503623	12386	-2276	-1915	361	36100	0	-36100	13	15	1968	36113	36115	38068
poc_launchpad_numerics_filetest.gno	403	Launchpad Numerics CollectDepositGns call=36/256	paid	7505594	7519356	13762	0.18335657377683898	12386	-2276	-1915	361	36100	0	-36100	14	15	1968	36114	36115	38068
poc_launchpad_numerics_filetest.gno	404	Launchpad Numerics CollectDepositGns call=37/256	paid	7597517	7611279	13762	0.18113812710126218	12386	-2275	-1914	361	36100	0	-36100	14	15	1968	36114	36115	38068
poc_launchpad_numerics_filetest.gno	405	Launchpad Numerics CollectDepositGns call=38/256	paid	7585629	7599391	13762	0.18142200205151082	12386	-2276	-1915	361	36100	0	-36100	14	15	1968	36114	36115	38068
poc_launchpad_numerics_filetest.gno	406	Launchpad Numerics CollectDepositGns call=39/256	paid	7607840	7621542	13702	0.18010368251698247	12386	-2276	-1915	361	36100	0	-36100	14	15	1959	36114	36115	38059
poc_launchpad_numerics_filetest.gno	407	Launchpad Numerics CollectDepositGns call=40/256	paid	7597962	7611664	13702	0.18033783269776815	12386	-2276	-1915	361	36100	0	-36100	14	15	1959	36114	36115	38059
poc_launchpad_numerics_filetest.gno	408	Launchpad Numerics CollectDepositGns call=41/256	paid	7596289	7609991	13702	0.18037755014323442	12386	-2276	-1915	361	36100	0	-36100	13	15	1959	36113	36115	38059
poc_launchpad_numerics_filetest.gno	409	Launchpad Numerics CollectDepositGns call=42/256	paid	7595348	7609050	13702	0.18039989741088888	12386	-2276	-1915	361	36100	0	-36100	14	15	1960	36114	36115	38060
poc_launchpad_numerics_filetest.gno	410	Launchpad Numerics CollectDepositGns call=43/256	paid	7592937	7606639	13702	0.1804571801399116	12386	-2276	-1915	361	36100	0	-36100	14	15	1960	36114	36115	38060
poc_launchpad_numerics_filetest.gno	411	Launchpad Numerics CollectDepositGns call=44/256	paid	7591996	7605698	13702	0.1804795471441239	12386	-2276	-1915	361	36100	0	-36100	14	15	1959	36114	36115	38059
poc_launchpad_numerics_filetest.gno	412	Launchpad Numerics CollectDepositGns call=45/256	paid	7590320	7604022	13702	0.18051939839163567	12386	-2276	-1915	361	36100	0	-36100	14	15	1960	36114	36115	38060
poc_launchpad_numerics_filetest.gno	413	Launchpad Numerics CollectDepositGns call=46/256	paid	7708264	7721990	13726	0.17806862868215204	12386	-5745	-5384	361	36100	0	-36100	13	15	1963	36113	36115	38063
poc_launchpad_numerics_filetest.gno	414	Launchpad Numerics CollectDepositGns call=47/256	paid	7490643	7504378	13735	0.18336209588415842	12386	-2276	-1915	361	36100	0	-36100	14	15	1965	36114	36115	38065
poc_launchpad_numerics_filetest.gno	415	Launchpad Numerics CollectDepositGns call=48/256	paid	7480030	7493765	13735	0.1836222581994992	12386	-2278	-1915	363	36300	0	-36300	13	15	1964	36313	36315	38264
poc_launchpad_numerics_filetest.gno	416	Launchpad Numerics CollectDepositGns call=49/256	paid	7479433	7493069	13636	0.18231328497761795	12386	-2291	-1915	376	37600	0	-37600	14	15	1950	37614	37615	39550
poc_launchpad_numerics_filetest.gno	417	Launchpad Numerics CollectDepositGns call=50/256	paid	7476765	7490413	13648	0.18253883865548803	12386	-2291	-1915	376	37600	0	-37600	14	15	1952	37614	37615	39552
poc_launchpad_numerics_filetest.gno	418	Launchpad Numerics CollectDepositGns call=51/256	paid	7476792	7490521	13729	0.1836215318013394	12386	-2291	-1926	365	36500	0	-36500	14	15	1963	36514	36515	38463
poc_launchpad_numerics_filetest.gno	419	Launchpad Numerics CollectDepositGns call=52/256	paid	7590523	7604240	13717	0.18071218544492915	12386	-2290	-1925	365	36500	0	-36500	14	15	1962	36514	36515	38462
poc_launchpad_numerics_filetest.gno	420	Launchpad Numerics CollectDepositGns call=53/256	paid	7586093	7599813	13720	0.18085726077969252	12386	-2291	-1926	365	36500	0	-36500	13	15	1962	36513	36515	38462
poc_launchpad_numerics_filetest.gno	421	Launchpad Numerics CollectDepositGns call=54/256	paid	7599188	7612911	13723	0.18058508356419134	12386	-2291	-1926	365	36500	0	-36500	13	15	1963	36513	36515	38463
poc_launchpad_numerics_filetest.gno	422	Launchpad Numerics CollectDepositGns call=55/256	paid	7588563	7602289	13726	0.18087745993543178	12386	-2291	-1926	365	36500	0	-36500	14	15	1963	36514	36515	38463
poc_launchpad_numerics_filetest.gno	423	Launchpad Numerics CollectDepositGns call=56/256	paid	7586875	7600604	13729	0.18095724524260648	12386	-2291	-1926	365	36500	0	-36500	14	15	1963	36514	36515	38463
poc_launchpad_numerics_filetest.gno	424	Launchpad Numerics CollectDepositGns call=57/256	paid	7585922	7599666	13744	0.18117771313757247	12386	-2291	-1927	364	36400	0	-36400	14	15	1966	36414	36415	38366
poc_launchpad_numerics_filetest.gno	425	Launchpad Numerics CollectDepositGns call=58/256	paid	7583499	7597243	13744	0.18123560113873557	12386	-2291	-1927	364	36400	0	-36400	14	15	1965	36414	36415	38365
poc_launchpad_numerics_filetest.gno	426	Launchpad Numerics CollectDepositGns call=59/256	paid	7582546	7596290	13744	0.18125837944141718	12386	-2291	-1927	364	36400	0	-36400	14	15	1965	36414	36415	38365
poc_launchpad_numerics_filetest.gno	427	Launchpad Numerics CollectDepositGns call=60/256	paid	7708699	7722461	13762	0.17852558518629408	12386	-5771	-5400	371	37100	0	-37100	14	15	1968	37114	37115	39068
poc_launchpad_numerics_filetest.gno	428	Launchpad Numerics CollectDepositGns call=61/256	paid	7492484	7506246	13762	0.18367740258103987	12386	-2291	-1927	364	36400	0	-36400	14	15	1968	36414	36415	38368
poc_launchpad_numerics_filetest.gno	429	Launchpad Numerics CollectDepositGns call=62/256	paid	7481859	7495621	13762	0.18393824315587878	12386	-2291	-1927	364	36400	0	-36400	14	15	1968	36414	36415	38368
poc_launchpad_numerics_filetest.gno	430	Launchpad Numerics CollectDepositGns call=63/256	paid	7481151	7494913	13762	0.18395565067460876	12386	-2291	-1927	364	36400	0	-36400	13	15	1968	36413	36415	38368
poc_launchpad_numerics_filetest.gno	431	Launchpad Numerics CollectDepositGns call=64/256	paid	7479218	7492980	13762	0.18400319391679718	12386	-2291	-1927	364	36400	0	-36400	13	15	1968	36413	36415	38368
poc_launchpad_numerics_filetest.gno	432	Launchpad Numerics CollectDepositGns call=65/256	paid	7477775	7491537	13762	0.18403870135167213	12386	-2291	-1927	364	36400	0	-36400	14	15	1968	36414	36415	38368
poc_launchpad_numerics_filetest.gno	433	Launchpad Numerics CollectDepositGns call=66/256	paid	7590284	7604046	13762	0.18131073883401463	12386	-2290	-1926	364	36400	0	-36400	14	15	1968	36414	36415	38368
poc_launchpad_numerics_filetest.gno	434	Launchpad Numerics CollectDepositGns call=67/256	paid	7578384	7592146	13762	0.18159544303904368	12386	-2291	-1927	364	36400	0	-36400	14	15	1968	36414	36415	38368
poc_launchpad_numerics_filetest.gno	435	Launchpad Numerics CollectDepositGns call=68/256	paid	7705563	7719325	13762	0.17859824129658014	12386	-5771	-5407	364	36400	0	-36400	14	15	1968	36414	36415	38368
poc_launchpad_numerics_filetest.gno	436	Launchpad Numerics CollectDepositGns call=69/256	paid	7490766	7504528	13762	0.1837195288172131	12386	-2291	-1927	364	36400	0	-36400	14	15	1968	36414	36415	38368
poc_launchpad_numerics_filetest.gno	437	Launchpad Numerics CollectDepositGns call=70/256	paid	7480141	7493903	13762	0.18398048913783843	12386	-2291	-1927	364	36400	0	-36400	13	15	1968	36413	36415	38368
poc_launchpad_numerics_filetest.gno	438	Launchpad Numerics CollectDepositGns call=71/256	paid	7480168	7493930	13762	0.18397982505205765	12386	-2291	-1927	364	36400	0	-36400	13	15	1967	36413	36415	38367
poc_launchpad_numerics_filetest.gno	439	Launchpad Numerics CollectDepositGns call=72/256	paid	7476768	7490530	13762	0.18406348839498565	12386	-2291	-1927	364	36400	0	-36400	14	15	1968	36414	36415	38368
poc_launchpad_numerics_filetest.gno	440	Launchpad Numerics CollectDepositGns call=73/256	paid	7476795	7490557	13762	0.18406282370989174	12386	-2291	-1927	364	36400	0	-36400	14	15	1968	36414	36415	38368
poc_launchpad_numerics_filetest.gno	441	Launchpad Numerics CollectDepositGns call=74/256	paid	7590532	7604294	13762	0.18130481499847442	12386	-2290	-1926	364	36400	0	-36400	14	15	1968	36414	36415	38368
poc_launchpad_numerics_filetest.gno	442	Launchpad Numerics CollectDepositGns call=75/256	paid	7586834	7600596	13762	0.18139318719771647	12386	-2291	-1927	364	36400	0	-36400	14	15	1968	36414	36415	38368
poc_launchpad_numerics_filetest.gno	443	Launchpad Numerics CollectDepositGns call=76/256	paid	7599929	7613691	13762	0.1810806390428121	12386	-2291	-1927	364	36400	0	-36400	14	16	1968	36414	36416	38368
poc_launchpad_numerics_filetest.gno	444	Launchpad Numerics CollectDepositGns call=77/256	paid	7589304	7603066	13762	0.18133415132665656	12386	-2291	-1927	364	36400	0	-36400	14	15	1968	36414	36415	38368
poc_launchpad_numerics_filetest.gno	445	Launchpad Numerics CollectDepositGns call=78/256	paid	7587616	7601378	13762	0.1813744923306609	12386	-2291	-1927	364	36400	0	-36400	14	15	1968	36414	36415	38368
poc_launchpad_numerics_filetest.gno	446	Launchpad Numerics CollectDepositGns call=79/256	paid	7586663	7600425	13762	0.18139727571924574	12386	-2291	-1927	364	36400	0	-36400	14	15	1968	36414	36415	38368
poc_launchpad_numerics_filetest.gno	447	Launchpad Numerics CollectDepositGns call=80/256	paid	7584972	7598734	13762	0.1814377165795734	12386	-2291	-1927	364	36400	0	-36400	14	15	1968	36414	36415	38368
poc_launchpad_numerics_filetest.gno	448	Launchpad Numerics CollectDepositGns call=81/256	paid	7583287	7597049	13762	0.18147803188775527	12386	-2291	-1927	364	36400	0	-36400	14	15	1968	36414	36415	38368
poc_launchpad_numerics_filetest.gno	449	Launchpad Numerics CollectDepositGns call=82/256	paid	7705863	7719625	13762	0.17859128821781545	12386	-5771	-5407	364	36400	0	-36400	14	15	1968	36414	36415	38368
poc_launchpad_numerics_filetest.gno	450	Launchpad Numerics CollectDepositGns call=83/256	paid	7492484	7506246	13762	0.18367740258103987	12386	-2291	-1927	364	36400	0	-36400	14	15	1968	36414	36415	38368
poc_launchpad_numerics_filetest.gno	451	Launchpad Numerics CollectDepositGns call=84/256	paid	7490796	7504558	13762	0.1837187930361473	12386	-2291	-1927	364	36400	0	-36400	14	16	1968	36414	36416	38368
poc_launchpad_numerics_filetest.gno	452	Launchpad Numerics CollectDepositGns call=85/256	paid	7490823	7504585	13762	0.183718130838227	12386	-2291	-1927	364	36400	0	-36400	14	16	1968	36414	36416	38368
poc_launchpad_numerics_filetest.gno	453	Launchpad Numerics CollectDepositGns call=86/256	paid	7487420	7501182	13762	0.18380162993394253	12386	-2291	-1927	364	36400	0	-36400	14	15	1968	36414	36415	38368
poc_launchpad_numerics_filetest.gno	454	Launchpad Numerics CollectDepositGns call=87/256	paid	7487447	7501209	13762	0.18380096713873234	12386	-2291	-1927	364	36400	0	-36400	14	15	1968	36414	36415	38368
poc_launchpad_numerics_filetest.gno	455	Launchpad Numerics CollectDepositGns call=88/256	paid	7600207	7613969	13762	0.18107401548405194	12386	-2290	-1926	364	36400	0	-36400	13	15	1968	36413	36415	38368
poc_launchpad_numerics_filetest.gno	456	Launchpad Numerics CollectDepositGns call=89/256	paid	7589042	7602804	13762	0.18134041160926503	12386	-2291	-1927	364	36400	0	-36400	13	16	1967	36413	36416	38367
poc_launchpad_numerics_filetest.gno	457	Launchpad Numerics CollectDepositGns call=90/256	paid	7705912	7719674	13762	0.17859015259971825	12386	-5771	-5407	364	36400	0	-36400	14	15	1968	36414	36415	38368
poc_launchpad_numerics_filetest.gno	458	Launchpad Numerics CollectDepositGns call=91/256	paid	7493219	7506981	13762	0.18365938590611058	12386	-2291	-1927	364	36400	0	-36400	13	15	1968	36413	36415	38368
poc_launchpad_numerics_filetest.gno	459	Launchpad Numerics CollectDepositGns call=92/256	paid	7492266	7506028	13762	0.1836827469820212	12386	-2291	-1927	364	36400	0	-36400	14	15	1968	36414	36415	38368
poc_launchpad_numerics_filetest.gno	460	Launchpad Numerics CollectDepositGns call=93/256	paid	7490823	7504585	13762	0.183718130838227	12386	-2291	-1927	364	36400	0	-36400	14	16	1968	36414	36416	38368
poc_launchpad_numerics_filetest.gno	461	Launchpad Numerics CollectDepositGns call=94/256	paid	7488890	7502652	13762	0.18376555137009623	12386	-2291	-1927	364	36400	0	-36400	14	15	1968	36414	36415	38368
poc_launchpad_numerics_filetest.gno	462	Launchpad Numerics CollectDepositGns call=95/256	paid	7488182	7501944	13762	0.18378292621626985	12386	-2291	-1927	364	36400	0	-36400	13	16	1967	36413	36416	38367
poc_launchpad_numerics_filetest.gno	463	Launchpad Numerics CollectDepositGns call=96/256	paid	7571468	7585230	13762	0.18176131762030825	12386	-2290	-1926	364	36400	0	-36400	14	15	1968	36414	36415	38368
poc_launchpad_numerics_filetest.gno	464	Launchpad Numerics CollectDepositGns call=97/256	paid	7597938	7611700	13762	0.18112809027923102	12386	-2285	-1921	364	36400	0	-36400	14	15	1968	36414	36415	38368
poc_launchpad_numerics_filetest.gno	465	Launchpad Numerics CollectDepositGns call=98/256	paid	7694810	7708572	13762	0.1788478208038925	12386	-12194	-11830	364	36400	0	-36400	14	15	1968	36414	36415	38368
poc_launchpad_numerics_filetest.gno	466	Launchpad Numerics CollectDepositGns call=99/256	paid	7420672	7434434	13762	0.18545490219753683	12386	-2285	-1921	364	36400	0	-36400	14	15	1968	36414	36415	38368
poc_launchpad_numerics_filetest.gno	467	Launchpad Numerics CollectDepositGns call=100/256	paid	7491199	7504961	13762	0.18370890961513636	12386	-2285	-1921	364	36400	0	-36400	13	15	1968	36413	36415	38368
poc_launchpad_numerics_filetest.gno	468	Launchpad Numerics CollectDepositGns call=101/256	paid	7488716	7502478	13762	0.18376982115492163	12386	-2285	-1921	364	36400	0	-36400	14	15	1968	36414	36415	38368
poc_launchpad_numerics_filetest.gno	469	Launchpad Numerics CollectDepositGns call=102/256	paid	7486965	7500727	13762	0.18381279997969804	12386	-2285	-1921	364	36400	0	-36400	14	15	1968	36414	36415	38368
poc_launchpad_numerics_filetest.gno	470	Launchpad Numerics CollectDepositGns call=103/256	paid	7483744	7497506	13762	0.18389191292486756	12386	-2285	-1921	364	36400	0	-36400	14	15	1968	36414	36415	38368
poc_launchpad_numerics_filetest.gno	471	Launchpad Numerics CollectDepositGns call=104/256	paid	7613842	7627604	13762	0.1807497450039021	12386	-5765	-5401	364	36400	0	-36400	14	15	1968	36414	36415	38368
poc_launchpad_numerics_filetest.gno	472	Launchpad Numerics CollectDepositGns call=105/256	paid	7499419	7513181	13762	0.18350754905146652	12386	-2285	-1921	364	36400	0	-36400	14	15	1968	36414	36415	38368
poc_launchpad_numerics_filetest.gno	473	Launchpad Numerics CollectDepositGns call=106/256	paid	7454042	7467804	13762	0.1846246640413349	12386	-2292	-1928	364	36400	0	-36400	13	15	1967	36413	36415	38367
poc_launchpad_numerics_filetest.gno	474	Launchpad Numerics CollectDepositGns call=107/256	paid	7453086	7466848	13762	0.1846483456651379	12386	-2292	-1928	364	36400	0	-36400	13	15	1968	36413	36415	38368
poc_launchpad_numerics_filetest.gno	475	Launchpad Numerics CollectDepositGns call=108/256	paid	7442455	7456217	13762	0.18491210225658067	12386	-2292	-1928	364	36400	0	-36400	14	15	1968	36414	36415	38368
poc_launchpad_numerics_filetest.gno	476	Launchpad Numerics CollectDepositGns call=109/256	paid	7440764	7454526	13762	0.18495412567849215	12386	-2292	-1928	364	36400	0	-36400	14	15	1968	36414	36415	38368
poc_launchpad_numerics_filetest.gno	477	Launchpad Numerics CollectDepositGns call=110/256	paid	7439073	7452835	13762	0.18499616820536643	12386	-2292	-1928	364	36400	0	-36400	13	16	1968	36413	36416	38368
poc_launchpad_numerics_filetest.gno	478	Launchpad Numerics CollectDepositGns call=111/256	paid	7438117	7451879	13762	0.18501994523613974	12386	-2292	-1928	364	36400	0	-36400	13	16	1968	36413	36416	38368
poc_launchpad_numerics_filetest.gno	479	Launchpad Numerics CollectDepositGns call=112/256	paid	7552900	7566662	13762	0.18220815845569252	12386	-2280	-1916	364	36400	0	-36400	14	15	1968	36414	36415	38368
poc_launchpad_numerics_filetest.gno	480	Launchpad Numerics CollectDepositGns call=113/256	paid	7558682	7572444	13762	0.1820687786574432	12386	-2280	-1916	364	36400	0	-36400	14	15	1968	36414	36415	38368
poc_launchpad_numerics_filetest.gno	481	Launchpad Numerics CollectDepositGns call=114/256	paid	7557726	7571488	13762	0.18209180909707498	12386	-2280	-1916	364	36400	0	-36400	14	15	1968	36414	36415	38368
poc_launchpad_numerics_filetest.gno	482	Launchpad Numerics CollectDepositGns call=115/256	paid	7547095	7560857	13762	0.18234830752759837	12386	-2280	-1916	364	36400	0	-36400	13	15	1968	36413	36415	38368
poc_launchpad_numerics_filetest.gno	483	Launchpad Numerics CollectDepositGns call=116/256	paid	7545404	7559166	13762	0.182389173594946	12386	-2280	-1916	364	36400	0	-36400	14	16	1968	36414	36416	38368
poc_launchpad_numerics_filetest.gno	484	Launchpad Numerics CollectDepositGns call=117/256	paid	7544448	7558210	13762	0.18241228516652244	12386	-2280	-1916	364	36400	0	-36400	14	16	1968	36414	36416	38368
poc_launchpad_numerics_filetest.gno	485	Launchpad Numerics CollectDepositGns call=118/256	paid	7564714	7578476	13762	0.1819235994910052	12386	-5760	-5396	364	36400	0	-36400	14	15	1968	36414	36415	38368
poc_launchpad_numerics_filetest.gno	486	Launchpad Numerics CollectDepositGns call=119/256	paid	7447225	7460987	13762	0.18479366475432124	12386	-2280	-1916	364	36400	0	-36400	13	16	1968	36413	36416	38368
poc_launchpad_numerics_filetest.gno	487	Launchpad Numerics CollectDepositGns call=120/256	paid	7453739	7467501	13762	0.1846321691703989	12386	-2280	-1916	364	36400	0	-36400	14	15	1968	36414	36415	38368
poc_launchpad_numerics_filetest.gno	488	Launchpad Numerics CollectDepositGns call=121/256	paid	7452783	7466545	13762	0.18465585271971557	12386	-2280	-1916	364	36400	0	-36400	14	15	1968	36414	36415	38368
poc_launchpad_numerics_filetest.gno	489	Launchpad Numerics CollectDepositGns call=122/256	paid	7442152	7455914	13762	0.18491963077346446	12386	-2280	-1916	364	36400	0	-36400	13	15	1968	36413	36415	38368
poc_launchpad_numerics_filetest.gno	490	Launchpad Numerics CollectDepositGns call=123/256	paid	7440461	7454223	13762	0.18496165761772018	12386	-2280	-1916	364	36400	0	-36400	14	15	1968	36414	36415	38368
poc_launchpad_numerics_filetest.gno	491	Launchpad Numerics CollectDepositGns call=124/256	paid	7439505	7453267	13762	0.1849854257776559	12386	-2280	-1916	364	36400	0	-36400	14	15	1968	36414	36415	38368
poc_launchpad_numerics_filetest.gno	492	Launchpad Numerics CollectDepositGns call=125/256	paid	7437079	7450841	13762	0.18504576864115602	12386	-2280	-1916	364	36400	0	-36400	13	15	1968	36413	36415	38368
poc_launchpad_numerics_filetest.gno	493	Launchpad Numerics CollectDepositGns call=126/256	paid	7564393	7578155	13762	0.1819313195387918	12386	-5761	-5397	364	36400	0	-36400	14	15	1968	36414	36415	38368
poc_launchpad_numerics_filetest.gno	494	Launchpad Numerics CollectDepositGns call=127/256	paid	7447960	7461722	13762	0.18477542843946532	12386	-2280	-1916	364	36400	0	-36400	14	15	1968	36414	36415	38368
poc_launchpad_numerics_filetest.gno	495	Launchpad Numerics CollectDepositGns call=128/256	paid	7453001	7466763	13762	0.18465045154294224	12386	-2280	-1916	364	36400	0	-36400	13	15	1968	36413	36415	38368
poc_launchpad_numerics_filetest.gno	496	Launchpad Numerics CollectDepositGns call=129/256	paid	7452045	7465807	13762	0.1846741397831065	12386	-2280	-1916	364	36400	0	-36400	13	15	1968	36413	36415	38368
poc_launchpad_numerics_filetest.gno	497	Launchpad Numerics CollectDepositGns call=130/256	paid	7441414	7455176	13762	0.18493797012234503	12386	-2280	-1916	364	36400	0	-36400	14	15	1968	36414	36415	38368
poc_launchpad_numerics_filetest.gno	498	Launchpad Numerics CollectDepositGns call=131/256	paid	7440458	7454220	13762	0.18496173219444287	12386	-2280	-1916	364	36400	0	-36400	14	15	1968	36414	36415	38368
poc_launchpad_numerics_filetest.gno	499	Launchpad Numerics CollectDepositGns call=132/256	paid	7438035	7451797	13762	0.18502198497318176	12386	-2280	-1916	364	36400	0	-36400	13	15	1967	36413	36415	38367
poc_launchpad_numerics_filetest.gno	500	Launchpad Numerics CollectDepositGns call=133/256	paid	7437079	7450841	13762	0.18504576864115602	12386	-2280	-1916	364	36400	0	-36400	13	15	1968	36413	36415	38368
poc_launchpad_numerics_filetest.gno	501	Launchpad Numerics CollectDepositGns call=134/256	paid	7561867	7575629	13762	0.18199209269351074	12386	-5749	-5385	364	36400	0	-36400	14	15	1968	36414	36415	38368
poc_launchpad_numerics_filetest.gno	502	Launchpad Numerics CollectDepositGns call=135/256	paid	7455430	7469192	13762	0.18459029190804555	12386	-2280	-1916	364	36400	0	-36400	14	16	1968	36414	36416	38368
poc_launchpad_numerics_filetest.gno	503	Launchpad Numerics CollectDepositGns call=136/256	paid	7454474	7468236	13762	0.1846139647143447	12386	-2280	-1916	364	36400	0	-36400	14	16	1968	36414	36416	38368
poc_launchpad_numerics_filetest.gno	504	Launchpad Numerics CollectDepositGns call=137/256	paid	7443843	7457605	13762	0.18487762302348398	12386	-2280	-1916	364	36400	0	-36400	14	15	1968	36414	36415	38368
poc_launchpad_numerics_filetest.gno	505	Launchpad Numerics CollectDepositGns call=138/256	paid	7442152	7455914	13762	0.18491963077346446	12386	-2280	-1916	364	36400	0	-36400	13	15	1968	36413	36415	38368
poc_launchpad_numerics_filetest.gno	506	Launchpad Numerics CollectDepositGns call=139/256	paid	7441196	7454958	13762	0.1849433881327679	12386	-2280	-1916	364	36400	0	-36400	13	15	1967	36413	36415	38367
poc_launchpad_numerics_filetest.gno	507	Launchpad Numerics CollectDepositGns call=140/256	paid	7439502	7453264	13762	0.1849855003735465	12386	-2280	-1916	364	36400	0	-36400	14	15	1968	36414	36415	38368
poc_launchpad_numerics_filetest.gno	508	Launchpad Numerics CollectDepositGns call=141/256	paid	7437814	7451576	13762	0.18502748253720785	12386	-2280	-1916	364	36400	0	-36400	14	15	1968	36414	36415	38368
poc_launchpad_numerics_filetest.gno	509	Launchpad Numerics CollectDepositGns call=142/256	paid	7567292	7581054	13762	0.1818616223610771	12386	-2280	-1916	364	36400	0	-36400	14	15	1968	36414	36415	38368
poc_launchpad_numerics_filetest.gno	510	Launchpad Numerics CollectDepositGns call=143/256	paid	7566336	7580098	13762	0.18188460041954257	12386	-2280	-1916	364	36400	0	-36400	14	16	1968	36414	36416	38368
poc_launchpad_numerics_filetest.gno	511	Launchpad Numerics CollectDepositGns call=144/256	paid	7555705	7569467	13762	0.18214051501481332	12386	-2280	-1916	364	36400	0	-36400	14	15	1968	36414	36415	38368
poc_launchpad_numerics_filetest.gno	512	Launchpad Numerics CollectDepositGns call=145/256	paid	7554014	7567776	13762	0.18218128798808156	12386	-2280	-1916	364	36400	0	-36400	13	15	1967	36413	36415	38367
poc_launchpad_numerics_filetest.gno	513	Launchpad Numerics CollectDepositGns call=146/256	paid	7553058	7566820	13762	0.18220434690161255	12386	-2280	-1916	364	36400	0	-36400	13	15	1968	36413	36415	38368
poc_launchpad_numerics_filetest.gno	514	Launchpad Numerics CollectDepositGns call=147/256	paid	7560073	7573835	13762	0.18203527928896984	12386	-5761	-5397	364	36400	0	-36400	13	15	1968	36413	36415	38368
poc_launchpad_numerics_filetest.gno	515	Launchpad Numerics CollectDepositGns call=148/256	paid	7447957	7461719	13762	0.184775502866088	12386	-2280	-1916	364	36400	0	-36400	14	15	1968	36414	36415	38368
poc_launchpad_numerics_filetest.gno	516	Launchpad Numerics CollectDepositGns call=149/256	paid	7446266	7460028	13762	0.1848174642162931	12386	-2280	-1916	364	36400	0	-36400	14	16	1968	36414	36416	38368
poc_launchpad_numerics_filetest.gno	517	Launchpad Numerics CollectDepositGns call=150/256	paid	7453512	7467274	13762	0.18463779222465865	12386	-2280	-1916	364	36400	0	-36400	14	16	1968	36414	36416	38368
poc_launchpad_numerics_filetest.gno	518	Launchpad Numerics CollectDepositGns call=151/256	paid	7451824	7465586	13762	0.18467961669518765	12386	-2280	-1916	364	36400	0	-36400	14	15	1968	36414	36415	38368
poc_launchpad_numerics_filetest.gno	519	Launchpad Numerics CollectDepositGns call=152/256	paid	7450868	7464630	13762	0.1847033124194389	12386	-2280	-1916	364	36400	0	-36400	14	16	1968	36414	36416	38368
poc_launchpad_numerics_filetest.gno	520	Launchpad Numerics CollectDepositGns call=153/256	paid	7448442	7462204	13762	0.18476347134071797	12386	-2280	-1916	364	36400	0	-36400	14	15	1968	36414	36415	38368
poc_launchpad_numerics_filetest.gno	521	Launchpad Numerics CollectDepositGns call=154/256	paid	7447486	7461248	13762	0.18478718858954551	12386	-2280	-1916	364	36400	0	-36400	14	15	1968	36414	36415	38368
poc_launchpad_numerics_filetest.gno	522	Launchpad Numerics CollectDepositGns call=155/256	paid	7561058	7574820	13762	0.18201156504817184	12386	-2244	-1880	364	36400	0	-36400	13	15	1968	36413	36415	38368
poc_launchpad_numerics_filetest.gno	523	Launchpad Numerics CollectDepositGns call=156/256	paid	7560102	7573864	13762	0.18203458101491224	12386	-2280	-1916	364	36400	0	-36400	13	15	1968	36413	36415	38368
poc_launchpad_numerics_filetest.gno	524	Launchpad Numerics CollectDepositGns call=157/256	paid	7547182	7560944	13762	0.1823462055108781	12386	-2280	-1916	364	36400	0	-36400	13	16	1967	36413	36416	38367
poc_launchpad_numerics_filetest.gno	525	Launchpad Numerics CollectDepositGns call=158/256	paid	7542974	7556736	13762	0.18244793101500814	12386	-2280	-1916	364	36400	0	-36400	14	15	1968	36414	36415	38368
poc_launchpad_numerics_filetest.gno	526	Launchpad Numerics CollectDepositGns call=159/256	paid	7541283	7555045	13762	0.1824888417527893	12386	-2280	-1916	364	36400	0	-36400	14	15	1968	36414	36415	38368
poc_launchpad_numerics_filetest.gno	527	Launchpad Numerics CollectDepositGns call=160/256	paid	7555663	7569425	13762	0.18214152748739587	12386	-5607	-5243	364	36400	0	-36400	14	15	1968	36414	36415	38368
poc_launchpad_numerics_filetest.gno	528	Launchpad Numerics CollectDepositGns call=161/256	paid	7445338	7459100	13762	0.18484050018951456	12386	-2280	-1916	364	36400	0	-36400	14	16	1968	36414	36416	38368
poc_launchpad_numerics_filetest.gno	529	Launchpad Numerics CollectDepositGns call=162/256	paid	7443647	7457409	13762	0.1848824910692299	12386	-2280	-1916	364	36400	0	-36400	14	15	1968	36414	36415	38368
poc_launchpad_numerics_filetest.gno	530	Launchpad Numerics CollectDepositGns call=163/256	paid	7438281	7452043	13762	0.1850158658969727	12386	-2280	-1916	364	36400	0	-36400	14	15	1968	36414	36415	38368
poc_launchpad_numerics_filetest.gno	531	Launchpad Numerics CollectDepositGns call=164/256	paid	7551319	7565081	13762	0.18224630690346943	12386	-2274	-1910	364	36400	0	-36400	14	15	1968	36414	36415	38368
poc_launchpad_numerics_filetest.gno	532	Launchpad Numerics CollectDepositGns call=165/256	paid	7549628	7563390	13762	0.18228712725978022	12386	-2274	-1910	364	36400	0	-36400	14	15	1968	36414	36415	38368
poc_launchpad_numerics_filetest.gno	533	Launchpad Numerics CollectDepositGns call=166/256	paid	7548672	7562434	13762	0.1823102129752094	12386	-2274	-1910	364	36400	0	-36400	14	15	1968	36414	36415	38368
poc_launchpad_numerics_filetest.gno	534	Launchpad Numerics CollectDepositGns call=167/256	paid	7546246	7560008	13762	0.18236882285576167	12386	-2274	-1910	364	36400	0	-36400	14	16	1968	36414	36416	38368
poc_launchpad_numerics_filetest.gno	535	Launchpad Numerics CollectDepositGns call=168/256	paid	7666393	7680155	13762	0.1795107555795796	12386	-5755	-5391	364	36400	0	-36400	14	15	1968	36414	36415	38368
poc_launchpad_numerics_filetest.gno	536	Launchpad Numerics CollectDepositGns call=169/256	paid	7545208	7558970	13762	0.18239391147334838	12386	-2274	-1910	364	36400	0	-36400	13	15	1968	36413	36415	38368
poc_launchpad_numerics_filetest.gno	537	Launchpad Numerics CollectDepositGns call=170/256	paid	7554062	7567824	13762	0.18218013037224212	12386	-2273	-1909	364	36400	0	-36400	13	15	1968	36413	36415	38368
poc_launchpad_numerics_filetest.gno	538	Launchpad Numerics CollectDepositGns call=171/256	paid	7543437	7557199	13762	0.18243673275192726	12386	-2273	-1909	364	36400	0	-36400	14	15	1968	36414	36415	38368
poc_launchpad_numerics_filetest.gno	539	Launchpad Numerics CollectDepositGns call=172/256	paid	7541749	7555511	13762	0.18247756588027525	12386	-2273	-1909	364	36400	0	-36400	14	16	1968	36414	36416	38368
poc_launchpad_numerics_filetest.gno	540	Launchpad Numerics CollectDepositGns call=173/256	paid	7540796	7554558	13762	0.18250062725473545	12386	-2273	-1909	364	36400	0	-36400	14	16	1968	36414	36416	38368
poc_launchpad_numerics_filetest.gno	541	Launchpad Numerics CollectDepositGns call=174/256	paid	7538373	7552135	13762	0.18255928699734014	12386	-2273	-1909	364	36400	0	-36400	14	15	1968	36414	36415	38368
poc_launchpad_numerics_filetest.gno	542	Launchpad Numerics CollectDepositGns call=175/256	paid	7537420	7551182	13762	0.18258236903343583	12386	-2273	-1909	364	36400	0	-36400	14	15	1968	36414	36415	38368
poc_launchpad_numerics_filetest.gno	543	Launchpad Numerics CollectDepositGns call=176/256	paid	7655047	7668809	13762	0.17977681913644683	12386	-5754	-5390	364	36400	0	-36400	13	15	1968	36413	36415	38368
poc_launchpad_numerics_filetest.gno	544	Launchpad Numerics CollectDepositGns call=177/256	paid	7439443	7453205	13762	0.18498696743828805	12386	-2280	-1916	364	36400	0	-36400	14	15	1968	36414	36415	38368
poc_launchpad_numerics_filetest.gno	545	Launchpad Numerics CollectDepositGns call=178/256	paid	7438487	7452249	13762	0.1850107421038714	12386	-2280	-1916	364	36400	0	-36400	14	15	1968	36414	36415	38368
poc_launchpad_numerics_filetest.gno	546	Launchpad Numerics CollectDepositGns call=179/256	paid	7427856	7441618	13762	0.1852755357669831	12386	-2280	-1916	364	36400	0	-36400	14	15	1968	36414	36415	38368
poc_launchpad_numerics_filetest.gno	547	Launchpad Numerics CollectDepositGns call=180/256	paid	7426897	7440659	13762	0.18529945951855803	12386	-2280	-1916	364	36400	0	-36400	14	15	1968	36414	36415	38368
poc_launchpad_numerics_filetest.gno	548	Launchpad Numerics CollectDepositGns call=181/256	paid	7424474	7438236	13762	0.18535993256896044	12386	-2280	-1916	364	36400	0	-36400	14	16	1968	36414	36416	38368
poc_launchpad_numerics_filetest.gno	549	Launchpad Numerics CollectDepositGns call=182/256	paid	7423518	7437280	13762	0.1853838032048956	12386	-2280	-1916	364	36400	0	-36400	14	16	1968	36414	36416	38368
poc_launchpad_numerics_filetest.gno	550	Launchpad Numerics CollectDepositGns call=183/256	paid	7421827	7435589	13762	0.18542604132378726	12386	-2280	-1916	364	36400	0	-36400	14	15	1968	36414	36415	38368
poc_launchpad_numerics_filetest.gno	551	Launchpad Numerics CollectDepositGns call=184/256	paid	7542330	7556092	13762	0.18246350928691796	12386	-2280	-1916	364	36400	0	-36400	14	15	1968	36414	36415	38368
poc_launchpad_numerics_filetest.gno	552	Launchpad Numerics CollectDepositGns call=185/256	paid	7541374	7555136	13762	0.18248663970252635	12386	-2280	-1916	364	36400	0	-36400	14	15	1968	36414	36415	38368
poc_launchpad_numerics_filetest.gno	553	Launchpad Numerics CollectDepositGns call=186/256	paid	7530743	7544505	13762	0.18274425245955148	12386	-2280	-1916	364	36400	0	-36400	14	15	1968	36414	36415	38368
poc_launchpad_numerics_filetest.gno	554	Launchpad Numerics CollectDepositGns call=187/256	paid	7529052	7542814	13762	0.18278529620993453	12386	-2280	-1916	364	36400	0	-36400	13	16	1968	36413	36416	38368
poc_launchpad_numerics_filetest.gno	555	Launchpad Numerics CollectDepositGns call=188/256	paid	7538395	7552157	13762	0.1825587542175755	12386	-5761	-5397	364	36400	0	-36400	14	15	1968	36414	36415	38368
poc_launchpad_numerics_filetest.gno	556	Launchpad Numerics CollectDepositGns call=189/256	paid	7431970	7445732	13762	0.18517297567132268	12386	-2280	-1916	364	36400	0	-36400	14	15	1968	36414	36415	38368
poc_launchpad_numerics_filetest.gno	557	Launchpad Numerics CollectDepositGns call=190/256	paid	7431014	7444776	13762	0.18519679817586132	12386	-2280	-1916	364	36400	0	-36400	13	15	1967	36413	36415	38367
poc_launchpad_numerics_filetest.gno	558	Launchpad Numerics CollectDepositGns call=191/256	paid	7436061	7449823	13762	0.1850711014877366	12386	-2280	-1916	364	36400	0	-36400	13	15	1968	36413	36415	38368
poc_launchpad_numerics_filetest.gno	559	Launchpad Numerics CollectDepositGns call=192/256	paid	7435105	7448867	13762	0.18509489778557264	12386	-2280	-1916	364	36400	0	-36400	13	15	1967	36413	36415	38367
poc_launchpad_numerics_filetest.gno	560	Launchpad Numerics CollectDepositGns call=193/256	paid	7424474	7438236	13762	0.18535993256896044	12386	-2280	-1916	364	36400	0	-36400	14	16	1968	36414	36416	38368
poc_launchpad_numerics_filetest.gno	561	Launchpad Numerics CollectDepositGns call=194/256	paid	7422783	7436545	13762	0.18540215980987185	12386	-2280	-1916	364	36400	0	-36400	14	15	1968	36414	36415	38368
poc_launchpad_numerics_filetest.gno	562	Launchpad Numerics CollectDepositGns call=195/256	paid	7421827	7435589	13762	0.18542604132378726	12386	-2280	-1916	364	36400	0	-36400	14	15	1968	36414	36415	38368
poc_launchpad_numerics_filetest.gno	563	Launchpad Numerics CollectDepositGns call=196/256	paid	7535134	7548896	13762	0.18263776065561674	12386	-5761	-5397	364	36400	0	-36400	13	15	1968	36413	36415	38368
poc_launchpad_numerics_filetest.gno	564	Launchpad Numerics CollectDepositGns call=197/256	paid	7431973	7445735	13762	0.18517290092415567	12386	-2280	-1916	364	36400	0	-36400	14	15	1968	36414	36415	38368
poc_launchpad_numerics_filetest.gno	565	Launchpad Numerics CollectDepositGns call=198/256	paid	7430282	7444044	13762	0.18521504298221791	12386	-2280	-1916	364	36400	0	-36400	14	15	1968	36414	36415	38368
poc_launchpad_numerics_filetest.gno	566	Launchpad Numerics CollectDepositGns call=199/256	paid	7436787	7450549	13762	0.1850530343278623	12386	-2280	-1916	364	36400	0	-36400	14	15	1968	36414	36415	38368
poc_launchpad_numerics_filetest.gno	567	Launchpad Numerics CollectDepositGns call=200/256	paid	7426897	7440659	13762	0.18529945951855803	12386	-2280	-1916	364	36400	0	-36400	14	15	1968	36414	36415	38368
poc_launchpad_numerics_filetest.gno	568	Launchpad Numerics CollectDepositGns call=201/256	paid	7425941	7439703	13762	0.18532331458060333	12386	-2280	-1916	364	36400	0	-36400	14	15	1968	36414	36415	38368
poc_launchpad_numerics_filetest.gno	569	Launchpad Numerics CollectDepositGns call=202/256	paid	7423518	7437280	13762	0.1853838032048956	12386	-2280	-1916	364	36400	0	-36400	14	16	1968	36414	36416	38368
poc_launchpad_numerics_filetest.gno	570	Launchpad Numerics CollectDepositGns call=203/256	paid	7422562	7436324	13762	0.1854076799897394	12386	-2280	-1916	364	36400	0	-36400	14	15	1968	36414	36415	38368
poc_launchpad_numerics_filetest.gno	571	Launchpad Numerics CollectDepositGns call=204/256	paid	7534813	7548575	13762	0.1826455414354676	12386	-5749	-5385	364	36400	0	-36400	14	15	1968	36414	36415	38368
poc_launchpad_numerics_filetest.gno	572	Launchpad Numerics CollectDepositGns call=205/256	paid	7419325	7433087	13762	0.18548857207360508	12386	-2280	-1916	364	36400	0	-36400	14	15	1968	36414	36415	38368
poc_launchpad_numerics_filetest.gno	573	Launchpad Numerics CollectDepositGns call=206/256	paid	7418369	7432131	13762	0.18551247585554184	12386	-2280	-1916	364	36400	0	-36400	14	15	1968	36414	36415	38368
poc_launchpad_numerics_filetest.gno	574	Launchpad Numerics CollectDepositGns call=207/256	paid	7407738	7421500	13762	0.1857787086962309	12386	-2280	-1916	364	36400	0	-36400	14	15	1968	36414	36415	38368
poc_launchpad_numerics_filetest.gno	575	Launchpad Numerics CollectDepositGns call=208/256	paid	7406047	7419809	13762	0.18582112697907535	12386	-2280	-1916	364	36400	0	-36400	13	15	1968	36413	36415	38368
poc_launchpad_numerics_filetest.gno	576	Launchpad Numerics CollectDepositGns call=209/256	paid	7405091	7418853	13762	0.1858451165556237	12386	-2280	-1916	364	36400	0	-36400	13	15	1967	36413	36415	38367
poc_launchpad_numerics_filetest.gno	577	Launchpad Numerics CollectDepositGns call=210/256	paid	7403397	7417159	13762	0.18588764049800383	12386	-2280	-1916	364	36400	0	-36400	14	15	1968	36414	36415	38368
poc_launchpad_numerics_filetest.gno	578	Launchpad Numerics CollectDepositGns call=211/256	paid	7401709	7415471	13762	0.18593003318557916	12386	-2280	-1916	364	36400	0	-36400	14	16	1968	36414	36416	38368
poc_launchpad_numerics_filetest.gno	579	Launchpad Numerics CollectDepositGns call=212/256	paid	7531301	7545063	13762	0.1827307127945092	12386	-2280	-1916	364	36400	0	-36400	14	15	1968	36414	36415	38368
poc_launchpad_numerics_filetest.gno	580	Launchpad Numerics CollectDepositGns call=213/256	paid	7530345	7544107	13762	0.18275391100938934	12386	-2280	-1916	364	36400	0	-36400	14	15	1968	36414	36415	38368
poc_launchpad_numerics_filetest.gno	581	Launchpad Numerics CollectDepositGns call=214/256	paid	7519714	7533476	13762	0.18301227945637294	12386	-2280	-1916	364	36400	0	-36400	14	15	1968	36414	36415	38368
poc_launchpad_numerics_filetest.gno	582	Launchpad Numerics CollectDepositGns call=215/256	paid	7518023	7531785	13762	0.1830534437045484	12386	-2280	-1916	364	36400	0	-36400	13	15	1968	36413	36415	38368
poc_launchpad_numerics_filetest.gno	583	Launchpad Numerics CollectDepositGns call=216/256	paid	7517067	7530829	13762	0.1830767239403347	12386	-2280	-1916	364	36400	0	-36400	13	15	1968	36413	36415	38368
poc_launchpad_numerics_filetest.gno	584	Launchpad Numerics CollectDepositGns call=217/256	paid	7519630	7533392	13762	0.18301432384306143	12386	-5761	-5397	364	36400	0	-36400	14	15	1968	36414	36415	38368
poc_launchpad_numerics_filetest.gno	585	Launchpad Numerics CollectDepositGns call=218/256	paid	7420051	7433813	13762	0.1854704233164974	12386	-2280	-1916	364	36400	0	-36400	13	15	1968	36413	36415	38368
poc_launchpad_numerics_filetest.gno	586	Launchpad Numerics CollectDepositGns call=219/256	paid	7418360	7432122	13762	0.18551270092041908	12386	-2280	-1916	364	36400	0	-36400	14	15	1968	36414	36415	38368
poc_launchpad_numerics_filetest.gno	587	Launchpad Numerics CollectDepositGns call=220/256	paid	7425606	7439368	13762	0.18533167528683855	12386	-2280	-1916	364	36400	0	-36400	14	15	1968	36414	36415	38368
poc_launchpad_numerics_filetest.gno	588	Launchpad Numerics CollectDepositGns call=221/256	paid	7423918	7437680	13762	0.18537381474310466	12386	-2280	-1916	364	36400	0	-36400	14	15	1968	36414	36415	38368
poc_launchpad_numerics_filetest.gno	589	Launchpad Numerics CollectDepositGns call=222/256	paid	7422962	7436724	13762	0.18539768895489428	12386	-2280	-1916	364	36400	0	-36400	14	15	1968	36414	36415	38368
poc_launchpad_numerics_filetest.gno	590	Launchpad Numerics CollectDepositGns call=223/256	paid	7420536	7434298	13762	0.18545830112541736	12386	-2280	-1916	364	36400	0	-36400	14	15	1968	36414	36415	38368
poc_launchpad_numerics_filetest.gno	591	Launchpad Numerics CollectDepositGns call=224/256	paid	7419580	7433342	13762	0.18548219710549654	12386	-2280	-1916	364	36400	0	-36400	14	15	1968	36414	36415	38368
poc_launchpad_numerics_filetest.gno	592	Launchpad Numerics CollectDepositGns call=225/256	paid	7534693	7548455	13762	0.1826484503084598	12386	-2244	-1880	364	36400	0	-36400	14	15	1968	36414	36415	38368
poc_launchpad_numerics_filetest.gno	593	Launchpad Numerics CollectDepositGns call=226/256	paid	7533737	7547499	13762	0.1826716276397756	12386	-2280	-1916	364	36400	0	-36400	14	15	1968	36414	36415	38368
poc_launchpad_numerics_filetest.gno	594	Launchpad Numerics CollectDepositGns call=227/256	paid	7530573	7544335	13762	0.18274837784588238	12386	-2280	-1916	364	36400	0	-36400	14	15	1968	36414	36415	38368
poc_launchpad_numerics_filetest.gno	595	Launchpad Numerics CollectDepositGns call=228/256	paid	7529617	7543379	13762	0.18277158054652715	12386	-2280	-1916	364	36400	0	-36400	14	15	1968	36414	36415	38368
poc_launchpad_numerics_filetest.gno	596	Launchpad Numerics CollectDepositGns call=229/256	paid	7527926	7541688	13762	0.18281263657480162	12386	-2280	-1916	364	36400	0	-36400	14	15	1968	36414	36415	38368
poc_launchpad_numerics_filetest.gno	597	Launchpad Numerics CollectDepositGns call=230/256	paid	7526235	7539997	13762	0.18285371105207318	12386	-2280	-1916	364	36400	0	-36400	13	15	1968	36413	36415	38368
poc_launchpad_numerics_filetest.gno	598	Launchpad Numerics CollectDepositGns call=231/256	paid	7528960	7542722	13762	0.1827875297517851	12386	-5607	-5243	364	36400	0	-36400	14	15	1968	36414	36415	38368
poc_launchpad_numerics_filetest.gno	599	Launchpad Numerics CollectDepositGns call=232/256	paid	7418521	7432283	13762	0.18550867484233044	12386	-2280	-1916	364	36400	0	-36400	14	15	1968	36414	36415	38368
poc_launchpad_numerics_filetest.gno	600	Launchpad Numerics CollectDepositGns call=233/256	paid	7396769	7410531	13762	0.18605420826309432	12386	-2275	-1911	364	36400	0	-36400	14	15	1968	36414	36415	38368
poc_launchpad_numerics_filetest.gno	601	Launchpad Numerics CollectDepositGns call=234/256	paid	7509807	7523569	13762	0.18325371078111594	12386	-2274	-1910	364	36400	0	-36400	14	15	1968	36414	36415	38368
poc_launchpad_numerics_filetest.gno	602	Launchpad Numerics CollectDepositGns call=235/256	paid	7508116	7521878	13762	0.18329498372161537	12386	-2274	-1910	364	36400	0	-36400	13	16	1968	36413	36416	38368
poc_launchpad_numerics_filetest.gno	603	Launchpad Numerics CollectDepositGns call=236/256	paid	7507160	7520922	13762	0.1833183254386479	12386	-2274	-1910	364	36400	0	-36400	13	16	1968	36413	36416	38368
poc_launchpad_numerics_filetest.gno	604	Launchpad Numerics CollectDepositGns call=237/256	paid	7504734	7518496	13762	0.18337758540142796	12386	-2274	-1910	364	36400	0	-36400	14	15	1968	36414	36415	38368
poc_launchpad_numerics_filetest.gno	605	Launchpad Numerics CollectDepositGns call=238/256	paid	7503778	7517540	13762	0.183400948162379	12386	-2274	-1910	364	36400	0	-36400	14	15	1968	36414	36415	38368
poc_launchpad_numerics_filetest.gno	606	Launchpad Numerics CollectDepositGns call=239/256	paid	7612589	7626351	13762	0.18077949564858947	12386	-2274	-1910	364	36400	0	-36400	14	15	1968	36414	36415	38368
poc_launchpad_numerics_filetest.gno	607	Launchpad Numerics CollectDepositGns call=240/256	paid	7629645	7643407	13762	0.18037536477778454	12386	-2273	-1909	364	36400	0	-36400	14	15	1968	36414	36415	38368
poc_launchpad_numerics_filetest.gno	608	Launchpad Numerics CollectDepositGns call=241/256	paid	7610651	7624413	13762	0.1808255299053918	12386	-9446	-9082	364	36400	0	-36400	14	15	1968	36414	36415	38368
poc_launchpad_numerics_filetest.gno	609	Launchpad Numerics CollectDepositGns call=242/256	paid	7445428	7459190	13762	0.18483826584583182	12386	-2273	-1909	364	36400	0	-36400	14	16	1968	36414	36416	38368
poc_launchpad_numerics_filetest.gno	610	Launchpad Numerics CollectDepositGns call=243/256	paid	7444475	7458237	13762	0.1848619278055202	12386	-2273	-1909	364	36400	0	-36400	14	16	1968	36414	36416	38368
poc_launchpad_numerics_filetest.gno	611	Launchpad Numerics CollectDepositGns call=244/256	paid	7442052	7455814	13762	0.1849221155670506	12386	-2273	-1909	364	36400	0	-36400	13	15	1968	36413	36415	38368
poc_launchpad_numerics_filetest.gno	612	Launchpad Numerics CollectDepositGns call=245/256	paid	7441099	7454861	13762	0.18494579900092714	12386	-2273	-1909	364	36400	0	-36400	13	15	1968	36413	36415	38368
poc_launchpad_numerics_filetest.gno	613	Launchpad Numerics CollectDepositGns call=246/256	paid	7439411	7453173	13762	0.18498776314415213	12386	-2273	-1909	364	36400	0	-36400	14	15	1968	36414	36415	38368
poc_launchpad_numerics_filetest.gno	614	Launchpad Numerics CollectDepositGns call=247/256	paid	7327257	7341019	13762	0.18781926169643018	12386	-2280	-1916	364	36400	0	-36400	14	16	1968	36414	36416	38368
poc_launchpad_numerics_filetest.gno	615	Launchpad Numerics CollectDepositGns call=248/256	paid	7325278	7339040	13762	0.1878700030224109	12386	-2280	-1916	364	36400	0	-36400	14	15	1968	36414	36415	38368
poc_launchpad_numerics_filetest.gno	616	Launchpad Numerics CollectDepositGns call=249/256	paid	7314647	7328409	13762	0.188143050512212	12386	-2280	-1916	364	36400	0	-36400	14	15	1968	36414	36415	38368
poc_launchpad_numerics_filetest.gno	617	Launchpad Numerics CollectDepositGns call=250/256	paid	7301768	7315530	13762	0.18847490087332275	12386	-2280	-1916	364	36400	0	-36400	14	16	1968	36414	36416	38368
poc_launchpad_numerics_filetest.gno	618	Launchpad Numerics CollectDepositGns call=251/256	paid	7299345	7313107	13762	0.18853746466292523	12386	-2280	-1916	364	36400	0	-36400	14	15	1968	36414	36415	38368
poc_launchpad_numerics_filetest.gno	619	Launchpad Numerics CollectDepositGns call=252/256	paid	7298389	7312151	13762	0.1885621607727404	12386	-2280	-1916	364	36400	0	-36400	14	15	1968	36414	36415	38368
poc_launchpad_numerics_filetest.gno	620	Launchpad Numerics CollectDepositGns call=253/256	paid	7296698	7310460	13762	0.18860585980124162	12386	-2280	-1916	364	36400	0	-36400	14	15	1968	36414	36415	38368
poc_launchpad_numerics_filetest.gno	621	Launchpad Numerics CollectDepositGns call=254/256	paid	7281617	7295379	13762	0.18899648251205742	12386	-2280	-1916	364	36400	0	-36400	14	15	1968	36414	36415	38368
poc_launchpad_numerics_filetest.gno	622	Launchpad Numerics CollectDepositGns call=255/256	paid	7280661	7294423	13762	0.18902129902765696	12386	-2280	-1916	364	36400	0	-36400	14	15	1968	36414	36415	38368
poc_launchpad_numerics_filetest.gno	623	Launchpad Numerics CollectDepositGns call=256/256	paid	7259369	7273131	13762	0.1895757055468595	12386	-8812	-8448	364	36400	0	-36400	14	15	1968	36414	36415	38368
poc_launchpad_numerics_filetest.gno	624	Launchpad Numerics TransferLeftFromProjectByAdmin	paid	1397082	1397082	0	0.0	0	27	27	0	0	0	0	0	0	0	0	0	0
