fixture	sample	label	kind	base_gas	candidate_gas	gas_delta	gas_pct	cycles_delta	base_storage_bytes	candidate_storage_bytes	storage_delta_bytes	storage_delta_ugnot	deposits_delta_ugnot	refunds_delta_ugnot	fee_ugnot	buffered_fee_ugnot	historical143_fee_ugnot	net_delta_ugnot	buffered_net_delta_ugnot	historical143_net_delta_ugnot
poc_launchpad_numerics_filetest.gno	0	Launchpad Numerics CreateProject	paid	6822113	6764897	-57216	-0.8386844369185911	-44109	32744	28412	-4332	-433200	-433200	0	-58	-63	-8182	-433258	-433263	-441382
poc_launchpad_numerics_filetest.gno	1	Launchpad Numerics DepositGns call=1/256	paid	6391412	6438341	46929	0.7342508979236513	44114	27369	27008	-361	-36100	-36100	0	47	52	6711	-36053	-36048	-29389
poc_launchpad_numerics_filetest.gno	2	Launchpad Numerics DepositGns call=2/256	paid	5973016	6026452	53436	0.8946234197263159	50966	4070	3709	-361	-36100	-36100	0	53	59	7641	-36047	-36041	-28459
poc_launchpad_numerics_filetest.gno	3	Launchpad Numerics DepositGns call=3/256	paid	5967308	6020744	53436	0.8954791674906004	50966	3929	3568	-361	-36100	-36100	0	53	58	7641	-36047	-36042	-28459
poc_launchpad_numerics_filetest.gno	4	Launchpad Numerics DepositGns call=4/256	paid	5973728	6027164	53436	0.89451679085489	50966	3928	3567	-361	-36100	-36100	0	54	58	7641	-36046	-36042	-28459
poc_launchpad_numerics_filetest.gno	5	Launchpad Numerics DepositGns call=5/256	paid	5975644	6029080	53436	0.8942299775555572	50966	3926	3565	-361	-36100	-36100	0	54	58	7641	-36046	-36042	-28459
poc_launchpad_numerics_filetest.gno	6	Launchpad Numerics DepositGns call=6/256	paid	5975125	6028561	53436	0.8943076504675634	50966	3926	3565	-361	-36100	-36100	0	53	59	7642	-36047	-36041	-28458
poc_launchpad_numerics_filetest.gno	7	Launchpad Numerics DepositGns call=7/256	paid	5977528	6030964	53436	0.893948133743581	50966	3926	3565	-361	-36100	-36100	0	53	59	7641	-36047	-36041	-28459
poc_launchpad_numerics_filetest.gno	8	Launchpad Numerics DepositGns call=8/256	paid	5983942	6037378	53436	0.8929899387393795	50966	3926	3565	-361	-36100	-36100	0	54	59	7642	-36046	-36041	-28458
poc_launchpad_numerics_filetest.gno	9	Launchpad Numerics DepositGns call=9/256	paid	5985371	6038807	53436	0.8927767384845484	50966	3926	3565	-361	-36100	-36100	0	53	59	7641	-36047	-36041	-28459
poc_launchpad_numerics_filetest.gno	10	Launchpad Numerics DepositGns call=10/256	paid	6017520	6070956	53436	0.888007019503051	50966	4025	3664	-361	-36100	-36100	0	53	59	7641	-36047	-36041	-28459
poc_launchpad_numerics_filetest.gno	11	Launchpad Numerics DepositGns call=11/256	paid	6012514	6065950	53436	0.8887463713182207	50966	3929	3568	-361	-36100	-36100	0	53	59	7641	-36047	-36041	-28459
poc_launchpad_numerics_filetest.gno	12	Launchpad Numerics DepositGns call=12/256	paid	6019418	6072854	53436	0.8877270194560338	50966	3929	3568	-361	-36100	-36100	0	53	59	7642	-36047	-36041	-28458
poc_launchpad_numerics_filetest.gno	13	Launchpad Numerics DepositGns call=13/256	paid	6020853	6074289	53436	0.8875154400879742	50966	3929	3568	-361	-36100	-36100	0	54	59	7642	-36046	-36041	-28458
poc_launchpad_numerics_filetest.gno	14	Launchpad Numerics DepositGns call=14/256	paid	6021806	6075242	53436	0.8873749835182335	50966	3929	3568	-361	-36100	-36100	0	54	59	7641	-36046	-36041	-28459
poc_launchpad_numerics_filetest.gno	15	Launchpad Numerics DepositGns call=15/256	paid	6022754	6076190	53436	0.8872353079670862	50966	3929	3568	-361	-36100	-36100	0	54	58	7642	-36046	-36042	-28458
poc_launchpad_numerics_filetest.gno	16	Launchpad Numerics DepositGns call=16/256	paid	6024194	6077630	53436	0.8870232266756349	50966	3929	3568	-361	-36100	-36100	0	53	59	7642	-36047	-36041	-28458
poc_launchpad_numerics_filetest.gno	17	Launchpad Numerics DepositGns call=17/256	paid	6312541	6365977	53436	0.8465053929946752	50966	17103	16742	-361	-36100	-36100	0	53	59	7641	-36047	-36041	-28459
poc_launchpad_numerics_filetest.gno	18	Launchpad Numerics DepositGns call=18/256	paid	6072626	6126062	53436	0.87994880633189	50966	4025	3664	-361	-36100	-36100	0	54	59	7641	-36046	-36041	-28459
poc_launchpad_numerics_filetest.gno	19	Launchpad Numerics DepositGns call=19/256	paid	6064810	6118246	53436	0.8810828368901911	50966	3929	3568	-361	-36100	-36100	0	54	59	7642	-36046	-36041	-28458
poc_launchpad_numerics_filetest.gno	20	Launchpad Numerics DepositGns call=20/256	paid	6072500	6125936	53436	0.8799670646356526	50966	3929	3568	-361	-36100	-36100	0	53	59	7641	-36047	-36041	-28459
poc_launchpad_numerics_filetest.gno	21	Launchpad Numerics DepositGns call=21/256	paid	6073448	6126884	53436	0.8798297112282841	50966	3929	3568	-361	-36100	-36100	0	53	59	7641	-36047	-36041	-28459
poc_launchpad_numerics_filetest.gno	22	Launchpad Numerics DepositGns call=22/256	paid	6068927	6122363	53436	0.8804851335334896	50966	3929	3568	-361	-36100	-36100	0	54	59	7641	-36046	-36041	-28459
poc_launchpad_numerics_filetest.gno	23	Launchpad Numerics DepositGns call=23/256	paid	6076323	6129759	53436	0.8794134215709073	50966	3929	3568	-361	-36100	-36100	0	53	59	7641	-36047	-36041	-28459
poc_launchpad_numerics_filetest.gno	24	Launchpad Numerics DepositGns call=24/256	paid	6076776	6130212	53436	0.8793478647230044	50966	3929	3568	-361	-36100	-36100	0	54	59	7642	-36046	-36041	-28458
poc_launchpad_numerics_filetest.gno	25	Launchpad Numerics DepositGns call=25/256	paid	6378468	6431904	53436	0.8377560254280495	50966	10621	10260	-361	-36100	-36100	0	53	59	7642	-36047	-36041	-28458
poc_launchpad_numerics_filetest.gno	26	Launchpad Numerics DepositGns call=26/256	paid	6065400	6118836	53436	0.8809971312691661	50966	3977	3616	-361	-36100	-36100	0	53	59	7641	-36047	-36041	-28459
poc_launchpad_numerics_filetest.gno	27	Launchpad Numerics DepositGns call=27/256	paid	6072791	6126227	53436	0.8799248977941114	50966	3929	3568	-361	-36100	-36100	0	54	58	7641	-36046	-36042	-28459
poc_launchpad_numerics_filetest.gno	28	Launchpad Numerics DepositGns call=28/256	paid	6074718	6128154	53436	0.8796457712111081	50966	3929	3568	-361	-36100	-36100	0	54	58	7642	-36046	-36042	-28458
poc_launchpad_numerics_filetest.gno	29	Launchpad Numerics DepositGns call=29/256	paid	6070910	6124346	53436	0.8801975321656885	50966	3929	3568	-361	-36100	-36100	0	54	58	7641	-36046	-36042	-28459
poc_launchpad_numerics_filetest.gno	30	Launchpad Numerics DepositGns call=30/256	paid	6073121	6126557	53436	0.879877084615966	50966	3929	3568	-361	-36100	-36100	0	53	59	7641	-36047	-36041	-28459
poc_launchpad_numerics_filetest.gno	31	Launchpad Numerics DepositGns call=31/256	paid	6074558	6127994	53436	0.8796689405220923	50966	3929	3568	-361	-36100	-36100	0	53	58	7642	-36047	-36042	-28458
poc_launchpad_numerics_filetest.gno	32	Launchpad Numerics DepositGns call=32/256	paid	6072216	6125652	53436	0.8800082210514251	50966	3929	3568	-361	-36100	-36100	0	53	59	7642	-36047	-36041	-28458
poc_launchpad_numerics_filetest.gno	33	Launchpad Numerics DepositGns call=33/256	paid	6381172	6434608	53436	0.8374010291526384	50966	10609	10248	-361	-36100	-36100	0	53	59	7641	-36047	-36041	-28459
poc_launchpad_numerics_filetest.gno	34	Launchpad Numerics DepositGns call=34/256	paid	6071063	6124499	53436	0.8801753498522417	50966	3977	3616	-361	-36100	-36100	0	53	58	7641	-36047	-36042	-28459
poc_launchpad_numerics_filetest.gno	35	Launchpad Numerics DepositGns call=35/256	paid	6077972	6131408	53436	0.8791748300255414	50966	3929	3568	-361	-36100	-36100	0	54	59	7642	-36046	-36041	-28458
poc_launchpad_numerics_filetest.gno	36	Launchpad Numerics DepositGns call=36/256	paid	6073451	6126887	53436	0.8798292766336635	50966	3929	3568	-361	-36100	-36100	0	53	59	7641	-36047	-36041	-28459
poc_launchpad_numerics_filetest.gno	37	Launchpad Numerics DepositGns call=37/256	paid	6066742	6120178	53436	0.8808022493786616	50966	3929	3568	-361	-36100	-36100	0	54	59	7641	-36046	-36041	-28459
poc_launchpad_numerics_filetest.gno	38	Launchpad Numerics DepositGns call=38/256	paid	6077029	6130465	53436	0.8793112555493812	50966	3929	3568	-361	-36100	-36100	0	53	59	7641	-36047	-36041	-28459
poc_launchpad_numerics_filetest.gno	39	Launchpad Numerics DepositGns call=39/256	paid	6081290	6134726	53436	0.8786951452734535	50966	3935	3574	-361	-36100	-36100	0	53	59	7641	-36047	-36041	-28459
poc_launchpad_numerics_filetest.gno	40	Launchpad Numerics DepositGns call=40/256	paid	6081190	6134626	53436	0.8787095946681488	50966	3929	3568	-361	-36100	-36100	0	53	59	7641	-36047	-36041	-28459
poc_launchpad_numerics_filetest.gno	41	Launchpad Numerics DepositGns call=41/256	paid	6384605	6438041	53436	0.8369507588958126	50966	10609	10248	-361	-36100	-36100	0	54	58	7641	-36046	-36042	-28459
poc_launchpad_numerics_filetest.gno	42	Launchpad Numerics DepositGns call=42/256	paid	6069810	6123246	53436	0.8803570457724377	50966	3977	3616	-361	-36100	-36100	0	54	59	7642	-36046	-36041	-28458
poc_launchpad_numerics_filetest.gno	43	Launchpad Numerics DepositGns call=43/256	paid	6071732	6125168	53436	0.8800783697304163	50966	3929	3568	-361	-36100	-36100	0	54	59	7642	-36046	-36041	-28458
poc_launchpad_numerics_filetest.gno	44	Launchpad Numerics DepositGns call=44/256	paid	6077170	6130606	53436	0.879290854131117	50966	3929	3568	-361	-36100	-36100	0	53	59	7641	-36047	-36041	-28459
poc_launchpad_numerics_filetest.gno	45	Launchpad Numerics DepositGns call=45/256	paid	6079092	6132528	53436	0.8790128525773256	50966	3929	3568	-361	-36100	-36100	0	53	58	7641	-36047	-36042	-28459
poc_launchpad_numerics_filetest.gno	46	Launchpad Numerics DepositGns call=46/256	paid	6079558	6132994	53436	0.878945475970457	50966	3929	3568	-361	-36100	-36100	0	53	59	7642	-36047	-36041	-28458
poc_launchpad_numerics_filetest.gno	47	Launchpad Numerics DepositGns call=47/256	paid	6080506	6133942	53436	0.8788084412711705	50966	3929	3568	-361	-36100	-36100	0	53	59	7641	-36047	-36041	-28459
poc_launchpad_numerics_filetest.gno	48	Launchpad Numerics DepositGns call=48/256	paid	6082467	6135864	53397	0.8778839244010695	50966	3942	3568	-374	-37400	-37400	0	53	59	7636	-37347	-37341	-29764
poc_launchpad_numerics_filetest.gno	49	Launchpad Numerics DepositGns call=49/256	paid	6390019	6443215	53196	0.8324857876009445	50966	10673	10248	-425	-42500	-42500	0	53	58	7607	-42447	-42442	-34893
poc_launchpad_numerics_filetest.gno	50	Launchpad Numerics DepositGns call=50/256	paid	6074233	6127438	53205	0.8759130576650583	50966	4001	3616	-385	-38500	-38500	0	53	59	7608	-38447	-38441	-30892
poc_launchpad_numerics_filetest.gno	51	Launchpad Numerics DepositGns call=51/256	paid	6075676	6128875	53199	0.8756062699854305	50966	3953	3568	-385	-38500	-38500	0	53	58	7608	-38447	-38442	-30892
poc_launchpad_numerics_filetest.gno	52	Launchpad Numerics DepositGns call=52/256	paid	6077122	6130315	53193	0.8752991959022709	50966	3953	3568	-385	-38500	-38500	0	53	59	7607	-38447	-38441	-30893
poc_launchpad_numerics_filetest.gno	53	Launchpad Numerics DepositGns call=53/256	paid	6077595	6130782	53187	0.8751323508723434	50966	3954	3569	-385	-38500	-38500	0	53	58	7605	-38447	-38442	-30895
poc_launchpad_numerics_filetest.gno	54	Launchpad Numerics DepositGns call=54/256	paid	6079529	6132710	53181	0.8747552647581746	50966	3955	3570	-385	-38500	-38500	0	53	58	7605	-38447	-38442	-30895
poc_launchpad_numerics_filetest.gno	55	Launchpad Numerics DepositGns call=55/256	paid	6080483	6133658	53175	0.8745193432824333	50966	3953	3568	-385	-38500	-38500	0	53	59	7604	-38447	-38441	-30896
poc_launchpad_numerics_filetest.gno	56	Launchpad Numerics DepositGns call=56/256	paid	6081442	6134611	53169	0.8742827770124256	50966	3953	3568	-385	-38500	-38500	0	53	59	7603	-38447	-38441	-30897
poc_launchpad_numerics_filetest.gno	57	Launchpad Numerics DepositGns call=57/256	paid	6391030	6443983	52953	0.8285518922614977	50966	10655	10248	-407	-40700	-40700	0	52	58	7572	-40648	-40642	-33128
poc_launchpad_numerics_filetest.gno	58	Launchpad Numerics DepositGns call=58/256	paid	6076493	6129668	53175	0.8750935778252357	50966	4001	3616	-385	-38500	-38500	0	53	58	7604	-38447	-38442	-30896
poc_launchpad_numerics_filetest.gno	59	Launchpad Numerics DepositGns call=59/256	paid	6076960	6130129	53169	0.8749275953766357	50966	3953	3568	-385	-38500	-38500	0	54	59	7603	-38446	-38441	-30897
poc_launchpad_numerics_filetest.gno	60	Launchpad Numerics DepositGns call=60/256	paid	6069449	6122612	53163	0.8759114707117566	50966	3953	3568	-385	-38500	-38500	0	53	58	7602	-38447	-38442	-30898
poc_launchpad_numerics_filetest.gno	61	Launchpad Numerics DepositGns call=61/256	paid	6071379	6124536	53157	0.8755342073028219	50966	3953	3568	-385	-38500	-38500	0	53	58	7601	-38447	-38442	-30899
poc_launchpad_numerics_filetest.gno	62	Launchpad Numerics DepositGns call=62/256	paid	6074999	6128150	53151	0.8749137242656336	50966	3953	3568	-385	-38500	-38500	0	54	58	7601	-38446	-38442	-30899
poc_launchpad_numerics_filetest.gno	63	Launchpad Numerics DepositGns call=63/256	paid	6079733	6132926	53193	0.8749232902168566	50966	3953	3584	-369	-36900	-36900	0	53	59	7607	-36847	-36841	-29293
poc_launchpad_numerics_filetest.gno	64	Launchpad Numerics DepositGns call=64/256	paid	6080195	6133442	53247	0.8757449391014598	50966	3953	3591	-362	-36200	-36200	0	53	58	7615	-36147	-36142	-28585
poc_launchpad_numerics_filetest.gno	65	Launchpad Numerics DepositGns call=65/256	paid	6393339	6446424	53085	0.8303173036812219	50966	10655	10299	-356	-35600	-35600	0	53	59	7591	-35547	-35541	-28009
poc_launchpad_numerics_filetest.gno	66	Launchpad Numerics DepositGns call=66/256	paid	6081686	6135050	53364	0.8774540481044236	50966	4001	3637	-364	-36400	-36400	0	54	59	7631	-36346	-36341	-28769
poc_launchpad_numerics_filetest.gno	67	Launchpad Numerics DepositGns call=67/256	paid	6082640	6136004	53364	0.8773164283929347	50966	3953	3589	-364	-36400	-36400	0	54	59	7631	-36346	-36341	-28769
poc_launchpad_numerics_filetest.gno	68	Launchpad Numerics DepositGns call=68/256	paid	6078125	6131489	53364	0.8779681233933162	50966	3953	3589	-364	-36400	-36400	0	53	59	7631	-36347	-36341	-28769
poc_launchpad_numerics_filetest.gno	69	Launchpad Numerics DepositGns call=69/256	paid	6078105	6131469	53364	0.8779710123467759	50966	3953	3589	-364	-36400	-36400	0	53	59	7631	-36347	-36341	-28769
poc_launchpad_numerics_filetest.gno	70	Launchpad Numerics DepositGns call=70/256	paid	6082501	6135865	53364	0.8773364772155401	50966	3953	3589	-364	-36400	-36400	0	53	59	7631	-36347	-36341	-28769
poc_launchpad_numerics_filetest.gno	71	Launchpad Numerics DepositGns call=71/256	paid	6083457	6136821	53364	0.8771986059899823	50966	3953	3589	-364	-36400	-36400	0	53	59	7631	-36347	-36341	-28769
poc_launchpad_numerics_filetest.gno	72	Launchpad Numerics DepositGns call=72/256	paid	6085390	6138754	53364	0.8769199673315925	50966	3953	3589	-364	-36400	-36400	0	53	59	7631	-36347	-36341	-28769
poc_launchpad_numerics_filetest.gno	73	Launchpad Numerics DepositGns call=73/256	paid	6401058	6454347	53289	0.832503001847507	50966	10655	10291	-364	-36400	-36400	0	53	58	7620	-36347	-36342	-28780
poc_launchpad_numerics_filetest.gno	74	Launchpad Numerics DepositGns call=74/256	paid	6074460	6127848	53388	0.878892938631582	50966	4001	3637	-364	-36400	-36400	0	53	59	7635	-36347	-36341	-28765
poc_launchpad_numerics_filetest.gno	75	Launchpad Numerics DepositGns call=75/256	paid	6075901	6129289	53388	0.8786844946946963	50966	3953	3589	-364	-36400	-36400	0	54	59	7635	-36346	-36341	-28765
poc_launchpad_numerics_filetest.gno	76	Launchpad Numerics DepositGns call=76/256	paid	6082324	6135712	53388	0.8777565943543948	50966	3953	3589	-364	-36400	-36400	0	53	59	7634	-36347	-36341	-28766
poc_launchpad_numerics_filetest.gno	77	Launchpad Numerics DepositGns call=77/256	paid	6083278	6136666	53388	0.8776189416298252	50966	3953	3589	-364	-36400	-36400	0	53	59	7635	-36347	-36341	-28765
poc_launchpad_numerics_filetest.gno	78	Launchpad Numerics DepositGns call=78/256	paid	6083745	6137133	53388	0.8775515739071904	50966	3953	3589	-364	-36400	-36400	0	54	58	7635	-36346	-36342	-28765
poc_launchpad_numerics_filetest.gno	79	Launchpad Numerics DepositGns call=79/256	paid	6085186	6138574	53388	0.8773437656630381	50966	3953	3589	-364	-36400	-36400	0	53	59	7635	-36347	-36341	-28765
poc_launchpad_numerics_filetest.gno	80	Launchpad Numerics DepositGns call=80/256	paid	6084118	6137506	53388	0.8774977737118183	50966	3953	3589	-364	-36400	-36400	0	53	59	7635	-36347	-36341	-28765
poc_launchpad_numerics_filetest.gno	81	Launchpad Numerics DepositGns call=81/256	paid	6401322	6454710	53388	0.8340152237303482	50966	10655	10291	-364	-36400	-36400	0	53	59	7634	-36347	-36341	-28766
poc_launchpad_numerics_filetest.gno	82	Launchpad Numerics DepositGns call=82/256	paid	6073202	6126590	53388	0.8790749920717276	50966	4001	3637	-364	-36400	-36400	0	53	59	7635	-36347	-36341	-28765
poc_launchpad_numerics_filetest.gno	83	Launchpad Numerics DepositGns call=83/256	paid	6070372	6123760	53388	0.8794848157575845	50966	3953	3589	-364	-36400	-36400	0	53	59	7634	-36347	-36341	-28766
poc_launchpad_numerics_filetest.gno	84	Launchpad Numerics DepositGns call=84/256	paid	6081069	6134457	53388	0.8779377441696518	50966	3953	3589	-364	-36400	-36400	0	53	58	7635	-36347	-36342	-28765
poc_launchpad_numerics_filetest.gno	85	Launchpad Numerics DepositGns call=85/256	paid	6078730	6132118	53388	0.8782755608490589	50966	3953	3589	-364	-36400	-36400	0	54	59	7634	-36346	-36341	-28766
poc_launchpad_numerics_filetest.gno	86	Launchpad Numerics DepositGns call=86/256	paid	6083466	6136854	53388	0.877591820189346	50966	3953	3589	-364	-36400	-36400	0	53	59	7635	-36347	-36341	-28765
poc_launchpad_numerics_filetest.gno	87	Launchpad Numerics DepositGns call=87/256	paid	6083446	6136834	53388	0.8775947053692923	50966	3953	3589	-364	-36400	-36400	0	53	59	7635	-36347	-36341	-28765
poc_launchpad_numerics_filetest.gno	88	Launchpad Numerics DepositGns call=88/256	paid	6084887	6138275	53388	0.8773868766996001	50966	3953	3589	-364	-36400	-36400	0	54	59	7635	-36346	-36341	-28765
poc_launchpad_numerics_filetest.gno	89	Launchpad Numerics DepositGns call=89/256	paid	6404211	6457599	53388	0.8336389915947492	50966	10655	10291	-364	-36400	-36400	0	53	59	7634	-36347	-36341	-28766
poc_launchpad_numerics_filetest.gno	90	Launchpad Numerics DepositGns call=90/256	paid	6070382	6123770	53388	0.8794833669446174	50966	4014	3650	-364	-36400	-36400	0	53	59	7635	-36347	-36341	-28765
poc_launchpad_numerics_filetest.gno	91	Launchpad Numerics DepositGns call=91/256	paid	6070407	6123795	53388	0.8794797449330828	50966	3968	3604	-364	-36400	-36400	0	53	59	7634	-36347	-36341	-28766
poc_launchpad_numerics_filetest.gno	92	Launchpad Numerics DepositGns call=92/256	paid	6068066	6121454	53388	0.8798190395424176	50966	3953	3589	-364	-36400	-36400	0	53	59	7634	-36347	-36341	-28766
poc_launchpad_numerics_filetest.gno	93	Launchpad Numerics DepositGns call=93/256	paid	6074358	6127746	53388	0.8789076969121675	50966	3953	3589	-364	-36400	-36400	0	53	59	7634	-36347	-36341	-28766
poc_launchpad_numerics_filetest.gno	94	Launchpad Numerics DepositGns call=94/256	paid	6074338	6127726	53388	0.8789105907507946	50966	3953	3589	-364	-36400	-36400	0	53	59	7634	-36347	-36341	-28766
poc_launchpad_numerics_filetest.gno	95	Launchpad Numerics DepositGns call=95/256	paid	6070443	6123831	53388	0.8794745292888838	50966	3953	3589	-364	-36400	-36400	0	53	59	7634	-36347	-36341	-28766
poc_launchpad_numerics_filetest.gno	96	Launchpad Numerics DepositGns call=96/256	paid	6082694	6136082	53388	0.8777032019036302	50966	3953	3589	-364	-36400	-36400	0	54	59	7634	-36346	-36341	-28766
poc_launchpad_numerics_filetest.gno	97	Launchpad Numerics DepositGns call=97/256	paid	6328944	6382332	53388	0.843553047712225	50966	10375	10011	-364	-36400	-36400	0	54	59	7635	-36346	-36341	-28765
poc_launchpad_numerics_filetest.gno	98	Launchpad Numerics DepositGns call=98/256	paid	6052689	6106077	53388	0.8820542406854209	50966	4001	3637	-364	-36400	-36400	0	54	59	7635	-36346	-36341	-28765
poc_launchpad_numerics_filetest.gno	99	Launchpad Numerics DepositGns call=99/256	paid	6060091	6113479	53388	0.8809768698192816	50966	3953	3589	-364	-36400	-36400	0	53	58	7634	-36347	-36342	-28766
poc_launchpad_numerics_filetest.gno	100	Launchpad Numerics DepositGns call=100/256	paid	6123792	6177180	53388	0.8718127591531522	50966	3938	3574	-364	-36400	-36400	0	54	58	7634	-36346	-36342	-28766
poc_launchpad_numerics_filetest.gno	101	Launchpad Numerics DepositGns call=101/256	paid	6123660	6177048	53388	0.87183155171907	50966	3914	3550	-364	-36400	-36400	0	54	58	7634	-36346	-36342	-28766
poc_launchpad_numerics_filetest.gno	102	Launchpad Numerics DepositGns call=102/256	paid	6131437	6184825	53388	0.8707257368868015	50966	3914	3550	-364	-36400	-36400	0	53	59	7634	-36347	-36341	-28766
poc_launchpad_numerics_filetest.gno	103	Launchpad Numerics DepositGns call=103/256	paid	6126319	6179707	53388	0.8714531515580564	50966	3914	3550	-364	-36400	-36400	0	53	59	7635	-36347	-36341	-28765
poc_launchpad_numerics_filetest.gno	104	Launchpad Numerics DepositGns call=104/256	paid	6127159	6180547	53388	0.871333680095457	50966	3914	3550	-364	-36400	-36400	0	53	59	7635	-36347	-36341	-28765
poc_launchpad_numerics_filetest.gno	105	Launchpad Numerics DepositGns call=105/256	paid	6133465	6186853	53388	0.8704378357095052	50966	3914	3550	-364	-36400	-36400	0	53	59	7634	-36347	-36341	-28766
poc_launchpad_numerics_filetest.gno	106	Launchpad Numerics DepositGns call=106/256	paid	6133818	6187206	53388	0.8703877421860251	50966	3914	3550	-364	-36400	-36400	0	54	58	7635	-36346	-36342	-28765
poc_launchpad_numerics_filetest.gno	107	Launchpad Numerics DepositGns call=107/256	paid	6136124	6189512	53388	0.870060644146044	50966	3914	3550	-364	-36400	-36400	0	53	59	7635	-36347	-36341	-28765
poc_launchpad_numerics_filetest.gno	108	Launchpad Numerics DepositGns call=108/256	paid	6445160	6498524	53364	0.8279701357297569	50966	10400	10036	-364	-36400	-36400	0	53	59	7631	-36347	-36341	-28769
poc_launchpad_numerics_filetest.gno	109	Launchpad Numerics DepositGns call=109/256	paid	6125096	6178484	53388	0.8716271549050006	50966	4004	3640	-364	-36400	-36400	0	53	59	7635	-36347	-36341	-28765
poc_launchpad_numerics_filetest.gno	110	Launchpad Numerics DepositGns call=110/256	paid	6120246	6173634	53388	0.8723178774186527	50966	3956	3592	-364	-36400	-36400	0	53	58	7634	-36347	-36342	-28766
poc_launchpad_numerics_filetest.gno	111	Launchpad Numerics DepositGns call=111/256	paid	6126674	6180062	53388	0.8714026566453511	50966	3956	3592	-364	-36400	-36400	0	54	59	7634	-36346	-36341	-28766
poc_launchpad_numerics_filetest.gno	112	Launchpad Numerics DepositGns call=112/256	paid	6131416	6184804	53388	0.8707287191082778	50966	3956	3592	-364	-36400	-36400	0	53	59	7634	-36347	-36341	-28766
poc_launchpad_numerics_filetest.gno	113	Launchpad Numerics DepositGns call=113/256	paid	6132868	6186256	53388	0.8705225679078695	50966	3956	3592	-364	-36400	-36400	0	54	58	7634	-36346	-36342	-28766
poc_launchpad_numerics_filetest.gno	114	Launchpad Numerics DepositGns call=114/256	paid	6132367	6185755	53388	0.8705936875597954	50966	3956	3592	-364	-36400	-36400	0	53	59	7634	-36347	-36341	-28766
poc_launchpad_numerics_filetest.gno	115	Launchpad Numerics DepositGns call=115/256	paid	6134788	6188176	53388	0.8702501211125796	50966	3956	3592	-364	-36400	-36400	0	54	58	7635	-36346	-36342	-28765
poc_launchpad_numerics_filetest.gno	116	Launchpad Numerics DepositGns call=116/256	paid	6468827	6522191	53364	0.8249409050512558	50966	10660	10296	-364	-36400	-36400	0	54	59	7631	-36346	-36341	-28769
poc_launchpad_numerics_filetest.gno	117	Launchpad Numerics DepositGns call=117/256	paid	6123350	6176738	53388	0.8718756889611079	50966	4004	3640	-364	-36400	-36400	0	53	59	7634	-36347	-36341	-28766
poc_launchpad_numerics_filetest.gno	118	Launchpad Numerics DepositGns call=118/256	paid	6124797	6178185	53388	0.8716697059510707	50966	3956	3592	-364	-36400	-36400	0	54	59	7635	-36346	-36341	-28765
poc_launchpad_numerics_filetest.gno	119	Launchpad Numerics DepositGns call=119/256	paid	6131710	6185098	53388	0.870686969866481	50966	3956	3592	-364	-36400	-36400	0	54	59	7635	-36346	-36341	-28765
poc_launchpad_numerics_filetest.gno	120	Launchpad Numerics DepositGns call=120/256	paid	6130642	6184030	53388	0.870838649524797	50966	3956	3592	-364	-36400	-36400	0	54	59	7635	-36346	-36341	-28765
poc_launchpad_numerics_filetest.gno	121	Launchpad Numerics DepositGns call=121/256	paid	6131117	6184505	53388	0.8707711824778421	50966	3956	3592	-364	-36400	-36400	0	53	58	7635	-36347	-36342	-28765
poc_launchpad_numerics_filetest.gno	122	Launchpad Numerics DepositGns call=122/256	paid	6132075	6185463	53388	0.8706351438950111	50966	3956	3592	-364	-36400	-36400	0	53	59	7635	-36347	-36341	-28765
poc_launchpad_numerics_filetest.gno	123	Launchpad Numerics DepositGns call=123/256	paid	6133527	6186915	53388	0.8704290369961688	50966	3956	3592	-364	-36400	-36400	0	53	59	7634	-36347	-36341	-28766
poc_launchpad_numerics_filetest.gno	124	Launchpad Numerics DepositGns call=124/256	paid	6470100	6523464	53364	0.8247785969304957	50966	10660	10296	-364	-36400	-36400	0	53	58	7631	-36347	-36342	-28769
poc_launchpad_numerics_filetest.gno	125	Launchpad Numerics DepositGns call=125/256	paid	6129018	6182406	53388	0.8710693948035395	50966	4004	3640	-364	-36400	-36400	0	53	59	7635	-36347	-36341	-28765
poc_launchpad_numerics_filetest.gno	126	Launchpad Numerics DepositGns call=126/256	paid	6126683	6180071	53388	0.8714013765686914	50966	3956	3592	-364	-36400	-36400	0	54	59	7635	-36346	-36341	-28765
poc_launchpad_numerics_filetest.gno	127	Launchpad Numerics DepositGns call=127/256	paid	6127648	6181036	53388	0.8712641457211642	50966	3956	3592	-364	-36400	-36400	0	54	59	7635	-36346	-36341	-28765
poc_launchpad_numerics_filetest.gno	128	Launchpad Numerics DepositGns call=128/256	paid	6131903	6185291	53388	0.8706595652279562	50966	3956	3592	-364	-36400	-36400	0	54	58	7634	-36346	-36342	-28766
poc_launchpad_numerics_filetest.gno	129	Launchpad Numerics DepositGns call=129/256	paid	6132863	6186251	53388	0.8705232776274311	50966	3956	3592	-364	-36400	-36400	0	54	58	7634	-36346	-36342	-28766
poc_launchpad_numerics_filetest.gno	130	Launchpad Numerics DepositGns call=130/256	paid	6131795	6185183	53388	0.8706749002535147	50966	3956	3592	-364	-36400	-36400	0	54	59	7635	-36346	-36341	-28765
poc_launchpad_numerics_filetest.gno	131	Launchpad Numerics DepositGns call=131/256	paid	6132752	6186140	53388	0.8705390336997159	50966	3956	3592	-364	-36400	-36400	0	54	58	7635	-36346	-36342	-28765
poc_launchpad_numerics_filetest.gno	132	Launchpad Numerics DepositGns call=132/256	paid	6471855	6525219	53364	0.8245549382673129	50966	10660	10296	-364	-36400	-36400	0	54	58	7631	-36346	-36342	-28769
poc_launchpad_numerics_filetest.gno	133	Launchpad Numerics DepositGns call=133/256	paid	6127742	6181130	53388	0.8712507804669322	50966	4004	3640	-364	-36400	-36400	0	54	59	7634	-36346	-36341	-28766
poc_launchpad_numerics_filetest.gno	134	Launchpad Numerics DepositGns call=134/256	paid	6128215	6181603	53388	0.8711835338675291	50966	3956	3592	-364	-36400	-36400	0	53	58	7635	-36347	-36342	-28765
poc_launchpad_numerics_filetest.gno	135	Launchpad Numerics DepositGns call=135/256	paid	6123704	6177092	53388	0.8718252874404119	50966	3956	3592	-364	-36400	-36400	0	54	58	7635	-36346	-36342	-28765
poc_launchpad_numerics_filetest.gno	136	Launchpad Numerics DepositGns call=136/256	paid	6124177	6177565	53388	0.8717579521297311	50966	3956	3592	-364	-36400	-36400	0	53	59	7634	-36347	-36341	-28766
poc_launchpad_numerics_filetest.gno	137	Launchpad Numerics DepositGns call=137/256	paid	6131100	6184488	53388	0.8707735969075696	50966	3956	3592	-364	-36400	-36400	0	53	58	7634	-36347	-36342	-28766
poc_launchpad_numerics_filetest.gno	138	Launchpad Numerics DepositGns call=138/256	paid	6132547	6185935	53388	0.8705681342515598	50966	3956	3592	-364	-36400	-36400	0	53	59	7634	-36347	-36341	-28766
poc_launchpad_numerics_filetest.gno	139	Launchpad Numerics DepositGns call=139/256	paid	6132041	6185429	53388	0.8706399712591615	50966	3956	3592	-364	-36400	-36400	0	53	58	7635	-36347	-36342	-28765
poc_launchpad_numerics_filetest.gno	140	Launchpad Numerics DepositGns call=140/256	paid	6867783	6921147	53364	0.777019308851197	50966	24222	23858	-364	-36400	-36400	0	54	59	7632	-36346	-36341	-28768
poc_launchpad_numerics_filetest.gno	141	Launchpad Numerics DepositGns call=141/256	paid	6158642	6212042	53400	0.8670742673466001	50966	4076	3712	-364	-36400	-36400	0	54	59	7637	-36346	-36341	-28763
poc_launchpad_numerics_filetest.gno	142	Launchpad Numerics DepositGns call=142/256	paid	6156305	6209705	53400	0.8674034181217467	50966	3956	3592	-364	-36400	-36400	0	53	59	7636	-36347	-36341	-28764
poc_launchpad_numerics_filetest.gno	143	Launchpad Numerics DepositGns call=143/256	paid	6167005	6220405	53400	0.8658984385451285	50966	3956	3592	-364	-36400	-36400	0	53	59	7636	-36347	-36341	-28764
poc_launchpad_numerics_filetest.gno	144	Launchpad Numerics DepositGns call=144/256	paid	6167967	6221367	53400	0.8657633868663694	50966	3956	3592	-364	-36400	-36400	0	54	59	7636	-36346	-36341	-28764
poc_launchpad_numerics_filetest.gno	145	Launchpad Numerics DepositGns call=145/256	paid	6168927	6222327	53400	0.8656286579497536	50966	3956	3592	-364	-36400	-36400	0	54	59	7636	-36346	-36341	-28764
poc_launchpad_numerics_filetest.gno	146	Launchpad Numerics DepositGns call=146/256	paid	6169400	6222800	53400	0.8655622913087172	50966	3956	3592	-364	-36400	-36400	0	53	59	7636	-36347	-36341	-28764
poc_launchpad_numerics_filetest.gno	147	Launchpad Numerics DepositGns call=147/256	paid	6170852	6224252	53400	0.8653586247085492	50966	3956	3592	-364	-36400	-36400	0	54	59	7637	-36346	-36341	-28763
poc_launchpad_numerics_filetest.gno	148	Launchpad Numerics DepositGns call=148/256	paid	6492815	6546215	53400	0.8224475824430544	50966	10634	10270	-364	-36400	-36400	0	54	58	7636	-36346	-36342	-28764
poc_launchpad_numerics_filetest.gno	149	Launchpad Numerics DepositGns call=149/256	paid	6160383	6213783	53400	0.8668292214948324	50966	4004	3640	-364	-36400	-36400	0	53	59	7636	-36347	-36341	-28764
poc_launchpad_numerics_filetest.gno	150	Launchpad Numerics DepositGns call=150/256	paid	6158823	6212223	53400	0.8670487851331334	50966	3956	3592	-364	-36400	-36400	0	54	59	7636	-36346	-36341	-28764
poc_launchpad_numerics_filetest.gno	151	Launchpad Numerics DepositGns call=151/256	paid	6165746	6219146	53400	0.866075248639824	50966	3956	3592	-364	-36400	-36400	0	54	59	7636	-36346	-36341	-28764
poc_launchpad_numerics_filetest.gno	152	Launchpad Numerics DepositGns call=152/256	paid	6166708	6220108	53400	0.865940141806617	50966	3956	3592	-364	-36400	-36400	0	54	59	7636	-36346	-36341	-28764
poc_launchpad_numerics_filetest.gno	153	Launchpad Numerics DepositGns call=153/256	paid	6167668	6221068	53400	0.8658053578759427	50966	3956	3592	-364	-36400	-36400	0	54	59	7636	-36346	-36341	-28764
poc_launchpad_numerics_filetest.gno	154	Launchpad Numerics DepositGns call=154/256	paid	6169115	6222515	53400	0.8656022784467464	50966	3956	3592	-364	-36400	-36400	0	53	58	7636	-36347	-36342	-28764
poc_launchpad_numerics_filetest.gno	155	Launchpad Numerics DepositGns call=155/256	paid	6170075	6223475	53400	0.8654675996645097	50966	3956	3592	-364	-36400	-36400	0	53	58	7636	-36347	-36342	-28764
poc_launchpad_numerics_filetest.gno	156	Launchpad Numerics DepositGns call=156/256	paid	6493468	6546868	53400	0.8223648749789789	50966	10620	10256	-364	-36400	-36400	0	53	59	7637	-36347	-36341	-28763
poc_launchpad_numerics_filetest.gno	157	Launchpad Numerics DepositGns call=157/256	paid	6159592	6212992	53400	0.8669405376200242	50966	4004	3640	-364	-36400	-36400	0	53	59	7636	-36347	-36341	-28764
poc_launchpad_numerics_filetest.gno	158	Launchpad Numerics DepositGns call=158/256	paid	6160065	6213465	53400	0.8668739696740213	50966	3956	3592	-364	-36400	-36400	0	53	58	7636	-36347	-36342	-28764
poc_launchpad_numerics_filetest.gno	159	Launchpad Numerics DepositGns call=159/256	paid	6167962	6221362	53400	0.8657640886892624	50966	3956	3592	-364	-36400	-36400	0	54	59	7636	-36346	-36341	-28764
poc_launchpad_numerics_filetest.gno	160	Launchpad Numerics DepositGns call=160/256	paid	6157866	6211266	53400	0.8671835340359794	50966	3956	3592	-364	-36400	-36400	0	54	59	7637	-36346	-36341	-28763
poc_launchpad_numerics_filetest.gno	161	Launchpad Numerics DepositGns call=161/256	paid	6158341	6211741	53400	0.8671166471619548	50966	3956	3592	-364	-36400	-36400	0	53	58	7636	-36347	-36342	-28764
poc_launchpad_numerics_filetest.gno	162	Launchpad Numerics DepositGns call=162/256	paid	6159299	6212699	53400	0.8669817782835352	50966	3956	3592	-364	-36400	-36400	0	53	58	7636	-36347	-36342	-28764
poc_launchpad_numerics_filetest.gno	163	Launchpad Numerics DepositGns call=163/256	paid	6166709	6220109	53400	0.8659400013848554	50966	3956	3592	-364	-36400	-36400	0	54	59	7636	-36346	-36341	-28764
poc_launchpad_numerics_filetest.gno	164	Launchpad Numerics DepositGns call=164/256	paid	6421177	6474577	53400	0.8316232366745224	50966	10342	9978	-364	-36400	-36400	0	53	59	7636	-36347	-36341	-28764
poc_launchpad_numerics_filetest.gno	165	Launchpad Numerics DepositGns call=165/256	paid	6135662	6189062	53400	0.8703217354541368	50966	4004	3640	-364	-36400	-36400	0	54	58	7636	-36346	-36342	-28764
poc_launchpad_numerics_filetest.gno	166	Launchpad Numerics DepositGns call=166/256	paid	6142585	6195985	53400	0.8693408394023038	50966	3956	3592	-364	-36400	-36400	0	53	59	7636	-36347	-36341	-28764
poc_launchpad_numerics_filetest.gno	167	Launchpad Numerics DepositGns call=167/256	paid	6144519	6197919	53400	0.8690672125840933	50966	3956	3592	-364	-36400	-36400	0	53	59	7636	-36347	-36341	-28764
poc_launchpad_numerics_filetest.gno	168	Launchpad Numerics DepositGns call=168/256	paid	6137335	6190735	53400	0.870084491069821	50966	3956	3592	-364	-36400	-36400	0	53	58	7637	-36347	-36342	-28763
poc_launchpad_numerics_filetest.gno	169	Launchpad Numerics DepositGns call=169/256	paid	6146439	6199839	53400	0.8687957368486046	50966	3956	3592	-364	-36400	-36400	0	53	58	7636	-36347	-36342	-28764
poc_launchpad_numerics_filetest.gno	170	Launchpad Numerics DepositGns call=170/256	paid	6165427	6218827	53400	0.866120059486553	50966	3938	3574	-364	-36400	-36400	0	53	59	7636	-36347	-36341	-28764
poc_launchpad_numerics_filetest.gno	171	Launchpad Numerics DepositGns call=171/256	paid	6159822	6213222	53400	0.8669081671515833	50966	3914	3550	-364	-36400	-36400	0	54	59	7636	-36346	-36341	-28764
poc_launchpad_numerics_filetest.gno	172	Launchpad Numerics DepositGns call=172/256	paid	6162838	6216238	53400	0.8664839153649666	50966	3914	3550	-364	-36400	-36400	0	54	58	7637	-36346	-36342	-28763
poc_launchpad_numerics_filetest.gno	173	Launchpad Numerics DepositGns call=173/256	paid	6167954	6221354	53400	0.8657652116082578	50966	3914	3550	-364	-36400	-36400	0	54	59	7636	-36346	-36341	-28764
poc_launchpad_numerics_filetest.gno	174	Launchpad Numerics DepositGns call=174/256	paid	6169768	6223168	53400	0.8655106642583643	50966	3914	3550	-364	-36400	-36400	0	54	59	7637	-36346	-36341	-28763
poc_launchpad_numerics_filetest.gno	175	Launchpad Numerics DepositGns call=175/256	paid	6163676	6217076	53400	0.8663661100940413	50966	3914	3550	-364	-36400	-36400	0	54	58	7636	-36346	-36342	-28764
poc_launchpad_numerics_filetest.gno	176	Launchpad Numerics DepositGns call=176/256	paid	6171940	6225340	53400	0.8652060778296613	50966	3914	3550	-364	-36400	-36400	0	54	58	7636	-36346	-36342	-28764
poc_launchpad_numerics_filetest.gno	177	Launchpad Numerics DepositGns call=177/256	paid	6171309	6224709	53400	0.8652945428595457	50966	3914	3550	-364	-36400	-36400	0	53	59	7636	-36347	-36341	-28764
poc_launchpad_numerics_filetest.gno	178	Launchpad Numerics DepositGns call=178/256	paid	6471687	6525087	53400	0.825132612253961	50966	10350	9986	-364	-36400	-36400	0	54	59	7636	-36346	-36341	-28764
poc_launchpad_numerics_filetest.gno	179	Launchpad Numerics DepositGns call=179/256	paid	6182585	6235985	53400	0.863716390474211	50966	4004	3640	-364	-36400	-36400	0	53	59	7636	-36347	-36341	-28764
poc_launchpad_numerics_filetest.gno	180	Launchpad Numerics DepositGns call=180/256	paid	6186988	6240388	53400	0.8631017225182916	50966	3956	3592	-364	-36400	-36400	0	54	59	7636	-36346	-36341	-28764
poc_launchpad_numerics_filetest.gno	181	Launchpad Numerics DepositGns call=181/256	paid	6182481	6235881	53400	0.8637309196744802	50966	3956	3592	-364	-36400	-36400	0	53	59	7636	-36347	-36341	-28764
poc_launchpad_numerics_filetest.gno	182	Launchpad Numerics DepositGns call=182/256	paid	6183439	6236839	53400	0.8635971018716284	50966	3956	3592	-364	-36400	-36400	0	53	59	7636	-36347	-36341	-28764
poc_launchpad_numerics_filetest.gno	183	Launchpad Numerics DepositGns call=183/256	paid	6190352	6243752	53400	0.8626326903542804	50966	3956	3592	-364	-36400	-36400	0	53	59	7636	-36347	-36341	-28764
poc_launchpad_numerics_filetest.gno	184	Launchpad Numerics DepositGns call=184/256	paid	6190825	6244225	53400	0.8625667822947668	50966	3956	3592	-364	-36400	-36400	0	54	59	7637	-36346	-36341	-28763
poc_launchpad_numerics_filetest.gno	185	Launchpad Numerics DepositGns call=185/256	paid	6192766	6246166	53400	0.8622964277997909	50966	3956	3592	-364	-36400	-36400	0	54	58	7636	-36346	-36342	-28764
poc_launchpad_numerics_filetest.gno	186	Launchpad Numerics DepositGns call=186/256	paid	6502157	6555557	53400	0.8212659275991029	50966	10622	10258	-364	-36400	-36400	0	53	59	7636	-36347	-36341	-28764
poc_launchpad_numerics_filetest.gno	187	Launchpad Numerics DepositGns call=187/256	paid	6181321	6234721	53400	0.8638930092774667	50966	4004	3640	-364	-36400	-36400	0	53	59	7637	-36347	-36341	-28763
poc_launchpad_numerics_filetest.gno	188	Launchpad Numerics DepositGns call=188/256	paid	6188244	6241644	53400	0.8629265426508715	50966	3956	3592	-364	-36400	-36400	0	53	58	7637	-36347	-36342	-28763
poc_launchpad_numerics_filetest.gno	189	Launchpad Numerics DepositGns call=189/256	paid	6184222	6237622	53400	0.8634877596567523	50966	3956	3592	-364	-36400	-36400	0	53	59	7636	-36347	-36341	-28764
poc_launchpad_numerics_filetest.gno	190	Launchpad Numerics DepositGns call=190/256	paid	6187152	6240552	53400	0.86307884467684	50966	3956	3592	-364	-36400	-36400	0	53	59	7636	-36347	-36341	-28764
poc_launchpad_numerics_filetest.gno	191	Launchpad Numerics DepositGns call=191/256	paid	6189091	6242491	53400	0.862808447961098	50966	3956	3592	-364	-36400	-36400	0	53	59	7636	-36347	-36341	-28764
poc_launchpad_numerics_filetest.gno	192	Launchpad Numerics DepositGns call=192/256	paid	6190540	6243940	53400	0.8626064931330708	50966	3956	3592	-364	-36400	-36400	0	53	59	7636	-36347	-36341	-28764
poc_launchpad_numerics_filetest.gno	193	Launchpad Numerics DepositGns call=193/256	paid	6190526	6243926	53400	0.8626084439351357	50966	3956	3592	-364	-36400	-36400	0	53	59	7636	-36347	-36341	-28764
poc_launchpad_numerics_filetest.gno	194	Launchpad Numerics DepositGns call=194/256	paid	6503303	6556703	53400	0.8211212056396573	50966	10622	10258	-364	-36400	-36400	0	53	59	7636	-36347	-36341	-28764
poc_launchpad_numerics_filetest.gno	195	Launchpad Numerics DepositGns call=195/256	paid	6180062	6233462	53400	0.864069001249502	50966	4004	3640	-364	-36400	-36400	0	53	58	7637	-36347	-36342	-28763
poc_launchpad_numerics_filetest.gno	196	Launchpad Numerics DepositGns call=196/256	paid	6181509	6234909	53400	0.86386673545246	50966	3956	3592	-364	-36400	-36400	0	53	59	7636	-36347	-36341	-28764
poc_launchpad_numerics_filetest.gno	197	Launchpad Numerics DepositGns call=197/256	paid	6184153	6237553	53400	0.8634973940651209	50966	3956	3592	-364	-36400	-36400	0	53	59	7637	-36347	-36341	-28763
poc_launchpad_numerics_filetest.gno	198	Launchpad Numerics DepositGns call=198/256	paid	6185600	6239000	53400	0.8632953957578893	50966	3956	3592	-364	-36400	-36400	0	53	58	7636	-36347	-36342	-28764
poc_launchpad_numerics_filetest.gno	199	Launchpad Numerics DepositGns call=199/256	paid	6187539	6240939	53400	0.863024863358437	50966	3956	3592	-364	-36400	-36400	0	53	59	7636	-36347	-36341	-28764
poc_launchpad_numerics_filetest.gno	200	Launchpad Numerics DepositGns call=200/256	paid	6186272	6239672	53400	0.8632016180342539	50966	3956	3592	-364	-36400	-36400	0	53	59	7637	-36347	-36341	-28763
poc_launchpad_numerics_filetest.gno	201	Launchpad Numerics DepositGns call=201/256	paid	6187233	6240633	53400	0.8630675457025782	50966	3956	3592	-364	-36400	-36400	0	53	59	7636	-36347	-36341	-28764
poc_launchpad_numerics_filetest.gno	202	Launchpad Numerics DepositGns call=202/256	paid	6504780	6558180	53400	0.8209347587466448	50966	10622	10258	-364	-36400	-36400	0	54	58	7636	-36346	-36342	-28764
poc_launchpad_numerics_filetest.gno	203	Launchpad Numerics DepositGns call=203/256	paid	6182230	6235630	53400	0.8637659873540777	50966	4004	3640	-364	-36400	-36400	0	53	59	7637	-36347	-36341	-28763
poc_launchpad_numerics_filetest.gno	204	Launchpad Numerics DepositGns call=204/256	paid	6183677	6237077	53400	0.8635638633777282	50966	3956	3592	-364	-36400	-36400	0	54	58	7637	-36346	-36342	-28763
poc_launchpad_numerics_filetest.gno	205	Launchpad Numerics DepositGns call=205/256	paid	6178192	6231592	53400	0.8643305355353151	50966	3956	3592	-364	-36400	-36400	0	53	58	7636	-36347	-36342	-28764
poc_launchpad_numerics_filetest.gno	206	Launchpad Numerics DepositGns call=206/256	paid	6179639	6233039	53400	0.8641281472914518	50966	3956	3592	-364	-36400	-36400	0	54	59	7636	-36346	-36341	-28764
poc_launchpad_numerics_filetest.gno	207	Launchpad Numerics DepositGns call=207/256	paid	6187049	6240449	53400	0.8630932129356015	50966	3956	3592	-364	-36400	-36400	0	53	59	7636	-36347	-36341	-28764
poc_launchpad_numerics_filetest.gno	208	Launchpad Numerics DepositGns call=208/256	paid	6188009	6241409	53400	0.8629593137307977	50966	3956	3592	-364	-36400	-36400	0	53	59	7636	-36347	-36341	-28764
poc_launchpad_numerics_filetest.gno	209	Launchpad Numerics DepositGns call=209/256	paid	6188477	6241877	53400	0.8628940529309553	50966	3956	3592	-364	-36400	-36400	0	53	59	7636	-36347	-36341	-28764
poc_launchpad_numerics_filetest.gno	210	Launchpad Numerics DepositGns call=210/256	paid	6505909	6559309	53400	0.8207922982015272	50966	10622	10258	-364	-36400	-36400	0	54	59	7637	-36346	-36341	-28763
poc_launchpad_numerics_filetest.gno	211	Launchpad Numerics DepositGns call=211/256	paid	6175513	6228913	53400	0.864705490863674	50966	4004	3640	-364	-36400	-36400	0	53	58	7636	-36347	-36342	-28764
poc_launchpad_numerics_filetest.gno	212	Launchpad Numerics DepositGns call=212/256	paid	6176979	6230379	53400	0.8645002678493807	50966	3961	3597	-364	-36400	-36400	0	54	59	7637	-36346	-36341	-28763
poc_launchpad_numerics_filetest.gno	213	Launchpad Numerics DepositGns call=213/256	paid	6183933	6237333	53400	0.8635281139042095	50966	3961	3597	-364	-36400	-36400	0	54	59	7636	-36346	-36341	-28764
poc_launchpad_numerics_filetest.gno	214	Launchpad Numerics DepositGns call=214/256	paid	6183921	6237321	53400	0.8635297895946601	50966	3956	3592	-364	-36400	-36400	0	54	59	7636	-36346	-36341	-28764
poc_launchpad_numerics_filetest.gno	215	Launchpad Numerics DepositGns call=215/256	paid	6182073	6235473	53400	0.8637879235654448	50966	3956	3592	-364	-36400	-36400	0	53	59	7636	-36347	-36341	-28764
poc_launchpad_numerics_filetest.gno	216	Launchpad Numerics DepositGns call=216/256	paid	6186328	6239728	53400	0.8631938041435889	50966	3956	3592	-364	-36400	-36400	0	53	59	7637	-36347	-36341	-28763
poc_launchpad_numerics_filetest.gno	217	Launchpad Numerics DepositGns call=217/256	paid	6187293	6240693	53400	0.863059176282746	50966	3956	3592	-364	-36400	-36400	0	53	58	7637	-36347	-36342	-28763
poc_launchpad_numerics_filetest.gno	218	Launchpad Numerics DepositGns call=218/256	paid	6917339	6970739	53400	0.7719731532602349	50966	17534	17170	-364	-36400	-36400	0	53	58	7636	-36347	-36342	-28764
poc_launchpad_numerics_filetest.gno	219	Launchpad Numerics DepositGns call=219/256	paid	6168365	6221765	53400	0.8657075254139468	50966	4052	3688	-364	-36400	-36400	0	53	58	7636	-36347	-36342	-28764
poc_launchpad_numerics_filetest.gno	220	Launchpad Numerics DepositGns call=220/256	paid	6166805	6220205	53400	0.8659265211077698	50966	3956	3592	-364	-36400	-36400	0	54	59	7636	-36346	-36341	-28764
poc_launchpad_numerics_filetest.gno	221	Launchpad Numerics DepositGns call=221/256	paid	6173728	6227128	53400	0.864955501764898	50966	3956	3592	-364	-36400	-36400	0	54	58	7636	-36346	-36342	-28764
poc_launchpad_numerics_filetest.gno	222	Launchpad Numerics DepositGns call=222/256	paid	6174690	6228090	53400	0.8648207440373524	50966	3956	3592	-364	-36400	-36400	0	54	58	7636	-36346	-36342	-28764
poc_launchpad_numerics_filetest.gno	223	Launchpad Numerics DepositGns call=223/256	paid	6176137	6229537	53400	0.8646181261847009	50966	3956	3592	-364	-36400	-36400	0	53	59	7636	-36347	-36341	-28764
poc_launchpad_numerics_filetest.gno	224	Launchpad Numerics DepositGns call=224/256	paid	6176610	6230010	53400	0.8645519143996464	50966	3956	3592	-364	-36400	-36400	0	54	59	7636	-36346	-36341	-28764
poc_launchpad_numerics_filetest.gno	225	Launchpad Numerics DepositGns call=225/256	paid	6177570	6230970	53400	0.8644175622453489	50966	3956	3592	-364	-36400	-36400	0	53	59	7636	-36347	-36341	-28764
poc_launchpad_numerics_filetest.gno	226	Launchpad Numerics DepositGns call=226/256	paid	6498114	6551514	53400	0.8217769032676251	50966	10672	10308	-364	-36400	-36400	0	53	59	7636	-36347	-36341	-28764
poc_launchpad_numerics_filetest.gno	227	Launchpad Numerics DepositGns call=227/256	paid	6166600	6220000	53400	0.8659553076249473	50966	4004	3640	-364	-36400	-36400	0	53	58	7636	-36347	-36342	-28764
poc_launchpad_numerics_filetest.gno	228	Launchpad Numerics DepositGns call=228/256	paid	6167073	6220473	53400	0.8658888908887571	50966	3956	3592	-364	-36400	-36400	0	53	59	7636	-36347	-36341	-28764
poc_launchpad_numerics_filetest.gno	229	Launchpad Numerics DepositGns call=229/256	paid	6175457	6228857	53400	0.8647133321469164	50966	3956	3592	-364	-36400	-36400	0	53	58	7636	-36347	-36342	-28764
poc_launchpad_numerics_filetest.gno	230	Launchpad Numerics DepositGns call=230/256	paid	6164387	6217787	53400	0.8662661834826398	50966	3956	3592	-364	-36400	-36400	0	53	59	7636	-36347	-36341	-28764
poc_launchpad_numerics_filetest.gno	231	Launchpad Numerics DepositGns call=231/256	paid	6162054	6215454	53400	0.8665941583764115	50966	3956	3592	-364	-36400	-36400	0	53	58	7636	-36347	-36342	-28764
poc_launchpad_numerics_filetest.gno	232	Launchpad Numerics DepositGns call=232/256	paid	6166794	6220194	53400	0.8659280657015622	50966	3956	3592	-364	-36400	-36400	0	54	59	7636	-36346	-36341	-28764
poc_launchpad_numerics_filetest.gno	233	Launchpad Numerics DepositGns call=233/256	paid	6174691	6228091	53400	0.8648206039784015	50966	3956	3592	-364	-36400	-36400	0	54	58	7637	-36346	-36342	-28763
poc_launchpad_numerics_filetest.gno	234	Launchpad Numerics DepositGns call=234/256	paid	6425943	6479343	53400	0.8310064374987454	50966	10382	10018	-364	-36400	-36400	0	54	59	7637	-36346	-36341	-28763
poc_launchpad_numerics_filetest.gno	235	Launchpad Numerics DepositGns call=235/256	paid	6143644	6197044	53400	0.8691909882799199	50966	4004	3640	-364	-36400	-36400	0	54	58	7636	-36346	-36342	-28764
poc_launchpad_numerics_filetest.gno	236	Launchpad Numerics DepositGns call=236/256	paid	6151054	6204454	53400	0.8681438985903879	50966	3956	3592	-364	-36400	-36400	0	53	58	7636	-36347	-36342	-28764
poc_launchpad_numerics_filetest.gno	237	Launchpad Numerics DepositGns call=237/256	paid	6152501	6205901	53400	0.8679397207737146	50966	3956	3592	-364	-36400	-36400	0	53	59	7636	-36347	-36341	-28764
poc_launchpad_numerics_filetest.gno	238	Launchpad Numerics DepositGns call=238/256	paid	6153461	6206861	53400	0.8678043137024839	50966	3956	3592	-364	-36400	-36400	0	53	59	7637	-36347	-36341	-28763
poc_launchpad_numerics_filetest.gno	239	Launchpad Numerics DepositGns call=239/256	paid	6153934	6207334	53400	0.8677376130455737	50966	3956	3592	-364	-36400	-36400	0	54	59	7636	-36346	-36341	-28764
poc_launchpad_numerics_filetest.gno	240	Launchpad Numerics DepositGns call=240/256	paid	6189284	6242684	53400	0.8627815430670172	50966	3938	3574	-364	-36400	-36400	0	53	58	7636	-36347	-36342	-28764
poc_launchpad_numerics_filetest.gno	241	Launchpad Numerics DepositGns call=241/256	paid	6184655	6238055	53400	0.8634273051609185	50966	3914	3550	-364	-36400	-36400	0	54	58	7636	-36346	-36342	-28764
poc_launchpad_numerics_filetest.gno	242	Launchpad Numerics DepositGns call=242/256	paid	6190479	6243879	53400	0.8626149931208877	50966	3914	3550	-364	-36400	-36400	0	53	59	7636	-36347	-36341	-28764
poc_launchpad_numerics_filetest.gno	243	Launchpad Numerics DepositGns call=243/256	paid	6192298	6245698	53400	0.8623615982305761	50966	3914	3550	-364	-36400	-36400	0	53	59	7636	-36347	-36341	-28764
poc_launchpad_numerics_filetest.gno	244	Launchpad Numerics DepositGns call=244/256	paid	6193138	6246538	53400	0.8622446326886305	50966	3914	3550	-364	-36400	-36400	0	53	59	7636	-36347	-36341	-28764
poc_launchpad_numerics_filetest.gno	245	Launchpad Numerics DepositGns call=245/256	paid	6188020	6241420	53400	0.8629577797098265	50966	3914	3550	-364	-36400	-36400	0	53	59	7637	-36347	-36341	-28763
poc_launchpad_numerics_filetest.gno	246	Launchpad Numerics DepositGns call=246/256	paid	6195797	6249197	53400	0.8618745901455455	50966	3914	3550	-364	-36400	-36400	0	54	59	7637	-36346	-36341	-28763
poc_launchpad_numerics_filetest.gno	247	Launchpad Numerics DepositGns call=247/256	paid	6194679	6248079	53400	0.8620301390919529	50966	3914	3550	-364	-36400	-36400	0	54	58	7636	-36346	-36342	-28764
poc_launchpad_numerics_filetest.gno	248	Launchpad Numerics DepositGns call=248/256	paid	6476578	6529978	53400	0.8245094863367661	50966	10390	10026	-364	-36400	-36400	0	53	58	7636	-36347	-36342	-28764
poc_launchpad_numerics_filetest.gno	249	Launchpad Numerics DepositGns call=249/256	paid	6184128	6237528	53400	0.8635008848458505	50966	4004	3640	-364	-36400	-36400	0	53	59	7636	-36347	-36341	-28764
poc_launchpad_numerics_filetest.gno	250	Launchpad Numerics DepositGns call=250/256	paid	6189505	6242905	53400	0.8627507369329211	50966	3956	3592	-364	-36400	-36400	0	53	59	7636	-36347	-36341	-28764
poc_launchpad_numerics_filetest.gno	251	Launchpad Numerics DepositGns call=251/256	paid	6183535	6236935	53400	0.8635836944401544	50966	3956	3592	-364	-36400	-36400	0	53	59	7636	-36347	-36341	-28764
poc_launchpad_numerics_filetest.gno	252	Launchpad Numerics DepositGns call=252/256	paid	6184980	6238380	53400	0.8633819349456263	50966	3956	3592	-364	-36400	-36400	0	54	59	7636	-36346	-36341	-28764
poc_launchpad_numerics_filetest.gno	253	Launchpad Numerics DepositGns call=253/256	paid	6191895	6245295	53400	0.8624177251067726	50966	3956	3592	-364	-36400	-36400	0	54	58	7637	-36346	-36342	-28763
poc_launchpad_numerics_filetest.gno	254	Launchpad Numerics DepositGns call=254/256	paid	6192855	6246255	53400	0.8622840353923998	50966	3956	3592	-364	-36400	-36400	0	54	58	7636	-36346	-36342	-28764
poc_launchpad_numerics_filetest.gno	255	Launchpad Numerics DepositGns call=255/256	paid	6194307	6247707	53400	0.8620819084362463	50966	3956	3592	-364	-36400	-36400	0	53	59	7637	-36347	-36341	-28763
poc_launchpad_numerics_filetest.gno	256	Launchpad Numerics DepositGns call=256/256	paid	6481645	6535045	53400	0.8238649293504967	50966	7526	7162	-364	-36400	-36400	0	54	59	7636	-36346	-36341	-28764
poc_launchpad_numerics_filetest.gno	257	Launchpad Numerics CollectReward pattern=1 call=1/1	paid	3205677	3240555	34878	1.0880073070368599	33072	2046	2046	0	0	0	0	35	38	4988	35	38	4988
poc_launchpad_numerics_filetest.gno	258	Launchpad Numerics CollectReward pattern=10 call=1/10	paid	3193535	3228413	34878	1.092143972118671	33072	12	12	0	0	0	0	35	39	4988	35	39	4988
poc_launchpad_numerics_filetest.gno	259	Launchpad Numerics CollectReward pattern=10 call=2/10	paid	3172162	3207040	34878	1.0995024844254486	33072	12	12	0	0	0	0	35	38	4987	35	38	4987
poc_launchpad_numerics_filetest.gno	260	Launchpad Numerics CollectReward pattern=10 call=3/10	paid	3180641	3215519	34878	1.0965714143784224	33072	12	12	0	0	0	0	35	39	4988	35	39	4988
poc_launchpad_numerics_filetest.gno	261	Launchpad Numerics CollectReward pattern=10 call=4/10	paid	3154506	3189384	34878	1.1056564799686543	33072	12	12	0	0	0	0	35	39	4987	35	39	4987
poc_launchpad_numerics_filetest.gno	262	Launchpad Numerics CollectReward pattern=10 call=5/10	paid	3158288	3193166	34878	1.10433247379593	33072	12	12	0	0	0	0	35	38	4987	35	38	4987
poc_launchpad_numerics_filetest.gno	263	Launchpad Numerics CollectReward pattern=10 call=6/10	paid	3157308	3192186	34878	1.1046752486612013	33072	12	12	0	0	0	0	35	38	4987	35	38	4987
poc_launchpad_numerics_filetest.gno	264	Launchpad Numerics CollectReward pattern=10 call=7/10	paid	3157858	3192736	34878	1.1044828488171412	33072	31	31	0	0	0	0	35	39	4988	35	39	4988
poc_launchpad_numerics_filetest.gno	265	Launchpad Numerics CollectReward pattern=10 call=8/10	paid	3170281	3205159	34878	1.1001548443182165	33072	20	20	0	0	0	0	35	38	4987	35	38	4987
poc_launchpad_numerics_filetest.gno	266	Launchpad Numerics CollectReward pattern=10 call=9/10	paid	3178798	3213676	34878	1.0972071833441446	33072	12	12	0	0	0	0	35	39	4987	35	39	4987
poc_launchpad_numerics_filetest.gno	267	Launchpad Numerics CollectReward pattern=10 call=10/10	paid	3166053	3200931	34878	1.1016240094527792	33072	14	14	0	0	0	0	34	39	4988	34	39	4988
poc_launchpad_numerics_filetest.gno	268	Launchpad Numerics CollectReward pattern=100 call=1/100	paid	3169354	3204232	34878	1.1004766270981405	33072	14	14	0	0	0	0	35	38	4988	35	38	4988
poc_launchpad_numerics_filetest.gno	269	Launchpad Numerics CollectReward pattern=100 call=2/100	paid	3168374	3203252	34878	1.1008170121330374	33072	12	12	0	0	0	0	35	38	4988	35	38	4988
poc_launchpad_numerics_filetest.gno	270	Launchpad Numerics CollectReward pattern=100 call=3/100	paid	3169354	3204232	34878	1.1004766270981405	33072	12	12	0	0	0	0	35	38	4988	35	38	4988
poc_launchpad_numerics_filetest.gno	271	Launchpad Numerics CollectReward pattern=100 call=4/100	paid	3180783	3215661	34878	1.0965224600357837	33072	12	12	0	0	0	0	35	39	4988	35	39	4988
poc_launchpad_numerics_filetest.gno	272	Launchpad Numerics CollectReward pattern=100 call=5/100	paid	3183723	3218601	34878	1.0955098794712983	33072	12	12	0	0	0	0	35	38	4987	35	38	4987
poc_launchpad_numerics_filetest.gno	273	Launchpad Numerics CollectReward pattern=100 call=6/100	paid	3192196	3227074	34878	1.0926020833307228	33072	12	12	0	0	0	0	35	38	4987	35	38	4987
poc_launchpad_numerics_filetest.gno	274	Launchpad Numerics CollectReward pattern=100 call=7/100	paid	3181266	3216144	34878	1.0963559790347617	33072	12	12	0	0	0	0	35	38	4987	35	38	4987
poc_launchpad_numerics_filetest.gno	275	Launchpad Numerics CollectReward pattern=100 call=8/100	paid	3182739	3217617	34878	1.0958485757079044	33072	12	12	0	0	0	0	35	38	4988	35	38	4988
poc_launchpad_numerics_filetest.gno	276	Launchpad Numerics CollectReward pattern=100 call=9/100	paid	3182242	3217120	34878	1.0960197244584164	33072	12	12	0	0	0	0	35	38	4988	35	38	4988
poc_launchpad_numerics_filetest.gno	277	Launchpad Numerics CollectReward pattern=100 call=10/100	paid	3169847	3204725	34878	1.1003054721568581	33072	12	12	0	0	0	0	35	39	4987	35	39	4987
poc_launchpad_numerics_filetest.gno	278	Launchpad Numerics CollectReward pattern=100 call=11/100	paid	3189400	3224278	34878	1.0935599172258106	33072	12	12	0	0	0	0	35	38	4987	35	38	4987
poc_launchpad_numerics_filetest.gno	279	Launchpad Numerics CollectReward pattern=100 call=12/100	paid	3196122	3231000	34878	1.0912599706769641	33072	12	12	0	0	0	0	34	39	4987	34	39	4987
poc_launchpad_numerics_filetest.gno	280	Launchpad Numerics CollectReward pattern=100 call=13/100	paid	3193176	3228054	34878	1.092266758863276	33072	12	12	0	0	0	0	35	38	4987	35	38	4987
poc_launchpad_numerics_filetest.gno	281	Launchpad Numerics CollectReward pattern=100 call=14/100	paid	3182739	3217617	34878	1.0958485757079044	33072	12	12	0	0	0	0	35	38	4988	35	38	4988
poc_launchpad_numerics_filetest.gno	282	Launchpad Numerics CollectReward pattern=100 call=15/100	paid	3171314	3206192	34878	1.0997964881434006	33072	12	12	0	0	0	0	35	38	4988	35	38	4988
poc_launchpad_numerics_filetest.gno	283	Launchpad Numerics CollectReward pattern=100 call=16/100	paid	3171807	3206685	34878	1.0996255446816279	33072	12	12	0	0	0	0	35	39	4987	35	39	4987
poc_launchpad_numerics_filetest.gno	284	Launchpad Numerics CollectReward pattern=100 call=17/100	paid	3179444	3214322	34878	1.0969842525925917	33072	12	12	0	0	0	0	35	38	4988	35	38	4988
poc_launchpad_numerics_filetest.gno	285	Launchpad Numerics CollectReward pattern=100 call=18/100	paid	3184206	3219084	34878	1.0953437057778297	33072	12	12	0	0	0	0	35	38	4988	35	38	4988
poc_launchpad_numerics_filetest.gno	286	Launchpad Numerics CollectReward pattern=100 call=19/100	paid	3172290	3207168	34878	1.0994581201592541	33072	12	12	0	0	0	0	35	38	4988	35	38	4988
poc_launchpad_numerics_filetest.gno	287	Launchpad Numerics CollectReward pattern=100 call=20/100	paid	3178817	3213695	34878	1.0972006252640527	33072	12	12	0	0	0	0	35	39	4988	35	39	4988
poc_launchpad_numerics_filetest.gno	288	Launchpad Numerics CollectReward pattern=100 call=21/100	paid	3180284	3215162	34878	1.0966945090438465	33072	12	12	0	0	0	0	35	38	4988	35	38	4988
poc_launchpad_numerics_filetest.gno	289	Launchpad Numerics CollectReward pattern=100 call=22/100	paid	3167881	3202759	34878	1.1009883262660434	33072	12	12	0	0	0	0	35	39	4988	35	39	4988
poc_launchpad_numerics_filetest.gno	290	Launchpad Numerics CollectReward pattern=100 call=23/100	paid	3168368	3203246	34878	1.1008190967715872	33072	12	12	0	0	0	0	35	38	4988	35	38	4988
poc_launchpad_numerics_filetest.gno	291	Launchpad Numerics CollectReward pattern=100 call=24/100	paid	3169348	3204226	34878	1.100478710447701	33072	12	12	0	0	0	0	35	38	4988	35	38	4988
poc_launchpad_numerics_filetest.gno	292	Launchpad Numerics CollectReward pattern=100 call=25/100	paid	3168368	3203246	34878	1.1008190967715872	33072	12	12	0	0	0	0	35	38	4988	35	38	4988
poc_launchpad_numerics_filetest.gno	293	Launchpad Numerics CollectReward pattern=100 call=26/100	paid	3168861	3203739	34878	1.1006478352947637	33072	12	12	0	0	0	0	35	39	4987	35	39	4987
poc_launchpad_numerics_filetest.gno	294	Launchpad Numerics CollectReward pattern=100 call=27/100	paid	3168861	3203739	34878	1.1006478352947637	33072	12	12	0	0	0	0	35	39	4987	35	39	4987
poc_launchpad_numerics_filetest.gno	295	Launchpad Numerics CollectReward pattern=100 call=28/100	paid	3176498	3211376	34878	1.0980016357636617	33072	12	12	0	0	0	0	35	38	4987	35	38	4987
poc_launchpad_numerics_filetest.gno	296	Launchpad Numerics CollectReward pattern=100 call=29/100	paid	3169344	3204222	34878	1.1004800993517903	33072	12	12	0	0	0	0	35	38	4987	35	38	4987
poc_launchpad_numerics_filetest.gno	297	Launchpad Numerics CollectReward pattern=100 call=30/100	paid	3169348	3204226	34878	1.100478710447701	33072	12	12	0	0	0	0	35	38	4988	35	38	4988
poc_launchpad_numerics_filetest.gno	298	Launchpad Numerics CollectReward pattern=100 call=31/100	paid	3169841	3204719	34878	1.1003075548584298	33072	12	12	0	0	0	0	35	39	4987	35	39	4987
poc_launchpad_numerics_filetest.gno	299	Launchpad Numerics CollectReward pattern=100 call=32/100	paid	3169348	3204226	34878	1.100478710447701	33072	12	12	0	0	0	0	35	38	4988	35	38	4988
poc_launchpad_numerics_filetest.gno	300	Launchpad Numerics CollectReward pattern=100 call=33/100	paid	3169841	3204719	34878	1.1003075548584298	33072	12	12	0	0	0	0	35	39	4987	35	39	4987
poc_launchpad_numerics_filetest.gno	301	Launchpad Numerics CollectReward pattern=100 call=34/100	paid	3165479	3200357	34878	1.1018237682195964	33072	12	12	0	0	0	0	35	38	4988	35	38	4988
poc_launchpad_numerics_filetest.gno	302	Launchpad Numerics CollectReward pattern=100 call=35/100	paid	3168368	3203246	34878	1.1008190967715872	33072	12	12	0	0	0	0	35	38	4988	35	38	4988
poc_launchpad_numerics_filetest.gno	303	Launchpad Numerics CollectReward pattern=100 call=36/100	paid	3169348	3204226	34878	1.100478710447701	33072	12	12	0	0	0	0	35	38	4988	35	38	4988
poc_launchpad_numerics_filetest.gno	304	Launchpad Numerics CollectReward pattern=100 call=37/100	paid	3156945	3191823	34878	1.1048022692824868	33072	12	12	0	0	0	0	35	39	4987	35	39	4987
poc_launchpad_numerics_filetest.gno	305	Launchpad Numerics CollectReward pattern=100 call=38/100	paid	3157477	3192310	34833	1.1031909337740227	33072	12	12	0	0	0	0	35	38	4981	35	38	4981
poc_launchpad_numerics_filetest.gno	306	Launchpad Numerics CollectReward pattern=100 call=39/100	paid	3156990	3191823	34833	1.1033611129588627	33072	12	12	0	0	0	0	35	39	4981	35	39	4981
poc_launchpad_numerics_filetest.gno	307	Launchpad Numerics CollectReward pattern=100 call=40/100	paid	3158457	3193290	34833	1.1028486378000397	33072	12	12	0	0	0	0	35	38	4981	35	38	4981
poc_launchpad_numerics_filetest.gno	308	Launchpad Numerics CollectReward pattern=100 call=41/100	paid	3158457	3193290	34833	1.1028486378000397	33072	12	12	0	0	0	0	35	38	4981	35	38	4981
poc_launchpad_numerics_filetest.gno	309	Launchpad Numerics CollectReward pattern=100 call=42/100	paid	3168417	3203250	34833	1.0993818048571258	33072	12	12	0	0	0	0	35	38	4981	35	38	4981
poc_launchpad_numerics_filetest.gno	310	Launchpad Numerics CollectReward pattern=100 call=43/100	paid	3168910	3203743	34833	1.0992107696337226	33072	12	12	0	0	0	0	35	39	4981	35	39	4981
poc_launchpad_numerics_filetest.gno	311	Launchpad Numerics CollectReward pattern=100 call=44/100	paid	3157481	3192314	34833	1.1031895362157365	33072	12	12	0	0	0	0	35	38	4981	35	38	4981
poc_launchpad_numerics_filetest.gno	312	Launchpad Numerics CollectReward pattern=100 call=45/100	paid	3153699	3188532	34833	1.1045125105471385	33072	12	12	0	0	0	0	35	38	4982	35	38	4982
poc_launchpad_numerics_filetest.gno	313	Launchpad Numerics CollectReward pattern=100 call=46/100	paid	3158461	3193294	34833	1.1028472411088819	33072	12	12	0	0	0	0	35	38	4982	35	38	4982
poc_launchpad_numerics_filetest.gno	314	Launchpad Numerics CollectReward pattern=100 call=47/100	paid	3157481	3192314	34833	1.1031895362157365	33072	12	12	0	0	0	0	35	38	4981	35	38	4981
poc_launchpad_numerics_filetest.gno	315	Launchpad Numerics CollectReward pattern=100 call=48/100	paid	3157974	3192807	34833	1.1030173142654118	33072	12	12	0	0	0	0	35	39	4981	35	39	4981
poc_launchpad_numerics_filetest.gno	316	Launchpad Numerics CollectReward pattern=100 call=49/100	paid	3168910	3203743	34833	1.0992107696337226	33072	12	12	0	0	0	0	35	39	4981	35	39	4981
poc_launchpad_numerics_filetest.gno	317	Launchpad Numerics CollectReward pattern=100 call=50/100	paid	3169890	3204723	34833	1.098870938739199	33072	12	12	0	0	0	0	35	39	4981	35	39	4981
poc_launchpad_numerics_filetest.gno	318	Launchpad Numerics CollectReward pattern=100 call=51/100	paid	3158461	3193294	34833	1.1028472411088819	33072	12	12	0	0	0	0	35	38	4982	35	38	4982
poc_launchpad_numerics_filetest.gno	319	Launchpad Numerics CollectReward pattern=100 call=52/100	paid	3157974	3192834	34860	1.1038722928054505	33072	12	12	0	0	0	0	35	39	4985	35	39	4985
poc_launchpad_numerics_filetest.gno	320	Launchpad Numerics CollectReward pattern=100 call=53/100	paid	3159441	3194313	34872	1.1037395539274195	33072	12	12	0	0	0	0	35	38	4986	35	38	4986
poc_launchpad_numerics_filetest.gno	321	Launchpad Numerics CollectReward pattern=100 call=54/100	paid	3157974	3192852	34878	1.1044422784988097	33072	12	12	0	0	0	0	35	39	4987	35	39	4987
poc_launchpad_numerics_filetest.gno	322	Launchpad Numerics CollectReward pattern=100 call=55/100	paid	3159441	3194319	34878	1.103929460939451	33072	12	12	0	0	0	0	35	38	4987	35	38	4987
poc_launchpad_numerics_filetest.gno	323	Launchpad Numerics CollectReward pattern=100 call=56/100	paid	3155659	3190537	34878	1.1052525003493723	33072	12	12	0	0	0	0	35	38	4987	35	38	4987
poc_launchpad_numerics_filetest.gno	324	Launchpad Numerics CollectReward pattern=100 call=57/100	paid	3168413	3203291	34878	1.100803462174912	33072	12	12	0	0	0	0	35	38	4987	35	38	4987
poc_launchpad_numerics_filetest.gno	325	Launchpad Numerics CollectReward pattern=100 call=58/100	paid	3169393	3204271	34878	1.100463085518268	33072	12	12	0	0	0	0	35	38	4987	35	38	4987
poc_launchpad_numerics_filetest.gno	326	Launchpad Numerics CollectReward pattern=100 call=59/100	paid	3157477	3192355	34878	1.104616122302712	33072	12	12	0	0	0	0	35	38	4987	35	38	4987
poc_launchpad_numerics_filetest.gno	327	Launchpad Numerics CollectReward pattern=100 call=60/100	paid	3157970	3192848	34878	1.104443677425688	33072	12	12	0	0	0	0	35	39	4988	35	39	4988
poc_launchpad_numerics_filetest.gno	328	Launchpad Numerics CollectReward pattern=100 call=61/100	paid	3157481	3192359	34878	1.1046147229389505	33072	12	12	0	0	0	0	35	38	4988	35	38	4988
poc_launchpad_numerics_filetest.gno	329	Launchpad Numerics CollectReward pattern=100 call=62/100	paid	3154679	3189557	34878	1.1055958466772688	33072	12	12	0	0	0	0	35	38	4987	35	38	4987
poc_launchpad_numerics_filetest.gno	330	Launchpad Numerics CollectReward pattern=100 call=63/100	paid	3158461	3193339	34878	1.1042719856284438	33072	12	12	0	0	0	0	35	38	4988	35	38	4988
poc_launchpad_numerics_filetest.gno	331	Launchpad Numerics CollectReward pattern=100 call=64/100	paid	3169397	3204275	34878	1.1004616966571243	33072	12	12	0	0	0	0	35	38	4988	35	38	4988
poc_launchpad_numerics_filetest.gno	332	Launchpad Numerics CollectReward pattern=100 call=65/100	paid	3170377	3205255	34878	1.1001215312879193	33072	12	12	0	0	0	0	35	38	4988	35	38	4988
poc_launchpad_numerics_filetest.gno	333	Launchpad Numerics CollectReward pattern=100 call=66/100	paid	3157974	3192852	34878	1.1044422784988097	33072	12	12	0	0	0	0	35	39	4987	35	39	4987
poc_launchpad_numerics_filetest.gno	334	Launchpad Numerics CollectReward pattern=100 call=67/100	paid	3157974	3192852	34878	1.1044422784988097	33072	12	12	0	0	0	0	35	39	4987	35	39	4987
poc_launchpad_numerics_filetest.gno	335	Launchpad Numerics CollectReward pattern=100 call=68/100	paid	3159441	3194319	34878	1.103929460939451	33072	12	12	0	0	0	0	35	38	4987	35	38	4987
poc_launchpad_numerics_filetest.gno	336	Launchpad Numerics CollectReward pattern=100 call=69/100	paid	3159437	3194315	34878	1.1039308585675232	33072	12	12	0	0	0	0	35	38	4988	35	38	4988
poc_launchpad_numerics_filetest.gno	337	Launchpad Numerics CollectReward pattern=100 call=70/100	paid	3159441	3194319	34878	1.103929460939451	33072	12	12	0	0	0	0	35	38	4987	35	38	4987
poc_launchpad_numerics_filetest.gno	338	Launchpad Numerics CollectReward pattern=100 call=71/100	paid	3168910	3203788	34878	1.1006308162743657	33072	12	12	0	0	0	0	35	39	4987	35	39	4987
poc_launchpad_numerics_filetest.gno	339	Launchpad Numerics CollectReward pattern=100 call=72/100	paid	3169890	3204768	34878	1.1002905463596528	33072	12	12	0	0	0	0	35	39	4987	35	39	4987
poc_launchpad_numerics_filetest.gno	340	Launchpad Numerics CollectReward pattern=100 call=73/100	paid	3166595	3201473	34878	1.1014354535392117	33072	12	12	0	0	0	0	35	38	4987	35	38	4987
poc_launchpad_numerics_filetest.gno	341	Launchpad Numerics CollectReward pattern=100 call=74/100	paid	3171357	3206235	34878	1.0997815761517862	33072	12	12	0	0	0	0	35	38	4987	35	38	4987
poc_launchpad_numerics_filetest.gno	342	Launchpad Numerics CollectReward pattern=100 call=75/100	paid	3169890	3204768	34878	1.1002905463596528	33072	12	12	0	0	0	0	35	39	4987	35	39	4987
poc_launchpad_numerics_filetest.gno	343	Launchpad Numerics CollectReward pattern=100 call=76/100	paid	3171357	3206235	34878	1.0997815761517862	33072	12	12	0	0	0	0	35	38	4987	35	38	4987
poc_launchpad_numerics_filetest.gno	344	Launchpad Numerics CollectReward pattern=100 call=77/100	paid	3170870	3205748	34878	1.099950486774923	33072	12	12	0	0	0	0	35	39	4987	35	39	4987
poc_launchpad_numerics_filetest.gno	345	Launchpad Numerics CollectReward pattern=100 call=78/100	paid	3171850	3206728	34878	1.0996106373252204	33072	12	12	0	0	0	0	35	38	4988	35	38	4988
poc_launchpad_numerics_filetest.gno	346	Launchpad Numerics CollectReward pattern=100 call=79/100	paid	3167571	3202449	34878	1.1010960764573232	33072	12	12	0	0	0	0	35	38	4988	35	38	4988
poc_launchpad_numerics_filetest.gno	347	Launchpad Numerics CollectReward pattern=100 call=80/100	paid	3171357	3206235	34878	1.0997815761517862	33072	12	12	0	0	0	0	35	38	4987	35	38	4987
poc_launchpad_numerics_filetest.gno	348	Launchpad Numerics CollectReward pattern=100 call=81/100	paid	3172337	3207215	34878	1.0994418310538887	33072	12	12	0	0	0	0	35	38	4987	35	38	4987
poc_launchpad_numerics_filetest.gno	349	Launchpad Numerics CollectReward pattern=100 call=82/100	paid	3171357	3206235	34878	1.0997815761517862	33072	12	12	0	0	0	0	35	38	4987	35	38	4987
poc_launchpad_numerics_filetest.gno	350	Launchpad Numerics CollectReward pattern=100 call=83/100	paid	3171850	3206728	34878	1.0996106373252204	33072	12	12	0	0	0	0	35	38	4988	35	38	4988
poc_launchpad_numerics_filetest.gno	351	Launchpad Numerics CollectReward pattern=100 call=84/100	paid	3172337	3207215	34878	1.0994418310538887	33072	12	12	0	0	0	0	35	38	4987	35	38	4987
poc_launchpad_numerics_filetest.gno	352	Launchpad Numerics CollectReward pattern=100 call=85/100	paid	3158461	3193339	34878	1.1042719856284438	33072	12	12	0	0	0	0	35	38	4988	35	38	4988
poc_launchpad_numerics_filetest.gno	353	Launchpad Numerics CollectReward pattern=100 call=86/100	paid	3174495	3209373	34878	1.0986944380129753	33072	18	18	0	0	0	0	35	39	4988	35	39	4988
poc_launchpad_numerics_filetest.gno	354	Launchpad Numerics CollectReward pattern=100 call=87/100	paid	3162579	3197457	34878	1.1028341110214164	33072	18	18	0	0	0	0	35	39	4988	35	39	4988
poc_launchpad_numerics_filetest.gno	355	Launchpad Numerics CollectReward pattern=100 call=88/100	paid	3162579	3197457	34878	1.1028341110214164	33072	18	18	0	0	0	0	35	39	4988	35	39	4988
poc_launchpad_numerics_filetest.gno	356	Launchpad Numerics CollectReward pattern=100 call=89/100	paid	3185490	3220368	34878	1.0949021971502029	33072	18	18	0	0	0	0	35	38	4987	35	38	4987
poc_launchpad_numerics_filetest.gno	357	Launchpad Numerics CollectReward pattern=100 call=90/100	paid	3182199	3217077	34878	1.0960345346095577	33072	18	18	0	0	0	0	35	38	4988	35	38	4988
poc_launchpad_numerics_filetest.gno	358	Launchpad Numerics CollectReward pattern=100 call=91/100	paid	3186961	3221839	34878	1.0943968250631244	33072	18	18	0	0	0	0	35	39	4987	35	39	4987
poc_launchpad_numerics_filetest.gno	359	Launchpad Numerics CollectReward pattern=100 call=92/100	paid	3185981	3220859	34878	1.0947334588624351	33072	18	18	0	0	0	0	35	38	4987	35	38	4987
poc_launchpad_numerics_filetest.gno	360	Launchpad Numerics CollectReward pattern=100 call=93/100	paid	3186961	3221839	34878	1.0943968250631244	33072	18	18	0	0	0	0	35	39	4987	35	39	4987
poc_launchpad_numerics_filetest.gno	361	Launchpad Numerics CollectReward pattern=100 call=94/100	paid	3186474	3221352	34878	1.0945640855691903	33072	18	18	0	0	0	0	35	38	4988	35	38	4988
poc_launchpad_numerics_filetest.gno	362	Launchpad Numerics CollectReward pattern=100 call=95/100	paid	3178894	3213772	34878	1.0971740485841932	33072	12	12	0	0	0	0	35	39	4988	35	39	4988
poc_launchpad_numerics_filetest.gno	363	Launchpad Numerics CollectReward pattern=100 call=96/100	paid	3172217	3207095	34878	1.09948342121614	33072	12	12	0	0	0	0	35	38	4987	35	38	4987
poc_launchpad_numerics_filetest.gno	364	Launchpad Numerics CollectReward pattern=100 call=97/100	paid	3168441	3203319	34878	1.1007937342055605	33072	12	12	0	0	0	0	35	38	4987	35	38	4987
poc_launchpad_numerics_filetest.gno	365	Launchpad Numerics CollectReward pattern=100 call=98/100	paid	3167954	3202832	34878	1.1009629559015062	33072	12	12	0	0	0	0	35	39	4987	35	39	4987
poc_launchpad_numerics_filetest.gno	366	Launchpad Numerics CollectReward pattern=100 call=99/100	paid	3168441	3203319	34878	1.1007937342055605	33072	12	12	0	0	0	0	35	38	4987	35	38	4987
poc_launchpad_numerics_filetest.gno	367	Launchpad Numerics CollectReward pattern=100 call=100/100	paid	3168934	3203812	34878	1.1006224806196658	33072	12	12	0	0	0	0	35	39	4988	35	39	4988
poc_launchpad_numerics_filetest.gno	368	Launchpad Numerics CollectDepositGns call=1/256	paid	8079071	8142787	63716	0.7886550322431873	60610	-3682	-3321	361	36100	0	-36100	63	71	9111	36163	36171	45211
poc_launchpad_numerics_filetest.gno	369	Launchpad Numerics CollectDepositGns call=2/256	paid	7667252	7726286	59034	0.7699499116502235	55459	-5733	-5372	361	36100	0	-36100	59	65	8441	36159	36165	44541
poc_launchpad_numerics_filetest.gno	370	Launchpad Numerics CollectDepositGns call=3/256	paid	7496100	7555134	59034	0.787529515347981	55459	-2258	-1897	361	36100	0	-36100	59	65	8442	36159	36165	44542
poc_launchpad_numerics_filetest.gno	371	Launchpad Numerics CollectDepositGns call=4/256	paid	7642316	7701332	59016	0.7722266391497028	55459	-5699	-5334	365	36500	0	-36500	59	65	8439	36559	36565	44939
poc_launchpad_numerics_filetest.gno	372	Launchpad Numerics CollectDepositGns call=5/256	paid	7569192	7628148	58956	0.7788942333607075	55459	-2263	-1902	361	36100	0	-36100	59	64	8431	36159	36164	44531
poc_launchpad_numerics_filetest.gno	373	Launchpad Numerics CollectDepositGns call=6/256	paid	7700861	7759766	58905	0.7649144686548686	55459	-5742	-5374	368	36800	0	-36800	59	65	8423	36859	36865	45223
poc_launchpad_numerics_filetest.gno	374	Launchpad Numerics CollectDepositGns call=7/256	paid	7695911	7754924	59013	0.7668098032838477	55459	-5730	-5369	361	36100	0	-36100	59	65	8439	36159	36165	44539
poc_launchpad_numerics_filetest.gno	375	Launchpad Numerics CollectDepositGns call=8/256	paid	7569235	7628257	59022	0.7797617592795044	55459	-2263	-1902	361	36100	0	-36100	59	65	8440	36159	36165	44540
poc_launchpad_numerics_filetest.gno	376	Launchpad Numerics CollectDepositGns call=9/256	paid	7494403	7553437	59034	0.7877078401041417	55459	-2258	-1897	361	36100	0	-36100	59	65	8442	36159	36165	44542
poc_launchpad_numerics_filetest.gno	377	Launchpad Numerics CollectDepositGns call=10/256	paid	7529751	7588785	59034	0.7840099891749408	55459	-2258	-1897	361	36100	0	-36100	59	65	8442	36159	36165	44542
poc_launchpad_numerics_filetest.gno	378	Launchpad Numerics CollectDepositGns call=11/256	paid	7499633	7558667	59034	0.7871585182901617	55459	-2277	-1916	361	36100	0	-36100	59	65	8442	36159	36165	44542
poc_launchpad_numerics_filetest.gno	379	Launchpad Numerics CollectDepositGns call=12/256	paid	7588253	7647287	59034	0.7779656266073364	55459	-2265	-1904	361	36100	0	-36100	59	65	8442	36159	36165	44542
poc_launchpad_numerics_filetest.gno	380	Launchpad Numerics CollectDepositGns call=13/256	paid	7713592	7772626	59034	0.7653243780588862	55459	-5733	-5372	361	36100	0	-36100	59	65	8442	36159	36165	44542
poc_launchpad_numerics_filetest.gno	381	Launchpad Numerics CollectDepositGns call=14/256	paid	7595355	7654389	59034	0.7772381936064872	55459	-2265	-1904	361	36100	0	-36100	59	65	8442	36159	36165	44542
poc_launchpad_numerics_filetest.gno	382	Launchpad Numerics CollectDepositGns call=15/256	paid	7544881	7603915	59034	0.7824377879518577	55459	-2264	-1903	361	36100	0	-36100	59	65	8442	36159	36165	44542
poc_launchpad_numerics_filetest.gno	383	Launchpad Numerics CollectDepositGns call=16/256	paid	7518840	7577874	59034	0.7851477089551048	55459	-2277	-1916	361	36100	0	-36100	59	65	8441	36159	36165	44541
poc_launchpad_numerics_filetest.gno	384	Launchpad Numerics CollectDepositGns call=17/256	paid	7758141	7817175	59034	0.7609297124143529	55459	-9095	-8734	361	36100	0	-36100	59	65	8442	36159	36165	44542
poc_launchpad_numerics_filetest.gno	385	Launchpad Numerics CollectDepositGns call=18/256	paid	7597998	7657032	59034	0.7769678275777382	55459	-2265	-1904	361	36100	0	-36100	60	65	8442	36160	36165	44542
poc_launchpad_numerics_filetest.gno	386	Launchpad Numerics CollectDepositGns call=19/256	paid	7617926	7676960	59034	0.7749353301672922	55459	-2265	-1904	361	36100	0	-36100	59	65	8442	36159	36165	44542
poc_launchpad_numerics_filetest.gno	387	Launchpad Numerics CollectDepositGns call=20/256	paid	7512230	7571264	59034	0.7858385592560398	55459	-2277	-1916	361	36100	0	-36100	59	65	8442	36159	36165	44542
poc_launchpad_numerics_filetest.gno	388	Launchpad Numerics CollectDepositGns call=21/256	paid	7588704	7647738	59034	0.7779193917696618	55459	-2265	-1904	361	36100	0	-36100	59	65	8442	36159	36165	44542
poc_launchpad_numerics_filetest.gno	389	Launchpad Numerics CollectDepositGns call=22/256	paid	7547266	7606300	59034	0.7821905309816827	55459	-2264	-1903	361	36100	0	-36100	59	65	8441	36159	36165	44541
poc_launchpad_numerics_filetest.gno	390	Launchpad Numerics CollectDepositGns call=23/256	paid	7521078	7580112	59034	0.7849140774766596	55459	-2277	-1916	361	36100	0	-36100	59	65	8442	36159	36165	44542
poc_launchpad_numerics_filetest.gno	391	Launchpad Numerics CollectDepositGns call=24/256	paid	7633998	7693032	59034	0.7733038441980205	55459	-5563	-5202	361	36100	0	-36100	60	65	8442	36160	36165	44542
poc_launchpad_numerics_filetest.gno	392	Launchpad Numerics CollectDepositGns call=25/256	paid	7720779	7779804	59025	0.7644953961251837	55459	-5486	-5125	361	36100	0	-36100	59	65	8440	36159	36165	44540
poc_launchpad_numerics_filetest.gno	393	Launchpad Numerics CollectDepositGns call=26/256	paid	7492104	7551138	59034	0.7879495532897034	55459	-2277	-1916	361	36100	0	-36100	59	65	8442	36159	36165	44542
poc_launchpad_numerics_filetest.gno	394	Launchpad Numerics CollectDepositGns call=27/256	paid	7491160	7550194	59034	0.7880488469075551	55459	-2277	-1916	361	36100	0	-36100	59	65	8442	36159	36165	44542
poc_launchpad_numerics_filetest.gno	395	Launchpad Numerics CollectDepositGns call=28/256	paid	7498660	7557694	59034	0.7872606572374264	55459	-2277	-1916	361	36100	0	-36100	59	65	8442	36159	36165	44542
poc_launchpad_numerics_filetest.gno	396	Launchpad Numerics CollectDepositGns call=29/256	paid	7496736	7555770	59034	0.7874627037686801	55459	-2277	-1916	361	36100	0	-36100	59	65	8442	36159	36165	44542
poc_launchpad_numerics_filetest.gno	397	Launchpad Numerics CollectDepositGns call=30/256	paid	7487100	7546134	59034	0.788476179027928	55459	-2277	-1916	361	36100	0	-36100	59	65	8442	36159	36165	44542
poc_launchpad_numerics_filetest.gno	398	Launchpad Numerics CollectDepositGns call=31/256	paid	7522176	7581210	59034	0.784799504824136	55459	-2276	-1915	361	36100	0	-36100	59	65	8442	36159	36165	44542
poc_launchpad_numerics_filetest.gno	399	Launchpad Numerics CollectDepositGns call=32/256	paid	7521235	7580269	59034	0.7848976929985567	55459	-2276	-1915	361	36100	0	-36100	59	65	8442	36159	36165	44542
poc_launchpad_numerics_filetest.gno	400	Launchpad Numerics CollectDepositGns call=33/256	paid	7510622	7569656	59034	0.7860068047626415	55459	-2276	-1915	361	36100	0	-36100	59	65	8442	36159	36165	44542
poc_launchpad_numerics_filetest.gno	401	Launchpad Numerics CollectDepositGns call=34/256	paid	7508946	7567980	59034	0.7861822418219547	55459	-2276	-1915	361	36100	0	-36100	59	65	8442	36159	36165	44542
poc_launchpad_numerics_filetest.gno	402	Launchpad Numerics CollectDepositGns call=35/256	paid	7508005	7567039	59034	0.7862807763180765	55459	-2276	-1915	361	36100	0	-36100	59	65	8442	36159	36165	44542
poc_launchpad_numerics_filetest.gno	403	Launchpad Numerics CollectDepositGns call=36/256	paid	7505594	7564628	59034	0.786533350991274	55459	-2276	-1915	361	36100	0	-36100	59	65	8442	36159	36165	44542
poc_launchpad_numerics_filetest.gno	404	Launchpad Numerics CollectDepositGns call=37/256	paid	7597517	7656551	59034	0.7770170175334915	55459	-2275	-1914	361	36100	0	-36100	59	65	8442	36159	36165	44542
poc_launchpad_numerics_filetest.gno	405	Launchpad Numerics CollectDepositGns call=38/256	paid	7585629	7644663	59034	0.7782347383453633	55459	-2276	-1915	361	36100	0	-36100	59	65	8442	36159	36165	44542
poc_launchpad_numerics_filetest.gno	406	Launchpad Numerics CollectDepositGns call=39/256	paid	7607840	7666712	58872	0.7738333087972408	55459	-2276	-1915	361	36100	0	-36100	59	65	8418	36159	36165	44518
poc_launchpad_numerics_filetest.gno	407	Launchpad Numerics CollectDepositGns call=40/256	paid	7597962	7656834	58872	0.7748393582384329	55459	-2276	-1915	361	36100	0	-36100	59	65	8419	36159	36165	44519
poc_launchpad_numerics_filetest.gno	408	Launchpad Numerics CollectDepositGns call=41/256	paid	7596289	7655161	58872	0.7750100081763609	55459	-2276	-1915	361	36100	0	-36100	59	65	8419	36159	36165	44519
poc_launchpad_numerics_filetest.gno	409	Launchpad Numerics CollectDepositGns call=42/256	paid	7595348	7654220	58872	0.7751060254250365	55459	-2276	-1915	361	36100	0	-36100	59	65	8419	36159	36165	44519
poc_launchpad_numerics_filetest.gno	410	Launchpad Numerics CollectDepositGns call=43/256	paid	7592937	7651809	58872	0.7753521463433715	55459	-2276	-1915	361	36100	0	-36100	59	64	8419	36159	36164	44519
poc_launchpad_numerics_filetest.gno	411	Launchpad Numerics CollectDepositGns call=44/256	paid	7591996	7650868	58872	0.7754482483921225	55459	-2276	-1915	361	36100	0	-36100	59	64	8419	36159	36164	44519
poc_launchpad_numerics_filetest.gno	412	Launchpad Numerics CollectDepositGns call=45/256	paid	7590320	7649192	58872	0.7756194732237903	55459	-2276	-1915	361	36100	0	-36100	59	65	8419	36159	36165	44519
poc_launchpad_numerics_filetest.gno	413	Launchpad Numerics CollectDepositGns call=46/256	paid	7708264	7767253	58989	0.7652695859923843	55459	-5745	-5384	361	36100	0	-36100	59	64	8436	36159	36164	44536
poc_launchpad_numerics_filetest.gno	414	Launchpad Numerics CollectDepositGns call=47/256	paid	7490643	7549641	58998	0.7876226380031728	55459	-2276	-1915	361	36100	0	-36100	59	65	8437	36159	36165	44537
poc_launchpad_numerics_filetest.gno	415	Launchpad Numerics CollectDepositGns call=48/256	paid	7480030	7539028	58998	0.7887401521116894	55459	-2278	-1915	363	36300	0	-36300	59	64	8437	36359	36364	44737
poc_launchpad_numerics_filetest.gno	416	Launchpad Numerics CollectDepositGns call=49/256	paid	7479433	7538332	58899	0.7874794787251921	55459	-2291	-1915	376	37600	0	-37600	59	65	8423	37659	37665	46023
poc_launchpad_numerics_filetest.gno	417	Launchpad Numerics CollectDepositGns call=50/256	paid	7476765	7535676	58911	0.7879209791935415	55459	-2291	-1915	376	37600	0	-37600	59	65	8424	37659	37665	46024
poc_launchpad_numerics_filetest.gno	418	Launchpad Numerics CollectDepositGns call=51/256	paid	7476792	7535715	58923	0.7880786305142633	55459	-2291	-1915	376	37600	0	-37600	59	65	8426	37659	37665	46026
poc_launchpad_numerics_filetest.gno	419	Launchpad Numerics CollectDepositGns call=52/256	paid	7590523	7649332	58809	0.7747687478188262	55459	-2290	-1914	376	37600	0	-37600	59	65	8410	37659	37665	46010
poc_launchpad_numerics_filetest.gno	420	Launchpad Numerics CollectDepositGns call=53/256	paid	7586093	7644914	58821	0.7753793685366104	55459	-2291	-1915	376	37600	0	-37600	58	65	8411	37658	37665	46011
poc_launchpad_numerics_filetest.gno	421	Launchpad Numerics CollectDepositGns call=54/256	paid	7599188	7657973	58785	0.7735694918983449	55459	-2291	-1915	376	37600	0	-37600	58	64	8407	37658	37664	46007
poc_launchpad_numerics_filetest.gno	422	Launchpad Numerics CollectDepositGns call=55/256	paid	7588563	7647360	58797	0.7748107250345025	55459	-2291	-1915	376	37600	0	-37600	59	65	8408	37659	37665	46008
poc_launchpad_numerics_filetest.gno	423	Launchpad Numerics CollectDepositGns call=56/256	paid	7586875	7645684	58809	0.7751412801713485	55459	-2291	-1915	376	37600	0	-37600	59	65	8409	37659	37665	46009
poc_launchpad_numerics_filetest.gno	424	Launchpad Numerics CollectDepositGns call=57/256	paid	7585922	7644743	58821	0.7753968469488614	55459	-2291	-1915	376	37600	0	-37600	59	65	8412	37659	37665	46012
poc_launchpad_numerics_filetest.gno	425	Launchpad Numerics CollectDepositGns call=58/256	paid	7583499	7642332	58833	0.77580283191176	55459	-2291	-1915	376	37600	0	-37600	59	65	8413	37659	37665	46013
poc_launchpad_numerics_filetest.gno	426	Launchpad Numerics CollectDepositGns call=59/256	paid	7582546	7641391	58845	0.7760585956221037	55459	-2291	-1915	376	37600	0	-37600	59	65	8414	37659	37665	46014
poc_launchpad_numerics_filetest.gno	427	Launchpad Numerics CollectDepositGns call=60/256	paid	7708699	7767586	58887	0.7639032215423122	55459	-5771	-5384	387	38700	0	-38700	59	65	8421	38759	38765	47121
poc_launchpad_numerics_filetest.gno	428	Launchpad Numerics CollectDepositGns call=61/256	paid	7492484	7551383	58899	0.7861077848147557	55459	-2291	-1915	376	37600	0	-37600	59	65	8422	37659	37665	46022
poc_launchpad_numerics_filetest.gno	429	Launchpad Numerics CollectDepositGns call=62/256	paid	7481859	7540770	58911	0.7873845256907408	55459	-2291	-1915	376	37600	0	-37600	59	64	8425	37659	37664	46025
poc_launchpad_numerics_filetest.gno	430	Launchpad Numerics CollectDepositGns call=63/256	paid	7481151	7540098	58947	0.7879402514399187	55459	-2291	-1923	368	36800	0	-36800	59	65	8430	36859	36865	45230
poc_launchpad_numerics_filetest.gno	431	Launchpad Numerics CollectDepositGns call=64/256	paid	7479218	7538237	59019	0.7891065616752981	55459	-2291	-1926	365	36500	0	-36500	59	65	8439	36559	36565	44939
poc_launchpad_numerics_filetest.gno	432	Launchpad Numerics CollectDepositGns call=65/256	paid	7477775	7536809	59034	0.7894594314485258	55459	-2291	-1927	364	36400	0	-36400	59	65	8442	36459	36465	44842
poc_launchpad_numerics_filetest.gno	433	Launchpad Numerics CollectDepositGns call=66/256	paid	7590284	7649318	59034	0.777757459404681	55459	-2290	-1926	364	36400	0	-36400	59	65	8442	36459	36465	44842
poc_launchpad_numerics_filetest.gno	434	Launchpad Numerics CollectDepositGns call=67/256	paid	7578384	7637418	59034	0.7789787374194815	55459	-2291	-1927	364	36400	0	-36400	59	65	8442	36459	36465	44842
poc_launchpad_numerics_filetest.gno	435	Launchpad Numerics CollectDepositGns call=68/256	paid	7705563	7764597	59034	0.7661218265297423	55459	-5771	-5407	364	36400	0	-36400	59	65	8442	36459	36465	44842
poc_launchpad_numerics_filetest.gno	436	Launchpad Numerics CollectDepositGns call=69/256	paid	7490766	7549800	59034	0.7880902967733874	55459	-2291	-1927	364	36400	0	-36400	59	65	8442	36459	36465	44842
poc_launchpad_numerics_filetest.gno	437	Launchpad Numerics CollectDepositGns call=70/256	paid	7480141	7539175	59034	0.7892097221162008	55459	-2291	-1927	364	36400	0	-36400	59	65	8442	36459	36465	44842
poc_launchpad_numerics_filetest.gno	438	Launchpad Numerics CollectDepositGns call=71/256	paid	7480168	7539202	59034	0.7892068734285113	55459	-2291	-1927	364	36400	0	-36400	59	65	8441	36459	36465	44841
poc_launchpad_numerics_filetest.gno	439	Launchpad Numerics CollectDepositGns call=72/256	paid	7476768	7535802	59034	0.7895657588947523	55459	-2291	-1927	364	36400	0	-36400	59	65	8442	36459	36465	44842
poc_launchpad_numerics_filetest.gno	440	Launchpad Numerics CollectDepositGns call=73/256	paid	7476795	7535829	59034	0.7895629076362265	55459	-2291	-1927	364	36400	0	-36400	59	65	8442	36459	36465	44842
poc_launchpad_numerics_filetest.gno	441	Launchpad Numerics CollectDepositGns call=74/256	paid	7590532	7649566	59034	0.7777320482938482	55459	-2290	-1926	364	36400	0	-36400	59	65	8441	36459	36465	44841
poc_launchpad_numerics_filetest.gno	442	Launchpad Numerics CollectDepositGns call=75/256	paid	7586834	7645868	59034	0.7781111330497016	55459	-2291	-1927	364	36400	0	-36400	59	65	8442	36459	36465	44842
poc_launchpad_numerics_filetest.gno	443	Launchpad Numerics CollectDepositGns call=76/256	paid	7599929	7658963	59034	0.776770414565715	55459	-2291	-1927	364	36400	0	-36400	59	65	8442	36459	36465	44842
poc_launchpad_numerics_filetest.gno	444	Launchpad Numerics CollectDepositGns call=77/256	paid	7589304	7648338	59034	0.7778578905259297	55459	-2291	-1927	364	36400	0	-36400	59	65	8442	36459	36465	44842
poc_launchpad_numerics_filetest.gno	445	Launchpad Numerics CollectDepositGns call=78/256	paid	7587616	7646650	59034	0.7780309388350702	55459	-2291	-1927	364	36400	0	-36400	59	65	8441	36459	36465	44841
poc_launchpad_numerics_filetest.gno	446	Launchpad Numerics CollectDepositGns call=79/256	paid	7586663	7645697	59034	0.7781286713275652	55459	-2291	-1927	364	36400	0	-36400	59	65	8442	36459	36465	44842
poc_launchpad_numerics_filetest.gno	447	Launchpad Numerics CollectDepositGns call=80/256	paid	7584972	7644006	59034	0.7783021479841983	55459	-2291	-1927	364	36400	0	-36400	60	65	8442	36460	36465	44842
poc_launchpad_numerics_filetest.gno	448	Launchpad Numerics CollectDepositGns call=81/256	paid	7583287	7642321	59034	0.7784750860675589	55459	-2291	-1927	364	36400	0	-36400	59	65	8441	36459	36465	44841
poc_launchpad_numerics_filetest.gno	449	Launchpad Numerics CollectDepositGns call=82/256	paid	7705863	7764897	59034	0.7660920003379245	55459	-5771	-5407	364	36400	0	-36400	59	65	8442	36459	36465	44842
poc_launchpad_numerics_filetest.gno	450	Launchpad Numerics CollectDepositGns call=83/256	paid	7492484	7551518	59034	0.7879095904642572	55459	-2291	-1927	364	36400	0	-36400	59	65	8442	36459	36465	44842
poc_launchpad_numerics_filetest.gno	451	Launchpad Numerics CollectDepositGns call=84/256	paid	7490796	7549830	59034	0.7880871405388693	55459	-2291	-1927	364	36400	0	-36400	59	65	8442	36459	36465	44842
poc_launchpad_numerics_filetest.gno	452	Launchpad Numerics CollectDepositGns call=85/256	paid	7490823	7549857	59034	0.7880842999494181	55459	-2291	-1927	364	36400	0	-36400	59	65	8442	36459	36465	44842
poc_launchpad_numerics_filetest.gno	453	Launchpad Numerics CollectDepositGns call=86/256	paid	7487420	7546454	59034	0.7884424808545534	55459	-2291	-1927	364	36400	0	-36400	59	65	8441	36459	36465	44841
poc_launchpad_numerics_filetest.gno	454	Launchpad Numerics CollectDepositGns call=87/256	paid	7487447	7546481	59034	0.7884396377029447	55459	-2291	-1927	364	36400	0	-36400	59	65	8442	36459	36465	44842
poc_launchpad_numerics_filetest.gno	455	Launchpad Numerics CollectDepositGns call=88/256	paid	7600207	7659241	59034	0.7767420018954747	55459	-2290	-1926	364	36400	0	-36400	59	65	8442	36459	36465	44842
poc_launchpad_numerics_filetest.gno	456	Launchpad Numerics CollectDepositGns call=89/256	paid	7589042	7648076	59034	0.7778847448729366	55459	-2291	-1927	364	36400	0	-36400	59	65	8441	36459	36465	44841
poc_launchpad_numerics_filetest.gno	457	Launchpad Numerics CollectDepositGns call=90/256	paid	7705912	7764946	59034	0.7660871289472291	55459	-5771	-5407	364	36400	0	-36400	59	65	8442	36459	36465	44842
poc_launchpad_numerics_filetest.gno	458	Launchpad Numerics CollectDepositGns call=91/256	paid	7493219	7552253	59034	0.7878323054484327	55459	-2291	-1927	364	36400	0	-36400	59	65	8442	36459	36465	44842
poc_launchpad_numerics_filetest.gno	459	Launchpad Numerics CollectDepositGns call=92/256	paid	7492266	7551300	59034	0.7879325160105101	55459	-2291	-1927	364	36400	0	-36400	59	65	8441	36459	36465	44841
poc_launchpad_numerics_filetest.gno	460	Launchpad Numerics CollectDepositGns call=93/256	paid	7490823	7549857	59034	0.7880842999494181	55459	-2291	-1927	364	36400	0	-36400	59	65	8442	36459	36465	44842
poc_launchpad_numerics_filetest.gno	461	Launchpad Numerics CollectDepositGns call=94/256	paid	7488890	7547924	59034	0.7882877168712586	55459	-2291	-1927	364	36400	0	-36400	59	65	8442	36459	36465	44842
poc_launchpad_numerics_filetest.gno	462	Launchpad Numerics CollectDepositGns call=95/256	paid	7488182	7547216	59034	0.7883622486739772	55459	-2291	-1927	364	36400	0	-36400	59	65	8441	36459	36465	44841
poc_launchpad_numerics_filetest.gno	463	Launchpad Numerics CollectDepositGns call=96/256	paid	7571468	7630502	59034	0.7796902793487339	55459	-2290	-1926	364	36400	0	-36400	59	65	8442	36459	36465	44842
poc_launchpad_numerics_filetest.gno	464	Launchpad Numerics CollectDepositGns call=97/256	paid	7597938	7656972	59034	0.7769739631989626	55459	-2285	-1921	364	36400	0	-36400	59	65	8441	36459	36465	44841
poc_launchpad_numerics_filetest.gno	465	Launchpad Numerics CollectDepositGns call=98/256	paid	7694810	7753844	59034	0.7671924323017723	55459	-12194	-11830	364	36400	0	-36400	59	65	8442	36459	36465	44842
poc_launchpad_numerics_filetest.gno	466	Launchpad Numerics CollectDepositGns call=99/256	paid	7420672	7479706	59034	0.795534420602339	55459	-2285	-1921	364	36400	0	-36400	59	65	8441	36459	36465	44841
poc_launchpad_numerics_filetest.gno	467	Launchpad Numerics CollectDepositGns call=100/256	paid	7491199	7550233	59034	0.7880447442392066	55459	-2285	-1921	364	36400	0	-36400	59	65	8442	36459	36465	44842
poc_launchpad_numerics_filetest.gno	468	Launchpad Numerics CollectDepositGns call=101/256	paid	7488716	7547750	59034	0.7883060327030695	55459	-2285	-1921	364	36400	0	-36400	59	65	8442	36459	36465	44842
poc_launchpad_numerics_filetest.gno	469	Launchpad Numerics CollectDepositGns call=102/256	paid	7486965	7545999	59034	0.7884903963087847	55459	-2285	-1921	364	36400	0	-36400	59	65	8442	36459	36465	44842
poc_launchpad_numerics_filetest.gno	470	Launchpad Numerics CollectDepositGns call=103/256	paid	7483744	7542778	59034	0.7888297622152762	55459	-2285	-1921	364	36400	0	-36400	59	65	8442	36459	36465	44842
poc_launchpad_numerics_filetest.gno	471	Launchpad Numerics CollectDepositGns call=104/256	paid	7613842	7672876	59034	0.775350998878096	55459	-5765	-5401	364	36400	0	-36400	59	65	8442	36459	36465	44842
poc_launchpad_numerics_filetest.gno	472	Launchpad Numerics CollectDepositGns call=105/256	paid	7499419	7558453	59034	0.7871809802866062	55459	-2285	-1921	364	36400	0	-36400	59	65	8442	36459	36465	44842
poc_launchpad_numerics_filetest.gno	473	Launchpad Numerics CollectDepositGns call=106/256	paid	7454042	7513076	59034	0.7919729993471998	55459	-2292	-1928	364	36400	0	-36400	59	65	8441	36459	36465	44841
poc_launchpad_numerics_filetest.gno	474	Launchpad Numerics CollectDepositGns call=107/256	paid	7453086	7512120	59034	0.7920745849437401	55459	-2292	-1928	364	36400	0	-36400	59	65	8442	36459	36465	44842
poc_launchpad_numerics_filetest.gno	475	Launchpad Numerics CollectDepositGns call=108/256	paid	7442455	7501489	59034	0.7932060052764847	55459	-2292	-1928	364	36400	0	-36400	59	65	8441	36459	36465	44841
poc_launchpad_numerics_filetest.gno	476	Launchpad Numerics CollectDepositGns call=109/256	paid	7440764	7499798	59034	0.7933862705496371	55459	-2292	-1928	364	36400	0	-36400	59	65	8442	36459	36465	44842
poc_launchpad_numerics_filetest.gno	477	Launchpad Numerics CollectDepositGns call=110/256	paid	7439073	7498107	59034	0.7935666177761664	55459	-2292	-1928	364	36400	0	-36400	59	65	8442	36459	36465	44842
poc_launchpad_numerics_filetest.gno	478	Launchpad Numerics CollectDepositGns call=111/256	paid	7438117	7497151	59034	0.7936686126340847	55459	-2292	-1928	364	36400	0	-36400	59	65	8442	36459	36465	44842
poc_launchpad_numerics_filetest.gno	479	Launchpad Numerics CollectDepositGns call=112/256	paid	7552900	7611934	59034	0.7816070648360233	55459	-2280	-1916	364	36400	0	-36400	59	65	8442	36459	36465	44842
poc_launchpad_numerics_filetest.gno	480	Launchpad Numerics CollectDepositGns call=113/256	paid	7558682	7617716	59034	0.7810091759383448	55459	-2280	-1916	364	36400	0	-36400	59	65	8442	36459	36465	44842
poc_launchpad_numerics_filetest.gno	481	Launchpad Numerics CollectDepositGns call=114/256	paid	7557726	7616760	59034	0.7811079681904319	55459	-2280	-1916	364	36400	0	-36400	59	65	8442	36459	36465	44842
poc_launchpad_numerics_filetest.gno	482	Launchpad Numerics CollectDepositGns call=115/256	paid	7547095	7606129	59034	0.7822082536393142	55459	-2280	-1916	364	36400	0	-36400	59	65	8442	36459	36465	44842
poc_launchpad_numerics_filetest.gno	483	Launchpad Numerics CollectDepositGns call=116/256	paid	7545404	7604438	59034	0.7823835542801949	55459	-2280	-1916	364	36400	0	-36400	59	65	8442	36459	36465	44842
poc_launchpad_numerics_filetest.gno	484	Launchpad Numerics CollectDepositGns call=117/256	paid	7544448	7603482	59034	0.7824826945589658	55459	-2280	-1916	364	36400	0	-36400	59	65	8441	36459	36465	44841
poc_launchpad_numerics_filetest.gno	485	Launchpad Numerics CollectDepositGns call=118/256	paid	7564714	7623748	59034	0.7803864098497313	55459	-5760	-5396	364	36400	0	-36400	59	65	8441	36459	36465	44841
poc_launchpad_numerics_filetest.gno	486	Launchpad Numerics CollectDepositGns call=119/256	paid	7447225	7506259	59034	0.792697951250298	55459	-2280	-1916	364	36400	0	-36400	59	65	8442	36459	36465	44842
poc_launchpad_numerics_filetest.gno	487	Launchpad Numerics CollectDepositGns call=120/256	paid	7453739	7512773	59034	0.7920051936350334	55459	-2280	-1916	364	36400	0	-36400	59	65	8442	36459	36465	44842
poc_launchpad_numerics_filetest.gno	488	Launchpad Numerics CollectDepositGns call=121/256	paid	7452783	7511817	59034	0.7921067874913305	55459	-2280	-1916	364	36400	0	-36400	59	64	8442	36459	36464	44842
poc_launchpad_numerics_filetest.gno	489	Launchpad Numerics CollectDepositGns call=122/256	paid	7442152	7501186	59034	0.7932382998896018	55459	-2280	-1916	364	36400	0	-36400	59	65	8442	36459	36465	44842
poc_launchpad_numerics_filetest.gno	490	Launchpad Numerics CollectDepositGns call=123/256	paid	7440461	7499495	59034	0.7934185798433726	55459	-2280	-1916	364	36400	0	-36400	59	65	8442	36459	36465	44842
poc_launchpad_numerics_filetest.gno	491	Launchpad Numerics CollectDepositGns call=124/256	paid	7439505	7498539	59034	0.7935205366486077	55459	-2280	-1916	364	36400	0	-36400	59	65	8442	36459	36465	44842
poc_launchpad_numerics_filetest.gno	492	Launchpad Numerics CollectDepositGns call=125/256	paid	7437079	7496113	59034	0.793779385696992	55459	-2280	-1916	364	36400	0	-36400	59	65	8442	36459	36465	44842
poc_launchpad_numerics_filetest.gno	493	Launchpad Numerics CollectDepositGns call=126/256	paid	7564393	7623427	59034	0.7804195260611129	55459	-5761	-5397	364	36400	0	-36400	59	65	8442	36459	36465	44842
poc_launchpad_numerics_filetest.gno	494	Launchpad Numerics CollectDepositGns call=127/256	paid	7447960	7506994	59034	0.7926197240586684	55459	-2280	-1916	364	36400	0	-36400	59	65	8442	36459	36465	44842
poc_launchpad_numerics_filetest.gno	495	Launchpad Numerics CollectDepositGns call=128/256	paid	7453001	7512035	59034	0.7920836183974751	55459	-2280	-1916	364	36400	0	-36400	59	65	8442	36459	36465	44842
poc_launchpad_numerics_filetest.gno	496	Launchpad Numerics CollectDepositGns call=129/256	paid	7452045	7511079	59034	0.792185232375811	55459	-2280	-1916	364	36400	0	-36400	59	65	8442	36459	36465	44842
poc_launchpad_numerics_filetest.gno	497	Launchpad Numerics CollectDepositGns call=130/256	paid	7441414	7500448	59034	0.7933169690599126	55459	-2280	-1916	364	36400	0	-36400	59	65	8442	36459	36465	44842
poc_launchpad_numerics_filetest.gno	498	Launchpad Numerics CollectDepositGns call=131/256	paid	7440458	7499492	59034	0.7934188997505262	55459	-2280	-1916	364	36400	0	-36400	59	65	8442	36459	36465	44842
poc_launchpad_numerics_filetest.gno	499	Launchpad Numerics CollectDepositGns call=132/256	paid	7438035	7497069	59034	0.7936773623678834	55459	-2280	-1916	364	36400	0	-36400	59	65	8441	36459	36465	44841
poc_launchpad_numerics_filetest.gno	500	Launchpad Numerics CollectDepositGns call=133/256	paid	7437079	7496113	59034	0.793779385696992	55459	-2280	-1916	364	36400	0	-36400	59	65	8442	36459	36465	44842
poc_launchpad_numerics_filetest.gno	501	Launchpad Numerics CollectDepositGns call=134/256	paid	7561867	7620901	59034	0.7806802209031183	55459	-5749	-5385	364	36400	0	-36400	59	64	8442	36459	36464	44842
poc_launchpad_numerics_filetest.gno	502	Launchpad Numerics CollectDepositGns call=135/256	paid	7455430	7514464	59034	0.7918255553334952	55459	-2280	-1916	364	36400	0	-36400	59	65	8442	36459	36465	44842
poc_launchpad_numerics_filetest.gno	503	Launchpad Numerics CollectDepositGns call=136/256	paid	7454474	7513508	59034	0.7919271031061347	55459	-2280	-1916	364	36400	0	-36400	59	65	8442	36459	36465	44842
poc_launchpad_numerics_filetest.gno	504	Launchpad Numerics CollectDepositGns call=137/256	paid	7443843	7502877	59034	0.7930581018433623	55459	-2280	-1916	364	36400	0	-36400	59	65	8442	36459	36465	44842
poc_launchpad_numerics_filetest.gno	505	Launchpad Numerics CollectDepositGns call=138/256	paid	7442152	7501186	59034	0.7932382998896018	55459	-2280	-1916	364	36400	0	-36400	59	65	8442	36459	36465	44842
poc_launchpad_numerics_filetest.gno	506	Launchpad Numerics CollectDepositGns call=139/256	paid	7441196	7500230	59034	0.7933402103640329	55459	-2280	-1916	364	36400	0	-36400	59	65	8441	36459	36465	44841
poc_launchpad_numerics_filetest.gno	507	Launchpad Numerics CollectDepositGns call=140/256	paid	7439502	7498536	59034	0.7935208566379847	55459	-2280	-1916	364	36400	0	-36400	59	65	8442	36459	36465	44842
poc_launchpad_numerics_filetest.gno	508	Launchpad Numerics CollectDepositGns call=141/256	paid	7437814	7496848	59034	0.7937009449281738	55459	-2280	-1916	364	36400	0	-36400	59	65	8442	36459	36465	44842
poc_launchpad_numerics_filetest.gno	509	Launchpad Numerics CollectDepositGns call=142/256	paid	7567292	7626326	59034	0.7801205503897564	55459	-2280	-1916	364	36400	0	-36400	59	64	8442	36459	36464	44842
poc_launchpad_numerics_filetest.gno	510	Launchpad Numerics CollectDepositGns call=143/256	paid	7566336	7625370	59034	0.7802191179455948	55459	-2280	-1916	364	36400	0	-36400	59	65	8441	36459	36465	44841
poc_launchpad_numerics_filetest.gno	511	Launchpad Numerics CollectDepositGns call=144/256	paid	7555705	7614739	59034	0.7813168989525133	55459	-2280	-1916	364	36400	0	-36400	59	65	8442	36459	36465	44842
poc_launchpad_numerics_filetest.gno	512	Launchpad Numerics CollectDepositGns call=145/256	paid	7554014	7613048	59034	0.7814918002534811	55459	-2280	-1916	364	36400	0	-36400	59	65	8441	36459	36465	44841
poc_launchpad_numerics_filetest.gno	513	Launchpad Numerics CollectDepositGns call=146/256	paid	7553058	7612092	59034	0.7815907146482921	55459	-2280	-1916	364	36400	0	-36400	59	65	8442	36459	36465	44842
poc_launchpad_numerics_filetest.gno	514	Launchpad Numerics CollectDepositGns call=147/256	paid	7560073	7619107	59034	0.7808654757698769	55459	-5761	-5397	364	36400	0	-36400	59	65	8442	36459	36465	44842
poc_launchpad_numerics_filetest.gno	515	Launchpad Numerics CollectDepositGns call=148/256	paid	7447957	7506991	59034	0.7926200433219472	55459	-2280	-1916	364	36400	0	-36400	59	65	8442	36459	36465	44842
poc_launchpad_numerics_filetest.gno	516	Launchpad Numerics CollectDepositGns call=149/256	paid	7446266	7505300	59034	0.792800042329941	55459	-2280	-1916	364	36400	0	-36400	59	65	8441	36459	36465	44841
poc_launchpad_numerics_filetest.gno	517	Launchpad Numerics CollectDepositGns call=150/256	paid	7453512	7512546	59034	0.7920293145030155	55459	-2280	-1916	364	36400	0	-36400	59	65	8442	36459	36465	44842
poc_launchpad_numerics_filetest.gno	518	Launchpad Numerics CollectDepositGns call=151/256	paid	7451824	7510858	59034	0.7922087263467307	55459	-2280	-1916	364	36400	0	-36400	59	64	8442	36459	36464	44842
poc_launchpad_numerics_filetest.gno	519	Launchpad Numerics CollectDepositGns call=152/256	paid	7450868	7509902	59034	0.7923103724290915	55459	-2280	-1916	364	36400	0	-36400	59	65	8441	36459	36465	44841
poc_launchpad_numerics_filetest.gno	520	Launchpad Numerics CollectDepositGns call=153/256	paid	7448442	7507476	59034	0.7925684324319099	55459	-2280	-1916	364	36400	0	-36400	59	65	8442	36459	36465	44842
poc_launchpad_numerics_filetest.gno	521	Launchpad Numerics CollectDepositGns call=154/256	paid	7447486	7506520	59034	0.7926701708469139	55459	-2280	-1916	364	36400	0	-36400	59	65	8442	36459	36465	44842
poc_launchpad_numerics_filetest.gno	522	Launchpad Numerics CollectDepositGns call=155/256	paid	7561058	7620092	59034	0.7807637502582311	55459	-2244	-1880	364	36400	0	-36400	59	65	8442	36459	36465	44842
poc_launchpad_numerics_filetest.gno	523	Launchpad Numerics CollectDepositGns call=156/256	paid	7560102	7619136	59034	0.7808624804268514	55459	-2280	-1916	364	36400	0	-36400	59	65	8442	36459	36465	44842
poc_launchpad_numerics_filetest.gno	524	Launchpad Numerics CollectDepositGns call=157/256	paid	7547182	7606216	59034	0.7821992367482327	55459	-2280	-1916	364	36400	0	-36400	59	65	8441	36459	36465	44841
poc_launchpad_numerics_filetest.gno	525	Launchpad Numerics CollectDepositGns call=158/256	paid	7542974	7602008	59034	0.7826356023499484	55459	-2280	-1916	364	36400	0	-36400	60	65	8442	36460	36465	44842
poc_launchpad_numerics_filetest.gno	526	Launchpad Numerics CollectDepositGns call=159/256	paid	7541283	7600317	59034	0.7828110946108242	55459	-2280	-1916	364	36400	0	-36400	59	65	8442	36459	36465	44842
poc_launchpad_numerics_filetest.gno	527	Launchpad Numerics CollectDepositGns call=160/256	paid	7555663	7614697	59034	0.7813212420935132	55459	-5607	-5243	364	36400	0	-36400	59	65	8442	36459	36465	44842
poc_launchpad_numerics_filetest.gno	528	Launchpad Numerics CollectDepositGns call=161/256	paid	7445338	7504372	59034	0.7928988583191253	55459	-2280	-1916	364	36400	0	-36400	59	65	8442	36459	36465	44842
poc_launchpad_numerics_filetest.gno	529	Launchpad Numerics CollectDepositGns call=162/256	paid	7443647	7502681	59034	0.7930789839980321	55459	-2280	-1916	364	36400	0	-36400	59	64	8442	36459	36464	44842
poc_launchpad_numerics_filetest.gno	530	Launchpad Numerics CollectDepositGns call=163/256	paid	7438281	7497315	59034	0.7936511137452322	55459	-2280	-1916	364	36400	0	-36400	59	65	8442	36459	36465	44842
poc_launchpad_numerics_filetest.gno	531	Launchpad Numerics CollectDepositGns call=164/256	paid	7551319	7610353	59034	0.7817707078723598	55459	-2274	-1910	364	36400	0	-36400	59	65	8442	36459	36465	44842
poc_launchpad_numerics_filetest.gno	532	Launchpad Numerics CollectDepositGns call=165/256	paid	7549628	7608662	59034	0.7819458124294336	55459	-2274	-1910	364	36400	0	-36400	59	65	8442	36459	36465	44842
poc_launchpad_numerics_filetest.gno	533	Launchpad Numerics CollectDepositGns call=166/256	paid	7548672	7607706	59034	0.7820448417946891	55459	-2274	-1910	364	36400	0	-36400	59	65	8441	36459	36465	44841
poc_launchpad_numerics_filetest.gno	534	Launchpad Numerics CollectDepositGns call=167/256	paid	7546246	7605280	59034	0.7822962569733348	55459	-2274	-1910	364	36400	0	-36400	59	65	8442	36459	36465	44842
poc_launchpad_numerics_filetest.gno	535	Launchpad Numerics CollectDepositGns call=168/256	paid	7666393	7725427	59034	0.7700361825959092	55459	-5755	-5391	364	36400	0	-36400	59	64	8442	36459	36464	44842
poc_launchpad_numerics_filetest.gno	536	Launchpad Numerics CollectDepositGns call=169/256	paid	7545208	7604242	59034	0.782403878064064	55459	-2274	-1910	364	36400	0	-36400	59	65	8442	36459	36465	44842
poc_launchpad_numerics_filetest.gno	537	Launchpad Numerics CollectDepositGns call=170/256	paid	7554062	7613096	59034	0.7814868345004317	55459	-2273	-1909	364	36400	0	-36400	59	65	8442	36459	36465	44842
poc_launchpad_numerics_filetest.gno	538	Launchpad Numerics CollectDepositGns call=171/256	paid	7543437	7602471	59034	0.7825875658536022	55459	-2273	-1909	364	36400	0	-36400	59	65	8442	36459	36465	44842
poc_launchpad_numerics_filetest.gno	539	Launchpad Numerics CollectDepositGns call=172/256	paid	7541749	7600783	59034	0.782762725198094	55459	-2273	-1909	364	36400	0	-36400	59	65	8441	36459	36465	44841
poc_launchpad_numerics_filetest.gno	540	Launchpad Numerics CollectDepositGns call=173/256	paid	7540796	7599830	59034	0.7828616501494007	55459	-2273	-1909	364	36400	0	-36400	59	65	8442	36459	36465	44842
poc_launchpad_numerics_filetest.gno	541	Launchpad Numerics CollectDepositGns call=174/256	paid	7538373	7597407	59034	0.783113279218208	55459	-2273	-1909	364	36400	0	-36400	59	65	8442	36459	36465	44842
poc_launchpad_numerics_filetest.gno	542	Launchpad Numerics CollectDepositGns call=175/256	paid	7537420	7596454	59034	0.7832122928004542	55459	-2273	-1909	364	36400	0	-36400	59	65	8441	36459	36465	44841
poc_launchpad_numerics_filetest.gno	543	Launchpad Numerics CollectDepositGns call=176/256	paid	7655047	7714081	59034	0.7711774989755125	55459	-5754	-5390	364	36400	0	-36400	59	65	8442	36459	36465	44842
poc_launchpad_numerics_filetest.gno	544	Launchpad Numerics CollectDepositGns call=177/256	paid	7439443	7498477	59034	0.793527149814845	55459	-2280	-1916	364	36400	0	-36400	59	65	8442	36459	36465	44842
poc_launchpad_numerics_filetest.gno	545	Launchpad Numerics CollectDepositGns call=178/256	paid	7438487	7497521	59034	0.7936291345269542	55459	-2280	-1916	364	36400	0	-36400	59	65	8442	36459	36465	44842
poc_launchpad_numerics_filetest.gno	546	Launchpad Numerics CollectDepositGns call=179/256	paid	7427856	7486890	59034	0.7947650035218776	55459	-2280	-1916	364	36400	0	-36400	59	65	8442	36459	36465	44842
poc_launchpad_numerics_filetest.gno	547	Launchpad Numerics CollectDepositGns call=180/256	paid	7426897	7485931	59034	0.7948676277589416	55459	-2280	-1916	364	36400	0	-36400	59	65	8442	36459	36465	44842
poc_launchpad_numerics_filetest.gno	548	Launchpad Numerics CollectDepositGns call=181/256	paid	7424474	7483508	59034	0.7951270352620267	55459	-2280	-1916	364	36400	0	-36400	59	65	8442	36459	36465	44842
poc_launchpad_numerics_filetest.gno	549	Launchpad Numerics CollectDepositGns call=182/256	paid	7423518	7482552	59034	0.7952294316522166	55459	-2280	-1916	364	36400	0	-36400	59	65	8441	36459	36465	44841
poc_launchpad_numerics_filetest.gno	550	Launchpad Numerics CollectDepositGns call=183/256	paid	7421827	7480861	59034	0.7954106178977225	55459	-2280	-1916	364	36400	0	-36400	59	64	8442	36459	36464	44842
poc_launchpad_numerics_filetest.gno	551	Launchpad Numerics CollectDepositGns call=184/256	paid	7542330	7601364	59034	0.7827024274991945	55459	-2280	-1916	364	36400	0	-36400	59	65	8442	36459	36465	44842
poc_launchpad_numerics_filetest.gno	552	Launchpad Numerics CollectDepositGns call=185/256	paid	7541374	7600408	59034	0.7828016486120434	55459	-2280	-1916	364	36400	0	-36400	59	65	8442	36459	36465	44842
poc_launchpad_numerics_filetest.gno	553	Launchpad Numerics CollectDepositGns call=186/256	paid	7530743	7589777	59034	0.7839067141183812	55459	-2280	-1916	364	36400	0	-36400	59	65	8442	36459	36465	44842
poc_launchpad_numerics_filetest.gno	554	Launchpad Numerics CollectDepositGns call=187/256	paid	7529052	7588086	59034	0.7840827769551864	55459	-2280	-1916	364	36400	0	-36400	59	65	8442	36459	36465	44842
poc_launchpad_numerics_filetest.gno	555	Launchpad Numerics CollectDepositGns call=188/256	paid	7538395	7597429	59034	0.7831109937858125	55459	-5761	-5397	364	36400	0	-36400	59	65	8442	36459	36465	44842
poc_launchpad_numerics_filetest.gno	556	Launchpad Numerics CollectDepositGns call=189/256	paid	7431970	7491004	59034	0.7943250578245068	55459	-2280	-1916	364	36400	0	-36400	60	65	8442	36460	36465	44842
poc_launchpad_numerics_filetest.gno	557	Launchpad Numerics CollectDepositGns call=190/256	paid	7431014	7490048	59034	0.794427247748423	55459	-2280	-1916	364	36400	0	-36400	59	65	8441	36459	36465	44841
poc_launchpad_numerics_filetest.gno	558	Launchpad Numerics CollectDepositGns call=191/256	paid	7436061	7495095	59034	0.7938880544417266	55459	-2280	-1916	364	36400	0	-36400	59	65	8442	36459	36465	44842
poc_launchpad_numerics_filetest.gno	559	Launchpad Numerics CollectDepositGns call=192/256	paid	7435105	7494139	59034	0.793990131948372	55459	-2280	-1916	364	36400	0	-36400	59	65	8441	36459	36465	44841
poc_launchpad_numerics_filetest.gno	560	Launchpad Numerics CollectDepositGns call=193/256	paid	7424474	7483508	59034	0.7951270352620267	55459	-2280	-1916	364	36400	0	-36400	59	65	8442	36459	36465	44842
poc_launchpad_numerics_filetest.gno	561	Launchpad Numerics CollectDepositGns call=194/256	paid	7422783	7481817	59034	0.7953081748449335	55459	-2280	-1916	364	36400	0	-36400	59	64	8442	36459	36464	44842
poc_launchpad_numerics_filetest.gno	562	Launchpad Numerics CollectDepositGns call=195/256	paid	7421827	7480861	59034	0.7954106178977225	55459	-2280	-1916	364	36400	0	-36400	59	64	8442	36459	36464	44842
poc_launchpad_numerics_filetest.gno	563	Launchpad Numerics CollectDepositGns call=196/256	paid	7535134	7594168	59034	0.7834499028152652	55459	-5761	-5397	364	36400	0	-36400	59	65	8442	36459	36465	44842
poc_launchpad_numerics_filetest.gno	564	Launchpad Numerics CollectDepositGns call=197/256	paid	7431973	7491007	59034	0.7943247371862089	55459	-2280	-1916	364	36400	0	-36400	60	65	8442	36460	36465	44842
poc_launchpad_numerics_filetest.gno	565	Launchpad Numerics CollectDepositGns call=198/256	paid	7430282	7489316	59034	0.7945055113655175	55459	-2280	-1916	364	36400	0	-36400	59	65	8442	36459	36465	44842
poc_launchpad_numerics_filetest.gno	566	Launchpad Numerics CollectDepositGns call=199/256	paid	7436787	7495821	59034	0.7938105528637569	55459	-2280	-1916	364	36400	0	-36400	59	65	8442	36459	36465	44842
poc_launchpad_numerics_filetest.gno	567	Launchpad Numerics CollectDepositGns call=200/256	paid	7426897	7485931	59034	0.7948676277589416	55459	-2280	-1916	364	36400	0	-36400	59	65	8442	36459	36465	44842
poc_launchpad_numerics_filetest.gno	568	Launchpad Numerics CollectDepositGns call=201/256	paid	7425941	7484975	59034	0.7949699573427799	55459	-2280	-1916	364	36400	0	-36400	59	65	8442	36459	36465	44842
poc_launchpad_numerics_filetest.gno	569	Launchpad Numerics CollectDepositGns call=202/256	paid	7423518	7482552	59034	0.7952294316522166	55459	-2280	-1916	364	36400	0	-36400	59	65	8441	36459	36465	44841
poc_launchpad_numerics_filetest.gno	570	Launchpad Numerics CollectDepositGns call=203/256	paid	7422562	7481596	59034	0.7953318544189998	55459	-2280	-1916	364	36400	0	-36400	59	65	8442	36459	36465	44842
poc_launchpad_numerics_filetest.gno	571	Launchpad Numerics CollectDepositGns call=204/256	paid	7534813	7593847	59034	0.7834832795452256	55459	-5749	-5385	364	36400	0	-36400	59	65	8442	36459	36465	44842
poc_launchpad_numerics_filetest.gno	572	Launchpad Numerics CollectDepositGns call=205/256	paid	7419325	7478359	59034	0.7956788521866881	55459	-2280	-1916	364	36400	0	-36400	59	65	8442	36459	36465	44842
poc_launchpad_numerics_filetest.gno	573	Launchpad Numerics CollectDepositGns call=206/256	paid	7418369	7477403	59034	0.7957813907612307	55459	-2280	-1916	364	36400	0	-36400	59	65	8442	36459	36465	44842
poc_launchpad_numerics_filetest.gno	574	Launchpad Numerics CollectDepositGns call=207/256	paid	7407738	7466772	59034	0.7969234333071715	55459	-2280	-1916	364	36400	0	-36400	59	65	8442	36459	36465	44842
poc_launchpad_numerics_filetest.gno	575	Launchpad Numerics CollectDepositGns call=208/256	paid	7406047	7465081	59034	0.7971053923908396	55459	-2280	-1916	364	36400	0	-36400	59	65	8442	36459	36465	44842
poc_launchpad_numerics_filetest.gno	576	Launchpad Numerics CollectDepositGns call=209/256	paid	7405091	7464125	59034	0.7972082989932197	55459	-2280	-1916	364	36400	0	-36400	59	65	8441	36459	36465	44841
poc_launchpad_numerics_filetest.gno	577	Launchpad Numerics CollectDepositGns call=210/256	paid	7403397	7462431	59034	0.7973907113180612	55459	-2280	-1916	364	36400	0	-36400	59	65	8442	36459	36465	44842
poc_launchpad_numerics_filetest.gno	578	Launchpad Numerics CollectDepositGns call=211/256	paid	7401709	7460743	59034	0.7975725606072868	55459	-2280	-1916	364	36400	0	-36400	59	65	8442	36459	36465	44842
poc_launchpad_numerics_filetest.gno	579	Launchpad Numerics CollectDepositGns call=212/256	paid	7531301	7590335	59034	0.7838486338548943	55459	-2280	-1916	364	36400	0	-36400	59	65	8441	36459	36465	44841
poc_launchpad_numerics_filetest.gno	580	Launchpad Numerics CollectDepositGns call=213/256	paid	7530345	7589379	59034	0.7839481458020847	55459	-2280	-1916	364	36400	0	-36400	59	65	8442	36459	36465	44842
poc_launchpad_numerics_filetest.gno	581	Launchpad Numerics CollectDepositGns call=214/256	paid	7519714	7578748	59034	0.7850564529448859	55459	-2280	-1916	364	36400	0	-36400	59	65	8441	36459	36465	44841
poc_launchpad_numerics_filetest.gno	582	Launchpad Numerics CollectDepositGns call=215/256	paid	7518023	7577057	59034	0.7852330326736164	55459	-2280	-1916	364	36400	0	-36400	59	65	8442	36459	36465	44842
poc_launchpad_numerics_filetest.gno	583	Launchpad Numerics CollectDepositGns call=216/256	paid	7517067	7576101	59034	0.7853328964608137	55459	-2280	-1916	364	36400	0	-36400	59	65	8442	36459	36465	44842
poc_launchpad_numerics_filetest.gno	584	Launchpad Numerics CollectDepositGns call=217/256	paid	7519630	7578664	59034	0.7850652226239855	55459	-5761	-5397	364	36400	0	-36400	59	65	8441	36459	36465	44841
poc_launchpad_numerics_filetest.gno	585	Launchpad Numerics CollectDepositGns call=218/256	paid	7420051	7479085	59034	0.7956010005861146	55459	-2280	-1916	364	36400	0	-36400	59	64	8442	36459	36464	44842
poc_launchpad_numerics_filetest.gno	586	Launchpad Numerics CollectDepositGns call=219/256	paid	7418360	7477394	59034	0.7957823562081107	55459	-2280	-1916	364	36400	0	-36400	59	65	8442	36459	36465	44842
poc_launchpad_numerics_filetest.gno	587	Launchpad Numerics CollectDepositGns call=220/256	paid	7425606	7484640	59034	0.7950058217470736	55459	-2280	-1916	364	36400	0	-36400	59	65	8442	36459	36465	44842
poc_launchpad_numerics_filetest.gno	588	Launchpad Numerics CollectDepositGns call=221/256	paid	7423918	7482952	59034	0.7951865847656183	55459	-2280	-1916	364	36400	0	-36400	59	65	8442	36459	36465	44842
poc_launchpad_numerics_filetest.gno	589	Launchpad Numerics CollectDepositGns call=222/256	paid	7422962	7481996	59034	0.7952889964949302	55459	-2280	-1916	364	36400	0	-36400	59	65	8442	36459	36465	44842
poc_launchpad_numerics_filetest.gno	590	Launchpad Numerics CollectDepositGns call=223/256	paid	7420536	7479570	59034	0.79554900077299	55459	-2280	-1916	364	36400	0	-36400	59	65	8442	36459	36465	44842
poc_launchpad_numerics_filetest.gno	591	Launchpad Numerics CollectDepositGns call=224/256	paid	7419580	7478614	59034	0.7956515058803868	55459	-2280	-1916	364	36400	0	-36400	59	65	8442	36459	36465	44842
poc_launchpad_numerics_filetest.gno	592	Launchpad Numerics CollectDepositGns call=225/256	paid	7534693	7593727	59034	0.7834957575577399	55459	-2244	-1880	364	36400	0	-36400	59	65	8441	36459	36465	44841
poc_launchpad_numerics_filetest.gno	593	Launchpad Numerics CollectDepositGns call=226/256	paid	7533737	7592771	59034	0.7835951799219962	55459	-2280	-1916	364	36400	0	-36400	59	65	8442	36459	36465	44842
poc_launchpad_numerics_filetest.gno	594	Launchpad Numerics CollectDepositGns call=227/256	paid	7530573	7589607	59034	0.7839244105329036	55459	-2280	-1916	364	36400	0	-36400	59	65	8442	36459	36465	44842
poc_launchpad_numerics_filetest.gno	595	Launchpad Numerics CollectDepositGns call=228/256	paid	7529617	7588651	59034	0.784023941722401	55459	-2280	-1916	364	36400	0	-36400	59	65	8442	36459	36465	44842
poc_launchpad_numerics_filetest.gno	596	Launchpad Numerics CollectDepositGns call=229/256	paid	7527926	7586960	59034	0.7842000572269174	55459	-2280	-1916	364	36400	0	-36400	59	65	8442	36459	36465	44842
poc_launchpad_numerics_filetest.gno	597	Launchpad Numerics CollectDepositGns call=230/256	paid	7526235	7585269	59034	0.7843762518709554	55459	-2280	-1916	364	36400	0	-36400	59	65	8442	36459	36465	44842
poc_launchpad_numerics_filetest.gno	598	Launchpad Numerics CollectDepositGns call=231/256	paid	7528960	7587994	59034	0.7840923580414825	55459	-5607	-5243	364	36400	0	-36400	59	65	8442	36459	36465	44842
poc_launchpad_numerics_filetest.gno	599	Launchpad Numerics CollectDepositGns call=232/256	paid	7418521	7477555	59034	0.7957650857900113	55459	-2280	-1916	364	36400	0	-36400	59	65	8442	36459	36465	44842
poc_launchpad_numerics_filetest.gno	600	Launchpad Numerics CollectDepositGns call=233/256	paid	7396769	7455803	59034	0.7981052267550872	55459	-2275	-1911	364	36400	0	-36400	59	65	8442	36459	36465	44842
poc_launchpad_numerics_filetest.gno	601	Launchpad Numerics CollectDepositGns call=234/256	paid	7509807	7568841	59034	0.7860921059622438	55459	-2274	-1910	364	36400	0	-36400	59	65	8442	36459	36465	44842
poc_launchpad_numerics_filetest.gno	602	Launchpad Numerics CollectDepositGns call=235/256	paid	7508116	7567150	59034	0.7862691519417121	55459	-2274	-1910	364	36400	0	-36400	59	65	8442	36459	36465	44842
poc_launchpad_numerics_filetest.gno	603	Launchpad Numerics CollectDepositGns call=236/256	paid	7507160	7566194	59034	0.7863692794612077	55459	-2274	-1910	364	36400	0	-36400	59	65	8442	36459	36465	44842
poc_launchpad_numerics_filetest.gno	604	Launchpad Numerics CollectDepositGns call=237/256	paid	7504734	7563768	59034	0.786623483257368	55459	-2274	-1910	364	36400	0	-36400	59	65	8442	36459	36465	44842
poc_launchpad_numerics_filetest.gno	605	Launchpad Numerics CollectDepositGns call=238/256	paid	7503778	7562812	59034	0.7867237010476589	55459	-2274	-1910	364	36400	0	-36400	59	65	8442	36459	36465	44842
poc_launchpad_numerics_filetest.gno	606	Launchpad Numerics CollectDepositGns call=239/256	paid	7612589	7671623	59034	0.7754786183780578	55459	-2274	-1910	364	36400	0	-36400	59	65	8442	36459	36465	44842
poc_launchpad_numerics_filetest.gno	607	Launchpad Numerics CollectDepositGns call=240/256	paid	7629645	7688679	59034	0.7737450431835295	55459	-2273	-1909	364	36400	0	-36400	59	65	8442	36459	36465	44842
poc_launchpad_numerics_filetest.gno	608	Launchpad Numerics CollectDepositGns call=241/256	paid	7610651	7669685	59034	0.7756760886815071	55459	-9446	-9082	364	36400	0	-36400	59	65	8441	36459	36465	44841
poc_launchpad_numerics_filetest.gno	609	Launchpad Numerics CollectDepositGns call=242/256	paid	7445428	7504462	59034	0.7928892737932595	55459	-2273	-1909	364	36400	0	-36400	59	65	8442	36459	36465	44842
poc_launchpad_numerics_filetest.gno	610	Launchpad Numerics CollectDepositGns call=243/256	paid	7444475	7503509	59034	0.7929907750378636	55459	-2273	-1909	364	36400	0	-36400	59	65	8442	36459	36465	44842
poc_launchpad_numerics_filetest.gno	611	Launchpad Numerics CollectDepositGns call=244/256	paid	7442052	7501086	59034	0.7932489587549241	55459	-2273	-1909	364	36400	0	-36400	59	65	8442	36459	36465	44842
poc_launchpad_numerics_filetest.gno	612	Launchpad Numerics CollectDepositGns call=245/256	paid	7441099	7500133	59034	0.7933505521160248	55459	-2273	-1909	364	36400	0	-36400	59	65	8442	36459	36465	44842
poc_launchpad_numerics_filetest.gno	613	Launchpad Numerics CollectDepositGns call=246/256	paid	7439411	7498445	59034	0.793530563105063	55459	-2273	-1909	364	36400	0	-36400	59	65	8442	36459	36465	44842
poc_launchpad_numerics_filetest.gno	614	Launchpad Numerics CollectDepositGns call=247/256	paid	7327257	7386291	59034	0.8056766672712585	55459	-2280	-1916	364	36400	0	-36400	59	65	8442	36459	36465	44842
poc_launchpad_numerics_filetest.gno	615	Launchpad Numerics CollectDepositGns call=248/256	paid	7325278	7384312	59034	0.8058943291981546	55459	-2280	-1916	364	36400	0	-36400	59	65	8442	36459	36465	44842
poc_launchpad_numerics_filetest.gno	616	Launchpad Numerics CollectDepositGns call=249/256	paid	7314647	7373681	59034	0.8070656041227964	55459	-2280	-1916	364	36400	0	-36400	59	65	8442	36459	36465	44842
poc_launchpad_numerics_filetest.gno	617	Launchpad Numerics CollectDepositGns call=250/256	paid	7301768	7360802	59034	0.8084891220865961	55459	-2280	-1916	364	36400	0	-36400	59	65	8442	36459	36465	44842
poc_launchpad_numerics_filetest.gno	618	Launchpad Numerics CollectDepositGns call=251/256	paid	7299345	7358379	59034	0.808757498104282	55459	-2280	-1916	364	36400	0	-36400	59	65	8442	36459	36465	44842
poc_launchpad_numerics_filetest.gno	619	Launchpad Numerics CollectDepositGns call=252/256	paid	7298389	7357423	59034	0.8088634354787063	55459	-2280	-1916	364	36400	0	-36400	59	65	8442	36459	36465	44842
poc_launchpad_numerics_filetest.gno	620	Launchpad Numerics CollectDepositGns call=253/256	paid	7296698	7355732	59034	0.8090508884977835	55459	-2280	-1916	364	36400	0	-36400	59	65	8442	36459	36465	44842
poc_launchpad_numerics_filetest.gno	621	Launchpad Numerics CollectDepositGns call=254/256	paid	7281617	7340651	59034	0.8107265185741024	55459	-2280	-1916	364	36400	0	-36400	59	65	8442	36459	36465	44842
poc_launchpad_numerics_filetest.gno	622	Launchpad Numerics CollectDepositGns call=255/256	paid	7280661	7339695	59034	0.810832972445771	55459	-2280	-1916	364	36400	0	-36400	59	65	8442	36459	36465	44842
poc_launchpad_numerics_filetest.gno	623	Launchpad Numerics CollectDepositGns call=256/256	paid	7259369	7318403	59034	0.8132111757922762	55459	-8812	-8448	364	36400	0	-36400	59	65	8442	36459	36465	44842
poc_launchpad_numerics_filetest.gno	624	Launchpad Numerics TransferLeftFromProjectByAdmin	paid	1397082	1325502	-71580	-5.12353605586501	-65273	27	21	-6	-600	-600	0	-72	-78	-10236	-672	-678	-10836
