fixture	sample	label	kind	base_gas	candidate_gas	gas_delta	gas_pct	cycles_delta	base_storage_bytes	candidate_storage_bytes	storage_delta_bytes	storage_delta_ugnot	deposits_delta_ugnot	refunds_delta_ugnot	fee_ugnot	buffered_fee_ugnot	historical143_fee_ugnot	net_delta_ugnot	buffered_net_delta_ugnot	historical143_net_delta_ugnot
poc_launchpad_numerics_filetest.gno	0	Launchpad Numerics CreateProject	paid	6764897	6764897	0	0.0	0	28412	28412	0	0	0	0	0	0	0	0	0	0
poc_launchpad_numerics_filetest.gno	1	Launchpad Numerics DepositGns call=1/256	paid	6427990	6438341	10351	0.16103011983528287	9724	27369	27008	-361	-36100	-36100	0	11	12	1480	-36089	-36088	-34620
poc_launchpad_numerics_filetest.gno	2	Launchpad Numerics DepositGns call=2/256	paid	6014285	6026452	12167	0.20230168673416707	11425	4070	3709	-361	-36100	-36100	0	12	14	1740	-36088	-36086	-34360
poc_launchpad_numerics_filetest.gno	3	Launchpad Numerics DepositGns call=3/256	paid	6008577	6020744	12167	0.20249386834852912	11425	3929	3568	-361	-36100	-36100	0	12	13	1740	-36088	-36087	-34360
poc_launchpad_numerics_filetest.gno	4	Launchpad Numerics DepositGns call=4/256	paid	6014997	6027164	12167	0.20227774012189864	11425	3928	3567	-361	-36100	-36100	0	13	13	1740	-36087	-36087	-34360
poc_launchpad_numerics_filetest.gno	5	Launchpad Numerics DepositGns call=5/256	paid	6016913	6029080	12167	0.20221332766486735	11425	3926	3565	-361	-36100	-36100	0	13	13	1740	-36087	-36087	-34360
poc_launchpad_numerics_filetest.gno	6	Launchpad Numerics DepositGns call=6/256	paid	6016394	6028561	12167	0.20223077145545987	11425	3926	3565	-361	-36100	-36100	0	12	13	1740	-36088	-36087	-34360
poc_launchpad_numerics_filetest.gno	7	Launchpad Numerics DepositGns call=7/256	paid	6018797	6030964	12167	0.20215003097795123	11425	3926	3565	-361	-36100	-36100	0	12	14	1740	-36088	-36086	-34360
poc_launchpad_numerics_filetest.gno	8	Launchpad Numerics DepositGns call=8/256	paid	6025211	6037378	12167	0.20193483680488533	11425	3926	3565	-361	-36100	-36100	0	12	14	1740	-36088	-36086	-34360
poc_launchpad_numerics_filetest.gno	9	Launchpad Numerics DepositGns call=9/256	paid	6026640	6038807	12167	0.2018869552520144	11425	3926	3565	-361	-36100	-36100	0	12	13	1740	-36088	-36087	-34360
poc_launchpad_numerics_filetest.gno	10	Launchpad Numerics DepositGns call=10/256	paid	6058789	6070956	12167	0.20081570756136252	11425	4025	3664	-361	-36100	-36100	0	12	14	1740	-36088	-36086	-34360
poc_launchpad_numerics_filetest.gno	11	Launchpad Numerics DepositGns call=11/256	paid	6053783	6065950	12167	0.2009817662773839	11425	3929	3568	-361	-36100	-36100	0	12	13	1740	-36088	-36087	-34360
poc_launchpad_numerics_filetest.gno	12	Launchpad Numerics DepositGns call=12/256	paid	6060687	6072854	12167	0.20075281894610297	11425	3929	3568	-361	-36100	-36100	0	12	14	1740	-36088	-36086	-34360
poc_launchpad_numerics_filetest.gno	13	Launchpad Numerics DepositGns call=13/256	paid	6062122	6074289	12167	0.20070529758391534	11425	3929	3568	-361	-36100	-36100	0	12	13	1740	-36088	-36087	-34360
poc_launchpad_numerics_filetest.gno	14	Launchpad Numerics DepositGns call=14/256	paid	6063075	6075242	12167	0.2006737505308775	11425	3929	3568	-361	-36100	-36100	0	12	13	1740	-36088	-36087	-34360
poc_launchpad_numerics_filetest.gno	15	Launchpad Numerics DepositGns call=15/256	paid	6064023	6076190	12167	0.20064237883002753	11425	3929	3568	-361	-36100	-36100	0	12	13	1740	-36088	-36087	-34360
poc_launchpad_numerics_filetest.gno	16	Launchpad Numerics DepositGns call=16/256	paid	6065463	6077630	12167	0.20059474437483174	11425	3929	3568	-361	-36100	-36100	0	12	13	1740	-36088	-36087	-34360
poc_launchpad_numerics_filetest.gno	17	Launchpad Numerics DepositGns call=17/256	paid	6353810	6365977	12167	0.19149140436997644	11425	17103	16742	-361	-36100	-36100	0	12	13	1740	-36088	-36087	-34360
poc_launchpad_numerics_filetest.gno	18	Launchpad Numerics DepositGns call=18/256	paid	6113895	6126062	12167	0.19900570749088756	11425	4025	3664	-361	-36100	-36100	0	13	13	1740	-36087	-36087	-34360
poc_launchpad_numerics_filetest.gno	19	Launchpad Numerics DepositGns call=19/256	paid	6106079	6118246	12167	0.19926044193008313	11425	3929	3568	-361	-36100	-36100	0	12	14	1740	-36088	-36086	-34360
poc_launchpad_numerics_filetest.gno	20	Launchpad Numerics DepositGns call=20/256	paid	6113769	6125936	12167	0.1990098088429576	11425	3929	3568	-361	-36100	-36100	0	12	13	1740	-36088	-36087	-34360
poc_launchpad_numerics_filetest.gno	21	Launchpad Numerics DepositGns call=21/256	paid	6114717	6126884	12167	0.19897895519939843	11425	3929	3568	-361	-36100	-36100	0	12	13	1740	-36088	-36087	-34360
poc_launchpad_numerics_filetest.gno	22	Launchpad Numerics DepositGns call=22/256	paid	6110196	6122363	12167	0.1991261818769807	11425	3929	3568	-361	-36100	-36100	0	12	13	1739	-36088	-36087	-34361
poc_launchpad_numerics_filetest.gno	23	Launchpad Numerics DepositGns call=23/256	paid	6117592	6129759	12167	0.1988854438151482	11425	3929	3568	-361	-36100	-36100	0	12	13	1740	-36088	-36087	-34360
poc_launchpad_numerics_filetest.gno	24	Launchpad Numerics DepositGns call=24/256	paid	6118045	6130212	12167	0.1988707176884119	11425	3929	3568	-361	-36100	-36100	0	12	14	1740	-36088	-36086	-34360
poc_launchpad_numerics_filetest.gno	25	Launchpad Numerics DepositGns call=25/256	paid	6419737	6431904	12167	0.1895248979825809	11425	10621	10260	-361	-36100	-36100	0	12	14	1740	-36088	-36086	-34360
poc_launchpad_numerics_filetest.gno	26	Launchpad Numerics DepositGns call=26/256	paid	6106669	6118836	12167	0.1992411902462701	11425	3977	3616	-361	-36100	-36100	0	12	13	1740	-36088	-36087	-34360
poc_launchpad_numerics_filetest.gno	27	Launchpad Numerics DepositGns call=27/256	paid	6114060	6126227	12167	0.19900033692832586	11425	3929	3568	-361	-36100	-36100	0	12	13	1740	-36088	-36087	-34360
poc_launchpad_numerics_filetest.gno	28	Launchpad Numerics DepositGns call=28/256	paid	6115987	6128154	12167	0.1989376367215954	11425	3929	3568	-361	-36100	-36100	0	13	13	1740	-36087	-36087	-34360
poc_launchpad_numerics_filetest.gno	29	Launchpad Numerics DepositGns call=29/256	paid	6112179	6124346	12167	0.19906157853034082	11425	3929	3568	-361	-36100	-36100	0	12	13	1740	-36088	-36087	-34360
poc_launchpad_numerics_filetest.gno	30	Launchpad Numerics DepositGns call=30/256	paid	6114390	6126557	12167	0.19898959667276703	11425	3929	3568	-361	-36100	-36100	0	12	14	1740	-36088	-36086	-34360
poc_launchpad_numerics_filetest.gno	31	Launchpad Numerics DepositGns call=31/256	paid	6115827	6127994	12167	0.19894284125433895	11425	3929	3568	-361	-36100	-36100	0	12	13	1740	-36088	-36087	-34360
poc_launchpad_numerics_filetest.gno	32	Launchpad Numerics DepositGns call=32/256	paid	6113485	6125652	12167	0.1990190537802906	11425	3929	3568	-361	-36100	-36100	0	12	14	1740	-36088	-36086	-34360
poc_launchpad_numerics_filetest.gno	33	Launchpad Numerics DepositGns call=33/256	paid	6422441	6434608	12167	0.18944510350503804	11425	10609	10248	-361	-36100	-36100	0	12	14	1739	-36088	-36086	-34361
poc_launchpad_numerics_filetest.gno	34	Launchpad Numerics DepositGns call=34/256	paid	6112332	6124499	12167	0.19905659574774406	11425	3977	3616	-361	-36100	-36100	0	12	13	1740	-36088	-36087	-34360
poc_launchpad_numerics_filetest.gno	35	Launchpad Numerics DepositGns call=35/256	paid	6119241	6131408	12167	0.19883184859037256	11425	3929	3568	-361	-36100	-36100	0	12	13	1740	-36088	-36087	-34360
poc_launchpad_numerics_filetest.gno	36	Launchpad Numerics DepositGns call=36/256	paid	6114720	6126887	12167	0.1989788575764712	11425	3929	3568	-361	-36100	-36100	0	12	13	1740	-36088	-36087	-34360
poc_launchpad_numerics_filetest.gno	37	Launchpad Numerics DepositGns call=37/256	paid	6108011	6120178	12167	0.19919741467394214	11425	3929	3568	-361	-36100	-36100	0	12	14	1740	-36088	-36086	-34360
poc_launchpad_numerics_filetest.gno	38	Launchpad Numerics DepositGns call=38/256	paid	6118298	6130465	12167	0.19886249411192458	11425	3929	3568	-361	-36100	-36100	0	12	13	1740	-36088	-36087	-34360
poc_launchpad_numerics_filetest.gno	39	Launchpad Numerics DepositGns call=39/256	paid	6122559	6134726	12167	0.19872409559466883	11425	3935	3574	-361	-36100	-36100	0	12	14	1740	-36088	-36086	-34360
poc_launchpad_numerics_filetest.gno	40	Launchpad Numerics DepositGns call=40/256	paid	6122459	6134626	12167	0.1987273414162512	11425	3929	3568	-361	-36100	-36100	0	12	14	1740	-36088	-36086	-34360
poc_launchpad_numerics_filetest.gno	41	Launchpad Numerics DepositGns call=41/256	paid	6425874	6438041	12167	0.18934389314200684	11425	10609	10248	-361	-36100	-36100	0	13	13	1740	-36087	-36087	-34360
poc_launchpad_numerics_filetest.gno	42	Launchpad Numerics DepositGns call=42/256	paid	6111079	6123246	12167	0.19909740980275334	11425	3977	3616	-361	-36100	-36100	0	12	13	1740	-36088	-36087	-34360
poc_launchpad_numerics_filetest.gno	43	Launchpad Numerics DepositGns call=43/256	paid	6113001	6125168	12167	0.19903481121629132	11425	3929	3568	-361	-36100	-36100	0	12	13	1740	-36088	-36087	-34360
poc_launchpad_numerics_filetest.gno	44	Launchpad Numerics DepositGns call=44/256	paid	6118439	6130606	12167	0.19885791130711608	11425	3929	3568	-361	-36100	-36100	0	12	13	1740	-36088	-36087	-34360
poc_launchpad_numerics_filetest.gno	45	Launchpad Numerics DepositGns call=45/256	paid	6120361	6132528	12167	0.19879546320878785	11425	3929	3568	-361	-36100	-36100	0	12	13	1740	-36088	-36087	-34360
poc_launchpad_numerics_filetest.gno	46	Launchpad Numerics DepositGns call=46/256	paid	6120827	6132994	12167	0.19878032821381816	11425	3929	3568	-361	-36100	-36100	0	12	14	1740	-36088	-36086	-34360
poc_launchpad_numerics_filetest.gno	47	Launchpad Numerics DepositGns call=47/256	paid	6121775	6133942	12167	0.1987495456791535	11425	3929	3568	-361	-36100	-36100	0	12	14	1740	-36088	-36086	-34360
poc_launchpad_numerics_filetest.gno	48	Launchpad Numerics DepositGns call=48/256	paid	6123697	6135864	12167	0.19868716561253766	11425	3929	3568	-361	-36100	-36100	0	12	13	1740	-36088	-36087	-34360
poc_launchpad_numerics_filetest.gno	49	Launchpad Numerics DepositGns call=49/256	paid	6431048	6443215	12167	0.18919155944723162	11425	10609	10248	-361	-36100	-36100	0	12	13	1740	-36088	-36087	-34360
poc_launchpad_numerics_filetest.gno	50	Launchpad Numerics DepositGns call=50/256	paid	6115271	6127438	12167	0.19896092912317379	11425	3977	3616	-361	-36100	-36100	0	12	14	1740	-36088	-36086	-34360
poc_launchpad_numerics_filetest.gno	51	Launchpad Numerics DepositGns call=51/256	paid	6116708	6128875	12167	0.19891418717388504	11425	3929	3568	-361	-36100	-36100	0	12	13	1740	-36088	-36087	-34360
poc_launchpad_numerics_filetest.gno	52	Launchpad Numerics DepositGns call=52/256	paid	6118148	6130315	12167	0.19886736966807603	11425	3929	3568	-361	-36100	-36100	0	12	14	1740	-36088	-36086	-34360
poc_launchpad_numerics_filetest.gno	53	Launchpad Numerics DepositGns call=53/256	paid	6118615	6130782	12167	0.1988521912230137	11425	3930	3569	-361	-36100	-36100	0	12	13	1740	-36088	-36087	-34360
poc_launchpad_numerics_filetest.gno	54	Launchpad Numerics DepositGns call=54/256	paid	6120543	6132710	12167	0.1987895518420506	11425	3931	3570	-361	-36100	-36100	0	12	13	1740	-36088	-36087	-34360
poc_launchpad_numerics_filetest.gno	55	Launchpad Numerics DepositGns call=55/256	paid	6121491	6133658	12167	0.19875876645085322	11425	3929	3568	-361	-36100	-36100	0	12	14	1740	-36088	-36086	-34360
poc_launchpad_numerics_filetest.gno	56	Launchpad Numerics DepositGns call=56/256	paid	6122444	6134611	12167	0.1987278282986337	11425	3929	3568	-361	-36100	-36100	0	12	14	1740	-36088	-36086	-34360
poc_launchpad_numerics_filetest.gno	57	Launchpad Numerics DepositGns call=57/256	paid	6431816	6443983	12167	0.1891689687640318	11425	10609	10248	-361	-36100	-36100	0	12	14	1740	-36088	-36086	-34360
poc_launchpad_numerics_filetest.gno	58	Launchpad Numerics DepositGns call=58/256	paid	6117531	6129668	12137	0.19839703305140588	11425	3987	3616	-371	-37100	-37100	0	12	13	1736	-37088	-37087	-35364
poc_launchpad_numerics_filetest.gno	59	Launchpad Numerics DepositGns call=59/256	paid	6118079	6130129	12050	0.19695724752818655	11425	3955	3568	-387	-38700	-38700	0	12	14	1723	-38688	-38686	-36977
poc_launchpad_numerics_filetest.gno	60	Launchpad Numerics DepositGns call=60/256	paid	6110577	6122612	12035	0.19695357737902655	11425	3951	3568	-383	-38300	-38300	0	12	13	1721	-38288	-38287	-36579
poc_launchpad_numerics_filetest.gno	61	Launchpad Numerics DepositGns call=61/256	paid	6112507	6124536	12029	0.1967932306662389	11425	3951	3568	-383	-38300	-38300	0	12	13	1720	-38288	-38287	-36580
poc_launchpad_numerics_filetest.gno	62	Launchpad Numerics DepositGns call=62/256	paid	6116127	6128150	12023	0.1965786518167461	11425	3951	3568	-383	-38300	-38300	0	12	13	1719	-38288	-38287	-36581
poc_launchpad_numerics_filetest.gno	63	Launchpad Numerics DepositGns call=63/256	paid	6120861	6132926	12065	0.1971127918114788	11425	3951	3584	-367	-36700	-36700	0	12	14	1725	-36688	-36686	-34975
poc_launchpad_numerics_filetest.gno	64	Launchpad Numerics DepositGns call=64/256	paid	6121323	6133442	12119	0.19798007718266133	11425	3951	3591	-360	-36000	-36000	0	12	13	1733	-35988	-35987	-34267
poc_launchpad_numerics_filetest.gno	65	Launchpad Numerics DepositGns call=65/256	paid	6434353	6446424	12071	0.1876023898595554	11425	10663	10299	-364	-36400	-36400	0	12	14	1726	-36388	-36386	-34674
poc_launchpad_numerics_filetest.gno	66	Launchpad Numerics DepositGns call=66/256	paid	6122916	6135050	12134	0.19817354998827355	11425	4001	3637	-364	-36400	-36400	0	13	13	1736	-36387	-36387	-34664
poc_launchpad_numerics_filetest.gno	67	Launchpad Numerics DepositGns call=67/256	paid	6123870	6136004	12134	0.19814267775116062	11425	3953	3589	-364	-36400	-36400	0	13	13	1735	-36387	-36387	-34665
poc_launchpad_numerics_filetest.gno	68	Launchpad Numerics DepositGns call=68/256	paid	6119355	6131489	12134	0.19828887194810565	11425	3953	3589	-364	-36400	-36400	0	12	13	1735	-36388	-36387	-34665
poc_launchpad_numerics_filetest.gno	69	Launchpad Numerics DepositGns call=69/256	paid	6119335	6131469	12134	0.19828952002137487	11425	3953	3589	-364	-36400	-36400	0	12	13	1736	-36388	-36387	-34664
poc_launchpad_numerics_filetest.gno	70	Launchpad Numerics DepositGns call=70/256	paid	6123731	6135865	12134	0.19814717530864762	11425	3953	3589	-364	-36400	-36400	0	12	13	1735	-36388	-36387	-34665
poc_launchpad_numerics_filetest.gno	71	Launchpad Numerics DepositGns call=71/256	paid	6124687	6136821	12134	0.19811624659349938	11425	3953	3589	-364	-36400	-36400	0	12	13	1735	-36388	-36387	-34665
poc_launchpad_numerics_filetest.gno	72	Launchpad Numerics DepositGns call=72/256	paid	6126620	6138754	12134	0.19805373925590292	11425	3953	3589	-364	-36400	-36400	0	12	13	1735	-36388	-36387	-34665
poc_launchpad_numerics_filetest.gno	73	Launchpad Numerics DepositGns call=73/256	paid	6442258	6454347	12089	0.18765159669171896	11425	10655	10291	-364	-36400	-36400	0	12	13	1729	-36388	-36387	-34671
poc_launchpad_numerics_filetest.gno	74	Launchpad Numerics DepositGns call=74/256	paid	6115690	6127848	12158	0.19880013538946545	11425	4001	3637	-364	-36400	-36400	0	12	13	1739	-36388	-36387	-34661
poc_launchpad_numerics_filetest.gno	75	Launchpad Numerics DepositGns call=75/256	paid	6117131	6129289	12158	0.19875330444942246	11425	3953	3589	-364	-36400	-36400	0	12	14	1739	-36388	-36386	-34661
poc_launchpad_numerics_filetest.gno	76	Launchpad Numerics DepositGns call=76/256	paid	6123554	6135712	12158	0.19854483197176018	11425	3953	3589	-364	-36400	-36400	0	12	14	1738	-36388	-36386	-34662
poc_launchpad_numerics_filetest.gno	77	Launchpad Numerics DepositGns call=77/256	paid	6124508	6136666	12158	0.1985139051169498	11425	3953	3589	-364	-36400	-36400	0	12	14	1739	-36388	-36386	-34661
poc_launchpad_numerics_filetest.gno	78	Launchpad Numerics DepositGns call=78/256	paid	6124975	6137133	12158	0.19849876938273217	11425	3953	3589	-364	-36400	-36400	0	13	13	1739	-36387	-36387	-34661
poc_launchpad_numerics_filetest.gno	79	Launchpad Numerics DepositGns call=79/256	paid	6126416	6138574	12158	0.19845208030274145	11425	3953	3589	-364	-36400	-36400	0	12	13	1739	-36388	-36387	-34661
poc_launchpad_numerics_filetest.gno	80	Launchpad Numerics DepositGns call=80/256	paid	6125348	6137506	12158	0.1984866818995427	11425	3953	3589	-364	-36400	-36400	0	12	14	1739	-36388	-36386	-34661
poc_launchpad_numerics_filetest.gno	81	Launchpad Numerics DepositGns call=81/256	paid	6442552	6454710	12158	0.18871403754288674	11425	10655	10291	-364	-36400	-36400	0	12	14	1739	-36388	-36386	-34661
poc_launchpad_numerics_filetest.gno	82	Launchpad Numerics DepositGns call=82/256	paid	6114432	6126590	12158	0.19884103707425319	11425	4001	3637	-364	-36400	-36400	0	12	14	1739	-36388	-36386	-34661
poc_launchpad_numerics_filetest.gno	83	Launchpad Numerics DepositGns call=83/256	paid	6111602	6123760	12158	0.19893311115481668	11425	3953	3589	-364	-36400	-36400	0	12	14	1738	-36388	-36386	-34662
poc_launchpad_numerics_filetest.gno	84	Launchpad Numerics DepositGns call=84/256	paid	6122299	6134457	12158	0.19858553135023296	11425	3953	3589	-364	-36400	-36400	0	12	13	1739	-36388	-36387	-34661
poc_launchpad_numerics_filetest.gno	85	Launchpad Numerics DepositGns call=85/256	paid	6119960	6132118	12158	0.19866142915966772	11425	3953	3589	-364	-36400	-36400	0	13	14	1738	-36387	-36386	-34662
poc_launchpad_numerics_filetest.gno	86	Launchpad Numerics DepositGns call=86/256	paid	6124696	6136854	12158	0.19850781165301917	11425	3953	3589	-364	-36400	-36400	0	12	13	1739	-36388	-36387	-34661
poc_launchpad_numerics_filetest.gno	87	Launchpad Numerics DepositGns call=87/256	paid	6124676	6136834	12158	0.1985084598760816	11425	3953	3589	-364	-36400	-36400	0	12	13	1739	-36388	-36387	-34661
poc_launchpad_numerics_filetest.gno	88	Launchpad Numerics DepositGns call=88/256	paid	6126117	6138275	12158	0.19846176623789588	11425	3953	3589	-364	-36400	-36400	0	12	14	1739	-36388	-36386	-34661
poc_launchpad_numerics_filetest.gno	89	Launchpad Numerics DepositGns call=89/256	paid	6445441	6457599	12158	0.18862945142155518	11425	10655	10291	-364	-36400	-36400	0	12	14	1738	-36388	-36386	-34662
poc_launchpad_numerics_filetest.gno	90	Launchpad Numerics DepositGns call=90/256	paid	6111612	6123770	12158	0.19893278565458672	11425	4014	3650	-364	-36400	-36400	0	12	14	1739	-36388	-36386	-34661
poc_launchpad_numerics_filetest.gno	91	Launchpad Numerics DepositGns call=91/256	paid	6111637	6123795	12158	0.19893197190867193	11425	3968	3604	-364	-36400	-36400	0	12	14	1738	-36388	-36386	-34662
poc_launchpad_numerics_filetest.gno	92	Launchpad Numerics DepositGns call=92/256	paid	6109296	6121454	12158	0.19900819996281077	11425	3953	3589	-364	-36400	-36400	0	12	13	1738	-36388	-36387	-34662
poc_launchpad_numerics_filetest.gno	93	Launchpad Numerics DepositGns call=93/256	paid	6115588	6127746	12158	0.19880345111541195	11425	3953	3589	-364	-36400	-36400	0	12	13	1738	-36388	-36387	-34662
poc_launchpad_numerics_filetest.gno	94	Launchpad Numerics DepositGns call=94/256	paid	6115568	6127726	12158	0.19880410127072415	11425	3953	3589	-364	-36400	-36400	0	12	13	1738	-36388	-36387	-34662
poc_launchpad_numerics_filetest.gno	95	Launchpad Numerics DepositGns call=95/256	paid	6111673	6123831	12158	0.19893080012625022	11425	3953	3589	-364	-36400	-36400	0	12	14	1738	-36388	-36386	-34662
poc_launchpad_numerics_filetest.gno	96	Launchpad Numerics DepositGns call=96/256	paid	6123924	6136082	12158	0.19853283613578485	11425	3953	3589	-364	-36400	-36400	0	13	13	1738	-36387	-36387	-34662
poc_launchpad_numerics_filetest.gno	97	Launchpad Numerics DepositGns call=97/256	paid	6370174	6382332	12158	0.19085820889664867	11425	10375	10011	-364	-36400	-36400	0	12	13	1739	-36388	-36387	-34661
poc_launchpad_numerics_filetest.gno	98	Launchpad Numerics DepositGns call=98/256	paid	6093919	6106077	12158	0.1995103643484595	11425	4001	3637	-364	-36400	-36400	0	13	13	1739	-36387	-36387	-34661
poc_launchpad_numerics_filetest.gno	99	Launchpad Numerics DepositGns call=99/256	paid	6101321	6113479	12158	0.19926832238461145	11425	3953	3589	-364	-36400	-36400	0	12	13	1739	-36388	-36387	-34661
poc_launchpad_numerics_filetest.gno	100	Launchpad Numerics DepositGns call=100/256	paid	6165022	6177180	12158	0.19720935302420656	11425	3938	3574	-364	-36400	-36400	0	12	13	1738	-36388	-36387	-34662
poc_launchpad_numerics_filetest.gno	101	Launchpad Numerics DepositGns call=101/256	paid	6164890	6177048	12158	0.19721357558691233	11425	3914	3550	-364	-36400	-36400	0	13	13	1738	-36387	-36387	-34662
poc_launchpad_numerics_filetest.gno	102	Launchpad Numerics DepositGns call=102/256	paid	6172667	6184825	12158	0.1969651043868072	11425	3914	3550	-364	-36400	-36400	0	12	14	1738	-36388	-36386	-34662
poc_launchpad_numerics_filetest.gno	103	Launchpad Numerics DepositGns call=103/256	paid	6167549	6179707	12158	0.19712855139051186	11425	3914	3550	-364	-36400	-36400	0	12	13	1739	-36388	-36387	-34661
poc_launchpad_numerics_filetest.gno	104	Launchpad Numerics DepositGns call=104/256	paid	6168389	6180547	12158	0.19710170678275965	11425	3914	3550	-364	-36400	-36400	0	12	13	1739	-36388	-36387	-34661
poc_launchpad_numerics_filetest.gno	105	Launchpad Numerics DepositGns call=105/256	paid	6174695	6186853	12158	0.19690041370464453	11425	3914	3550	-364	-36400	-36400	0	12	13	1738	-36388	-36387	-34662
poc_launchpad_numerics_filetest.gno	106	Launchpad Numerics DepositGns call=106/256	paid	6175048	6187206	12158	0.19688915778468444	11425	3914	3550	-364	-36400	-36400	0	12	13	1739	-36388	-36387	-34661
poc_launchpad_numerics_filetest.gno	107	Launchpad Numerics DepositGns call=107/256	paid	6177354	6189512	12158	0.19681565926123062	11425	3914	3550	-364	-36400	-36400	0	12	13	1739	-36388	-36387	-34661
poc_launchpad_numerics_filetest.gno	108	Launchpad Numerics DepositGns call=108/256	paid	6486366	6498524	12158	0.1874393150186098	11425	10400	10036	-364	-36400	-36400	0	12	13	1738	-36388	-36387	-34662
poc_launchpad_numerics_filetest.gno	109	Launchpad Numerics DepositGns call=109/256	paid	6166326	6178484	12158	0.1971676489371467	11425	4004	3640	-364	-36400	-36400	0	12	14	1739	-36388	-36386	-34661
poc_launchpad_numerics_filetest.gno	110	Launchpad Numerics DepositGns call=110/256	paid	6161476	6173634	12158	0.19732284926533836	11425	3956	3592	-364	-36400	-36400	0	12	13	1738	-36388	-36387	-34662
poc_launchpad_numerics_filetest.gno	111	Launchpad Numerics DepositGns call=111/256	paid	6167904	6180062	12158	0.19711720545585665	11425	3956	3592	-364	-36400	-36400	0	13	14	1738	-36387	-36386	-34662
poc_launchpad_numerics_filetest.gno	112	Launchpad Numerics DepositGns call=112/256	paid	6172646	6184804	12158	0.1969657744830985	11425	3956	3592	-364	-36400	-36400	0	12	14	1738	-36388	-36386	-34662
poc_launchpad_numerics_filetest.gno	113	Launchpad Numerics DepositGns call=113/256	paid	6174098	6186256	12158	0.19691945284963083	11425	3956	3592	-364	-36400	-36400	0	12	13	1738	-36388	-36387	-34662
poc_launchpad_numerics_filetest.gno	114	Launchpad Numerics DepositGns call=114/256	paid	6173597	6185755	12158	0.1969354332652423	11425	3956	3592	-364	-36400	-36400	0	12	14	1738	-36388	-36386	-34662
poc_launchpad_numerics_filetest.gno	115	Launchpad Numerics DepositGns call=115/256	paid	6176018	6188176	12158	0.19685823454530088	11425	3956	3592	-364	-36400	-36400	0	12	13	1739	-36388	-36387	-34661
poc_launchpad_numerics_filetest.gno	116	Launchpad Numerics DepositGns call=116/256	paid	6510033	6522191	12158	0.18675788586632355	11425	10660	10296	-364	-36400	-36400	0	12	13	1739	-36388	-36387	-34661
poc_launchpad_numerics_filetest.gno	117	Launchpad Numerics DepositGns call=117/256	paid	6164580	6176738	12158	0.19722349292247	11425	4004	3640	-364	-36400	-36400	0	12	13	1739	-36388	-36387	-34661
poc_launchpad_numerics_filetest.gno	118	Launchpad Numerics DepositGns call=118/256	paid	6166027	6178185	12158	0.19717720989544807	11425	3956	3592	-364	-36400	-36400	0	12	14	1739	-36388	-36386	-34661
poc_launchpad_numerics_filetest.gno	119	Launchpad Numerics DepositGns call=119/256	paid	6172940	6185098	12158	0.196956393549913	11425	3956	3592	-364	-36400	-36400	0	13	13	1739	-36387	-36387	-34661
poc_launchpad_numerics_filetest.gno	120	Launchpad Numerics DepositGns call=120/256	paid	6171872	6184030	12158	0.19699047549916784	11425	3956	3592	-364	-36400	-36400	0	13	13	1739	-36387	-36387	-34661
poc_launchpad_numerics_filetest.gno	121	Launchpad Numerics DepositGns call=121/256	paid	6172347	6184505	12158	0.1969753158725522	11425	3956	3592	-364	-36400	-36400	0	12	13	1739	-36388	-36387	-34661
poc_launchpad_numerics_filetest.gno	122	Launchpad Numerics DepositGns call=122/256	paid	6173305	6185463	12158	0.19694474839652343	11425	3956	3592	-364	-36400	-36400	0	12	14	1739	-36388	-36386	-34661
poc_launchpad_numerics_filetest.gno	123	Launchpad Numerics DepositGns call=123/256	paid	6174757	6186915	12158	0.19689843665102935	11425	3956	3592	-364	-36400	-36400	0	12	13	1738	-36388	-36387	-34662
poc_launchpad_numerics_filetest.gno	124	Launchpad Numerics DepositGns call=124/256	paid	6511306	6523464	12158	0.18672137356161728	11425	10660	10296	-364	-36400	-36400	0	12	13	1739	-36388	-36387	-34661
poc_launchpad_numerics_filetest.gno	125	Launchpad Numerics DepositGns call=125/256	paid	6170248	6182406	12158	0.19704232309625155	11425	4004	3640	-364	-36400	-36400	0	12	13	1739	-36388	-36387	-34661
poc_launchpad_numerics_filetest.gno	126	Launchpad Numerics DepositGns call=126/256	paid	6167913	6180071	12158	0.19711691782941815	11425	3956	3592	-364	-36400	-36400	0	13	14	1739	-36387	-36386	-34661
poc_launchpad_numerics_filetest.gno	127	Launchpad Numerics DepositGns call=127/256	paid	6168878	6181036	12158	0.19708608275281178	11425	3956	3592	-364	-36400	-36400	0	13	14	1739	-36387	-36386	-34661
poc_launchpad_numerics_filetest.gno	128	Launchpad Numerics DepositGns call=128/256	paid	6173133	6185291	12158	0.19695023580408846	11425	3956	3592	-364	-36400	-36400	0	12	13	1738	-36388	-36387	-34662
poc_launchpad_numerics_filetest.gno	129	Launchpad Numerics DepositGns call=129/256	paid	6174093	6186251	12158	0.19691961232200422	11425	3956	3592	-364	-36400	-36400	0	12	13	1738	-36388	-36387	-34662
poc_launchpad_numerics_filetest.gno	130	Launchpad Numerics DepositGns call=130/256	paid	6173025	6185183	12158	0.19695368154186968	11425	3956	3592	-364	-36400	-36400	0	12	13	1739	-36388	-36387	-34661
poc_launchpad_numerics_filetest.gno	131	Launchpad Numerics DepositGns call=131/256	paid	6173982	6186140	12158	0.19692315267521027	11425	3956	3592	-364	-36400	-36400	0	13	13	1739	-36387	-36387	-34661
poc_launchpad_numerics_filetest.gno	132	Launchpad Numerics DepositGns call=132/256	paid	6513061	6525219	12158	0.1866710598902728	11425	10660	10296	-364	-36400	-36400	0	12	13	1739	-36388	-36387	-34661
poc_launchpad_numerics_filetest.gno	133	Launchpad Numerics DepositGns call=133/256	paid	6168972	6181130	12158	0.19708307964438807	11425	4004	3640	-364	-36400	-36400	0	13	14	1739	-36387	-36386	-34661
poc_launchpad_numerics_filetest.gno	134	Launchpad Numerics DepositGns call=134/256	paid	6169445	6181603	12158	0.19706796964718867	11425	3956	3592	-364	-36400	-36400	0	12	13	1739	-36388	-36387	-34661
poc_launchpad_numerics_filetest.gno	135	Launchpad Numerics DepositGns call=135/256	paid	6164934	6177092	12158	0.19721216804591907	11425	3956	3592	-364	-36400	-36400	0	13	13	1739	-36387	-36387	-34661
poc_launchpad_numerics_filetest.gno	136	Launchpad Numerics DepositGns call=136/256	paid	6165407	6177565	12158	0.19719703824905638	11425	3956	3592	-364	-36400	-36400	0	12	14	1738	-36388	-36386	-34662
poc_launchpad_numerics_filetest.gno	137	Launchpad Numerics DepositGns call=137/256	paid	6172330	6184488	12158	0.1969758583873513	11425	3956	3592	-364	-36400	-36400	0	12	13	1738	-36388	-36387	-34662
poc_launchpad_numerics_filetest.gno	138	Launchpad Numerics DepositGns call=138/256	paid	6173777	6185935	12158	0.19692969150003312	11425	3956	3592	-364	-36400	-36400	0	12	13	1738	-36388	-36387	-34662
poc_launchpad_numerics_filetest.gno	139	Launchpad Numerics DepositGns call=139/256	paid	6173271	6185429	12158	0.19694583309237518	11425	3956	3592	-364	-36400	-36400	0	12	13	1739	-36388	-36387	-34661
poc_launchpad_numerics_filetest.gno	140	Launchpad Numerics DepositGns call=140/256	paid	6908989	6921147	12158	0.17597364824289052	11425	24222	23858	-364	-36400	-36400	0	13	14	1739	-36387	-36386	-34661
poc_launchpad_numerics_filetest.gno	141	Launchpad Numerics DepositGns call=141/256	paid	6199884	6212042	12158	0.1961004431695819	11425	4076	3712	-364	-36400	-36400	0	13	14	1739	-36387	-36386	-34661
poc_launchpad_numerics_filetest.gno	142	Launchpad Numerics DepositGns call=142/256	paid	6197547	6209705	12158	0.19617438964157916	11425	3956	3592	-364	-36400	-36400	0	12	13	1738	-36388	-36387	-34662
poc_launchpad_numerics_filetest.gno	143	Launchpad Numerics DepositGns call=143/256	paid	6208247	6220405	12158	0.1958362803541805	11425	3956	3592	-364	-36400	-36400	0	12	13	1738	-36388	-36387	-34662
poc_launchpad_numerics_filetest.gno	144	Launchpad Numerics DepositGns call=144/256	paid	6209209	6221367	12158	0.19580593921061443	11425	3956	3592	-364	-36400	-36400	0	12	13	1739	-36388	-36387	-34661
poc_launchpad_numerics_filetest.gno	145	Launchpad Numerics DepositGns call=145/256	paid	6210169	6222327	12158	0.19577567051717917	11425	3956	3592	-364	-36400	-36400	0	12	13	1738	-36388	-36387	-34662
poc_launchpad_numerics_filetest.gno	146	Launchpad Numerics DepositGns call=146/256	paid	6210642	6222800	12158	0.19576076032075268	11425	3956	3592	-364	-36400	-36400	0	12	14	1739	-36388	-36386	-34661
poc_launchpad_numerics_filetest.gno	147	Launchpad Numerics DepositGns call=147/256	paid	6212094	6224252	12158	0.19571500366865022	11425	3956	3592	-364	-36400	-36400	0	12	13	1739	-36388	-36387	-34661
poc_launchpad_numerics_filetest.gno	148	Launchpad Numerics DepositGns call=148/256	paid	6534057	6546215	12158	0.18607122649833022	11425	10634	10270	-364	-36400	-36400	0	12	13	1738	-36388	-36387	-34662
poc_launchpad_numerics_filetest.gno	149	Launchpad Numerics DepositGns call=149/256	paid	6201625	6213783	12158	0.19604539132888557	11425	4004	3640	-364	-36400	-36400	0	12	14	1738	-36388	-36386	-34662
poc_launchpad_numerics_filetest.gno	150	Launchpad Numerics DepositGns call=150/256	paid	6200065	6212223	12158	0.19609471836182363	11425	3956	3592	-364	-36400	-36400	0	12	13	1738	-36388	-36387	-34662
poc_launchpad_numerics_filetest.gno	151	Launchpad Numerics DepositGns call=151/256	paid	6206988	6219146	12158	0.19587600298244495	11425	3956	3592	-364	-36400	-36400	0	13	14	1738	-36387	-36386	-34662
poc_launchpad_numerics_filetest.gno	152	Launchpad Numerics DepositGns call=152/256	paid	6207950	6220108	12158	0.1958456495300381	11425	3956	3592	-364	-36400	-36400	0	13	14	1739	-36387	-36386	-34661
poc_launchpad_numerics_filetest.gno	153	Launchpad Numerics DepositGns call=153/256	paid	6208910	6221068	12158	0.19581536855905465	11425	3956	3592	-364	-36400	-36400	0	13	14	1738	-36387	-36386	-34662
poc_launchpad_numerics_filetest.gno	154	Launchpad Numerics DepositGns call=154/256	paid	6210357	6222515	12158	0.1957697439937833	11425	3956	3592	-364	-36400	-36400	0	12	13	1738	-36388	-36387	-34662
poc_launchpad_numerics_filetest.gno	155	Launchpad Numerics DepositGns call=155/256	paid	6211317	6223475	12158	0.19573948648893624	11425	3956	3592	-364	-36400	-36400	0	12	13	1738	-36388	-36387	-34662
poc_launchpad_numerics_filetest.gno	156	Launchpad Numerics DepositGns call=156/256	paid	6534710	6546868	12158	0.18605263278707088	11425	10620	10256	-364	-36400	-36400	0	12	13	1739	-36388	-36387	-34661
poc_launchpad_numerics_filetest.gno	157	Launchpad Numerics DepositGns call=157/256	paid	6200834	6212992	12158	0.19607039956238145	11425	4004	3640	-364	-36400	-36400	0	12	14	1738	-36388	-36386	-34662
poc_launchpad_numerics_filetest.gno	158	Launchpad Numerics DepositGns call=158/256	paid	6201307	6213465	12158	0.19605544444098638	11425	3956	3592	-364	-36400	-36400	0	12	13	1739	-36388	-36387	-34661
poc_launchpad_numerics_filetest.gno	159	Launchpad Numerics DepositGns call=159/256	paid	6209204	6221362	12158	0.1958060968845604	11425	3956	3592	-364	-36400	-36400	0	12	13	1738	-36388	-36387	-34662
poc_launchpad_numerics_filetest.gno	160	Launchpad Numerics DepositGns call=160/256	paid	6199108	6211266	12158	0.1961249908857855	11425	3956	3592	-364	-36400	-36400	0	12	13	1739	-36388	-36387	-34661
poc_launchpad_numerics_filetest.gno	161	Launchpad Numerics DepositGns call=161/256	paid	6199583	6211741	12158	0.1961099641701708	11425	3956	3592	-364	-36400	-36400	0	12	13	1738	-36388	-36387	-34662
poc_launchpad_numerics_filetest.gno	162	Launchpad Numerics DepositGns call=162/256	paid	6200541	6212699	12158	0.19607966466151905	11425	3956	3592	-364	-36400	-36400	0	12	13	1738	-36388	-36387	-34662
poc_launchpad_numerics_filetest.gno	163	Launchpad Numerics DepositGns call=163/256	paid	6207951	6220109	12158	0.19584561798248729	11425	3956	3592	-364	-36400	-36400	0	13	14	1739	-36387	-36386	-34661
poc_launchpad_numerics_filetest.gno	164	Launchpad Numerics DepositGns call=164/256	paid	6462419	6474577	12158	0.18813388608816606	11425	10342	9978	-364	-36400	-36400	0	12	14	1739	-36388	-36386	-34661
poc_launchpad_numerics_filetest.gno	165	Launchpad Numerics DepositGns call=165/256	paid	6176904	6189062	12158	0.1968299976816865	11425	4004	3640	-364	-36400	-36400	0	13	13	1738	-36387	-36387	-34662
poc_launchpad_numerics_filetest.gno	166	Launchpad Numerics DepositGns call=166/256	paid	6183827	6195985	12158	0.19660963995273478	11425	3956	3592	-364	-36400	-36400	0	12	13	1738	-36388	-36387	-34662
poc_launchpad_numerics_filetest.gno	167	Launchpad Numerics DepositGns call=167/256	paid	6185761	6197919	12158	0.19654816925516522	11425	3956	3592	-364	-36400	-36400	0	12	13	1739	-36388	-36387	-34661
poc_launchpad_numerics_filetest.gno	168	Launchpad Numerics DepositGns call=168/256	paid	6178577	6190735	12158	0.19677670117245444	11425	3956	3592	-364	-36400	-36400	0	12	13	1739	-36388	-36387	-34661
poc_launchpad_numerics_filetest.gno	169	Launchpad Numerics DepositGns call=169/256	paid	6187681	6199839	12158	0.1964871815466893	11425	3956	3592	-364	-36400	-36400	0	12	13	1738	-36388	-36387	-34662
poc_launchpad_numerics_filetest.gno	170	Launchpad Numerics DepositGns call=170/256	paid	6206669	6218827	12158	0.1958860702898769	11425	3938	3574	-364	-36400	-36400	0	12	13	1739	-36388	-36387	-34661
poc_launchpad_numerics_filetest.gno	171	Launchpad Numerics DepositGns call=171/256	paid	6201064	6213222	12158	0.19606312723106872	11425	3914	3550	-364	-36400	-36400	0	12	13	1738	-36388	-36387	-34662
poc_launchpad_numerics_filetest.gno	172	Launchpad Numerics DepositGns call=172/256	paid	6204080	6216238	12158	0.1959678147283723	11425	3914	3550	-364	-36400	-36400	0	12	13	1739	-36388	-36387	-34661
poc_launchpad_numerics_filetest.gno	173	Launchpad Numerics DepositGns call=173/256	paid	6209196	6221354	12158	0.19580634916340214	11425	3914	3550	-364	-36400	-36400	0	12	13	1738	-36388	-36387	-34662
poc_launchpad_numerics_filetest.gno	174	Launchpad Numerics DepositGns call=174/256	paid	6211010	6223168	12158	0.1957491615695354	11425	3914	3550	-364	-36400	-36400	0	12	13	1739	-36388	-36387	-34661
poc_launchpad_numerics_filetest.gno	175	Launchpad Numerics DepositGns call=175/256	paid	6204918	6217076	12158	0.19594134845939945	11425	3914	3550	-364	-36400	-36400	0	13	13	1738	-36387	-36387	-34662
poc_launchpad_numerics_filetest.gno	176	Launchpad Numerics DepositGns call=176/256	paid	6213182	6225340	12158	0.19568073170880879	11425	3914	3550	-364	-36400	-36400	0	12	13	1738	-36388	-36387	-34662
poc_launchpad_numerics_filetest.gno	177	Launchpad Numerics DepositGns call=177/256	paid	6212551	6224709	12158	0.1957006067233895	11425	3914	3550	-364	-36400	-36400	0	12	14	1739	-36388	-36386	-34661
poc_launchpad_numerics_filetest.gno	178	Launchpad Numerics DepositGns call=178/256	paid	6512929	6525087	12158	0.1866748432233792	11425	10350	9986	-364	-36400	-36400	0	13	13	1739	-36387	-36387	-34661
poc_launchpad_numerics_filetest.gno	179	Launchpad Numerics DepositGns call=179/256	paid	6223827	6235985	12158	0.19534604673298278	11425	4004	3640	-364	-36400	-36400	0	12	13	1738	-36388	-36387	-34662
poc_launchpad_numerics_filetest.gno	180	Launchpad Numerics DepositGns call=180/256	paid	6228230	6240388	12158	0.19520794832560776	11425	3956	3592	-364	-36400	-36400	0	12	13	1739	-36388	-36387	-34661
poc_launchpad_numerics_filetest.gno	181	Launchpad Numerics DepositGns call=181/256	paid	6223723	6235881	12158	0.1953493110152878	11425	3956	3592	-364	-36400	-36400	0	12	13	1738	-36388	-36387	-34662
poc_launchpad_numerics_filetest.gno	182	Launchpad Numerics DepositGns call=182/256	paid	6224681	6236839	12158	0.19531924607863438	11425	3956	3592	-364	-36400	-36400	0	12	13	1738	-36388	-36387	-34662
poc_launchpad_numerics_filetest.gno	183	Launchpad Numerics DepositGns call=183/256	paid	6231594	6243752	12158	0.19510256926237493	11425	3956	3592	-364	-36400	-36400	0	12	14	1739	-36388	-36386	-34661
poc_launchpad_numerics_filetest.gno	184	Launchpad Numerics DepositGns call=184/256	paid	6232067	6244225	12158	0.1950877614120644	11425	3956	3592	-364	-36400	-36400	0	12	13	1739	-36388	-36387	-34661
poc_launchpad_numerics_filetest.gno	185	Launchpad Numerics DepositGns call=185/256	paid	6234008	6246166	12158	0.19502701953542567	11425	3956	3592	-364	-36400	-36400	0	12	13	1738	-36388	-36387	-34662
poc_launchpad_numerics_filetest.gno	186	Launchpad Numerics DepositGns call=186/256	paid	6543399	6555557	12158	0.1858055729140161	11425	10622	10258	-364	-36400	-36400	0	12	14	1738	-36388	-36386	-34662
poc_launchpad_numerics_filetest.gno	187	Launchpad Numerics DepositGns call=187/256	paid	6222563	6234721	12158	0.19538572771380538	11425	4004	3640	-364	-36400	-36400	0	12	14	1739	-36388	-36386	-34661
poc_launchpad_numerics_filetest.gno	188	Launchpad Numerics DepositGns call=188/256	paid	6229486	6241644	12158	0.19516859015334492	11425	3956	3592	-364	-36400	-36400	0	12	13	1739	-36388	-36387	-34661
poc_launchpad_numerics_filetest.gno	189	Launchpad Numerics DepositGns call=189/256	paid	6225464	6237622	12158	0.1952946800431261	11425	3956	3592	-364	-36400	-36400	0	12	13	1738	-36388	-36387	-34662
poc_launchpad_numerics_filetest.gno	190	Launchpad Numerics DepositGns call=190/256	paid	6228394	6240552	12158	0.19520280830018139	11425	3956	3592	-364	-36400	-36400	0	12	13	1738	-36388	-36387	-34662
poc_launchpad_numerics_filetest.gno	191	Launchpad Numerics DepositGns call=191/256	paid	6230333	6242491	12158	0.19514205741490864	11425	3956	3592	-364	-36400	-36400	0	12	13	1739	-36388	-36387	-34661
poc_launchpad_numerics_filetest.gno	192	Launchpad Numerics DepositGns call=192/256	paid	6231782	6243940	12158	0.19509668342056896	11425	3956	3592	-364	-36400	-36400	0	12	14	1739	-36388	-36386	-34661
poc_launchpad_numerics_filetest.gno	193	Launchpad Numerics DepositGns call=193/256	paid	6231768	6243926	12158	0.1950971217156993	11425	3956	3592	-364	-36400	-36400	0	12	14	1739	-36388	-36386	-34661
poc_launchpad_numerics_filetest.gno	194	Launchpad Numerics DepositGns call=194/256	paid	6544545	6556703	12158	0.1857730369338128	11425	10622	10258	-364	-36400	-36400	0	12	14	1739	-36388	-36386	-34661
poc_launchpad_numerics_filetest.gno	195	Launchpad Numerics DepositGns call=195/256	paid	6221304	6233462	12158	0.19542526775737049	11425	4004	3640	-364	-36400	-36400	0	12	13	1739	-36388	-36387	-34661
poc_launchpad_numerics_filetest.gno	196	Launchpad Numerics DepositGns call=196/256	paid	6222751	6234909	12158	0.19537982477524812	11425	3956	3592	-364	-36400	-36400	0	12	13	1738	-36388	-36387	-34662
poc_launchpad_numerics_filetest.gno	197	Launchpad Numerics DepositGns call=197/256	paid	6225395	6237553	12158	0.1952968446178917	11425	3956	3592	-364	-36400	-36400	0	12	14	1739	-36388	-36386	-34661
poc_launchpad_numerics_filetest.gno	198	Launchpad Numerics DepositGns call=198/256	paid	6226842	6239000	12158	0.19525146133465407	11425	3956	3592	-364	-36400	-36400	0	12	13	1738	-36388	-36387	-34662
poc_launchpad_numerics_filetest.gno	199	Launchpad Numerics DepositGns call=199/256	paid	6228781	6240939	12158	0.19519068016679347	11425	3956	3592	-364	-36400	-36400	0	12	14	1739	-36388	-36386	-34661
poc_launchpad_numerics_filetest.gno	200	Launchpad Numerics DepositGns call=200/256	paid	6227514	6239672	12158	0.1952303920954654	11425	3956	3592	-364	-36400	-36400	0	12	13	1739	-36388	-36387	-34661
poc_launchpad_numerics_filetest.gno	201	Launchpad Numerics DepositGns call=201/256	paid	6228475	6240633	12158	0.1952002697289465	11425	3956	3592	-364	-36400	-36400	0	12	13	1739	-36388	-36387	-34661
poc_launchpad_numerics_filetest.gno	202	Launchpad Numerics DepositGns call=202/256	paid	6546022	6558180	12158	0.18573112036592607	11425	10622	10258	-364	-36400	-36400	0	12	13	1738	-36388	-36387	-34662
poc_launchpad_numerics_filetest.gno	203	Launchpad Numerics DepositGns call=203/256	paid	6223472	6235630	12158	0.19535718968447194	11425	4004	3640	-364	-36400	-36400	0	12	14	1739	-36388	-36386	-34661
poc_launchpad_numerics_filetest.gno	204	Launchpad Numerics DepositGns call=204/256	paid	6224919	6237077	12158	0.19531177835406371	11425	3956	3592	-364	-36400	-36400	0	13	13	1739	-36387	-36387	-34661
poc_launchpad_numerics_filetest.gno	205	Launchpad Numerics DepositGns call=205/256	paid	6219434	6231592	12158	0.19548402635995493	11425	3956	3592	-364	-36400	-36400	0	12	13	1738	-36388	-36387	-34662
poc_launchpad_numerics_filetest.gno	206	Launchpad Numerics DepositGns call=206/256	paid	6220881	6233039	12158	0.19543855605018004	11425	3956	3592	-364	-36400	-36400	0	13	14	1739	-36387	-36386	-34661
poc_launchpad_numerics_filetest.gno	207	Launchpad Numerics DepositGns call=207/256	paid	6228291	6240449	12158	0.19520603645526519	11425	3956	3592	-364	-36400	-36400	0	12	13	1739	-36388	-36387	-34661
poc_launchpad_numerics_filetest.gno	208	Launchpad Numerics DepositGns call=208/256	paid	6229251	6241409	12158	0.1951759529355937	11425	3956	3592	-364	-36400	-36400	0	12	13	1739	-36388	-36387	-34661
poc_launchpad_numerics_filetest.gno	209	Launchpad Numerics DepositGns call=209/256	paid	6229719	6241877	12158	0.1951612905814853	11425	3956	3592	-364	-36400	-36400	0	12	14	1739	-36388	-36386	-34661
poc_launchpad_numerics_filetest.gno	210	Launchpad Numerics DepositGns call=210/256	paid	6547151	6559309	12158	0.18569909262822867	11425	10622	10258	-364	-36400	-36400	0	12	14	1739	-36388	-36386	-34661
poc_launchpad_numerics_filetest.gno	211	Launchpad Numerics DepositGns call=211/256	paid	6216755	6228913	12158	0.19556826672436023	11425	4004	3640	-364	-36400	-36400	0	12	13	1739	-36388	-36387	-34661
poc_launchpad_numerics_filetest.gno	212	Launchpad Numerics DepositGns call=212/256	paid	6218221	6230379	12158	0.1955221597945779	11425	3961	3597	-364	-36400	-36400	0	12	13	1739	-36388	-36387	-34661
poc_launchpad_numerics_filetest.gno	213	Launchpad Numerics DepositGns call=213/256	paid	6225175	6237333	12158	0.1953037464810226	11425	3961	3597	-364	-36400	-36400	0	12	14	1738	-36388	-36386	-34662
poc_launchpad_numerics_filetest.gno	214	Launchpad Numerics DepositGns call=214/256	paid	6225163	6237321	12158	0.19530412296031446	11425	3956	3592	-364	-36400	-36400	0	12	14	1738	-36388	-36386	-34662
poc_launchpad_numerics_filetest.gno	215	Launchpad Numerics DepositGns call=215/256	paid	6223315	6235473	12158	0.19536211809943735	11425	3956	3592	-364	-36400	-36400	0	12	14	1738	-36388	-36386	-34662
poc_launchpad_numerics_filetest.gno	216	Launchpad Numerics DepositGns call=216/256	paid	6227570	6239728	12158	0.19522863653078168	11425	3956	3592	-364	-36400	-36400	0	12	13	1739	-36388	-36387	-34661
poc_launchpad_numerics_filetest.gno	217	Launchpad Numerics DepositGns call=217/256	paid	6228535	6240693	12158	0.19519838934837808	11425	3956	3592	-364	-36400	-36400	0	12	13	1739	-36388	-36387	-34661
poc_launchpad_numerics_filetest.gno	218	Launchpad Numerics DepositGns call=218/256	paid	6958581	6970739	12158	0.17471952974320482	11425	17534	17170	-364	-36400	-36400	0	12	13	1738	-36388	-36387	-34662
poc_launchpad_numerics_filetest.gno	219	Launchpad Numerics DepositGns call=219/256	paid	6209607	6221765	12158	0.19579338917905756	11425	4052	3688	-364	-36400	-36400	0	12	13	1739	-36388	-36387	-34661
poc_launchpad_numerics_filetest.gno	220	Launchpad Numerics DepositGns call=220/256	paid	6208047	6220205	12158	0.19584258946493158	11425	3956	3592	-364	-36400	-36400	0	12	14	1739	-36388	-36386	-34661
poc_launchpad_numerics_filetest.gno	221	Launchpad Numerics DepositGns call=221/256	paid	6214970	6227128	12158	0.19562443583798475	11425	3956	3592	-364	-36400	-36400	0	13	13	1739	-36387	-36387	-34661
poc_launchpad_numerics_filetest.gno	222	Launchpad Numerics DepositGns call=222/256	paid	6215932	6228090	12158	0.19559416029647686	11425	3956	3592	-364	-36400	-36400	0	13	13	1738	-36387	-36387	-34662
poc_launchpad_numerics_filetest.gno	223	Launchpad Numerics DepositGns call=223/256	paid	6217379	6229537	12158	0.19554863874311024	11425	3956	3592	-364	-36400	-36400	0	12	13	1738	-36388	-36387	-34662
poc_launchpad_numerics_filetest.gno	224	Launchpad Numerics DepositGns call=224/256	paid	6217852	6230010	12158	0.19553376310661624	11425	3956	3592	-364	-36400	-36400	0	13	14	1739	-36387	-36386	-34661
poc_launchpad_numerics_filetest.gno	225	Launchpad Numerics DepositGns call=225/256	paid	6218812	6230970	12158	0.19550357849698624	11425	3956	3592	-364	-36400	-36400	0	12	14	1738	-36388	-36386	-34662
poc_launchpad_numerics_filetest.gno	226	Launchpad Numerics DepositGns call=226/256	paid	6539356	6551514	12158	0.1859204484355952	11425	10672	10308	-364	-36400	-36400	0	12	13	1739	-36388	-36387	-34661
poc_launchpad_numerics_filetest.gno	227	Launchpad Numerics DepositGns call=227/256	paid	6207842	6220000	12158	0.19584905672534836	11425	4004	3640	-364	-36400	-36400	0	12	13	1738	-36388	-36387	-34662
poc_launchpad_numerics_filetest.gno	228	Launchpad Numerics DepositGns call=228/256	paid	6208315	6220473	12158	0.19583413534912453	11425	3956	3592	-364	-36400	-36400	0	12	13	1738	-36388	-36387	-34662
poc_launchpad_numerics_filetest.gno	229	Launchpad Numerics DepositGns call=229/256	paid	6216699	6228857	12158	0.19557002840253324	11425	3956	3592	-364	-36400	-36400	0	12	13	1739	-36388	-36387	-34661
poc_launchpad_numerics_filetest.gno	230	Launchpad Numerics DepositGns call=230/256	paid	6205629	6217787	12158	0.19591889879333746	11425	3956	3592	-364	-36400	-36400	0	12	13	1739	-36388	-36387	-34661
poc_launchpad_numerics_filetest.gno	231	Launchpad Numerics DepositGns call=231/256	paid	6203296	6215454	12158	0.1959925820080164	11425	3956	3592	-364	-36400	-36400	0	12	13	1738	-36388	-36387	-34662
poc_launchpad_numerics_filetest.gno	232	Launchpad Numerics DepositGns call=232/256	paid	6208036	6220194	12158	0.1958429364778168	11425	3956	3592	-364	-36400	-36400	0	12	14	1738	-36388	-36386	-34662
poc_launchpad_numerics_filetest.gno	233	Launchpad Numerics DepositGns call=233/256	paid	6215933	6228091	12158	0.19559412882989569	11425	3956	3592	-364	-36400	-36400	0	13	13	1739	-36387	-36387	-34661
poc_launchpad_numerics_filetest.gno	234	Launchpad Numerics DepositGns call=234/256	paid	6467185	6479343	12158	0.18799524058767456	11425	10382	10018	-364	-36400	-36400	0	12	14	1739	-36388	-36386	-34661
poc_launchpad_numerics_filetest.gno	235	Launchpad Numerics DepositGns call=235/256	paid	6184886	6197044	12158	0.1965759756930039	11425	4004	3640	-364	-36400	-36400	0	13	13	1739	-36387	-36387	-34661
poc_launchpad_numerics_filetest.gno	236	Launchpad Numerics DepositGns call=236/256	paid	6192296	6204454	12158	0.19634074340115523	11425	3956	3592	-364	-36400	-36400	0	12	13	1738	-36388	-36387	-34662
poc_launchpad_numerics_filetest.gno	237	Launchpad Numerics DepositGns call=237/256	paid	6193743	6205901	12158	0.1962948737136817	11425	3956	3592	-364	-36400	-36400	0	12	13	1738	-36388	-36387	-34662
poc_launchpad_numerics_filetest.gno	238	Launchpad Numerics DepositGns call=238/256	paid	6194703	6206861	12158	0.19626445367921594	11425	3956	3592	-364	-36400	-36400	0	12	13	1739	-36388	-36387	-34661
poc_launchpad_numerics_filetest.gno	239	Launchpad Numerics DepositGns call=239/256	paid	6195176	6207334	12158	0.19624946894164105	11425	3956	3592	-364	-36400	-36400	0	12	14	1738	-36388	-36386	-34662
poc_launchpad_numerics_filetest.gno	240	Launchpad Numerics DepositGns call=240/256	paid	6230526	6242684	12158	0.19513601259347926	11425	3938	3574	-364	-36400	-36400	0	12	13	1738	-36388	-36387	-34662
poc_launchpad_numerics_filetest.gno	241	Launchpad Numerics DepositGns call=241/256	paid	6225897	6238055	12158	0.19528109764745546	11425	3914	3550	-364	-36400	-36400	0	13	13	1738	-36387	-36387	-34662
poc_launchpad_numerics_filetest.gno	242	Launchpad Numerics DepositGns call=242/256	paid	6231721	6243879	12158	0.19509859314946867	11425	3914	3550	-364	-36400	-36400	0	12	14	1738	-36388	-36386	-34662
poc_launchpad_numerics_filetest.gno	243	Launchpad Numerics DepositGns call=243/256	paid	6233540	6245698	12158	0.1950416617203066	11425	3914	3550	-364	-36400	-36400	0	12	14	1738	-36388	-36386	-34662
poc_launchpad_numerics_filetest.gno	244	Launchpad Numerics DepositGns call=244/256	paid	6234380	6246538	12158	0.19501538244380356	11425	3914	3550	-364	-36400	-36400	0	12	14	1738	-36388	-36386	-34662
poc_launchpad_numerics_filetest.gno	245	Launchpad Numerics DepositGns call=245/256	paid	6229262	6241420	12158	0.19517560828232944	11425	3914	3550	-364	-36400	-36400	0	12	13	1739	-36388	-36387	-34661
poc_launchpad_numerics_filetest.gno	246	Launchpad Numerics DepositGns call=246/256	paid	6237039	6249197	12158	0.19493224268759582	11425	3914	3550	-364	-36400	-36400	0	12	14	1739	-36388	-36386	-34661
poc_launchpad_numerics_filetest.gno	247	Launchpad Numerics DepositGns call=247/256	paid	6235921	6248079	12158	0.19496719089289297	11425	3914	3550	-364	-36400	-36400	0	13	13	1739	-36387	-36387	-34661
poc_launchpad_numerics_filetest.gno	248	Launchpad Numerics DepositGns call=248/256	paid	6517820	6529978	12158	0.18653476162275118	11425	10390	10026	-364	-36400	-36400	0	12	13	1738	-36388	-36387	-34662
poc_launchpad_numerics_filetest.gno	249	Launchpad Numerics DepositGns call=249/256	paid	6225370	6237528	12158	0.19529762889595317	11425	4004	3640	-364	-36400	-36400	0	12	14	1739	-36388	-36386	-34661
poc_launchpad_numerics_filetest.gno	250	Launchpad Numerics DepositGns call=250/256	paid	6230747	6242905	12158	0.195129091263054	11425	3956	3592	-364	-36400	-36400	0	12	14	1739	-36388	-36386	-34661
poc_launchpad_numerics_filetest.gno	251	Launchpad Numerics DepositGns call=251/256	paid	6224777	6236935	12158	0.19531623381849664	11425	3956	3592	-364	-36400	-36400	0	12	13	1738	-36388	-36387	-34662
poc_launchpad_numerics_filetest.gno	252	Launchpad Numerics DepositGns call=252/256	paid	6226222	6238380	12158	0.1952709042498003	11425	3956	3592	-364	-36400	-36400	0	12	14	1739	-36388	-36386	-34661
poc_launchpad_numerics_filetest.gno	253	Launchpad Numerics DepositGns call=253/256	paid	6233137	6245295	12158	0.19505427203027945	11425	3956	3592	-364	-36400	-36400	0	12	13	1739	-36388	-36387	-34661
poc_launchpad_numerics_filetest.gno	254	Launchpad Numerics DepositGns call=254/256	paid	6234097	6246255	12158	0.19502423526615	11425	3956	3592	-364	-36400	-36400	0	12	13	1739	-36388	-36387	-34661
poc_launchpad_numerics_filetest.gno	255	Launchpad Numerics DepositGns call=255/256	paid	6235549	6247707	12158	0.19497882223361568	11425	3956	3592	-364	-36400	-36400	0	12	13	1739	-36388	-36387	-34661
poc_launchpad_numerics_filetest.gno	256	Launchpad Numerics DepositGns call=256/256	paid	6522887	6535045	12158	0.1863898608085653	11425	7526	7162	-364	-36400	-36400	0	13	13	1739	-36387	-36387	-34661
poc_launchpad_numerics_filetest.gno	257	Launchpad Numerics CollectReward pattern=1 call=1/1	paid	3234443	3240555	6112	0.18896607545719618	5534	2046	2046	0	0	0	0	6	7	874	6	7	874
poc_launchpad_numerics_filetest.gno	258	Launchpad Numerics CollectReward pattern=10 call=1/10	paid	3222301	3228413	6112	0.18967812131765469	5534	12	12	0	0	0	0	6	7	874	6	7	874
poc_launchpad_numerics_filetest.gno	259	Launchpad Numerics CollectReward pattern=10 call=2/10	paid	3200928	3207040	6112	0.19094462605844306	5534	12	12	0	0	0	0	7	6	874	7	6	874
poc_launchpad_numerics_filetest.gno	260	Launchpad Numerics CollectReward pattern=10 call=3/10	paid	3209407	3215519	6112	0.19044016542619868	5534	12	12	0	0	0	0	6	7	874	6	7	874
poc_launchpad_numerics_filetest.gno	261	Launchpad Numerics CollectReward pattern=10 call=4/10	paid	3183272	3189384	6112	0.19200369933829092	5534	12	12	0	0	0	0	6	7	874	6	7	874
poc_launchpad_numerics_filetest.gno	262	Launchpad Numerics CollectReward pattern=10 call=5/10	paid	3187054	3193166	6112	0.19177585318604579	5534	12	12	0	0	0	0	6	7	874	6	7	874
poc_launchpad_numerics_filetest.gno	263	Launchpad Numerics CollectReward pattern=10 call=6/10	paid	3186074	3192186	6112	0.19183484124976383	5534	12	12	0	0	0	0	6	7	874	6	7	874
poc_launchpad_numerics_filetest.gno	264	Launchpad Numerics CollectReward pattern=10 call=7/10	paid	3186624	3192736	6112	0.19180173123656885	5534	31	31	0	0	0	0	6	7	874	6	7	874
poc_launchpad_numerics_filetest.gno	265	Launchpad Numerics CollectReward pattern=10 call=8/10	paid	3199047	3205159	6112	0.191056899132773	5534	20	20	0	0	0	0	6	7	874	6	7	874
poc_launchpad_numerics_filetest.gno	266	Launchpad Numerics CollectReward pattern=10 call=9/10	paid	3207564	3213676	6112	0.19054958841039493	5534	12	12	0	0	0	0	6	7	874	6	7	874
poc_launchpad_numerics_filetest.gno	267	Launchpad Numerics CollectReward pattern=10 call=10/10	paid	3194819	3200931	6112	0.19130974242985282	5534	14	14	0	0	0	0	6	7	874	6	7	874
poc_launchpad_numerics_filetest.gno	268	Launchpad Numerics CollectReward pattern=100 call=1/100	paid	3198120	3204232	6112	0.19111227846359735	5534	14	14	0	0	0	0	6	7	874	6	7	874
poc_launchpad_numerics_filetest.gno	269	Launchpad Numerics CollectReward pattern=100 call=2/100	paid	3197140	3203252	6112	0.1911708589551912	5534	12	12	0	0	0	0	6	7	874	6	7	874
poc_launchpad_numerics_filetest.gno	270	Launchpad Numerics CollectReward pattern=100 call=3/100	paid	3198120	3204232	6112	0.19111227846359735	5534	12	12	0	0	0	0	6	7	874	6	7	874
poc_launchpad_numerics_filetest.gno	271	Launchpad Numerics CollectReward pattern=100 call=4/100	paid	3209549	3215661	6112	0.19043173978649336	5534	12	12	0	0	0	0	6	7	874	6	7	874
poc_launchpad_numerics_filetest.gno	272	Launchpad Numerics CollectReward pattern=100 call=5/100	paid	3212489	3218601	6112	0.19025746080375683	5534	12	12	0	0	0	0	6	7	874	6	7	874
poc_launchpad_numerics_filetest.gno	273	Launchpad Numerics CollectReward pattern=100 call=6/100	paid	3220962	3227074	6112	0.1897569732272532	5534	12	12	0	0	0	0	7	6	874	7	6	874
poc_launchpad_numerics_filetest.gno	274	Launchpad Numerics CollectReward pattern=100 call=7/100	paid	3210032	3216144	6112	0.19040308632437308	5534	12	12	0	0	0	0	6	6	874	6	6	874
poc_launchpad_numerics_filetest.gno	275	Launchpad Numerics CollectReward pattern=100 call=8/100	paid	3211505	3217617	6112	0.1903157553857148	5534	12	12	0	0	0	0	6	7	874	6	7	874
poc_launchpad_numerics_filetest.gno	276	Launchpad Numerics CollectReward pattern=100 call=9/100	paid	3211008	3217120	6112	0.19034521246910627	5534	12	12	0	0	0	0	6	6	874	6	6	874
poc_launchpad_numerics_filetest.gno	277	Launchpad Numerics CollectReward pattern=100 call=10/100	paid	3198613	3204725	6112	0.1910828224608604	5534	12	12	0	0	0	0	6	7	874	6	7	874
poc_launchpad_numerics_filetest.gno	278	Launchpad Numerics CollectReward pattern=100 call=11/100	paid	3218166	3224278	6112	0.18992183746891864	5534	12	12	0	0	0	0	6	7	874	6	7	874
poc_launchpad_numerics_filetest.gno	279	Launchpad Numerics CollectReward pattern=100 call=12/100	paid	3224888	3231000	6112	0.18952596183185277	5534	12	12	0	0	0	0	6	7	874	6	7	874
poc_launchpad_numerics_filetest.gno	280	Launchpad Numerics CollectReward pattern=100 call=13/100	paid	3221942	3228054	6112	0.18969925591460057	5534	12	12	0	0	0	0	7	6	874	7	6	874
poc_launchpad_numerics_filetest.gno	281	Launchpad Numerics CollectReward pattern=100 call=14/100	paid	3211505	3217617	6112	0.1903157553857148	5534	12	12	0	0	0	0	6	7	874	6	7	874
poc_launchpad_numerics_filetest.gno	282	Launchpad Numerics CollectReward pattern=100 call=15/100	paid	3200080	3206192	6112	0.190995225119372	5534	12	12	0	0	0	0	6	6	874	6	6	874
poc_launchpad_numerics_filetest.gno	283	Launchpad Numerics CollectReward pattern=100 call=16/100	paid	3200573	3206685	6112	0.19096580518550896	5534	12	12	0	0	0	0	6	7	874	6	7	874
poc_launchpad_numerics_filetest.gno	284	Launchpad Numerics CollectReward pattern=100 call=17/100	paid	3208210	3214322	6112	0.19051121965208012	5534	12	12	0	0	0	0	6	6	874	6	6	874
poc_launchpad_numerics_filetest.gno	285	Launchpad Numerics CollectReward pattern=100 call=18/100	paid	3212972	3219084	6112	0.19022885975974893	5534	12	12	0	0	0	0	7	6	875	7	6	875
poc_launchpad_numerics_filetest.gno	286	Launchpad Numerics CollectReward pattern=100 call=19/100	paid	3201056	3207168	6112	0.1909369907930383	5534	12	12	0	0	0	0	6	6	874	6	6	874
poc_launchpad_numerics_filetest.gno	287	Launchpad Numerics CollectReward pattern=100 call=20/100	paid	3207583	3213695	6112	0.19054845969691198	5534	12	12	0	0	0	0	6	7	874	6	7	874
poc_launchpad_numerics_filetest.gno	288	Launchpad Numerics CollectReward pattern=100 call=21/100	paid	3209050	3215162	6112	0.19046135149031646	5534	12	12	0	0	0	0	6	7	874	6	7	874
poc_launchpad_numerics_filetest.gno	289	Launchpad Numerics CollectReward pattern=100 call=22/100	paid	3196647	3202759	6112	0.19120034210846554	5534	12	12	0	0	0	0	6	7	874	6	7	874
poc_launchpad_numerics_filetest.gno	290	Launchpad Numerics CollectReward pattern=100 call=23/100	paid	3197134	3203246	6112	0.19117121772187215	5534	12	12	0	0	0	0	6	7	874	6	7	874
poc_launchpad_numerics_filetest.gno	291	Launchpad Numerics CollectReward pattern=100 call=24/100	paid	3198114	3204226	6112	0.191112637010438	5534	12	12	0	0	0	0	6	7	874	6	7	874
poc_launchpad_numerics_filetest.gno	292	Launchpad Numerics CollectReward pattern=100 call=25/100	paid	3197134	3203246	6112	0.19117121772187215	5534	12	12	0	0	0	0	6	7	874	6	7	874
poc_launchpad_numerics_filetest.gno	293	Launchpad Numerics CollectReward pattern=100 call=26/100	paid	3197627	3203739	6112	0.19114174354920072	5534	12	12	0	0	0	0	6	7	874	6	7	874
poc_launchpad_numerics_filetest.gno	294	Launchpad Numerics CollectReward pattern=100 call=27/100	paid	3197627	3203739	6112	0.19114174354920072	5534	12	12	0	0	0	0	6	7	874	6	7	874
poc_launchpad_numerics_filetest.gno	295	Launchpad Numerics CollectReward pattern=100 call=28/100	paid	3205264	3211376	6112	0.1906863210019518	5534	12	12	0	0	0	0	6	7	874	6	7	874
poc_launchpad_numerics_filetest.gno	296	Launchpad Numerics CollectReward pattern=100 call=29/100	paid	3198110	3204222	6112	0.19111287604241256	5534	12	12	0	0	0	0	6	7	874	6	7	874
poc_launchpad_numerics_filetest.gno	297	Launchpad Numerics CollectReward pattern=100 call=30/100	paid	3198114	3204226	6112	0.191112637010438	5534	12	12	0	0	0	0	6	7	874	6	7	874
poc_launchpad_numerics_filetest.gno	298	Launchpad Numerics CollectReward pattern=100 call=31/100	paid	3198607	3204719	6112	0.19108318089718432	5534	12	12	0	0	0	0	6	7	874	6	7	874
poc_launchpad_numerics_filetest.gno	299	Launchpad Numerics CollectReward pattern=100 call=32/100	paid	3198114	3204226	6112	0.191112637010438	5534	12	12	0	0	0	0	6	7	874	6	7	874
poc_launchpad_numerics_filetest.gno	300	Launchpad Numerics CollectReward pattern=100 call=33/100	paid	3198607	3204719	6112	0.19108318089718432	5534	12	12	0	0	0	0	6	7	874	6	7	874
poc_launchpad_numerics_filetest.gno	301	Launchpad Numerics CollectReward pattern=100 call=34/100	paid	3194245	3200357	6112	0.1913441204416067	5534	12	12	0	0	0	0	6	7	874	6	7	874
poc_launchpad_numerics_filetest.gno	302	Launchpad Numerics CollectReward pattern=100 call=35/100	paid	3197134	3203246	6112	0.19117121772187215	5534	12	12	0	0	0	0	6	7	874	6	7	874
poc_launchpad_numerics_filetest.gno	303	Launchpad Numerics CollectReward pattern=100 call=36/100	paid	3198114	3204226	6112	0.191112637010438	5534	12	12	0	0	0	0	6	7	874	6	7	874
poc_launchpad_numerics_filetest.gno	304	Launchpad Numerics CollectReward pattern=100 call=37/100	paid	3185711	3191823	6112	0.19185670012126022	5534	12	12	0	0	0	0	6	7	874	6	7	874
poc_launchpad_numerics_filetest.gno	305	Launchpad Numerics CollectReward pattern=100 call=38/100	paid	3186198	3192310	6112	0.19182737544873232	5534	12	12	0	0	0	0	6	7	874	6	7	874
poc_launchpad_numerics_filetest.gno	306	Launchpad Numerics CollectReward pattern=100 call=39/100	paid	3185711	3191823	6112	0.19185670012126022	5534	12	12	0	0	0	0	6	7	874	6	7	874
poc_launchpad_numerics_filetest.gno	307	Launchpad Numerics CollectReward pattern=100 call=40/100	paid	3187178	3193290	6112	0.19176839197559722	5534	12	12	0	0	0	0	6	7	874	6	7	874
poc_launchpad_numerics_filetest.gno	308	Launchpad Numerics CollectReward pattern=100 call=41/100	paid	3187178	3193290	6112	0.19176839197559722	5534	12	12	0	0	0	0	6	7	874	6	7	874
poc_launchpad_numerics_filetest.gno	309	Launchpad Numerics CollectReward pattern=100 call=42/100	paid	3197138	3203250	6112	0.19117097854393522	5534	12	12	0	0	0	0	6	7	874	6	7	874
poc_launchpad_numerics_filetest.gno	310	Launchpad Numerics CollectReward pattern=100 call=43/100	paid	3197631	3203743	6112	0.19114150444500944	5534	12	12	0	0	0	0	6	7	874	6	7	874
poc_launchpad_numerics_filetest.gno	311	Launchpad Numerics CollectReward pattern=100 call=44/100	paid	3186202	3192314	6112	0.19182713462611597	5534	12	12	0	0	0	0	6	7	874	6	7	874
poc_launchpad_numerics_filetest.gno	312	Launchpad Numerics CollectReward pattern=100 call=45/100	paid	3182420	3188532	6112	0.19205510272057114	5534	12	12	0	0	0	0	6	7	874	6	7	874
poc_launchpad_numerics_filetest.gno	313	Launchpad Numerics CollectReward pattern=100 call=46/100	paid	3187182	3193294	6112	0.1917681513010553	5534	12	12	0	0	0	0	6	7	874	6	7	874
poc_launchpad_numerics_filetest.gno	314	Launchpad Numerics CollectReward pattern=100 call=47/100	paid	3186202	3192314	6112	0.19182713462611597	5534	12	12	0	0	0	0	6	7	874	6	7	874
poc_launchpad_numerics_filetest.gno	315	Launchpad Numerics CollectReward pattern=100 call=48/100	paid	3186734	3192807	6073	0.19057128709205098	5534	12	12	0	0	0	0	6	7	869	6	7	869
poc_launchpad_numerics_filetest.gno	316	Launchpad Numerics CollectReward pattern=100 call=49/100	paid	3197670	3203743	6073	0.1899195351615395	5534	12	12	0	0	0	0	6	7	869	6	7	869
poc_launchpad_numerics_filetest.gno	317	Launchpad Numerics CollectReward pattern=100 call=50/100	paid	3198650	3204723	6073	0.1898613477560846	5534	12	12	0	0	0	0	6	7	869	6	7	869
poc_launchpad_numerics_filetest.gno	318	Launchpad Numerics CollectReward pattern=100 call=51/100	paid	3187221	3193294	6073	0.19054216823998085	5534	12	12	0	0	0	0	6	7	869	6	7	869
poc_launchpad_numerics_filetest.gno	319	Launchpad Numerics CollectReward pattern=100 call=52/100	paid	3186734	3192834	6100	0.19141854952437198	5534	12	12	0	0	0	0	6	7	873	6	7	873
poc_launchpad_numerics_filetest.gno	320	Launchpad Numerics CollectReward pattern=100 call=53/100	paid	3188201	3194313	6112	0.1917068591346656	5534	12	12	0	0	0	0	6	6	874	6	6	874
poc_launchpad_numerics_filetest.gno	321	Launchpad Numerics CollectReward pattern=100 call=54/100	paid	3186740	3192852	6112	0.1917947494932125	5534	12	12	0	0	0	0	6	7	874	6	7	874
poc_launchpad_numerics_filetest.gno	322	Launchpad Numerics CollectReward pattern=100 call=55/100	paid	3188207	3194319	6112	0.19170649835471787	5534	12	12	0	0	0	0	6	6	874	6	6	874
poc_launchpad_numerics_filetest.gno	323	Launchpad Numerics CollectReward pattern=100 call=56/100	paid	3184425	3190537	6112	0.1919341796399664	5534	12	12	0	0	0	0	6	7	874	6	7	874
poc_launchpad_numerics_filetest.gno	324	Launchpad Numerics CollectReward pattern=100 call=57/100	paid	3197179	3203291	6112	0.19116852700458747	5534	12	12	0	0	0	0	6	7	874	6	7	874
poc_launchpad_numerics_filetest.gno	325	Launchpad Numerics CollectReward pattern=100 call=58/100	paid	3198159	3204271	6112	0.19110994794192535	5534	12	12	0	0	0	0	6	7	874	6	7	874
poc_launchpad_numerics_filetest.gno	326	Launchpad Numerics CollectReward pattern=100 call=59/100	paid	3186243	3192355	6112	0.1918246662291608	5534	12	12	0	0	0	0	6	7	874	6	7	874
poc_launchpad_numerics_filetest.gno	327	Launchpad Numerics CollectReward pattern=100 call=60/100	paid	3186736	3192848	6112	0.1917949902345221	5534	12	12	0	0	0	0	6	7	874	6	7	874
poc_launchpad_numerics_filetest.gno	328	Launchpad Numerics CollectReward pattern=100 call=61/100	paid	3186247	3192359	6112	0.1918244254133468	5534	12	12	0	0	0	0	6	7	874	6	7	874
poc_launchpad_numerics_filetest.gno	329	Launchpad Numerics CollectReward pattern=100 call=62/100	paid	3183445	3189557	6112	0.19199326515771437	5534	12	12	0	0	0	0	6	7	874	6	7	874
poc_launchpad_numerics_filetest.gno	330	Launchpad Numerics CollectReward pattern=100 call=63/100	paid	3187227	3193339	6112	0.19176544375408466	5534	12	12	0	0	0	0	6	7	874	6	7	874
poc_launchpad_numerics_filetest.gno	331	Launchpad Numerics CollectReward pattern=100 call=64/100	paid	3198163	3204275	6112	0.19110970891727533	5534	12	12	0	0	0	0	6	7	874	6	7	874
poc_launchpad_numerics_filetest.gno	332	Launchpad Numerics CollectReward pattern=100 call=65/100	paid	3199143	3205255	6112	0.19105116589036503	5534	12	12	0	0	0	0	6	6	874	6	6	874
poc_launchpad_numerics_filetest.gno	333	Launchpad Numerics CollectReward pattern=100 call=66/100	paid	3186740	3192852	6112	0.1917947494932125	5534	12	12	0	0	0	0	6	7	874	6	7	874
poc_launchpad_numerics_filetest.gno	334	Launchpad Numerics CollectReward pattern=100 call=67/100	paid	3186740	3192852	6112	0.1917947494932125	5534	12	12	0	0	0	0	6	7	874	6	7	874
poc_launchpad_numerics_filetest.gno	335	Launchpad Numerics CollectReward pattern=100 call=68/100	paid	3188207	3194319	6112	0.19170649835471787	5534	12	12	0	0	0	0	6	6	874	6	6	874
poc_launchpad_numerics_filetest.gno	336	Launchpad Numerics CollectReward pattern=100 call=69/100	paid	3188203	3194315	6112	0.19170673887453213	5534	12	12	0	0	0	0	6	6	874	6	6	874
poc_launchpad_numerics_filetest.gno	337	Launchpad Numerics CollectReward pattern=100 call=70/100	paid	3188207	3194319	6112	0.19170649835471787	5534	12	12	0	0	0	0	6	6	874	6	6	874
poc_launchpad_numerics_filetest.gno	338	Launchpad Numerics CollectReward pattern=100 call=71/100	paid	3197676	3203788	6112	0.19113881456407716	5534	12	12	0	0	0	0	6	7	874	6	7	874
poc_launchpad_numerics_filetest.gno	339	Launchpad Numerics CollectReward pattern=100 call=72/100	paid	3198656	3204768	6112	0.19108025370655676	5534	12	12	0	0	0	0	6	7	874	6	7	874
poc_launchpad_numerics_filetest.gno	340	Launchpad Numerics CollectReward pattern=100 call=73/100	paid	3195361	3201473	6112	0.19127729229968068	5534	12	12	0	0	0	0	6	7	874	6	7	874
poc_launchpad_numerics_filetest.gno	341	Launchpad Numerics CollectReward pattern=100 call=74/100	paid	3200123	3206235	6112	0.19099265871968046	5534	12	12	0	0	0	0	6	6	874	6	6	874
poc_launchpad_numerics_filetest.gno	342	Launchpad Numerics CollectReward pattern=100 call=75/100	paid	3198656	3204768	6112	0.19108025370655676	5534	12	12	0	0	0	0	6	7	874	6	7	874
poc_launchpad_numerics_filetest.gno	343	Launchpad Numerics CollectReward pattern=100 call=76/100	paid	3200123	3206235	6112	0.19099265871968046	5534	12	12	0	0	0	0	6	6	874	6	6	874
poc_launchpad_numerics_filetest.gno	344	Launchpad Numerics CollectReward pattern=100 call=77/100	paid	3199636	3205748	6112	0.19102172872164208	5534	12	12	0	0	0	0	6	7	874	6	7	874
poc_launchpad_numerics_filetest.gno	345	Launchpad Numerics CollectReward pattern=100 call=78/100	paid	3200616	3206728	6112	0.19096323957638153	5534	12	12	0	0	0	0	6	7	874	6	7	874
poc_launchpad_numerics_filetest.gno	346	Launchpad Numerics CollectReward pattern=100 call=79/100	paid	3196337	3202449	6112	0.1912188858684175	5534	12	12	0	0	0	0	6	7	874	6	7	874
poc_launchpad_numerics_filetest.gno	347	Launchpad Numerics CollectReward pattern=100 call=80/100	paid	3200123	3206235	6112	0.19099265871968046	5534	12	12	0	0	0	0	6	6	874	6	6	874
poc_launchpad_numerics_filetest.gno	348	Launchpad Numerics CollectReward pattern=100 call=81/100	paid	3201103	3207215	6112	0.19093418737229012	5534	12	12	0	0	0	0	6	6	874	6	6	874
poc_launchpad_numerics_filetest.gno	349	Launchpad Numerics CollectReward pattern=100 call=82/100	paid	3200123	3206235	6112	0.19099265871968046	5534	12	12	0	0	0	0	6	6	874	6	6	874
poc_launchpad_numerics_filetest.gno	350	Launchpad Numerics CollectReward pattern=100 call=83/100	paid	3200616	3206728	6112	0.19096323957638153	5534	12	12	0	0	0	0	6	7	874	6	7	874
poc_launchpad_numerics_filetest.gno	351	Launchpad Numerics CollectReward pattern=100 call=84/100	paid	3201103	3207215	6112	0.19093418737229012	5534	12	12	0	0	0	0	6	6	874	6	6	874
poc_launchpad_numerics_filetest.gno	352	Launchpad Numerics CollectReward pattern=100 call=85/100	paid	3187227	3193339	6112	0.19176544375408466	5534	12	12	0	0	0	0	6	7	874	6	7	874
poc_launchpad_numerics_filetest.gno	353	Launchpad Numerics CollectReward pattern=100 call=86/100	paid	3203261	3209373	6112	0.1908055572118538	5534	18	18	0	0	0	0	6	7	874	6	7	874
poc_launchpad_numerics_filetest.gno	354	Launchpad Numerics CollectReward pattern=100 call=87/100	paid	3191345	3197457	6112	0.19151799633070068	5534	18	18	0	0	0	0	6	7	874	6	7	874
poc_launchpad_numerics_filetest.gno	355	Launchpad Numerics CollectReward pattern=100 call=88/100	paid	3191345	3197457	6112	0.19151799633070068	5534	18	18	0	0	0	0	6	7	874	6	7	874
poc_launchpad_numerics_filetest.gno	356	Launchpad Numerics CollectReward pattern=100 call=89/100	paid	3214256	3220368	6112	0.19015286896874425	5534	18	18	0	0	0	0	6	7	874	6	7	874
poc_launchpad_numerics_filetest.gno	357	Launchpad Numerics CollectReward pattern=100 call=90/100	paid	3210965	3217077	6112	0.19034776149849034	5534	18	18	0	0	0	0	7	6	875	7	6	875
poc_launchpad_numerics_filetest.gno	358	Launchpad Numerics CollectReward pattern=100 call=91/100	paid	3215727	3221839	6112	0.1900658855680224	5534	18	18	0	0	0	0	6	7	874	6	7	874
poc_launchpad_numerics_filetest.gno	359	Launchpad Numerics CollectReward pattern=100 call=92/100	paid	3214747	3220859	6112	0.1901238262295602	5534	18	18	0	0	0	0	6	6	874	6	6	874
poc_launchpad_numerics_filetest.gno	360	Launchpad Numerics CollectReward pattern=100 call=93/100	paid	3215727	3221839	6112	0.1900658855680224	5534	18	18	0	0	0	0	6	7	874	6	7	874
poc_launchpad_numerics_filetest.gno	361	Launchpad Numerics CollectReward pattern=100 call=94/100	paid	3215240	3221352	6112	0.19009467411452954	5534	18	18	0	0	0	0	6	7	874	6	7	874
poc_launchpad_numerics_filetest.gno	362	Launchpad Numerics CollectReward pattern=100 call=95/100	paid	3207660	3213772	6112	0.19054388557390745	5534	12	12	0	0	0	0	6	7	874	6	7	874
poc_launchpad_numerics_filetest.gno	363	Launchpad Numerics CollectReward pattern=100 call=96/100	paid	3200983	3207095	6112	0.19094134520551967	5534	12	12	0	0	0	0	7	6	874	7	6	874
poc_launchpad_numerics_filetest.gno	364	Launchpad Numerics CollectReward pattern=100 call=97/100	paid	3197207	3203319	6112	0.19116685281872584	5534	12	12	0	0	0	0	6	7	874	6	7	874
poc_launchpad_numerics_filetest.gno	365	Launchpad Numerics CollectReward pattern=100 call=98/100	paid	3196720	3202832	6112	0.19119597587527215	5534	12	12	0	0	0	0	6	7	874	6	7	874
poc_launchpad_numerics_filetest.gno	366	Launchpad Numerics CollectReward pattern=100 call=99/100	paid	3197207	3203319	6112	0.19116685281872584	5534	12	12	0	0	0	0	6	7	874	6	7	874
poc_launchpad_numerics_filetest.gno	367	Launchpad Numerics CollectReward pattern=100 call=100/100	paid	3197700	3203812	6112	0.19113737999186917	5534	12	12	0	0	0	0	6	7	874	6	7	874
poc_launchpad_numerics_filetest.gno	368	Launchpad Numerics CollectDepositGns call=1/256	paid	8129025	8142787	13762	0.1692945956003334	12386	-3682	-3321	361	36100	0	-36100	13	16	1968	36113	36116	38068
poc_launchpad_numerics_filetest.gno	369	Launchpad Numerics CollectDepositGns call=2/256	paid	7712524	7726286	13762	0.1784370460305861	12386	-5733	-5372	361	36100	0	-36100	14	15	1968	36114	36115	38068
poc_launchpad_numerics_filetest.gno	370	Launchpad Numerics CollectDepositGns call=3/256	paid	7541372	7555134	13762	0.18248668809866428	12386	-2258	-1897	361	36100	0	-36100	14	15	1968	36114	36115	38068
poc_launchpad_numerics_filetest.gno	371	Launchpad Numerics CollectDepositGns call=4/256	paid	7687570	7701332	13762	0.17901625611213948	12386	-5695	-5334	361	36100	0	-36100	14	15	1968	36114	36115	38068
poc_launchpad_numerics_filetest.gno	372	Launchpad Numerics CollectDepositGns call=5/256	paid	7614386	7628148	13762	0.18073683157118645	12386	-2263	-1902	361	36100	0	-36100	14	15	1968	36114	36115	38068
poc_launchpad_numerics_filetest.gno	373	Launchpad Numerics CollectDepositGns call=6/256	paid	7746013	7759766	13753	0.17754940509394962	12386	-5735	-5374	361	36100	0	-36100	13	15	1967	36113	36115	38067
poc_launchpad_numerics_filetest.gno	374	Launchpad Numerics CollectDepositGns call=7/256	paid	7741174	7754924	13750	0.17762163723486904	12386	-5730	-5369	361	36100	0	-36100	13	15	1967	36113	36115	38067
poc_launchpad_numerics_filetest.gno	375	Launchpad Numerics CollectDepositGns call=8/256	paid	7614507	7628257	13750	0.18057636561368975	12386	-2263	-1902	361	36100	0	-36100	14	16	1966	36114	36116	38066
poc_launchpad_numerics_filetest.gno	376	Launchpad Numerics CollectDepositGns call=9/256	paid	7539675	7553437	13762	0.1825277614751299	12386	-2258	-1897	361	36100	0	-36100	14	15	1968	36114	36115	38068
poc_launchpad_numerics_filetest.gno	377	Launchpad Numerics CollectDepositGns call=10/256	paid	7575023	7588785	13762	0.18167601603321865	12386	-2258	-1897	361	36100	0	-36100	13	15	1968	36113	36115	38068
poc_launchpad_numerics_filetest.gno	378	Launchpad Numerics CollectDepositGns call=11/256	paid	7544905	7558667	13762	0.1824012363310075	12386	-2277	-1916	361	36100	0	-36100	14	15	1968	36114	36115	38068
poc_launchpad_numerics_filetest.gno	379	Launchpad Numerics CollectDepositGns call=12/256	paid	7633525	7647287	13762	0.1802836828332913	12386	-2265	-1904	361	36100	0	-36100	14	16	1968	36114	36116	38068
poc_launchpad_numerics_filetest.gno	380	Launchpad Numerics CollectDepositGns call=13/256	paid	7758864	7772626	13762	0.1773713265240891	12386	-5733	-5372	361	36100	0	-36100	14	15	1968	36114	36115	38068
poc_launchpad_numerics_filetest.gno	381	Launchpad Numerics CollectDepositGns call=14/256	paid	7640627	7654389	13762	0.18011610827226615	12386	-2265	-1904	361	36100	0	-36100	14	15	1968	36114	36115	38068
poc_launchpad_numerics_filetest.gno	382	Launchpad Numerics CollectDepositGns call=15/256	paid	7590153	7603915	13762	0.18131386811306702	12386	-2264	-1903	361	36100	0	-36100	13	15	1968	36113	36115	38068
poc_launchpad_numerics_filetest.gno	383	Launchpad Numerics CollectDepositGns call=16/256	paid	7564112	7577874	13762	0.18193807812470253	12386	-2277	-1916	361	36100	0	-36100	13	15	1967	36113	36115	38067
poc_launchpad_numerics_filetest.gno	384	Launchpad Numerics CollectDepositGns call=17/256	paid	7803413	7817175	13762	0.17635872918683146	12386	-9095	-8734	361	36100	0	-36100	14	15	1968	36114	36115	38068
poc_launchpad_numerics_filetest.gno	385	Launchpad Numerics CollectDepositGns call=18/256	paid	7643270	7657032	13762	0.1800538251298201	12386	-2265	-1904	361	36100	0	-36100	14	15	1968	36114	36115	38068
poc_launchpad_numerics_filetest.gno	386	Launchpad Numerics CollectDepositGns call=19/256	paid	7663198	7676960	13762	0.179585598597348	12386	-2265	-1904	361	36100	0	-36100	13	15	1968	36113	36115	38068
poc_launchpad_numerics_filetest.gno	387	Launchpad Numerics CollectDepositGns call=20/256	paid	7557502	7571264	13762	0.18209720619326333	12386	-2277	-1916	361	36100	0	-36100	14	15	1968	36114	36115	38068
poc_launchpad_numerics_filetest.gno	388	Launchpad Numerics CollectDepositGns call=21/256	paid	7633976	7647738	13762	0.18027303203468284	12386	-2265	-1904	361	36100	0	-36100	14	15	1968	36114	36115	38068
poc_launchpad_numerics_filetest.gno	389	Launchpad Numerics CollectDepositGns call=22/256	paid	7592538	7606300	13762	0.1812569130375113	12386	-2264	-1903	361	36100	0	-36100	14	15	1968	36114	36115	38068
poc_launchpad_numerics_filetest.gno	390	Launchpad Numerics CollectDepositGns call=23/256	paid	7566350	7580112	13762	0.1818842638788848	12386	-2277	-1916	361	36100	0	-36100	14	16	1968	36114	36116	38068
poc_launchpad_numerics_filetest.gno	391	Launchpad Numerics CollectDepositGns call=24/256	paid	7679270	7693032	13762	0.1792097425927204	12386	-5563	-5202	361	36100	0	-36100	14	15	1968	36114	36115	38068
poc_launchpad_numerics_filetest.gno	392	Launchpad Numerics CollectDepositGns call=25/256	paid	7766042	7779804	13762	0.1772073856927377	12386	-5486	-5125	361	36100	0	-36100	13	15	1967	36113	36115	38067
poc_launchpad_numerics_filetest.gno	393	Launchpad Numerics CollectDepositGns call=26/256	paid	7537376	7551138	13762	0.1825834348717644	12386	-2277	-1916	361	36100	0	-36100	14	15	1968	36114	36115	38068
poc_launchpad_numerics_filetest.gno	394	Launchpad Numerics CollectDepositGns call=27/256	paid	7536432	7550194	13762	0.18260630494642557	12386	-2277	-1916	361	36100	0	-36100	14	15	1968	36114	36115	38068
poc_launchpad_numerics_filetest.gno	395	Launchpad Numerics CollectDepositGns call=28/256	paid	7543932	7557694	13762	0.18242476204716584	12386	-2277	-1916	361	36100	0	-36100	14	15	1968	36114	36115	38068
poc_launchpad_numerics_filetest.gno	396	Launchpad Numerics CollectDepositGns call=29/256	paid	7542008	7555770	13762	0.18247129942052567	12386	-2277	-1916	361	36100	0	-36100	13	15	1968	36113	36115	38068
poc_launchpad_numerics_filetest.gno	397	Launchpad Numerics CollectDepositGns call=30/256	paid	7532372	7546134	13762	0.1827047309931055	12386	-2277	-1916	361	36100	0	-36100	14	15	1968	36114	36115	38068
poc_launchpad_numerics_filetest.gno	398	Launchpad Numerics CollectDepositGns call=31/256	paid	7567448	7581210	13762	0.181857873354399	12386	-2276	-1915	361	36100	0	-36100	14	15	1968	36114	36115	38068
poc_launchpad_numerics_filetest.gno	399	Launchpad Numerics CollectDepositGns call=32/256	paid	7566507	7580269	13762	0.18188048990108646	12386	-2276	-1915	361	36100	0	-36100	14	15	1968	36114	36115	38068
poc_launchpad_numerics_filetest.gno	400	Launchpad Numerics CollectDepositGns call=33/256	paid	7555894	7569656	13762	0.1821359590274824	12386	-2276	-1915	361	36100	0	-36100	14	15	1968	36114	36115	38068
poc_launchpad_numerics_filetest.gno	401	Launchpad Numerics CollectDepositGns call=34/256	paid	7554218	7567980	13762	0.18217636822236266	12386	-2276	-1915	361	36100	0	-36100	13	15	1968	36113	36115	38068
poc_launchpad_numerics_filetest.gno	402	Launchpad Numerics CollectDepositGns call=35/256	paid	7553277	7567039	13762	0.18219906406186348	12386	-2276	-1915	361	36100	0	-36100	14	15	1968	36114	36115	38068
poc_launchpad_numerics_filetest.gno	403	Launchpad Numerics CollectDepositGns call=36/256	paid	7550866	7564628	13762	0.18225724042778668	12386	-2276	-1915	361	36100	0	-36100	14	16	1968	36114	36116	38068
poc_launchpad_numerics_filetest.gno	404	Launchpad Numerics CollectDepositGns call=37/256	paid	7642789	7656551	13762	0.18006515684261334	12386	-2275	-1914	361	36100	0	-36100	14	15	1968	36114	36115	38068
poc_launchpad_numerics_filetest.gno	405	Launchpad Numerics CollectDepositGns call=38/256	paid	7630901	7644663	13762	0.18034567608726676	12386	-2276	-1915	361	36100	0	-36100	14	16	1968	36114	36116	38068
poc_launchpad_numerics_filetest.gno	406	Launchpad Numerics CollectDepositGns call=39/256	paid	7652959	7666712	13753	0.17970826708989293	12386	-2276	-1915	361	36100	0	-36100	14	15	1966	36114	36115	38066
poc_launchpad_numerics_filetest.gno	407	Launchpad Numerics CollectDepositGns call=40/256	paid	7643081	7656834	13753	0.17994052398502647	12386	-2276	-1915	361	36100	0	-36100	13	15	1967	36113	36115	38067
poc_launchpad_numerics_filetest.gno	408	Launchpad Numerics CollectDepositGns call=41/256	paid	7641408	7655161	13753	0.17997991993098655	12386	-2276	-1915	361	36100	0	-36100	14	15	1967	36114	36115	38067
poc_launchpad_numerics_filetest.gno	409	Launchpad Numerics CollectDepositGns call=42/256	paid	7640467	7654220	13753	0.18000208625991054	12386	-2276	-1915	361	36100	0	-36100	14	15	1967	36114	36115	38067
poc_launchpad_numerics_filetest.gno	410	Launchpad Numerics CollectDepositGns call=43/256	paid	7638056	7651809	13753	0.18005890504075905	12386	-2276	-1915	361	36100	0	-36100	13	15	1966	36113	36115	38066
poc_launchpad_numerics_filetest.gno	411	Launchpad Numerics CollectDepositGns call=44/256	paid	7637115	7650868	13753	0.1800810908307653	12386	-2276	-1915	361	36100	0	-36100	13	15	1967	36113	36115	38067
poc_launchpad_numerics_filetest.gno	412	Launchpad Numerics CollectDepositGns call=45/256	paid	7635439	7649192	13753	0.1801206191287757	12386	-2276	-1915	361	36100	0	-36100	14	16	1967	36114	36116	38067
poc_launchpad_numerics_filetest.gno	413	Launchpad Numerics CollectDepositGns call=46/256	paid	7753491	7767253	13762	0.17749424098125605	12386	-5745	-5384	361	36100	0	-36100	14	15	1968	36114	36115	38068
poc_launchpad_numerics_filetest.gno	414	Launchpad Numerics CollectDepositGns call=47/256	paid	7535879	7549641	13762	0.18261970501384112	12386	-2276	-1915	361	36100	0	-36100	14	15	1968	36114	36115	38068
poc_launchpad_numerics_filetest.gno	415	Launchpad Numerics CollectDepositGns call=48/256	paid	7525266	7539028	13762	0.18287725643186567	12386	-2276	-1915	361	36100	0	-36100	14	15	1968	36114	36115	38068
poc_launchpad_numerics_filetest.gno	416	Launchpad Numerics CollectDepositGns call=49/256	paid	7524570	7538332	13762	0.18289417202577687	12386	-2276	-1915	361	36100	0	-36100	14	15	1968	36114	36115	38068
poc_launchpad_numerics_filetest.gno	417	Launchpad Numerics CollectDepositGns call=50/256	paid	7521914	7535676	13762	0.1829587522537482	12386	-2276	-1915	361	36100	0	-36100	14	15	1968	36114	36115	38068
poc_launchpad_numerics_filetest.gno	418	Launchpad Numerics CollectDepositGns call=51/256	paid	7521953	7535715	13762	0.18295780364487788	12386	-2276	-1915	361	36100	0	-36100	14	15	1968	36114	36115	38068
poc_launchpad_numerics_filetest.gno	419	Launchpad Numerics CollectDepositGns call=52/256	paid	7635579	7649332	13753	0.1801173165780879	12386	-2275	-1914	361	36100	0	-36100	14	15	1967	36114	36115	38067
poc_launchpad_numerics_filetest.gno	420	Launchpad Numerics CollectDepositGns call=53/256	paid	7631161	7644914	13753	0.18022159406674818	12386	-2276	-1915	361	36100	0	-36100	13	15	1966	36113	36115	38066
poc_launchpad_numerics_filetest.gno	421	Launchpad Numerics CollectDepositGns call=54/256	paid	7644253	7657973	13720	0.1794812390432394	12386	-2276	-1915	361	36100	0	-36100	13	15	1962	36113	36115	38062
poc_launchpad_numerics_filetest.gno	422	Launchpad Numerics CollectDepositGns call=55/256	paid	7633640	7647360	13720	0.17973077064152881	12386	-2276	-1915	361	36100	0	-36100	14	15	1962	36114	36115	38062
poc_launchpad_numerics_filetest.gno	423	Launchpad Numerics CollectDepositGns call=56/256	paid	7631964	7645684	13720	0.1797702400063732	12386	-2276	-1915	361	36100	0	-36100	14	15	1962	36114	36115	38062
poc_launchpad_numerics_filetest.gno	424	Launchpad Numerics CollectDepositGns call=57/256	paid	7631023	7644743	13720	0.17979240791175705	12386	-2276	-1915	361	36100	0	-36100	13	15	1962	36113	36115	38062
poc_launchpad_numerics_filetest.gno	425	Launchpad Numerics CollectDepositGns call=58/256	paid	7628612	7642332	13720	0.1798492307643907	12386	-2278	-1915	363	36300	0	-36300	14	15	1962	36314	36315	38262
poc_launchpad_numerics_filetest.gno	426	Launchpad Numerics CollectDepositGns call=59/256	paid	7627758	7641391	13633	0.17872879553861043	12386	-2290	-1915	375	37500	0	-37500	14	15	1949	37514	37515	39449
poc_launchpad_numerics_filetest.gno	427	Launchpad Numerics CollectDepositGns call=60/256	paid	7753944	7767586	13642	0.17593627191529884	12386	-5759	-5384	375	37500	0	-37500	14	15	1951	37514	37515	39451
poc_launchpad_numerics_filetest.gno	428	Launchpad Numerics CollectDepositGns call=61/256	paid	7537732	7551383	13651	0.1811022201373039	12386	-2290	-1915	375	37500	0	-37500	14	15	1952	37514	37515	39452
poc_launchpad_numerics_filetest.gno	429	Launchpad Numerics CollectDepositGns call=62/256	paid	7527110	7540770	13660	0.18147735319398814	12386	-2290	-1915	375	37500	0	-37500	13	15	1954	37513	37515	39454
poc_launchpad_numerics_filetest.gno	430	Launchpad Numerics CollectDepositGns call=63/256	paid	7526405	7540098	13693	0.18193280855866778	12386	-2290	-1923	367	36700	0	-36700	14	15	1959	36714	36715	38659
poc_launchpad_numerics_filetest.gno	431	Launchpad Numerics CollectDepositGns call=64/256	paid	7524475	7538237	13762	0.18289648114984766	12386	-2290	-1926	364	36400	0	-36400	14	16	1968	36414	36416	38368
poc_launchpad_numerics_filetest.gno	432	Launchpad Numerics CollectDepositGns call=65/256	paid	7523047	7536809	13762	0.18293119795742338	12386	-2291	-1927	364	36400	0	-36400	13	15	1968	36413	36415	38368
poc_launchpad_numerics_filetest.gno	433	Launchpad Numerics CollectDepositGns call=66/256	paid	7635556	7649318	13762	0.18023572874064442	12386	-2290	-1926	364	36400	0	-36400	14	15	1968	36414	36415	38368
poc_launchpad_numerics_filetest.gno	434	Launchpad Numerics CollectDepositGns call=67/256	paid	7623656	7637418	13762	0.18051706425368616	12386	-2291	-1927	364	36400	0	-36400	14	15	1968	36414	36415	38368
poc_launchpad_numerics_filetest.gno	435	Launchpad Numerics CollectDepositGns call=68/256	paid	7750835	7764597	13762	0.17755506342219904	12386	-5771	-5407	364	36400	0	-36400	14	16	1968	36414	36416	38368
poc_launchpad_numerics_filetest.gno	436	Launchpad Numerics CollectDepositGns call=69/256	paid	7536038	7549800	13762	0.1826158519901306	12386	-2291	-1927	364	36400	0	-36400	13	15	1968	36413	36415	38368
poc_launchpad_numerics_filetest.gno	437	Launchpad Numerics CollectDepositGns call=70/256	paid	7525413	7539175	13762	0.18287368414198663	12386	-2291	-1927	364	36400	0	-36400	14	16	1968	36414	36416	38368
poc_launchpad_numerics_filetest.gno	438	Launchpad Numerics CollectDepositGns call=71/256	paid	7525440	7539202	13762	0.18287302802228175	12386	-2291	-1927	364	36400	0	-36400	14	16	1968	36414	36416	38368
poc_launchpad_numerics_filetest.gno	439	Launchpad Numerics CollectDepositGns call=72/256	paid	7522040	7535802	13762	0.18295568755284472	12386	-2291	-1927	364	36400	0	-36400	13	15	1968	36413	36415	38368
poc_launchpad_numerics_filetest.gno	440	Launchpad Numerics CollectDepositGns call=73/256	paid	7522067	7535829	13762	0.18295503084458034	12386	-2291	-1927	364	36400	0	-36400	13	15	1968	36413	36415	38368
poc_launchpad_numerics_filetest.gno	441	Launchpad Numerics CollectDepositGns call=74/256	paid	7635804	7649566	13762	0.1802298749417874	12386	-2290	-1926	364	36400	0	-36400	14	15	1968	36414	36415	38368
poc_launchpad_numerics_filetest.gno	442	Launchpad Numerics CollectDepositGns call=75/256	paid	7632106	7645868	13762	0.18031720209336716	12386	-2291	-1927	364	36400	0	-36400	13	15	1968	36413	36415	38368
poc_launchpad_numerics_filetest.gno	443	Launchpad Numerics CollectDepositGns call=76/256	paid	7645201	7658963	13762	0.18000834772035423	12386	-2291	-1927	364	36400	0	-36400	13	15	1968	36413	36415	38368
poc_launchpad_numerics_filetest.gno	444	Launchpad Numerics CollectDepositGns call=77/256	paid	7634576	7648338	13762	0.18025886440844913	12386	-2291	-1927	364	36400	0	-36400	14	15	1968	36414	36415	38368
poc_launchpad_numerics_filetest.gno	445	Launchpad Numerics CollectDepositGns call=78/256	paid	7632888	7646650	13762	0.18029872834502483	12386	-2291	-1927	364	36400	0	-36400	14	15	1968	36414	36415	38368
poc_launchpad_numerics_filetest.gno	446	Launchpad Numerics CollectDepositGns call=79/256	paid	7631935	7645697	13762	0.18032124225376658	12386	-2291	-1927	364	36400	0	-36400	14	15	1968	36414	36415	38368
poc_launchpad_numerics_filetest.gno	447	Launchpad Numerics CollectDepositGns call=80/256	paid	7630244	7644006	13762	0.18036120470066225	12386	-2291	-1927	364	36400	0	-36400	14	15	1968	36414	36415	38368
poc_launchpad_numerics_filetest.gno	448	Launchpad Numerics CollectDepositGns call=81/256	paid	7628559	7642321	13762	0.180401042975482	12386	-2291	-1927	364	36400	0	-36400	14	15	1968	36414	36415	38368
poc_launchpad_numerics_filetest.gno	449	Launchpad Numerics CollectDepositGns call=82/256	paid	7751135	7764897	13762	0.17754819132939886	12386	-5771	-5407	364	36400	0	-36400	13	15	1968	36413	36415	38368
poc_launchpad_numerics_filetest.gno	450	Launchpad Numerics CollectDepositGns call=83/256	paid	7537756	7551518	13762	0.18257423031469844	12386	-2291	-1927	364	36400	0	-36400	14	15	1968	36414	36415	38368
poc_launchpad_numerics_filetest.gno	451	Launchpad Numerics CollectDepositGns call=84/256	paid	7536068	7549830	13762	0.18261512502275723	12386	-2291	-1927	364	36400	0	-36400	13	15	1968	36413	36415	38368
poc_launchpad_numerics_filetest.gno	452	Launchpad Numerics CollectDepositGns call=85/256	paid	7536095	7549857	13762	0.1826144707570698	12386	-2291	-1927	364	36400	0	-36400	13	15	1968	36413	36415	38368
poc_launchpad_numerics_filetest.gno	453	Launchpad Numerics CollectDepositGns call=86/256	paid	7532692	7546454	13762	0.18269696942341462	12386	-2291	-1927	364	36400	0	-36400	14	16	1968	36414	36416	38368
poc_launchpad_numerics_filetest.gno	454	Launchpad Numerics CollectDepositGns call=87/256	paid	7532719	7546481	13762	0.18269631457113958	12386	-2291	-1927	364	36400	0	-36400	14	16	1968	36414	36416	38368
poc_launchpad_numerics_filetest.gno	455	Launchpad Numerics CollectDepositGns call=88/256	paid	7645479	7659241	13762	0.18000180237235627	12386	-2290	-1926	364	36400	0	-36400	14	15	1968	36414	36415	38368
poc_launchpad_numerics_filetest.gno	456	Launchpad Numerics CollectDepositGns call=89/256	paid	7634314	7648076	13762	0.18026505066467008	12386	-2291	-1927	364	36400	0	-36400	14	15	1968	36414	36415	38368
poc_launchpad_numerics_filetest.gno	457	Launchpad Numerics CollectDepositGns call=90/256	paid	7751184	7764946	13762	0.1775470689381132	12386	-5771	-5407	364	36400	0	-36400	13	15	1968	36413	36415	38368
poc_launchpad_numerics_filetest.gno	458	Launchpad Numerics CollectDepositGns call=91/256	paid	7538491	7552253	13762	0.18255642939681163	12386	-2291	-1927	364	36400	0	-36400	14	15	1968	36414	36415	38368
poc_launchpad_numerics_filetest.gno	459	Launchpad Numerics CollectDepositGns call=92/256	paid	7537538	7551300	13762	0.1825795107102611	12386	-2291	-1927	364	36400	0	-36400	14	15	1968	36414	36415	38368
poc_launchpad_numerics_filetest.gno	460	Launchpad Numerics CollectDepositGns call=93/256	paid	7536095	7549857	13762	0.1826144707570698	12386	-2291	-1927	364	36400	0	-36400	13	15	1968	36413	36415	38368
poc_launchpad_numerics_filetest.gno	461	Launchpad Numerics CollectDepositGns call=94/256	paid	7534162	7547924	13762	0.18266132318365333	12386	-2291	-1927	364	36400	0	-36400	13	15	1968	36413	36415	38368
poc_launchpad_numerics_filetest.gno	462	Launchpad Numerics CollectDepositGns call=95/256	paid	7533454	7547216	13762	0.1826784898401185	12386	-2291	-1927	364	36400	0	-36400	14	15	1968	36414	36415	38368
poc_launchpad_numerics_filetest.gno	463	Launchpad Numerics CollectDepositGns call=96/256	paid	7616740	7630502	13762	0.1806809737499245	12386	-2290	-1926	364	36400	0	-36400	14	15	1968	36414	36415	38368
poc_launchpad_numerics_filetest.gno	464	Launchpad Numerics CollectDepositGns call=97/256	paid	7643210	7656972	13762	0.18005523857122857	12386	-2285	-1921	364	36400	0	-36400	13	15	1967	36413	36415	38367
poc_launchpad_numerics_filetest.gno	465	Launchpad Numerics CollectDepositGns call=98/256	paid	7740082	7753844	13762	0.17780173388343948	12386	-12194	-11830	364	36400	0	-36400	13	15	1968	36413	36415	38368
poc_launchpad_numerics_filetest.gno	466	Launchpad Numerics CollectDepositGns call=99/256	paid	7465944	7479706	13762	0.18433034054367406	12386	-2285	-1921	364	36400	0	-36400	14	15	1968	36414	36415	38368
poc_launchpad_numerics_filetest.gno	467	Launchpad Numerics CollectDepositGns call=100/256	paid	7536471	7550233	13762	0.1826053599887799	12386	-2285	-1921	364	36400	0	-36400	14	15	1968	36414	36415	38368
poc_launchpad_numerics_filetest.gno	468	Launchpad Numerics CollectDepositGns call=101/256	paid	7533988	7547750	13762	0.1826655418086676	12386	-2285	-1921	364	36400	0	-36400	14	15	1968	36414	36415	38368
poc_launchpad_numerics_filetest.gno	469	Launchpad Numerics CollectDepositGns call=102/256	paid	7532237	7545999	13762	0.1827080056031163	12386	-2285	-1921	364	36400	0	-36400	13	15	1968	36413	36415	38368
poc_launchpad_numerics_filetest.gno	470	Launchpad Numerics CollectDepositGns call=103/256	paid	7529016	7542778	13762	0.18278617019807103	12386	-2285	-1921	364	36400	0	-36400	13	16	1968	36413	36416	38368
poc_launchpad_numerics_filetest.gno	471	Launchpad Numerics CollectDepositGns call=104/256	paid	7659114	7672876	13762	0.17968135739982458	12386	-5765	-5401	364	36400	0	-36400	13	15	1968	36413	36415	38368
poc_launchpad_numerics_filetest.gno	472	Launchpad Numerics CollectDepositGns call=105/256	paid	7544691	7558453	13762	0.1824064100173221	12386	-2285	-1921	364	36400	0	-36400	14	15	1968	36414	36415	38368
poc_launchpad_numerics_filetest.gno	473	Launchpad Numerics CollectDepositGns call=106/256	paid	7499314	7513076	13762	0.18351011839216227	12386	-2292	-1928	364	36400	0	-36400	14	15	1968	36414	36415	38368
poc_launchpad_numerics_filetest.gno	474	Launchpad Numerics CollectDepositGns call=107/256	paid	7498358	7512120	13762	0.183533514937537	12386	-2292	-1928	364	36400	0	-36400	14	15	1968	36414	36415	38368
poc_launchpad_numerics_filetest.gno	475	Launchpad Numerics CollectDepositGns call=108/256	paid	7487727	7501489	13762	0.1837940939887365	12386	-2292	-1928	364	36400	0	-36400	14	15	1968	36414	36415	38368
poc_launchpad_numerics_filetest.gno	476	Launchpad Numerics CollectDepositGns call=109/256	paid	7486036	7499798	13762	0.18383561072909615	12386	-2292	-1928	364	36400	0	-36400	13	15	1968	36413	36415	38368
poc_launchpad_numerics_filetest.gno	477	Launchpad Numerics CollectDepositGns call=110/256	paid	7484345	7498107	13762	0.1838771462298972	12386	-2292	-1928	364	36400	0	-36400	14	15	1968	36414	36415	38368
poc_launchpad_numerics_filetest.gno	478	Launchpad Numerics CollectDepositGns call=111/256	paid	7483389	7497151	13762	0.18390063646297153	12386	-2292	-1928	364	36400	0	-36400	14	15	1968	36414	36415	38368
poc_launchpad_numerics_filetest.gno	479	Launchpad Numerics CollectDepositGns call=112/256	paid	7598172	7611934	13762	0.18112251209896274	12386	-2280	-1916	364	36400	0	-36400	13	16	1968	36413	36416	38368
poc_launchpad_numerics_filetest.gno	480	Launchpad Numerics CollectDepositGns call=113/256	paid	7603954	7617716	13762	0.1809847876512667	12386	-2280	-1916	364	36400	0	-36400	14	15	1968	36414	36415	38368
poc_launchpad_numerics_filetest.gno	481	Launchpad Numerics CollectDepositGns call=114/256	paid	7602998	7616760	13762	0.18100754465541094	12386	-2280	-1916	364	36400	0	-36400	14	15	1968	36414	36415	38368
poc_launchpad_numerics_filetest.gno	482	Launchpad Numerics CollectDepositGns call=115/256	paid	7592367	7606129	13762	0.18126099541816143	12386	-2280	-1916	364	36400	0	-36400	14	15	1968	36414	36415	38368
poc_launchpad_numerics_filetest.gno	483	Launchpad Numerics CollectDepositGns call=116/256	paid	7590676	7604438	13762	0.18130137552966297	12386	-2280	-1916	364	36400	0	-36400	14	15	1968	36414	36415	38368
poc_launchpad_numerics_filetest.gno	484	Launchpad Numerics CollectDepositGns call=117/256	paid	7589720	7603482	13762	0.18132421222390285	12386	-2280	-1916	364	36400	0	-36400	14	15	1968	36414	36415	38368
poc_launchpad_numerics_filetest.gno	485	Launchpad Numerics CollectDepositGns call=118/256	paid	7609986	7623748	13762	0.18084133137695654	12386	-5760	-5396	364	36400	0	-36400	14	16	1968	36414	36416	38368
poc_launchpad_numerics_filetest.gno	486	Launchpad Numerics CollectDepositGns call=119/256	paid	7492497	7506259	13762	0.18367708388805495	12386	-2280	-1916	364	36400	0	-36400	14	15	1968	36414	36415	38368
poc_launchpad_numerics_filetest.gno	487	Launchpad Numerics CollectDepositGns call=120/256	paid	7499011	7512773	13762	0.1835175331787085	12386	-2280	-1916	364	36400	0	-36400	13	16	1968	36413	36416	38368
poc_launchpad_numerics_filetest.gno	488	Launchpad Numerics CollectDepositGns call=121/256	paid	7498055	7511817	13762	0.18354093161493215	12386	-2280	-1916	364	36400	0	-36400	13	15	1968	36413	36415	38368
poc_launchpad_numerics_filetest.gno	489	Launchpad Numerics CollectDepositGns call=122/256	paid	7487424	7501186	13762	0.18380153174175792	12386	-2280	-1916	364	36400	0	-36400	14	15	1968	36414	36415	38368
poc_launchpad_numerics_filetest.gno	490	Launchpad Numerics CollectDepositGns call=123/256	paid	7485733	7499495	13762	0.18384305184275207	12386	-2280	-1916	364	36400	0	-36400	14	15	1968	36414	36415	38368
poc_launchpad_numerics_filetest.gno	491	Launchpad Numerics CollectDepositGns call=124/256	paid	7484777	7498539	13762	0.1838665333649887	12386	-2280	-1916	364	36400	0	-36400	14	15	1968	36414	36415	38368
poc_launchpad_numerics_filetest.gno	492	Launchpad Numerics CollectDepositGns call=125/256	paid	7482351	7496113	13762	0.18392614834562024	12386	-2280	-1916	364	36400	0	-36400	14	15	1968	36414	36415	38368
poc_launchpad_numerics_filetest.gno	493	Launchpad Numerics CollectDepositGns call=126/256	paid	7609665	7623427	13762	0.18084895984251606	12386	-5761	-5397	364	36400	0	-36400	14	15	1968	36414	36415	38368
poc_launchpad_numerics_filetest.gno	494	Launchpad Numerics CollectDepositGns call=127/256	paid	7493232	7506994	13762	0.18365906727564288	12386	-2280	-1916	364	36400	0	-36400	13	15	1968	36413	36415	38368
poc_launchpad_numerics_filetest.gno	495	Launchpad Numerics CollectDepositGns call=128/256	paid	7498273	7512035	13762	0.18353559546311532	12386	-2280	-1916	364	36400	0	-36400	14	15	1968	36414	36415	38368
poc_launchpad_numerics_filetest.gno	496	Launchpad Numerics CollectDepositGns call=129/256	paid	7497317	7511079	13762	0.18355899850573212	12386	-2280	-1916	364	36400	0	-36400	14	15	1968	36414	36415	38368
poc_launchpad_numerics_filetest.gno	497	Launchpad Numerics CollectDepositGns call=130/256	paid	7486686	7500448	13762	0.18381964997597067	12386	-2280	-1916	364	36400	0	-36400	14	15	1968	36414	36415	38368
poc_launchpad_numerics_filetest.gno	498	Launchpad Numerics CollectDepositGns call=131/256	paid	7485730	7499492	13762	0.18384312552015636	12386	-2280	-1916	364	36400	0	-36400	14	15	1968	36414	36415	38368
poc_launchpad_numerics_filetest.gno	499	Launchpad Numerics CollectDepositGns call=132/256	paid	7483307	7497069	13762	0.18390265159507688	12386	-2280	-1916	364	36400	0	-36400	14	15	1968	36414	36415	38368
poc_launchpad_numerics_filetest.gno	500	Launchpad Numerics CollectDepositGns call=133/256	paid	7482351	7496113	13762	0.18392614834562024	12386	-2280	-1916	364	36400	0	-36400	14	15	1968	36414	36415	38368
poc_launchpad_numerics_filetest.gno	501	Launchpad Numerics CollectDepositGns call=134/256	paid	7607139	7620901	13762	0.1809090119163065	12386	-5749	-5385	364	36400	0	-36400	13	15	1968	36413	36415	38368
poc_launchpad_numerics_filetest.gno	502	Launchpad Numerics CollectDepositGns call=135/256	paid	7500702	7514464	13762	0.18347615996476063	12386	-2280	-1916	364	36400	0	-36400	14	15	1968	36414	36415	38368
poc_launchpad_numerics_filetest.gno	503	Launchpad Numerics CollectDepositGns call=136/256	paid	7499746	7513508	13762	0.1834995478513539	12386	-2280	-1916	364	36400	0	-36400	14	15	1968	36414	36415	38368
poc_launchpad_numerics_filetest.gno	504	Launchpad Numerics CollectDepositGns call=137/256	paid	7489115	7502877	13762	0.18376003039077382	12386	-2280	-1916	364	36400	0	-36400	13	15	1968	36413	36415	38368
poc_launchpad_numerics_filetest.gno	505	Launchpad Numerics CollectDepositGns call=138/256	paid	7487424	7501186	13762	0.18380153174175792	12386	-2280	-1916	364	36400	0	-36400	14	15	1968	36414	36415	38368
poc_launchpad_numerics_filetest.gno	506	Launchpad Numerics CollectDepositGns call=139/256	paid	7486468	7500230	13762	0.18382500265812932	12386	-2280	-1916	364	36400	0	-36400	14	15	1968	36414	36415	38368
poc_launchpad_numerics_filetest.gno	507	Launchpad Numerics CollectDepositGns call=140/256	paid	7484774	7498536	13762	0.18386660706121521	12386	-2280	-1916	364	36400	0	-36400	14	15	1968	36414	36415	38368
poc_launchpad_numerics_filetest.gno	508	Launchpad Numerics CollectDepositGns call=141/256	paid	7483086	7496848	13762	0.18390808284175805	12386	-2280	-1916	364	36400	0	-36400	13	15	1968	36413	36415	38368
poc_launchpad_numerics_filetest.gno	509	Launchpad Numerics CollectDepositGns call=142/256	paid	7612564	7626326	13762	0.18078008933652315	12386	-2280	-1916	364	36400	0	-36400	14	15	1968	36414	36415	38368
poc_launchpad_numerics_filetest.gno	510	Launchpad Numerics CollectDepositGns call=143/256	paid	7611608	7625370	13762	0.18080279488906942	12386	-2280	-1916	364	36400	0	-36400	14	15	1968	36414	36415	38368
poc_launchpad_numerics_filetest.gno	511	Launchpad Numerics CollectDepositGns call=144/256	paid	7600977	7614739	13762	0.18105567218529933	12386	-2280	-1916	364	36400	0	-36400	14	15	1968	36414	36415	38368
poc_launchpad_numerics_filetest.gno	512	Launchpad Numerics CollectDepositGns call=145/256	paid	7599286	7613048	13762	0.18109596085737528	12386	-2280	-1916	364	36400	0	-36400	14	15	1968	36414	36415	38368
poc_launchpad_numerics_filetest.gno	513	Launchpad Numerics CollectDepositGns call=146/256	paid	7598330	7612092	13762	0.18111874582967574	12386	-2280	-1916	364	36400	0	-36400	14	15	1968	36414	36415	38368
poc_launchpad_numerics_filetest.gno	514	Launchpad Numerics CollectDepositGns call=147/256	paid	7605345	7619107	13762	0.1809516859524453	12386	-5761	-5397	364	36400	0	-36400	14	16	1968	36414	36416	38368
poc_launchpad_numerics_filetest.gno	515	Launchpad Numerics CollectDepositGns call=148/256	paid	7493229	7506991	13762	0.18365914080565268	12386	-2280	-1916	364	36400	0	-36400	13	15	1968	36413	36415	38368
poc_launchpad_numerics_filetest.gno	516	Launchpad Numerics CollectDepositGns call=149/256	paid	7491538	7505300	13762	0.18370059659311613	12386	-2280	-1916	364	36400	0	-36400	14	15	1968	36414	36415	38368
poc_launchpad_numerics_filetest.gno	517	Launchpad Numerics CollectDepositGns call=150/256	paid	7498784	7512546	13762	0.1835230885434225	12386	-2280	-1916	364	36400	0	-36400	14	15	1968	36414	36415	38368
poc_launchpad_numerics_filetest.gno	518	Launchpad Numerics CollectDepositGns call=151/256	paid	7497096	7510858	13762	0.18356440947268116	12386	-2280	-1916	364	36400	0	-36400	13	15	1968	36413	36415	38368
poc_launchpad_numerics_filetest.gno	519	Launchpad Numerics CollectDepositGns call=152/256	paid	7496140	7509902	13762	0.18358781986462366	12386	-2280	-1916	364	36400	0	-36400	13	15	1967	36413	36415	38367
poc_launchpad_numerics_filetest.gno	520	Launchpad Numerics CollectDepositGns call=153/256	paid	7493714	7507476	13762	0.18364725421866915	12386	-2280	-1916	364	36400	0	-36400	14	15	1968	36414	36415	38368
poc_launchpad_numerics_filetest.gno	521	Launchpad Numerics CollectDepositGns call=154/256	paid	7492758	7506520	13762	0.1836706857474911	12386	-2280	-1916	364	36400	0	-36400	14	15	1968	36414	36415	38368
poc_launchpad_numerics_filetest.gno	522	Launchpad Numerics CollectDepositGns call=155/256	paid	7606330	7620092	13762	0.18092825317860256	12386	-2244	-1880	364	36400	0	-36400	14	16	1968	36414	36416	38368
poc_launchpad_numerics_filetest.gno	523	Launchpad Numerics CollectDepositGns call=156/256	paid	7605374	7619136	13762	0.18095099596679926	12386	-2280	-1916	364	36400	0	-36400	14	16	1968	36414	36416	38368
poc_launchpad_numerics_filetest.gno	524	Launchpad Numerics CollectDepositGns call=157/256	paid	7592454	7606216	13762	0.18125891839450065	12386	-2280	-1916	364	36400	0	-36400	14	15	1968	36414	36415	38368
poc_launchpad_numerics_filetest.gno	525	Launchpad Numerics CollectDepositGns call=158/256	paid	7588246	7602008	13762	0.18135943405103103	12386	-2280	-1916	364	36400	0	-36400	14	15	1968	36414	36415	38368
poc_launchpad_numerics_filetest.gno	526	Launchpad Numerics CollectDepositGns call=159/256	paid	7586555	7600317	13762	0.18139985803833228	12386	-2280	-1916	364	36400	0	-36400	14	15	1968	36414	36415	38368
poc_launchpad_numerics_filetest.gno	527	Launchpad Numerics CollectDepositGns call=160/256	paid	7600935	7614697	13762	0.1810566726330379	12386	-5607	-5243	364	36400	0	-36400	14	15	1968	36414	36415	38368
poc_launchpad_numerics_filetest.gno	528	Launchpad Numerics CollectDepositGns call=161/256	paid	7490610	7504372	13762	0.1837233549737605	12386	-2280	-1916	364	36400	0	-36400	14	15	1968	36414	36415	38368
poc_launchpad_numerics_filetest.gno	529	Launchpad Numerics CollectDepositGns call=162/256	paid	7488919	7502681	13762	0.183764839758582	12386	-2280	-1916	364	36400	0	-36400	14	15	1968	36414	36415	38368
poc_launchpad_numerics_filetest.gno	530	Launchpad Numerics CollectDepositGns call=163/256	paid	7483553	7497315	13762	0.183896606331244	12386	-2280	-1916	364	36400	0	-36400	14	16	1968	36414	36416	38368
poc_launchpad_numerics_filetest.gno	531	Launchpad Numerics CollectDepositGns call=164/256	paid	7596591	7610353	13762	0.18116020725612317	12386	-2274	-1910	364	36400	0	-36400	14	15	1968	36414	36415	38368
poc_launchpad_numerics_filetest.gno	532	Launchpad Numerics CollectDepositGns call=165/256	paid	7594900	7608662	13762	0.1812005424692886	12386	-2274	-1910	364	36400	0	-36400	14	15	1968	36414	36415	38368
poc_launchpad_numerics_filetest.gno	533	Launchpad Numerics CollectDepositGns call=166/256	paid	7593944	7607706	13762	0.18122335376715973	12386	-2274	-1910	364	36400	0	-36400	14	15	1968	36414	36415	38368
poc_launchpad_numerics_filetest.gno	534	Launchpad Numerics CollectDepositGns call=167/256	paid	7591518	7605280	13762	0.18128126680329285	12386	-2274	-1910	364	36400	0	-36400	14	15	1968	36414	36415	38368
poc_launchpad_numerics_filetest.gno	535	Launchpad Numerics CollectDepositGns call=168/256	paid	7711665	7725427	13762	0.17845692207843572	12386	-5755	-5391	364	36400	0	-36400	14	15	1968	36414	36415	38368
poc_launchpad_numerics_filetest.gno	536	Launchpad Numerics CollectDepositGns call=169/256	paid	7590480	7604242	13762	0.18130605706095004	12386	-2274	-1910	364	36400	0	-36400	14	15	1968	36414	36415	38368
poc_launchpad_numerics_filetest.gno	537	Launchpad Numerics CollectDepositGns call=170/256	paid	7599334	7613096	13762	0.18109481699317334	12386	-2273	-1909	364	36400	0	-36400	14	15	1968	36414	36415	38368
poc_launchpad_numerics_filetest.gno	538	Launchpad Numerics CollectDepositGns call=171/256	paid	7588709	7602471	13762	0.18134836900453027	12386	-2273	-1909	364	36400	0	-36400	14	15	1968	36414	36415	38368
poc_launchpad_numerics_filetest.gno	539	Launchpad Numerics CollectDepositGns call=172/256	paid	7587021	7600783	13762	0.18138871633543652	12386	-2273	-1909	364	36400	0	-36400	13	15	1967	36413	36415	38367
poc_launchpad_numerics_filetest.gno	540	Launchpad Numerics CollectDepositGns call=173/256	paid	7586068	7599830	13762	0.18141150329788766	12386	-2273	-1909	364	36400	0	-36400	13	15	1968	36413	36415	38368
poc_launchpad_numerics_filetest.gno	541	Launchpad Numerics CollectDepositGns call=174/256	paid	7583645	7597407	13762	0.18146946488133345	12386	-2273	-1909	364	36400	0	-36400	14	15	1968	36414	36415	38368
poc_launchpad_numerics_filetest.gno	542	Launchpad Numerics CollectDepositGns call=175/256	paid	7582692	7596454	13762	0.18149227213765243	12386	-2273	-1909	364	36400	0	-36400	14	16	1968	36414	36416	38368
poc_launchpad_numerics_filetest.gno	543	Launchpad Numerics CollectDepositGns call=176/256	paid	7700319	7714081	13762	0.17871986861842995	12386	-5754	-5390	364	36400	0	-36400	14	15	1968	36414	36415	38368
poc_launchpad_numerics_filetest.gno	544	Launchpad Numerics CollectDepositGns call=177/256	paid	7484715	7498477	13762	0.18386805643234244	12386	-2280	-1916	364	36400	0	-36400	14	15	1968	36414	36415	38368
poc_launchpad_numerics_filetest.gno	545	Launchpad Numerics CollectDepositGns call=178/256	paid	7483759	7497521	13762	0.1838915443428897	12386	-2280	-1916	364	36400	0	-36400	14	15	1968	36414	36415	38368
poc_launchpad_numerics_filetest.gno	546	Launchpad Numerics CollectDepositGns call=179/256	paid	7473128	7486890	13762	0.18415314176339545	12386	-2280	-1916	364	36400	0	-36400	13	15	1968	36413	36415	38368
poc_launchpad_numerics_filetest.gno	547	Launchpad Numerics CollectDepositGns call=180/256	paid	7472169	7485931	13762	0.18417677651562753	12386	-2280	-1916	364	36400	0	-36400	13	15	1968	36413	36415	38368
poc_launchpad_numerics_filetest.gno	548	Launchpad Numerics CollectDepositGns call=181/256	paid	7469746	7483508	13762	0.18423651888564885	12386	-2280	-1916	364	36400	0	-36400	14	15	1968	36414	36415	38368
poc_launchpad_numerics_filetest.gno	549	Launchpad Numerics CollectDepositGns call=182/256	paid	7468790	7482552	13762	0.18426010103376853	12386	-2280	-1916	364	36400	0	-36400	14	15	1968	36414	36415	38368
poc_launchpad_numerics_filetest.gno	550	Launchpad Numerics CollectDepositGns call=183/256	paid	7467099	7480861	13762	0.18430182859501393	12386	-2280	-1916	364	36400	0	-36400	13	15	1968	36413	36415	38368
poc_launchpad_numerics_filetest.gno	551	Launchpad Numerics CollectDepositGns call=184/256	paid	7587602	7601364	13762	0.18137482698749882	12386	-2280	-1916	364	36400	0	-36400	14	15	1968	36414	36415	38368
poc_launchpad_numerics_filetest.gno	552	Launchpad Numerics CollectDepositGns call=185/256	paid	7586646	7600408	13762	0.18139768219052266	12386	-2280	-1916	364	36400	0	-36400	14	15	1968	36414	36415	38368
poc_launchpad_numerics_filetest.gno	553	Launchpad Numerics CollectDepositGns call=186/256	paid	7576015	7589777	13762	0.181652227457311	12386	-2280	-1916	364	36400	0	-36400	13	15	1968	36413	36415	38368
poc_launchpad_numerics_filetest.gno	554	Launchpad Numerics CollectDepositGns call=187/256	paid	7574324	7588086	13762	0.18169278208854017	12386	-2280	-1916	364	36400	0	-36400	14	15	1968	36414	36415	38368
poc_launchpad_numerics_filetest.gno	555	Launchpad Numerics CollectDepositGns call=188/256	paid	7583667	7597429	13762	0.18146893844363154	12386	-5761	-5397	364	36400	0	-36400	14	15	1968	36414	36415	38368
poc_launchpad_numerics_filetest.gno	556	Launchpad Numerics CollectDepositGns call=189/256	paid	7477242	7491004	13762	0.18405182017647684	12386	-2280	-1916	364	36400	0	-36400	14	16	1968	36414	36416	38368
poc_launchpad_numerics_filetest.gno	557	Launchpad Numerics CollectDepositGns call=190/256	paid	7476286	7490048	13762	0.1840753550626608	12386	-2280	-1916	364	36400	0	-36400	14	16	1968	36414	36416	38368
poc_launchpad_numerics_filetest.gno	558	Launchpad Numerics CollectDepositGns call=191/256	paid	7481333	7495095	13762	0.18395117554585527	12386	-2280	-1916	364	36400	0	-36400	14	15	1968	36414	36415	38368
poc_launchpad_numerics_filetest.gno	559	Launchpad Numerics CollectDepositGns call=192/256	paid	7480377	7494139	13762	0.18397468469837816	12386	-2280	-1916	364	36400	0	-36400	14	15	1968	36414	36415	38368
poc_launchpad_numerics_filetest.gno	560	Launchpad Numerics CollectDepositGns call=193/256	paid	7469746	7483508	13762	0.18423651888564885	12386	-2280	-1916	364	36400	0	-36400	14	15	1968	36414	36415	38368
poc_launchpad_numerics_filetest.gno	561	Launchpad Numerics CollectDepositGns call=194/256	paid	7468055	7481817	13762	0.18427823576553734	12386	-2280	-1916	364	36400	0	-36400	13	15	1968	36413	36415	38368
poc_launchpad_numerics_filetest.gno	562	Launchpad Numerics CollectDepositGns call=195/256	paid	7467099	7480861	13762	0.18430182859501393	12386	-2280	-1916	364	36400	0	-36400	13	15	1968	36413	36415	38368
poc_launchpad_numerics_filetest.gno	563	Launchpad Numerics CollectDepositGns call=196/256	paid	7580406	7594168	13762	0.18154700421059242	12386	-5761	-5397	364	36400	0	-36400	14	15	1968	36414	36415	38368
poc_launchpad_numerics_filetest.gno	564	Launchpad Numerics CollectDepositGns call=197/256	paid	7477245	7491007	13762	0.18405174633170374	12386	-2280	-1916	364	36400	0	-36400	14	16	1968	36414	36416	38368
poc_launchpad_numerics_filetest.gno	565	Launchpad Numerics CollectDepositGns call=198/256	paid	7475554	7489316	13762	0.1840933795675879	12386	-2280	-1916	364	36400	0	-36400	14	15	1968	36414	36415	38368
poc_launchpad_numerics_filetest.gno	566	Launchpad Numerics CollectDepositGns call=199/256	paid	7482059	7495821	13762	0.18393332637446458	12386	-2280	-1916	364	36400	0	-36400	13	15	1968	36413	36415	38368
poc_launchpad_numerics_filetest.gno	567	Launchpad Numerics CollectDepositGns call=200/256	paid	7472169	7485931	13762	0.18417677651562753	12386	-2280	-1916	364	36400	0	-36400	13	15	1968	36413	36415	38368
poc_launchpad_numerics_filetest.gno	568	Launchpad Numerics CollectDepositGns call=201/256	paid	7471213	7484975	13762	0.18420034337128388	12386	-2280	-1916	364	36400	0	-36400	13	15	1968	36413	36415	38368
poc_launchpad_numerics_filetest.gno	569	Launchpad Numerics CollectDepositGns call=202/256	paid	7468790	7482552	13762	0.18426010103376853	12386	-2280	-1916	364	36400	0	-36400	14	15	1968	36414	36415	38368
poc_launchpad_numerics_filetest.gno	570	Launchpad Numerics CollectDepositGns call=203/256	paid	7467834	7481596	13762	0.1842836892196586	12386	-2280	-1916	364	36400	0	-36400	14	15	1968	36414	36415	38368
poc_launchpad_numerics_filetest.gno	571	Launchpad Numerics CollectDepositGns call=204/256	paid	7580085	7593847	13762	0.18155469232864804	12386	-5749	-5385	364	36400	0	-36400	13	15	1968	36413	36415	38368
poc_launchpad_numerics_filetest.gno	572	Launchpad Numerics CollectDepositGns call=205/256	paid	7464597	7478359	13762	0.18436360328628593	12386	-2280	-1916	364	36400	0	-36400	14	15	1968	36414	36415	38368
poc_launchpad_numerics_filetest.gno	573	Launchpad Numerics CollectDepositGns call=206/256	paid	7463641	7477403	13762	0.18438721798114352	12386	-2280	-1916	364	36400	0	-36400	14	15	1968	36414	36415	38368
poc_launchpad_numerics_filetest.gno	574	Launchpad Numerics CollectDepositGns call=207/256	paid	7453010	7466772	13762	0.18465022856537158	12386	-2280	-1916	364	36400	0	-36400	13	15	1968	36413	36415	38368
poc_launchpad_numerics_filetest.gno	575	Launchpad Numerics CollectDepositGns call=208/256	paid	7451319	7465081	13762	0.1846921330304071	12386	-2280	-1916	364	36400	0	-36400	14	15	1968	36414	36415	38368
poc_launchpad_numerics_filetest.gno	576	Launchpad Numerics CollectDepositGns call=209/256	paid	7450363	7464125	13762	0.1847158319668451	12386	-2280	-1916	364	36400	0	-36400	14	15	1968	36414	36415	38368
poc_launchpad_numerics_filetest.gno	577	Launchpad Numerics CollectDepositGns call=210/256	paid	7448669	7462431	13762	0.1847578406289768	12386	-2280	-1916	364	36400	0	-36400	14	15	1968	36414	36415	38368
poc_launchpad_numerics_filetest.gno	578	Launchpad Numerics CollectDepositGns call=211/256	paid	7446981	7460743	13762	0.18479971951049695	12386	-2280	-1916	364	36400	0	-36400	14	15	1968	36414	36415	38368
poc_launchpad_numerics_filetest.gno	579	Launchpad Numerics CollectDepositGns call=212/256	paid	7576573	7590335	13762	0.18163884912083603	12386	-2280	-1916	364	36400	0	-36400	14	15	1968	36414	36415	38368
poc_launchpad_numerics_filetest.gno	580	Launchpad Numerics CollectDepositGns call=213/256	paid	7575617	7589379	13762	0.1816617709158211	12386	-2280	-1916	364	36400	0	-36400	14	15	1968	36414	36415	38368
poc_launchpad_numerics_filetest.gno	581	Launchpad Numerics CollectDepositGns call=214/256	paid	7564986	7578748	13762	0.18191705840565997	12386	-2280	-1916	364	36400	0	-36400	14	15	1968	36414	36415	38368
poc_launchpad_numerics_filetest.gno	582	Launchpad Numerics CollectDepositGns call=215/256	paid	7563295	7577057	13762	0.18195773138559318	12386	-2280	-1916	364	36400	0	-36400	14	15	1968	36414	36415	38368
poc_launchpad_numerics_filetest.gno	583	Launchpad Numerics CollectDepositGns call=216/256	paid	7562339	7576101	13762	0.18198073373859597	12386	-2280	-1916	364	36400	0	-36400	14	15	1968	36414	36415	38368
poc_launchpad_numerics_filetest.gno	584	Launchpad Numerics CollectDepositGns call=217/256	paid	7564902	7578664	13762	0.1819190783965212	12386	-5761	-5397	364	36400	0	-36400	14	15	1968	36414	36415	38368
poc_launchpad_numerics_filetest.gno	585	Launchpad Numerics CollectDepositGns call=218/256	paid	7465323	7479085	13762	0.1843456739916009	12386	-2280	-1916	364	36400	0	-36400	14	15	1968	36414	36415	38368
poc_launchpad_numerics_filetest.gno	586	Launchpad Numerics CollectDepositGns call=219/256	paid	7463632	7477394	13762	0.18438744032396023	12386	-2280	-1916	364	36400	0	-36400	14	16	1968	36414	36416	38368
poc_launchpad_numerics_filetest.gno	587	Launchpad Numerics CollectDepositGns call=220/256	paid	7470878	7484640	13762	0.1842086030584357	12386	-2280	-1916	364	36400	0	-36400	14	16	1968	36414	36416	38368
poc_launchpad_numerics_filetest.gno	588	Launchpad Numerics CollectDepositGns call=221/256	paid	7469190	7482952	13762	0.18425023329169563	12386	-2280	-1916	364	36400	0	-36400	13	15	1968	36413	36415	38368
poc_launchpad_numerics_filetest.gno	589	Launchpad Numerics CollectDepositGns call=222/256	paid	7468234	7481996	13762	0.18427381895103984	12386	-2280	-1916	364	36400	0	-36400	13	15	1968	36413	36415	38368
poc_launchpad_numerics_filetest.gno	590	Launchpad Numerics CollectDepositGns call=223/256	paid	7465808	7479570	13762	0.18433369837531316	12386	-2280	-1916	364	36400	0	-36400	14	15	1968	36414	36415	38368
poc_launchpad_numerics_filetest.gno	591	Launchpad Numerics CollectDepositGns call=224/256	paid	7464852	7478614	13762	0.18435730540940395	12386	-2280	-1916	364	36400	0	-36400	14	15	1968	36414	36415	38368
poc_launchpad_numerics_filetest.gno	592	Launchpad Numerics CollectDepositGns call=225/256	paid	7579965	7593727	13762	0.18155756655868463	12386	-2244	-1880	364	36400	0	-36400	14	16	1968	36414	36416	38368
poc_launchpad_numerics_filetest.gno	593	Launchpad Numerics CollectDepositGns call=226/256	paid	7579009	7592771	13762	0.18158046784216775	12386	-2280	-1916	364	36400	0	-36400	13	16	1968	36413	36416	38368
poc_launchpad_numerics_filetest.gno	594	Launchpad Numerics CollectDepositGns call=227/256	paid	7575845	7589607	13762	0.18165630368625546	12386	-2280	-1916	364	36400	0	-36400	14	15	1968	36414	36415	38368
poc_launchpad_numerics_filetest.gno	595	Launchpad Numerics CollectDepositGns call=228/256	paid	7574889	7588651	13762	0.181679229887065	12386	-2280	-1916	364	36400	0	-36400	14	15	1968	36414	36415	38368
poc_launchpad_numerics_filetest.gno	596	Launchpad Numerics CollectDepositGns call=229/256	paid	7573198	7586960	13762	0.18171979657735082	12386	-2280	-1916	364	36400	0	-36400	13	15	1968	36413	36415	38368
poc_launchpad_numerics_filetest.gno	597	Launchpad Numerics CollectDepositGns call=230/256	paid	7571507	7585269	13762	0.1817603813877475	12386	-2280	-1916	364	36400	0	-36400	14	15	1968	36414	36415	38368
poc_launchpad_numerics_filetest.gno	598	Launchpad Numerics CollectDepositGns call=231/256	paid	7574232	7587994	13762	0.1816949890101069	12386	-5607	-5243	364	36400	0	-36400	13	15	1968	36413	36415	38368
poc_launchpad_numerics_filetest.gno	599	Launchpad Numerics CollectDepositGns call=232/256	paid	7463793	7477555	13762	0.18438346293901772	12386	-2280	-1916	364	36400	0	-36400	14	15	1968	36414	36415	38368
poc_launchpad_numerics_filetest.gno	600	Launchpad Numerics CollectDepositGns call=233/256	paid	7442041	7455803	13762	0.18492238889842183	12386	-2275	-1911	364	36400	0	-36400	13	15	1968	36413	36415	38368
poc_launchpad_numerics_filetest.gno	601	Launchpad Numerics CollectDepositGns call=234/256	paid	7555079	7568841	13762	0.18215560684408463	12386	-2274	-1910	364	36400	0	-36400	13	15	1968	36413	36415	38368
poc_launchpad_numerics_filetest.gno	602	Launchpad Numerics CollectDepositGns call=235/256	paid	7553388	7567150	13762	0.18219638657513687	12386	-2274	-1910	364	36400	0	-36400	14	15	1968	36414	36415	38368
poc_launchpad_numerics_filetest.gno	603	Launchpad Numerics CollectDepositGns call=236/256	paid	7552432	7566194	13762	0.1822194493111623	12386	-2274	-1910	364	36400	0	-36400	14	15	1968	36414	36415	38368
poc_launchpad_numerics_filetest.gno	604	Launchpad Numerics CollectDepositGns call=237/256	paid	7550006	7563768	13762	0.18227800083867482	12386	-2274	-1910	364	36400	0	-36400	13	15	1968	36413	36415	38368
poc_launchpad_numerics_filetest.gno	605	Launchpad Numerics CollectDepositGns call=238/256	paid	7549050	7562812	13762	0.1823010842423881	12386	-2274	-1910	364	36400	0	-36400	13	16	1968	36413	36416	38368
poc_launchpad_numerics_filetest.gno	606	Launchpad Numerics CollectDepositGns call=239/256	paid	7657861	7671623	13762	0.17971075735117156	12386	-2274	-1910	364	36400	0	-36400	14	15	1968	36414	36415	38368
poc_launchpad_numerics_filetest.gno	607	Launchpad Numerics CollectDepositGns call=240/256	paid	7674917	7688679	13762	0.179311385386969	12386	-2273	-1909	364	36400	0	-36400	14	15	1968	36414	36415	38368
poc_launchpad_numerics_filetest.gno	608	Launchpad Numerics CollectDepositGns call=241/256	paid	7655923	7669685	13762	0.17975624885464495	12386	-9446	-9082	364	36400	0	-36400	14	15	1968	36414	36415	38368
poc_launchpad_numerics_filetest.gno	609	Launchpad Numerics CollectDepositGns call=242/256	paid	7490700	7504462	13762	0.18372114755630314	12386	-2273	-1909	364	36400	0	-36400	14	15	1968	36414	36415	38368
poc_launchpad_numerics_filetest.gno	610	Launchpad Numerics CollectDepositGns call=243/256	paid	7489747	7503509	13762	0.18374452434775165	12386	-2273	-1909	364	36400	0	-36400	14	15	1968	36414	36415	38368
poc_launchpad_numerics_filetest.gno	611	Launchpad Numerics CollectDepositGns call=244/256	paid	7487324	7501086	13762	0.1838039865778481	12386	-2273	-1909	364	36400	0	-36400	14	15	1968	36414	36415	38368
poc_launchpad_numerics_filetest.gno	612	Launchpad Numerics CollectDepositGns call=245/256	paid	7486371	7500133	13762	0.18382738445636745	12386	-2273	-1909	364	36400	0	-36400	14	15	1968	36414	36415	38368
poc_launchpad_numerics_filetest.gno	613	Launchpad Numerics CollectDepositGns call=246/256	paid	7484683	7498445	13762	0.1838688425414944	12386	-2273	-1909	364	36400	0	-36400	14	15	1968	36414	36415	38368
poc_launchpad_numerics_filetest.gno	614	Launchpad Numerics CollectDepositGns call=247/256	paid	7372529	7386291	13762	0.1866659324093537	12386	-2280	-1916	364	36400	0	-36400	14	15	1968	36414	36415	38368
poc_launchpad_numerics_filetest.gno	615	Launchpad Numerics CollectDepositGns call=248/256	paid	7370550	7384312	13762	0.18671605239771794	12386	-2280	-1916	364	36400	0	-36400	14	15	1968	36414	36415	38368
poc_launchpad_numerics_filetest.gno	616	Launchpad Numerics CollectDepositGns call=249/256	paid	7359919	7373681	13762	0.18698575351168947	12386	-2280	-1916	364	36400	0	-36400	14	16	1968	36414	36416	38368
poc_launchpad_numerics_filetest.gno	617	Launchpad Numerics CollectDepositGns call=250/256	paid	7347040	7360802	13762	0.18731353034691522	12386	-2280	-1916	364	36400	0	-36400	13	15	1968	36413	36415	38368
poc_launchpad_numerics_filetest.gno	618	Launchpad Numerics CollectDepositGns call=251/256	paid	7344617	7358379	13762	0.18737532535733314	12386	-2280	-1916	364	36400	0	-36400	14	15	1968	36414	36415	38368
poc_launchpad_numerics_filetest.gno	619	Launchpad Numerics CollectDepositGns call=252/256	paid	7343661	7357423	13762	0.18739971793360288	12386	-2280	-1916	364	36400	0	-36400	14	15	1968	36414	36415	38368
poc_launchpad_numerics_filetest.gno	620	Launchpad Numerics CollectDepositGns call=253/256	paid	7341970	7355732	13762	0.1874428797720503	12386	-2280	-1916	364	36400	0	-36400	14	15	1968	36414	36415	38368
poc_launchpad_numerics_filetest.gno	621	Launchpad Numerics CollectDepositGns call=254/256	paid	7326889	7340651	13762	0.18782869509828795	12386	-2280	-1916	364	36400	0	-36400	14	15	1968	36414	36415	38368
poc_launchpad_numerics_filetest.gno	622	Launchpad Numerics CollectDepositGns call=255/256	paid	7325933	7339695	13762	0.1878532058647001	12386	-2280	-1916	364	36400	0	-36400	14	15	1968	36414	36415	38368
poc_launchpad_numerics_filetest.gno	623	Launchpad Numerics CollectDepositGns call=256/256	paid	7304641	7318403	13762	0.18840077150951018	12386	-8812	-8448	364	36400	0	-36400	14	15	1968	36414	36415	38368
poc_launchpad_numerics_filetest.gno	624	Launchpad Numerics TransferLeftFromProjectByAdmin	paid	1325502	1325502	0	0.0	0	21	21	0	0	0	0	0	0	0	0	0	0
