fixture	label	scope	baseline_gas	candidate_gas	gas_delta	baseline_net_bytes	candidate_net_bytes	storage_delta_bytes	cpu_delta	baseline_deposits_ugnot	candidate_deposits_ugnot	baseline_refunds_ugnot	candidate_refunds_ugnot	storage_delta_ugnot	gas_fee_delta_ugnot	net_delta_ugnot	storage_delta_gnot	gas_fee_delta_gnot	net_delta_gnot
common_filetest.gno	TickMathGetSqrtRatioAtTick (minTick)	execution-segment-repricing	1689865	1689865	0	0	0	0	0	0	0	0	0	0	0	0	0.000000	0.000000	0.000000
common_filetest.gno	TickMathGetSqrtRatioAtTick (maxTick)	execution-segment-repricing	2058854	2058854	0	0	0	0	0	0	0	0	0	0	0	0	0.000000	0.000000	0.000000
common_filetest.gno	TickMathGetSqrtRatioAtTick (zero)	execution-segment-repricing	334802	334802	0	0	0	0	0	0	0	0	0	0	0	0	0.000000	0.000000	0.000000
common_filetest.gno	TickMathGetSqrtRatioAtTick	execution-segment-repricing	1527883	1527883	0	0	0	0	0	0	0	0	0	0	0	0	0.000000	0.000000	0.000000
common_filetest.gno	TickMathGetTickAtSqrtRatio	execution-segment-repricing	3863554	3863554	0	0	0	0	0	0	0	0	0	0	0	0	0.000000	0.000000	0.000000
common_filetest.gno	GetLiquidityForAmounts	execution-segment-repricing	3211535	3211535	0	0	0	0	0	0	0	0	0	0	0	0	0.000000	0.000000	0.000000
common_filetest.gno	GetAmountsForLiquidity	execution-segment-repricing	2981525	2981525	0	0	0	0	0	0	0	0	0	0	0	0	0.000000	0.000000	0.000000
common_filetest.gno	LiquidityMathAddDelta (positive)	execution-segment-repricing	449547	449547	0	0	0	0	0	0	0	0	0	0	0	0	0.000000	0.000000	0.000000
common_filetest.gno	LiquidityMathAddDelta (negative)	execution-segment-repricing	471588	471588	0	0	0	0	0	0	0	0	0	0	0	0	0.000000	0.000000	0.000000
common_filetest.gno	LiquidityMathAddDelta	execution-segment-repricing	437865	437865	0	0	0	0	0	0	0	0	0	0	0	0	0.000000	0.000000	0.000000
gnsmath_filetest.gno	GetAmount0Delta	execution-segment-repricing	3631434	3631434	0	0	0	0	0	0	0	0	0	0	0	0	0.000000	0.000000	0.000000
gnsmath_filetest.gno	GetAmount1Delta	execution-segment-repricing	2329750	2329750	0	0	0	0	0	0	0	0	0	0	0	0	0.000000	0.000000	0.000000
gnsmath_filetest.gno	SwapMathComputeSwapStep	execution-segment-repricing	4232740	4232740	0	0	0	0	0	0	0	0	0	0	0	0	0.000000	0.000000	0.000000
gov_governance_propose_community_pool_spend_filetest.gno	Propose Community Pool Spend	execution-segment-repricing	2446272	2446272	0	20560	20560	0	0	2056000	2056000	0	0	0	0	0	0.000000	0.000000	0.000000
gov_governance_propose_parameter_change_filetest.gno	Propose Parameter Change	execution-segment-repricing	2992330	2992330	0	19532	19532	0	0	1953200	1953200	0	0	0	0	0	0.000000	0.000000	0.000000
gov_governance_propose_parameter_change_filetest.gno	Vote	execution-segment-repricing	1020769	1020769	0	4488	4488	0	0	448800	448800	0	0	0	0	0	0.000000	0.000000	0.000000
gov_governance_propose_parameter_change_filetest.gno	Execute	execution-segment-repricing	2528088	2528088	0	76	76	0	0	7600	7600	0	0	0	0	0	0.000000	0.000000	0.000000
gov_governance_propose_text_filetest.gno	Propose Text	execution-segment-repricing	1931909	1931909	0	18333	18333	0	0	1833300	1833300	0	0	0	0	0	0.000000	0.000000	0.000000
gov_governance_propose_text_with_incative_proposals_filetest.gno	Propose Text with Inactive: 100	execution-segment-repricing	2347937	2347937	0	8501	8501	0	0	850100	850100	0	0	0	0	0	0.000000	0.000000	0.000000
gov_staker_collect_gns_delegation100_withdraw1_filetest.gno	CollectUndelegatedGns (100 delegations, 1 withdraws)	execution-segment-repricing	25137447	25137180	-267	0	0	0	0	0	0	0	0	0	-0.267	-0.267	0.000000	0.000000	0.000000
gov_staker_collect_gns_delegation10_withdraw10_filetest.gno	CollectUndelegatedGns (10 delegations, 10 withdraws)	execution-segment-repricing	4375919	4375919	0	0	0	0	0	0	0	0	0	0	0	0	0.000000	0.000000	0.000000
gov_staker_collect_gns_delegation10_withdraw1_filetest.gno	CollectUndelegatedGns (10 delegations, 1 withdraws)	execution-segment-repricing	2337329	2337329	0	0	0	0	0	0	0	0	0	0	0	0	0.000000	0.000000	0.000000
gov_staker_collect_gns_delegation10_withdraw50_filetest.gno	CollectUndelegatedGns (10 delegations, 50 withdraws)	execution-segment-repricing	13436619	13436319	-300	18	0	-18	0	1800	0	0	0	-1800	-0.3	-1800.3	-0.001800	0.000000	-0.001800
gov_staker_collect_gns_delegation10_withdraw5_filetest.gno	CollectUndelegatedGns (10 delegations, 5 withdraws)	execution-segment-repricing	3243369	3243369	0	0	0	0	0	0	0	0	0	0	0	0	0.000000	0.000000	0.000000
gov_staker_collect_gns_delegation1_withdraw10_filetest.gno	CollectUndelegatedGns (1 delegation, 10 withdraws)	execution-segment-repricing	611432	611432	0	0	0	0	0	0	0	0	0	0	0	0	0.000000	0.000000	0.000000
gov_staker_collect_gns_delegation1_withdraw1_filetest.gno	CollectUndelegatedGns (1 delegation, 1 withdraws)	execution-segment-repricing	407573	407573	0	0	0	0	0	0	0	0	0	0	0	0	0.000000	0.000000	0.000000
gov_staker_collect_gns_delegation1_withdraw50_filetest.gno	CollectUndelegatedGns (1 delegation, 50 withdraws)	execution-segment-repricing	1517472	1517472	0	0	0	0	0	0	0	0	0	0	0	0	0.000000	0.000000	0.000000
gov_staker_collect_gns_delegation1_withdraw5_filetest.gno	CollectUndelegatedGns (1 delegation, 5 withdraws)	execution-segment-repricing	498177	498177	0	0	0	0	0	0	0	0	0	0	0	0	0.000000	0.000000	0.000000
gov_staker_collect_reward_delegation100_withdraw1_filetest.gno	CollectReward (100 delegations, 1 withdraws)	execution-segment-repricing	3457352	3933759	476407	2333	1513	-820	473084	243200	161200	9900	9900	-82000	476.407	-81523.593	-0.082000	+0.000476	-0.081524
gov_staker_collect_reward_delegation10_withdraw10_filetest.gno	CollectReward (10 delegations, 10 withdraws)	execution-segment-repricing	3457262	3933720	476458	2323	1508	-815	473084	242200	160700	9900	9900	-81500	476.458	-81023.542	-0.081500	+0.000476	-0.081024
gov_staker_collect_reward_delegation10_withdraw1_filetest.gno	CollectReward (10 delegations, 1 withdraws)	execution-segment-repricing	3453474	3929932	476458	2323	1508	-815	473084	242200	160700	9900	9900	-81500	476.458	-81023.542	-0.081500	+0.000476	-0.081024
gov_staker_collect_reward_delegation10_withdraw50_filetest.gno	CollectReward (10 delegations, 50 withdraws)	execution-segment-repricing	3456195	3932653	476458	2323	1508	-815	473084	242200	160700	9900	9900	-81500	476.458	-81023.542	-0.081500	+0.000476	-0.081024
gov_staker_collect_reward_delegation10_withdraw5_filetest.gno	CollectReward (10 delegations, 5 withdraws)	execution-segment-repricing	3450271	3926729	476458	2323	1508	-815	473084	242200	160700	9900	9900	-81500	476.458	-81023.542	-0.081500	+0.000476	-0.081024
gov_staker_collect_reward_delegation1_withdraw10_filetest.gno	CollectReward (1 delegation, 10 withdraws)	execution-segment-repricing	3527394	4003852	476458	2395	1580	-815	473084	249400	167900	9900	9900	-81500	476.458	-81023.542	-0.081500	+0.000476	-0.081024
gov_staker_collect_reward_delegation1_withdraw1_filetest.gno	CollectReward (1 delegation, 1 withdraws)	execution-segment-repricing	3702980	4179438	476458	2395	1580	-815	473084	249400	167900	9900	9900	-81500	476.458	-81023.542	-0.081500	+0.000476	-0.081024
gov_staker_collect_reward_delegation1_withdraw50_filetest.gno	CollectReward (1 delegation, 50 withdraws)	execution-segment-repricing	3524191	4000649	476458	2395	1580	-815	473084	249400	167900	9900	9900	-81500	476.458	-81023.542	-0.081500	+0.000476	-0.081024
gov_staker_collect_reward_delegation1_withdraw5_filetest.gno	CollectReward (1 delegation, 5 withdraws)	execution-segment-repricing	3525348	4001806	476458	2395	1580	-815	473084	249400	167900	9900	9900	-81500	476.458	-81023.542	-0.081500	+0.000476	-0.081024
gov_staker_collect_reward_pf_token_count_filetest.gno	gov/staker CollectReward (1 protocol-fee tokens)	execution-segment-repricing	3734006	4210463	476457	368	-447	-815	473084	248900	167400	212100	212100	-81500	476.457	-81023.543	-0.081500	+0.000476	-0.081024
gov_staker_collect_reward_pf_token_count_filetest.gno	gov/staker CollectReward (2 protocol-fee tokens)	execution-segment-repricing	5887416	6716367	828951	-1860	-2675	-815	819895	238200	156700	424200	424200	-81500	828.951	-80671.049	-0.081500	+0.000829	-0.080671
gov_staker_collect_reward_pf_token_count_filetest.gno	gov/staker CollectReward (3 protocol-fee tokens)	execution-segment-repricing	8162687	9343394	1180707	-3992	-4807	-815	1166706	238200	156700	637400	637400	-81500	1180.707	-80319.293	-0.081500	+0.001181	-0.080319
gov_staker_collect_reward_pf_token_count_filetest.gno	gov/staker CollectReward (4 protocol-fee tokens)	execution-segment-repricing	10448372	11980097	1531725	-6122	-6937	-815	1513517	238200	156700	850400	850400	-81500	1531.725	-79968.275	-0.081500	+0.001532	-0.079968
gov_staker_collect_reward_pf_token_count_filetest.gno	gov/staker CollectReward (4 protocol-fee tokens but zero amount)	execution-segment-repricing	1701190	2282874	581684	0	0	0	571703	0	0	0	0	0	581.684	581.684	0.000000	+0.000582	+0.000582
gov_staker_delegate_undelegate_filetest.gno	Delegate	execution-segment-repricing	4989756	5347203	357447	38285	38286	1	281330	3828500	3828600	0	0	100	357.447	457.447	+0.000100	+0.000357	+0.000457
gov_staker_delegate_undelegate_filetest.gno	Undelegate	execution-segment-repricing	2279200	2554684	275484	840	840	0	274072	84000	84000	0	0	0	275.484	275.484	0.000000	+0.000275	+0.000275
gov_staker_optimizations_filetest.gno	Undelegate (5 delegations, cached external calls)	execution-segment-repricing	9705646	11083066	1377420	3510	3510	0	1370360	351000	351000	0	0	0	1377.42	1377.42	0.000000	+0.001377	+0.001377
gov_staker_optimizations_filetest.gno	Delegate (cached external calls)	execution-segment-repricing	3046853	3322337	275484	3210	3210	0	274072	321000	321000	0	0	0	275.484	275.484	0.000000	+0.000275	+0.000275
gov_staker_optimizations_filetest.gno	Undelegate (early exit, 3 of 10 delegations)	execution-segment-repricing	6656620	7483072	826452	2088	2088	0	822216	208800	208800	0	0	0	826.452	826.452	0.000000	+0.000826	+0.000826
gov_staker_redelegate_filetest.gno	Redelegate	execution-segment-repricing	4363314	4914282	550968	1423	1423	0	548144	142300	142300	0	0	0	550.968	550.968	0.000000	+0.000551	+0.000551
gov_staker_redelegate_many_delegations_filetest.gno	Redelegate (50 of 100 delegations, optimized)	execution-segment-repricing	123363976	137410276	14046300	-118826	-118821	5	13977672	0	0	11882600	11882100	500	14046.3	14546.3	+0.000500	+0.014046	+0.014546
gov_staker_remaining_emission_accumulator_filetest.gno	Remaining gov emission accumulator delegate allocation	execution-segment-repricing	6115291	6401176	285885	46566	46567	1	281330	4656600	4656700	0	0	100	285.885	385.885	+0.000100	+0.000286	+0.000386
gov_staker_remaining_emission_accumulator_filetest.gno	Remaining gov emission accumulator repeat-1 claim-1	execution-segment-repricing	2591722	2860093	268371	36	36	0	266814	3600	3600	0	0	0	268.371	268.371	0.000000	+0.000268	+0.000268
gov_staker_remaining_emission_accumulator_filetest.gno	Remaining gov emission accumulator repeat-10 claim-1	execution-segment-repricing	2583753	2852124	268371	0	0	0	266814	0	0	0	0	0	268.371	268.371	0.000000	+0.000268	+0.000268
gov_staker_remaining_emission_accumulator_filetest.gno	Remaining gov emission accumulator repeat-10 claim-2	execution-segment-repricing	2582779	2851150	268371	0	0	0	266814	0	0	0	0	0	268.371	268.371	0.000000	+0.000268	+0.000268
gov_staker_remaining_emission_accumulator_filetest.gno	Remaining gov emission accumulator repeat-10 claim-3	execution-segment-repricing	2583753	2852124	268371	0	0	0	266814	0	0	0	0	0	268.371	268.371	0.000000	+0.000268	+0.000268
gov_staker_remaining_emission_accumulator_filetest.gno	Remaining gov emission accumulator repeat-10 claim-4	execution-segment-repricing	2582779	2851150	268371	0	0	0	266814	0	0	0	0	0	268.371	268.371	0.000000	+0.000268	+0.000268
gov_staker_remaining_emission_accumulator_filetest.gno	Remaining gov emission accumulator repeat-10 claim-5	execution-segment-repricing	2583753	2852124	268371	0	0	0	266814	0	0	0	0	0	268.371	268.371	0.000000	+0.000268	+0.000268
gov_staker_remaining_emission_accumulator_filetest.gno	Remaining gov emission accumulator repeat-10 claim-6	execution-segment-repricing	2582779	2851150	268371	0	0	0	266814	0	0	0	0	0	268.371	268.371	0.000000	+0.000268	+0.000268
gov_staker_remaining_emission_accumulator_filetest.gno	Remaining gov emission accumulator repeat-10 claim-7	execution-segment-repricing	2583266	2851637	268371	0	0	0	266814	0	0	0	0	0	268.371	268.371	0.000000	+0.000268	+0.000268
gov_staker_remaining_emission_accumulator_filetest.gno	Remaining gov emission accumulator repeat-10 claim-8	execution-segment-repricing	2597799	2866170	268371	0	0	0	266814	0	0	0	0	0	268.371	268.371	0.000000	+0.000268	+0.000268
gov_staker_remaining_emission_accumulator_filetest.gno	Remaining gov emission accumulator repeat-10 claim-9	execution-segment-repricing	2600120	2868491	268371	0	0	0	266814	0	0	0	0	0	268.371	268.371	0.000000	+0.000268	+0.000268
gov_staker_remaining_emission_accumulator_filetest.gno	Remaining gov emission accumulator repeat-10 claim-10	execution-segment-repricing	2601094	2869465	268371	0	0	0	266814	0	0	0	0	0	268.371	268.371	0.000000	+0.000268	+0.000268
gov_staker_remaining_emission_accumulator_filetest.gno	Remaining gov emission accumulator repeat-100 claim-1	execution-segment-repricing	2600120	2868491	268371	0	0	0	266814	0	0	0	0	0	268.371	268.371	0.000000	+0.000268	+0.000268
gov_staker_remaining_emission_accumulator_filetest.gno	Remaining gov emission accumulator repeat-100 claim-2	execution-segment-repricing	2601094	2869465	268371	0	0	0	266814	0	0	0	0	0	268.371	268.371	0.000000	+0.000268	+0.000268
gov_staker_remaining_emission_accumulator_filetest.gno	Remaining gov emission accumulator repeat-100 claim-3	execution-segment-repricing	2600231	2868602	268371	6	6	0	266814	600	600	0	0	0	268.371	268.371	0.000000	+0.000268	+0.000268
gov_staker_remaining_emission_accumulator_filetest.gno	Remaining gov emission accumulator repeat-100 claim-4	execution-segment-repricing	2597423	2865794	268371	0	0	0	266814	0	0	0	0	0	268.371	268.371	0.000000	+0.000268	+0.000268
gov_staker_remaining_emission_accumulator_filetest.gno	Remaining gov emission accumulator repeat-100 claim-5	execution-segment-repricing	2600718	2869089	268371	0	0	0	266814	0	0	0	0	0	268.371	268.371	0.000000	+0.000268	+0.000268
gov_staker_remaining_emission_accumulator_filetest.gno	Remaining gov emission accumulator repeat-100 claim-6	execution-segment-repricing	2600718	2869089	268371	0	0	0	266814	0	0	0	0	0	268.371	268.371	0.000000	+0.000268	+0.000268
gov_staker_remaining_emission_accumulator_filetest.gno	Remaining gov emission accumulator repeat-100 claim-7	execution-segment-repricing	2601205	2869576	268371	0	0	0	266814	0	0	0	0	0	268.371	268.371	0.000000	+0.000268	+0.000268
gov_staker_remaining_emission_accumulator_filetest.gno	Remaining gov emission accumulator repeat-100 claim-8	execution-segment-repricing	2600231	2868602	268371	0	0	0	266814	0	0	0	0	0	268.371	268.371	0.000000	+0.000268	+0.000268
gov_staker_remaining_emission_accumulator_filetest.gno	Remaining gov emission accumulator repeat-100 claim-9	execution-segment-repricing	2597423	2865794	268371	0	0	0	266814	0	0	0	0	0	268.371	268.371	0.000000	+0.000268	+0.000268
gov_staker_remaining_emission_accumulator_filetest.gno	Remaining gov emission accumulator repeat-100 claim-10	execution-segment-repricing	2600231	2868602	268371	0	0	0	266814	0	0	0	0	0	268.371	268.371	0.000000	+0.000268	+0.000268
gov_staker_remaining_emission_accumulator_filetest.gno	Remaining gov emission accumulator repeat-100 claim-11	execution-segment-repricing	2597423	2865794	268371	0	0	0	266814	0	0	0	0	0	268.371	268.371	0.000000	+0.000268	+0.000268
gov_staker_remaining_emission_accumulator_filetest.gno	Remaining gov emission accumulator repeat-100 claim-12	execution-segment-repricing	2600231	2868602	268371	0	0	0	266814	0	0	0	0	0	268.371	268.371	0.000000	+0.000268	+0.000268
gov_staker_remaining_emission_accumulator_filetest.gno	Remaining gov emission accumulator repeat-100 claim-13	execution-segment-repricing	2600718	2869089	268371	0	0	0	266814	0	0	0	0	0	268.371	268.371	0.000000	+0.000268	+0.000268
gov_staker_remaining_emission_accumulator_filetest.gno	Remaining gov emission accumulator repeat-100 claim-14	execution-segment-repricing	2601205	2869576	268371	0	0	0	266814	0	0	0	0	0	268.371	268.371	0.000000	+0.000268	+0.000268
gov_staker_remaining_emission_accumulator_filetest.gno	Remaining gov emission accumulator repeat-100 claim-15	execution-segment-repricing	2600718	2869089	268371	0	0	0	266814	0	0	0	0	0	268.371	268.371	0.000000	+0.000268	+0.000268
gov_staker_remaining_emission_accumulator_filetest.gno	Remaining gov emission accumulator repeat-100 claim-16	execution-segment-repricing	2601205	2869576	268371	0	0	0	266814	0	0	0	0	0	268.371	268.371	0.000000	+0.000268	+0.000268
gov_staker_remaining_emission_accumulator_filetest.gno	Remaining gov emission accumulator repeat-100 claim-17	execution-segment-repricing	2603483	2871854	268371	0	0	0	266814	0	0	0	0	0	268.371	268.371	0.000000	+0.000268	+0.000268
gov_staker_remaining_emission_accumulator_filetest.gno	Remaining gov emission accumulator repeat-100 claim-18	execution-segment-repricing	2600188	2868559	268371	0	0	0	266814	0	0	0	0	0	268.371	268.371	0.000000	+0.000268	+0.000268
gov_staker_remaining_emission_accumulator_filetest.gno	Remaining gov emission accumulator repeat-100 claim-19	execution-segment-repricing	2603483	2871854	268371	0	0	0	266814	0	0	0	0	0	268.371	268.371	0.000000	+0.000268	+0.000268
gov_staker_remaining_emission_accumulator_filetest.gno	Remaining gov emission accumulator repeat-100 claim-20	execution-segment-repricing	2600188	2868559	268371	0	0	0	266814	0	0	0	0	0	268.371	268.371	0.000000	+0.000268	+0.000268
gov_staker_remaining_emission_accumulator_filetest.gno	Remaining gov emission accumulator repeat-100 claim-21	execution-segment-repricing	2603970	2872341	268371	0	0	0	266814	0	0	0	0	0	268.371	268.371	0.000000	+0.000268	+0.000268
gov_staker_remaining_emission_accumulator_filetest.gno	Remaining gov emission accumulator repeat-100 claim-22	execution-segment-repricing	2603970	2872341	268371	0	0	0	266814	0	0	0	0	0	268.371	268.371	0.000000	+0.000268	+0.000268
gov_staker_remaining_emission_accumulator_filetest.gno	Remaining gov emission accumulator repeat-100 claim-23	execution-segment-repricing	2604457	2872828	268371	0	0	0	266814	0	0	0	0	0	268.371	268.371	0.000000	+0.000268	+0.000268
gov_staker_remaining_emission_accumulator_filetest.gno	Remaining gov emission accumulator repeat-100 claim-24	execution-segment-repricing	2603970	2872341	268371	0	0	0	266814	0	0	0	0	0	268.371	268.371	0.000000	+0.000268	+0.000268
gov_staker_remaining_emission_accumulator_filetest.gno	Remaining gov emission accumulator repeat-100 claim-25	execution-segment-repricing	2599608	2867979	268371	0	0	0	266814	0	0	0	0	0	268.371	268.371	0.000000	+0.000268	+0.000268
gov_staker_remaining_emission_accumulator_filetest.gno	Remaining gov emission accumulator repeat-100 claim-26	execution-segment-repricing	2602996	2871367	268371	0	0	0	266814	0	0	0	0	0	268.371	268.371	0.000000	+0.000268	+0.000268
gov_staker_remaining_emission_accumulator_filetest.gno	Remaining gov emission accumulator repeat-100 claim-27	execution-segment-repricing	2603483	2871854	268371	0	0	0	266814	0	0	0	0	0	268.371	268.371	0.000000	+0.000268	+0.000268
gov_staker_remaining_emission_accumulator_filetest.gno	Remaining gov emission accumulator repeat-100 claim-28	execution-segment-repricing	2603483	2871854	268371	0	0	0	266814	0	0	0	0	0	268.371	268.371	0.000000	+0.000268	+0.000268
gov_staker_remaining_emission_accumulator_filetest.gno	Remaining gov emission accumulator repeat-100 claim-29	execution-segment-repricing	2603483	2871854	268371	0	0	0	266814	0	0	0	0	0	268.371	268.371	0.000000	+0.000268	+0.000268
gov_staker_remaining_emission_accumulator_filetest.gno	Remaining gov emission accumulator repeat-100 claim-30	execution-segment-repricing	2604457	2872828	268371	0	0	0	266814	0	0	0	0	0	268.371	268.371	0.000000	+0.000268	+0.000268
gov_staker_remaining_emission_accumulator_filetest.gno	Remaining gov emission accumulator repeat-100 claim-31	execution-segment-repricing	2600188	2868559	268371	0	0	0	266814	0	0	0	0	0	268.371	268.371	0.000000	+0.000268	+0.000268
gov_staker_remaining_emission_accumulator_filetest.gno	Remaining gov emission accumulator repeat-100 claim-32	execution-segment-repricing	2604457	2872828	268371	0	0	0	266814	0	0	0	0	0	268.371	268.371	0.000000	+0.000268	+0.000268
gov_staker_remaining_emission_accumulator_filetest.gno	Remaining gov emission accumulator repeat-100 claim-33	execution-segment-repricing	2603483	2871854	268371	0	0	0	266814	0	0	0	0	0	268.371	268.371	0.000000	+0.000268	+0.000268
gov_staker_remaining_emission_accumulator_filetest.gno	Remaining gov emission accumulator repeat-100 claim-34	execution-segment-repricing	2603970	2872341	268371	0	0	0	266814	0	0	0	0	0	268.371	268.371	0.000000	+0.000268	+0.000268
gov_staker_remaining_emission_accumulator_filetest.gno	Remaining gov emission accumulator repeat-100 claim-35	execution-segment-repricing	2603483	2871854	268371	0	0	0	266814	0	0	0	0	0	268.371	268.371	0.000000	+0.000268	+0.000268
gov_staker_remaining_emission_accumulator_filetest.gno	Remaining gov emission accumulator repeat-100 claim-36	execution-segment-repricing	2603483	2871854	268371	0	0	0	266814	0	0	0	0	0	268.371	268.371	0.000000	+0.000268	+0.000268
gov_staker_remaining_emission_accumulator_filetest.gno	Remaining gov emission accumulator repeat-100 claim-37	execution-segment-repricing	2603970	2872341	268371	0	0	0	266814	0	0	0	0	0	268.371	268.371	0.000000	+0.000268	+0.000268
gov_staker_remaining_emission_accumulator_filetest.gno	Remaining gov emission accumulator repeat-100 claim-38	execution-segment-repricing	2603483	2871854	268371	0	0	0	266814	0	0	0	0	0	268.371	268.371	0.000000	+0.000268	+0.000268
gov_staker_remaining_emission_accumulator_filetest.gno	Remaining gov emission accumulator repeat-100 claim-39	execution-segment-repricing	2603970	2872341	268371	0	0	0	266814	0	0	0	0	0	268.371	268.371	0.000000	+0.000268	+0.000268
gov_staker_remaining_emission_accumulator_filetest.gno	Remaining gov emission accumulator repeat-100 claim-40	execution-segment-repricing	2599701	2868072	268371	0	0	0	266814	0	0	0	0	0	268.371	268.371	0.000000	+0.000268	+0.000268
gov_staker_remaining_emission_accumulator_filetest.gno	Remaining gov emission accumulator repeat-100 claim-41	execution-segment-repricing	2603970	2872341	268371	0	0	0	266814	0	0	0	0	0	268.371	268.371	0.000000	+0.000268	+0.000268
gov_staker_remaining_emission_accumulator_filetest.gno	Remaining gov emission accumulator repeat-100 claim-42	execution-segment-repricing	2600188	2868559	268371	0	0	0	266814	0	0	0	0	0	268.371	268.371	0.000000	+0.000268	+0.000268
gov_staker_remaining_emission_accumulator_filetest.gno	Remaining gov emission accumulator repeat-100 claim-43	execution-segment-repricing	2603970	2872341	268371	0	0	0	266814	0	0	0	0	0	268.371	268.371	0.000000	+0.000268	+0.000268
gov_staker_remaining_emission_accumulator_filetest.gno	Remaining gov emission accumulator repeat-100 claim-44	execution-segment-repricing	2603483	2871854	268371	0	0	0	266814	0	0	0	0	0	268.371	268.371	0.000000	+0.000268	+0.000268
gov_staker_remaining_emission_accumulator_filetest.gno	Remaining gov emission accumulator repeat-100 claim-45	execution-segment-repricing	2603483	2871854	268371	0	0	0	266814	0	0	0	0	0	268.371	268.371	0.000000	+0.000268	+0.000268
gov_staker_remaining_emission_accumulator_filetest.gno	Remaining gov emission accumulator repeat-100 claim-46	execution-segment-repricing	2603970	2872341	268371	0	0	0	266814	0	0	0	0	0	268.371	268.371	0.000000	+0.000268	+0.000268
gov_staker_remaining_emission_accumulator_filetest.gno	Remaining gov emission accumulator repeat-100 claim-47	execution-segment-repricing	2599701	2868072	268371	0	0	0	266814	0	0	0	0	0	268.371	268.371	0.000000	+0.000268	+0.000268
gov_staker_remaining_emission_accumulator_filetest.gno	Remaining gov emission accumulator repeat-100 claim-48	execution-segment-repricing	2603483	2871854	268371	0	0	0	266814	0	0	0	0	0	268.371	268.371	0.000000	+0.000268	+0.000268
gov_staker_remaining_emission_accumulator_filetest.gno	Remaining gov emission accumulator repeat-100 claim-49	execution-segment-repricing	2603483	2871854	268371	0	0	0	266814	0	0	0	0	0	268.371	268.371	0.000000	+0.000268	+0.000268
gov_staker_remaining_emission_accumulator_filetest.gno	Remaining gov emission accumulator repeat-100 claim-50	execution-segment-repricing	2603970	2872341	268371	0	0	0	266814	0	0	0	0	0	268.371	268.371	0.000000	+0.000268	+0.000268
gov_staker_remaining_emission_accumulator_filetest.gno	Remaining gov emission accumulator repeat-100 claim-51	execution-segment-repricing	2603483	2871854	268371	0	0	0	266814	0	0	0	0	0	268.371	268.371	0.000000	+0.000268	+0.000268
gov_staker_remaining_emission_accumulator_filetest.gno	Remaining gov emission accumulator repeat-100 claim-52	execution-segment-repricing	2603970	2872341	268371	0	0	0	266814	0	0	0	0	0	268.371	268.371	0.000000	+0.000268	+0.000268
gov_staker_remaining_emission_accumulator_filetest.gno	Remaining gov emission accumulator repeat-100 claim-53	execution-segment-repricing	2600188	2868559	268371	0	0	0	266814	0	0	0	0	0	268.371	268.371	0.000000	+0.000268	+0.000268
gov_staker_remaining_emission_accumulator_filetest.gno	Remaining gov emission accumulator repeat-100 claim-54	execution-segment-repricing	2599701	2868072	268371	0	0	0	266814	0	0	0	0	0	268.371	268.371	0.000000	+0.000268	+0.000268
gov_staker_remaining_emission_accumulator_filetest.gno	Remaining gov emission accumulator repeat-100 claim-55	execution-segment-repricing	2603483	2871854	268371	0	0	0	266814	0	0	0	0	0	268.371	268.371	0.000000	+0.000268	+0.000268
gov_staker_remaining_emission_accumulator_filetest.gno	Remaining gov emission accumulator repeat-100 claim-56	execution-segment-repricing	2603483	2871854	268371	0	0	0	266814	0	0	0	0	0	268.371	268.371	0.000000	+0.000268	+0.000268
gov_staker_remaining_emission_accumulator_filetest.gno	Remaining gov emission accumulator repeat-100 claim-57	execution-segment-repricing	2603970	2872341	268371	0	0	0	266814	0	0	0	0	0	268.371	268.371	0.000000	+0.000268	+0.000268
gov_staker_remaining_emission_accumulator_filetest.gno	Remaining gov emission accumulator repeat-100 claim-58	execution-segment-repricing	2603483	2871854	268371	0	0	0	266814	0	0	0	0	0	268.371	268.371	0.000000	+0.000268	+0.000268
gov_staker_remaining_emission_accumulator_filetest.gno	Remaining gov emission accumulator repeat-100 claim-59	execution-segment-repricing	2604457	2872828	268371	0	0	0	266814	0	0	0	0	0	268.371	268.371	0.000000	+0.000268	+0.000268
gov_staker_remaining_emission_accumulator_filetest.gno	Remaining gov emission accumulator repeat-100 claim-60	execution-segment-repricing	2603970	2872341	268371	0	0	0	266814	0	0	0	0	0	268.371	268.371	0.000000	+0.000268	+0.000268
gov_staker_remaining_emission_accumulator_filetest.gno	Remaining gov emission accumulator repeat-100 claim-61	execution-segment-repricing	2600675	2869046	268371	0	0	0	266814	0	0	0	0	0	268.371	268.371	0.000000	+0.000268	+0.000268
gov_staker_remaining_emission_accumulator_filetest.gno	Remaining gov emission accumulator repeat-100 claim-62	execution-segment-repricing	2600188	2868559	268371	0	0	0	266814	0	0	0	0	0	268.371	268.371	0.000000	+0.000268	+0.000268
gov_staker_remaining_emission_accumulator_filetest.gno	Remaining gov emission accumulator repeat-100 claim-63	execution-segment-repricing	2603483	2871854	268371	0	0	0	266814	0	0	0	0	0	268.371	268.371	0.000000	+0.000268	+0.000268
gov_staker_remaining_emission_accumulator_filetest.gno	Remaining gov emission accumulator repeat-100 claim-64	execution-segment-repricing	2603970	2872341	268371	0	0	0	266814	0	0	0	0	0	268.371	268.371	0.000000	+0.000268	+0.000268
gov_staker_remaining_emission_accumulator_filetest.gno	Remaining gov emission accumulator repeat-100 claim-65	execution-segment-repricing	2603970	2872341	268371	0	0	0	266814	0	0	0	0	0	268.371	268.371	0.000000	+0.000268	+0.000268
gov_staker_remaining_emission_accumulator_filetest.gno	Remaining gov emission accumulator repeat-100 claim-66	execution-segment-repricing	2604457	2872828	268371	0	0	0	266814	0	0	0	0	0	268.371	268.371	0.000000	+0.000268	+0.000268
gov_staker_remaining_emission_accumulator_filetest.gno	Remaining gov emission accumulator repeat-100 claim-67	execution-segment-repricing	2604457	2872828	268371	0	0	0	266814	0	0	0	0	0	268.371	268.371	0.000000	+0.000268	+0.000268
gov_staker_remaining_emission_accumulator_filetest.gno	Remaining gov emission accumulator repeat-100 claim-68	execution-segment-repricing	2604457	2872828	268371	0	0	0	266814	0	0	0	0	0	268.371	268.371	0.000000	+0.000268	+0.000268
gov_staker_remaining_emission_accumulator_filetest.gno	Remaining gov emission accumulator repeat-100 claim-69	execution-segment-repricing	2603970	2872341	268371	0	0	0	266814	0	0	0	0	0	268.371	268.371	0.000000	+0.000268	+0.000268
gov_staker_remaining_emission_accumulator_filetest.gno	Remaining gov emission accumulator repeat-100 claim-70	execution-segment-repricing	2603970	2872341	268371	0	0	0	266814	0	0	0	0	0	268.371	268.371	0.000000	+0.000268	+0.000268
gov_staker_remaining_emission_accumulator_filetest.gno	Remaining gov emission accumulator repeat-100 claim-71	execution-segment-repricing	2603483	2871854	268371	0	0	0	266814	0	0	0	0	0	268.371	268.371	0.000000	+0.000268	+0.000268
gov_staker_remaining_emission_accumulator_filetest.gno	Remaining gov emission accumulator repeat-100 claim-72	execution-segment-repricing	2605037	2873408	268371	0	0	0	266814	0	0	0	0	0	268.371	268.371	0.000000	+0.000268	+0.000268
gov_staker_remaining_emission_accumulator_filetest.gno	Remaining gov emission accumulator repeat-100 claim-73	execution-segment-repricing	2601742	2870113	268371	0	0	0	266814	0	0	0	0	0	268.371	268.371	0.000000	+0.000268	+0.000268
gov_staker_remaining_emission_accumulator_filetest.gno	Remaining gov emission accumulator repeat-100 claim-74	execution-segment-repricing	2605037	2873408	268371	0	0	0	266814	0	0	0	0	0	268.371	268.371	0.000000	+0.000268	+0.000268
gov_staker_remaining_emission_accumulator_filetest.gno	Remaining gov emission accumulator repeat-100 claim-75	execution-segment-repricing	2605524	2873895	268371	0	0	0	266814	0	0	0	0	0	268.371	268.371	0.000000	+0.000268	+0.000268
gov_staker_remaining_emission_accumulator_filetest.gno	Remaining gov emission accumulator repeat-100 claim-76	execution-segment-repricing	2601742	2870113	268371	0	0	0	266814	0	0	0	0	0	268.371	268.371	0.000000	+0.000268	+0.000268
gov_staker_remaining_emission_accumulator_filetest.gno	Remaining gov emission accumulator repeat-100 claim-77	execution-segment-repricing	2605037	2873408	268371	0	0	0	266814	0	0	0	0	0	268.371	268.371	0.000000	+0.000268	+0.000268
gov_staker_remaining_emission_accumulator_filetest.gno	Remaining gov emission accumulator repeat-100 claim-78	execution-segment-repricing	2605037	2873408	268371	0	0	0	266814	0	0	0	0	0	268.371	268.371	0.000000	+0.000268	+0.000268
gov_staker_remaining_emission_accumulator_filetest.gno	Remaining gov emission accumulator repeat-100 claim-79	execution-segment-repricing	2605524	2873895	268371	0	0	0	266814	0	0	0	0	0	268.371	268.371	0.000000	+0.000268	+0.000268
gov_staker_remaining_emission_accumulator_filetest.gno	Remaining gov emission accumulator repeat-100 claim-80	execution-segment-repricing	2604550	2872921	268371	0	0	0	266814	0	0	0	0	0	268.371	268.371	0.000000	+0.000268	+0.000268
gov_staker_remaining_emission_accumulator_filetest.gno	Remaining gov emission accumulator repeat-100 claim-81	execution-segment-repricing	2605037	2873408	268371	0	0	0	266814	0	0	0	0	0	268.371	268.371	0.000000	+0.000268	+0.000268
gov_staker_remaining_emission_accumulator_filetest.gno	Remaining gov emission accumulator repeat-100 claim-82	execution-segment-repricing	2605037	2873408	268371	0	0	0	266814	0	0	0	0	0	268.371	268.371	0.000000	+0.000268	+0.000268
gov_staker_remaining_emission_accumulator_filetest.gno	Remaining gov emission accumulator repeat-100 claim-83	execution-segment-repricing	2601742	2870113	268371	0	0	0	266814	0	0	0	0	0	268.371	268.371	0.000000	+0.000268	+0.000268
gov_staker_remaining_emission_accumulator_filetest.gno	Remaining gov emission accumulator repeat-100 claim-84	execution-segment-repricing	2601255	2869626	268371	0	0	0	266814	0	0	0	0	0	268.371	268.371	0.000000	+0.000268	+0.000268
gov_staker_remaining_emission_accumulator_filetest.gno	Remaining gov emission accumulator repeat-100 claim-85	execution-segment-repricing	2605037	2873408	268371	0	0	0	266814	0	0	0	0	0	268.371	268.371	0.000000	+0.000268	+0.000268
gov_staker_remaining_emission_accumulator_filetest.gno	Remaining gov emission accumulator repeat-100 claim-86	execution-segment-repricing	2605524	2873895	268371	0	0	0	266814	0	0	0	0	0	268.371	268.371	0.000000	+0.000268	+0.000268
gov_staker_remaining_emission_accumulator_filetest.gno	Remaining gov emission accumulator repeat-100 claim-87	execution-segment-repricing	2605037	2873408	268371	0	0	0	266814	0	0	0	0	0	268.371	268.371	0.000000	+0.000268	+0.000268
gov_staker_remaining_emission_accumulator_filetest.gno	Remaining gov emission accumulator repeat-100 claim-88	execution-segment-repricing	2605524	2873895	268371	0	0	0	266814	0	0	0	0	0	268.371	268.371	0.000000	+0.000268	+0.000268
gov_staker_remaining_emission_accumulator_filetest.gno	Remaining gov emission accumulator repeat-100 claim-89	execution-segment-repricing	2604550	2872921	268371	0	0	0	266814	0	0	0	0	0	268.371	268.371	0.000000	+0.000268	+0.000268
gov_staker_remaining_emission_accumulator_filetest.gno	Remaining gov emission accumulator repeat-100 claim-90	execution-segment-repricing	2601255	2869626	268371	0	0	0	266814	0	0	0	0	0	268.371	268.371	0.000000	+0.000268	+0.000268
gov_staker_remaining_emission_accumulator_filetest.gno	Remaining gov emission accumulator repeat-100 claim-91	execution-segment-repricing	2604063	2872434	268371	0	0	0	266814	0	0	0	0	0	268.371	268.371	0.000000	+0.000268	+0.000268
gov_staker_remaining_emission_accumulator_filetest.gno	Remaining gov emission accumulator repeat-100 claim-92	execution-segment-repricing	2605037	2873408	268371	0	0	0	266814	0	0	0	0	0	268.371	268.371	0.000000	+0.000268	+0.000268
gov_staker_remaining_emission_accumulator_filetest.gno	Remaining gov emission accumulator repeat-100 claim-93	execution-segment-repricing	2605037	2873408	268371	0	0	0	266814	0	0	0	0	0	268.371	268.371	0.000000	+0.000268	+0.000268
gov_staker_remaining_emission_accumulator_filetest.gno	Remaining gov emission accumulator repeat-100 claim-94	execution-segment-repricing	2605037	2873408	268371	0	0	0	266814	0	0	0	0	0	268.371	268.371	0.000000	+0.000268	+0.000268
gov_staker_remaining_emission_accumulator_filetest.gno	Remaining gov emission accumulator repeat-100 claim-95	execution-segment-repricing	2601742	2870113	268371	0	0	0	266814	0	0	0	0	0	268.371	268.371	0.000000	+0.000268	+0.000268
gov_staker_remaining_emission_accumulator_filetest.gno	Remaining gov emission accumulator repeat-100 claim-96	execution-segment-repricing	2605037	2873408	268371	0	0	0	266814	0	0	0	0	0	268.371	268.371	0.000000	+0.000268	+0.000268
gov_staker_remaining_emission_accumulator_filetest.gno	Remaining gov emission accumulator repeat-100 claim-97	execution-segment-repricing	2601742	2870113	268371	0	0	0	266814	0	0	0	0	0	268.371	268.371	0.000000	+0.000268	+0.000268
gov_staker_remaining_emission_accumulator_filetest.gno	Remaining gov emission accumulator repeat-100 claim-98	execution-segment-repricing	2604063	2872434	268371	0	0	0	266814	0	0	0	0	0	268.371	268.371	0.000000	+0.000268	+0.000268
gov_staker_remaining_emission_accumulator_filetest.gno	Remaining gov emission accumulator repeat-100 claim-99	execution-segment-repricing	2605037	2873408	268371	0	0	0	266814	0	0	0	0	0	268.371	268.371	0.000000	+0.000268	+0.000268
gov_staker_remaining_emission_accumulator_filetest.gno	Remaining gov emission accumulator repeat-100 claim-100	execution-segment-repricing	2604550	2872921	268371	0	0	0	266814	0	0	0	0	0	268.371	268.371	0.000000	+0.000268	+0.000268
gov_staker_remaining_emission_accumulator_filetest.gno	Remaining gov emission accumulator repeat-1000 claim-1	execution-segment-repricing	2605037	2873408	268371	0	0	0	266814	0	0	0	0	0	268.371	268.371	0.000000	+0.000268	+0.000268
gov_staker_remaining_emission_accumulator_filetest.gno	Remaining gov emission accumulator repeat-1000 claim-2	execution-segment-repricing	2605037	2873408	268371	0	0	0	266814	0	0	0	0	0	268.371	268.371	0.000000	+0.000268	+0.000268
gov_staker_remaining_emission_accumulator_filetest.gno	Remaining gov emission accumulator repeat-1000 claim-3	execution-segment-repricing	2605037	2873408	268371	0	0	0	266814	0	0	0	0	0	268.371	268.371	0.000000	+0.000268	+0.000268
gov_staker_remaining_emission_accumulator_filetest.gno	Remaining gov emission accumulator repeat-1000 claim-4	execution-segment-repricing	2605037	2873408	268371	0	0	0	266814	0	0	0	0	0	268.371	268.371	0.000000	+0.000268	+0.000268
gov_staker_remaining_emission_accumulator_filetest.gno	Remaining gov emission accumulator repeat-1000 claim-5	execution-segment-repricing	2604550	2872921	268371	0	0	0	266814	0	0	0	0	0	268.371	268.371	0.000000	+0.000268	+0.000268
gov_staker_remaining_emission_accumulator_filetest.gno	Remaining gov emission accumulator repeat-1000 claim-6	execution-segment-repricing	2601255	2869626	268371	0	0	0	266814	0	0	0	0	0	268.371	268.371	0.000000	+0.000268	+0.000268
gov_staker_remaining_emission_accumulator_filetest.gno	Remaining gov emission accumulator repeat-1000 claim-7	execution-segment-repricing	2604063	2872434	268371	0	0	0	266814	0	0	0	0	0	268.371	268.371	0.000000	+0.000268	+0.000268
gov_staker_remaining_emission_accumulator_filetest.gno	Remaining gov emission accumulator repeat-1000 claim-8	execution-segment-repricing	2605037	2873408	268371	0	0	0	266814	0	0	0	0	0	268.371	268.371	0.000000	+0.000268	+0.000268
gov_staker_remaining_emission_accumulator_filetest.gno	Remaining gov emission accumulator repeat-1000 claim-9	execution-segment-repricing	2605037	2873408	268371	0	0	0	266814	0	0	0	0	0	268.371	268.371	0.000000	+0.000268	+0.000268
gov_staker_remaining_emission_accumulator_filetest.gno	Remaining gov emission accumulator repeat-1000 claim-10	execution-segment-repricing	2605037	2873408	268371	0	0	0	266814	0	0	0	0	0	268.371	268.371	0.000000	+0.000268	+0.000268
gov_staker_remaining_emission_accumulator_filetest.gno	Remaining gov emission accumulator repeat-1000 claim-11	execution-segment-repricing	2605037	2873408	268371	0	0	0	266814	0	0	0	0	0	268.371	268.371	0.000000	+0.000268	+0.000268
gov_staker_remaining_emission_accumulator_filetest.gno	Remaining gov emission accumulator repeat-1000 claim-12	execution-segment-repricing	2604550	2872921	268371	0	0	0	266814	0	0	0	0	0	268.371	268.371	0.000000	+0.000268	+0.000268
gov_staker_remaining_emission_accumulator_filetest.gno	Remaining gov emission accumulator repeat-1000 claim-13	execution-segment-repricing	2604550	2872921	268371	0	0	0	266814	0	0	0	0	0	268.371	268.371	0.000000	+0.000268	+0.000268
gov_staker_remaining_emission_accumulator_filetest.gno	Remaining gov emission accumulator repeat-1000 claim-14	execution-segment-repricing	2604550	2872921	268371	0	0	0	266814	0	0	0	0	0	268.371	268.371	0.000000	+0.000268	+0.000268
gov_staker_remaining_emission_accumulator_filetest.gno	Remaining gov emission accumulator repeat-1000 claim-15	execution-segment-repricing	2605037	2873408	268371	0	0	0	266814	0	0	0	0	0	268.371	268.371	0.000000	+0.000268	+0.000268
gov_staker_remaining_emission_accumulator_filetest.gno	Remaining gov emission accumulator repeat-1000 claim-16	execution-segment-repricing	2605037	2873408	268371	0	0	0	266814	0	0	0	0	0	268.371	268.371	0.000000	+0.000268	+0.000268
gov_staker_remaining_emission_accumulator_filetest.gno	Remaining gov emission accumulator repeat-1000 claim-17	execution-segment-repricing	2601255	2869626	268371	0	0	0	266814	0	0	0	0	0	268.371	268.371	0.000000	+0.000268	+0.000268
gov_staker_remaining_emission_accumulator_filetest.gno	Remaining gov emission accumulator repeat-1000 claim-18	execution-segment-repricing	2605037	2873408	268371	0	0	0	266814	0	0	0	0	0	268.371	268.371	0.000000	+0.000268	+0.000268
gov_staker_remaining_emission_accumulator_filetest.gno	Remaining gov emission accumulator repeat-1000 claim-19	execution-segment-repricing	2601255	2869626	268371	0	0	0	266814	0	0	0	0	0	268.371	268.371	0.000000	+0.000268	+0.000268
gov_staker_remaining_emission_accumulator_filetest.gno	Remaining gov emission accumulator repeat-1000 claim-20	execution-segment-repricing	2604550	2872921	268371	0	0	0	266814	0	0	0	0	0	268.371	268.371	0.000000	+0.000268	+0.000268
gov_staker_remaining_emission_accumulator_filetest.gno	Remaining gov emission accumulator repeat-1000 claim-21	execution-segment-repricing	2604550	2872921	268371	0	0	0	266814	0	0	0	0	0	268.371	268.371	0.000000	+0.000268	+0.000268
gov_staker_remaining_emission_accumulator_filetest.gno	Remaining gov emission accumulator repeat-1000 claim-22	execution-segment-repricing	2605037	2873408	268371	0	0	0	266814	0	0	0	0	0	268.371	268.371	0.000000	+0.000268	+0.000268
gov_staker_remaining_emission_accumulator_filetest.gno	Remaining gov emission accumulator repeat-1000 claim-23	execution-segment-repricing	2605037	2873408	268371	0	0	0	266814	0	0	0	0	0	268.371	268.371	0.000000	+0.000268	+0.000268
gov_staker_remaining_emission_accumulator_filetest.gno	Remaining gov emission accumulator repeat-1000 claim-24	execution-segment-repricing	2605037	2873408	268371	0	0	0	266814	0	0	0	0	0	268.371	268.371	0.000000	+0.000268	+0.000268
gov_staker_remaining_emission_accumulator_filetest.gno	Remaining gov emission accumulator repeat-1000 claim-25	execution-segment-repricing	2605037	2873408	268371	0	0	0	266814	0	0	0	0	0	268.371	268.371	0.000000	+0.000268	+0.000268
gov_staker_remaining_emission_accumulator_filetest.gno	Remaining gov emission accumulator repeat-1000 claim-26	execution-segment-repricing	2600768	2869139	268371	0	0	0	266814	0	0	0	0	0	268.371	268.371	0.000000	+0.000268	+0.000268
gov_staker_remaining_emission_accumulator_filetest.gno	Remaining gov emission accumulator repeat-1000 claim-27	execution-segment-repricing	2604550	2872921	268371	0	0	0	266814	0	0	0	0	0	268.371	268.371	0.000000	+0.000268	+0.000268
gov_staker_remaining_emission_accumulator_filetest.gno	Remaining gov emission accumulator repeat-1000 claim-28	execution-segment-repricing	2599701	2868072	268371	0	0	0	266814	0	0	0	0	0	268.371	268.371	0.000000	+0.000268	+0.000268
gov_staker_remaining_emission_accumulator_filetest.gno	Remaining gov emission accumulator repeat-1000 claim-29	execution-segment-repricing	2604550	2872921	268371	0	0	0	266814	0	0	0	0	0	268.371	268.371	0.000000	+0.000268	+0.000268
gov_staker_remaining_emission_accumulator_filetest.gno	Remaining gov emission accumulator repeat-1000 claim-30	execution-segment-repricing	2605037	2873408	268371	0	0	0	266814	0	0	0	0	0	268.371	268.371	0.000000	+0.000268	+0.000268
gov_staker_remaining_emission_accumulator_filetest.gno	Remaining gov emission accumulator repeat-1000 claim-31	execution-segment-repricing	2605037	2873408	268371	0	0	0	266814	0	0	0	0	0	268.371	268.371	0.000000	+0.000268	+0.000268
gov_staker_remaining_emission_accumulator_filetest.gno	Remaining gov emission accumulator repeat-1000 claim-32	execution-segment-repricing	2605037	2873408	268371	0	0	0	266814	0	0	0	0	0	268.371	268.371	0.000000	+0.000268	+0.000268
gov_staker_remaining_emission_accumulator_filetest.gno	Remaining gov emission accumulator repeat-1000 claim-33	execution-segment-repricing	2601742	2870113	268371	0	0	0	266814	0	0	0	0	0	268.371	268.371	0.000000	+0.000268	+0.000268
gov_staker_remaining_emission_accumulator_filetest.gno	Remaining gov emission accumulator repeat-1000 claim-34	execution-segment-repricing	2604550	2872921	268371	0	0	0	266814	0	0	0	0	0	268.371	268.371	0.000000	+0.000268	+0.000268
gov_staker_remaining_emission_accumulator_filetest.gno	Remaining gov emission accumulator repeat-1000 claim-35	execution-segment-repricing	2604550	2872921	268371	0	0	0	266814	0	0	0	0	0	268.371	268.371	0.000000	+0.000268	+0.000268
gov_staker_remaining_emission_accumulator_filetest.gno	Remaining gov emission accumulator repeat-1000 claim-36	execution-segment-repricing	2605037	2873408	268371	0	0	0	266814	0	0	0	0	0	268.371	268.371	0.000000	+0.000268	+0.000268
gov_staker_remaining_emission_accumulator_filetest.gno	Remaining gov emission accumulator repeat-1000 claim-37	execution-segment-repricing	2601255	2869626	268371	0	0	0	266814	0	0	0	0	0	268.371	268.371	0.000000	+0.000268	+0.000268
gov_staker_remaining_emission_accumulator_filetest.gno	Remaining gov emission accumulator repeat-1000 claim-38	execution-segment-repricing	2605524	2873895	268371	0	0	0	266814	0	0	0	0	0	268.371	268.371	0.000000	+0.000268	+0.000268
gov_staker_remaining_emission_accumulator_filetest.gno	Remaining gov emission accumulator repeat-1000 claim-39	execution-segment-repricing	2605524	2873895	268371	0	0	0	266814	0	0	0	0	0	268.371	268.371	0.000000	+0.000268	+0.000268
gov_staker_remaining_emission_accumulator_filetest.gno	Remaining gov emission accumulator repeat-1000 claim-40	execution-segment-repricing	2605524	2873895	268371	0	0	0	266814	0	0	0	0	0	268.371	268.371	0.000000	+0.000268	+0.000268
gov_staker_remaining_emission_accumulator_filetest.gno	Remaining gov emission accumulator repeat-1000 claim-41	execution-segment-repricing	2605037	2873408	268371	0	0	0	266814	0	0	0	0	0	268.371	268.371	0.000000	+0.000268	+0.000268
gov_staker_remaining_emission_accumulator_filetest.gno	Remaining gov emission accumulator repeat-1000 claim-42	execution-segment-repricing	2605037	2873408	268371	0	0	0	266814	0	0	0	0	0	268.371	268.371	0.000000	+0.000268	+0.000268
gov_staker_remaining_emission_accumulator_filetest.gno	Remaining gov emission accumulator repeat-1000 claim-43	execution-segment-repricing	2605136	2873507	268371	9	9	0	266814	900	900	0	0	0	268.371	268.371	0.000000	+0.000268	+0.000268
gov_staker_remaining_emission_accumulator_filetest.gno	Remaining gov emission accumulator repeat-1000 claim-44	execution-segment-repricing	2604661	2873032	268371	0	0	0	266814	0	0	0	0	0	268.371	268.371	0.000000	+0.000268	+0.000268
gov_staker_remaining_emission_accumulator_filetest.gno	Remaining gov emission accumulator repeat-1000 claim-45	execution-segment-repricing	2605635	2874006	268371	0	0	0	266814	0	0	0	0	0	268.371	268.371	0.000000	+0.000268	+0.000268
gov_staker_remaining_emission_accumulator_filetest.gno	Remaining gov emission accumulator repeat-1000 claim-46	execution-segment-repricing	2605148	2873519	268371	0	0	0	266814	0	0	0	0	0	268.371	268.371	0.000000	+0.000268	+0.000268
gov_staker_remaining_emission_accumulator_filetest.gno	Remaining gov emission accumulator repeat-1000 claim-47	execution-segment-repricing	2605635	2874006	268371	0	0	0	266814	0	0	0	0	0	268.371	268.371	0.000000	+0.000268	+0.000268
gov_staker_remaining_emission_accumulator_filetest.gno	Remaining gov emission accumulator repeat-1000 claim-48	execution-segment-repricing	2601366	2869737	268371	0	0	0	266814	0	0	0	0	0	268.371	268.371	0.000000	+0.000268	+0.000268
gov_staker_remaining_emission_accumulator_filetest.gno	Remaining gov emission accumulator repeat-1000 claim-49	execution-segment-repricing	2605148	2873519	268371	0	0	0	266814	0	0	0	0	0	268.371	268.371	0.000000	+0.000268	+0.000268
gov_staker_remaining_emission_accumulator_filetest.gno	Remaining gov emission accumulator repeat-1000 claim-50	execution-segment-repricing	2605148	2873519	268371	0	0	0	266814	0	0	0	0	0	268.371	268.371	0.000000	+0.000268	+0.000268
gov_staker_remaining_emission_accumulator_filetest.gno	Remaining gov emission accumulator repeat-1000 claim-51	execution-segment-repricing	2605148	2873519	268371	0	0	0	266814	0	0	0	0	0	268.371	268.371	0.000000	+0.000268	+0.000268
gov_staker_remaining_emission_accumulator_filetest.gno	Remaining gov emission accumulator repeat-1000 claim-52	execution-segment-repricing	2605148	2873519	268371	0	0	0	266814	0	0	0	0	0	268.371	268.371	0.000000	+0.000268	+0.000268
gov_staker_remaining_emission_accumulator_filetest.gno	Remaining gov emission accumulator repeat-1000 claim-53	execution-segment-repricing	2605148	2873519	268371	0	0	0	266814	0	0	0	0	0	268.371	268.371	0.000000	+0.000268	+0.000268
gov_staker_remaining_emission_accumulator_filetest.gno	Remaining gov emission accumulator repeat-1000 claim-54	execution-segment-repricing	2605635	2874006	268371	0	0	0	266814	0	0	0	0	0	268.371	268.371	0.000000	+0.000268	+0.000268
gov_staker_remaining_emission_accumulator_filetest.gno	Remaining gov emission accumulator repeat-1000 claim-55	execution-segment-repricing	2601366	2869737	268371	0	0	0	266814	0	0	0	0	0	268.371	268.371	0.000000	+0.000268	+0.000268
gov_staker_remaining_emission_accumulator_filetest.gno	Remaining gov emission accumulator repeat-1000 claim-56	execution-segment-repricing	2605148	2873519	268371	0	0	0	266814	0	0	0	0	0	268.371	268.371	0.000000	+0.000268	+0.000268
gov_staker_remaining_emission_accumulator_filetest.gno	Remaining gov emission accumulator repeat-1000 claim-57	execution-segment-repricing	2604661	2873032	268371	0	0	0	266814	0	0	0	0	0	268.371	268.371	0.000000	+0.000268	+0.000268
gov_staker_remaining_emission_accumulator_filetest.gno	Remaining gov emission accumulator repeat-1000 claim-58	execution-segment-repricing	2605148	2873519	268371	0	0	0	266814	0	0	0	0	0	268.371	268.371	0.000000	+0.000268	+0.000268
gov_staker_remaining_emission_accumulator_filetest.gno	Remaining gov emission accumulator repeat-1000 claim-59	execution-segment-repricing	2601853	2870224	268371	0	0	0	266814	0	0	0	0	0	268.371	268.371	0.000000	+0.000268	+0.000268
gov_staker_remaining_emission_accumulator_filetest.gno	Remaining gov emission accumulator repeat-1000 claim-60	execution-segment-repricing	2605635	2874006	268371	0	0	0	266814	0	0	0	0	0	268.371	268.371	0.000000	+0.000268	+0.000268
gov_staker_remaining_emission_accumulator_filetest.gno	Remaining gov emission accumulator repeat-1000 claim-61	execution-segment-repricing	2605635	2874006	268371	0	0	0	266814	0	0	0	0	0	268.371	268.371	0.000000	+0.000268	+0.000268
gov_staker_remaining_emission_accumulator_filetest.gno	Remaining gov emission accumulator repeat-1000 claim-62	execution-segment-repricing	2601366	2869737	268371	0	0	0	266814	0	0	0	0	0	268.371	268.371	0.000000	+0.000268	+0.000268
gov_staker_remaining_emission_accumulator_filetest.gno	Remaining gov emission accumulator repeat-1000 claim-63	execution-segment-repricing	2605148	2873519	268371	0	0	0	266814	0	0	0	0	0	268.371	268.371	0.000000	+0.000268	+0.000268
gov_staker_remaining_emission_accumulator_filetest.gno	Remaining gov emission accumulator repeat-1000 claim-64	execution-segment-repricing	2604661	2873032	268371	0	0	0	266814	0	0	0	0	0	268.371	268.371	0.000000	+0.000268	+0.000268
gov_staker_remaining_emission_accumulator_filetest.gno	Remaining gov emission accumulator repeat-1000 claim-65	execution-segment-repricing	2605148	2873519	268371	0	0	0	266814	0	0	0	0	0	268.371	268.371	0.000000	+0.000268	+0.000268
gov_staker_remaining_emission_accumulator_filetest.gno	Remaining gov emission accumulator repeat-1000 claim-66	execution-segment-repricing	2604661	2873032	268371	0	0	0	266814	0	0	0	0	0	268.371	268.371	0.000000	+0.000268	+0.000268
gov_staker_remaining_emission_accumulator_filetest.gno	Remaining gov emission accumulator repeat-1000 claim-67	execution-segment-repricing	2605148	2873519	268371	0	0	0	266814	0	0	0	0	0	268.371	268.371	0.000000	+0.000268	+0.000268
gov_staker_remaining_emission_accumulator_filetest.gno	Remaining gov emission accumulator repeat-1000 claim-68	execution-segment-repricing	2605148	2873519	268371	0	0	0	266814	0	0	0	0	0	268.371	268.371	0.000000	+0.000268	+0.000268
gov_staker_remaining_emission_accumulator_filetest.gno	Remaining gov emission accumulator repeat-1000 claim-69	execution-segment-repricing	2601853	2870224	268371	0	0	0	266814	0	0	0	0	0	268.371	268.371	0.000000	+0.000268	+0.000268
gov_staker_remaining_emission_accumulator_filetest.gno	Remaining gov emission accumulator repeat-1000 claim-70	execution-segment-repricing	2601366	2869737	268371	0	0	0	266814	0	0	0	0	0	268.371	268.371	0.000000	+0.000268	+0.000268
gov_staker_remaining_emission_accumulator_filetest.gno	Remaining gov emission accumulator repeat-1000 claim-71	execution-segment-repricing	2604661	2873032	268371	0	0	0	266814	0	0	0	0	0	268.371	268.371	0.000000	+0.000268	+0.000268
gov_staker_remaining_emission_accumulator_filetest.gno	Remaining gov emission accumulator repeat-1000 claim-72	execution-segment-repricing	2605148	2873519	268371	0	0	0	266814	0	0	0	0	0	268.371	268.371	0.000000	+0.000268	+0.000268
gov_staker_remaining_emission_accumulator_filetest.gno	Remaining gov emission accumulator repeat-1000 claim-73	execution-segment-repricing	2604661	2873032	268371	0	0	0	266814	0	0	0	0	0	268.371	268.371	0.000000	+0.000268	+0.000268
gov_staker_remaining_emission_accumulator_filetest.gno	Remaining gov emission accumulator repeat-1000 claim-74	execution-segment-repricing	2605148	2873519	268371	0	0	0	266814	0	0	0	0	0	268.371	268.371	0.000000	+0.000268	+0.000268
gov_staker_remaining_emission_accumulator_filetest.gno	Remaining gov emission accumulator repeat-1000 claim-75	execution-segment-repricing	2605148	2873519	268371	0	0	0	266814	0	0	0	0	0	268.371	268.371	0.000000	+0.000268	+0.000268
gov_staker_remaining_emission_accumulator_filetest.gno	Remaining gov emission accumulator repeat-1000 claim-76	execution-segment-repricing	2600786	2869157	268371	0	0	0	266814	0	0	0	0	0	268.371	268.371	0.000000	+0.000268	+0.000268
gov_staker_remaining_emission_accumulator_filetest.gno	Remaining gov emission accumulator repeat-1000 claim-77	execution-segment-repricing	2605148	2873519	268371	0	0	0	266814	0	0	0	0	0	268.371	268.371	0.000000	+0.000268	+0.000268
gov_staker_remaining_emission_accumulator_filetest.gno	Remaining gov emission accumulator repeat-1000 claim-78	execution-segment-repricing	2605148	2873519	268371	0	0	0	266814	0	0	0	0	0	268.371	268.371	0.000000	+0.000268	+0.000268
gov_staker_remaining_emission_accumulator_filetest.gno	Remaining gov emission accumulator repeat-1000 claim-79	execution-segment-repricing	2604661	2873032	268371	0	0	0	266814	0	0	0	0	0	268.371	268.371	0.000000	+0.000268	+0.000268
gov_staker_remaining_emission_accumulator_filetest.gno	Remaining gov emission accumulator repeat-1000 claim-80	execution-segment-repricing	2604661	2873032	268371	0	0	0	266814	0	0	0	0	0	268.371	268.371	0.000000	+0.000268	+0.000268
gov_staker_remaining_emission_accumulator_filetest.gno	Remaining gov emission accumulator repeat-1000 claim-81	execution-segment-repricing	2601366	2869737	268371	0	0	0	266814	0	0	0	0	0	268.371	268.371	0.000000	+0.000268	+0.000268
gov_staker_remaining_emission_accumulator_filetest.gno	Remaining gov emission accumulator repeat-1000 claim-82	execution-segment-repricing	2604661	2873032	268371	0	0	0	266814	0	0	0	0	0	268.371	268.371	0.000000	+0.000268	+0.000268
gov_staker_remaining_emission_accumulator_filetest.gno	Remaining gov emission accumulator repeat-1000 claim-83	execution-segment-repricing	2605635	2874006	268371	0	0	0	266814	0	0	0	0	0	268.371	268.371	0.000000	+0.000268	+0.000268
gov_staker_remaining_emission_accumulator_filetest.gno	Remaining gov emission accumulator repeat-1000 claim-84	execution-segment-repricing	2604661	2873032	268371	0	0	0	266814	0	0	0	0	0	268.371	268.371	0.000000	+0.000268	+0.000268
gov_staker_remaining_emission_accumulator_filetest.gno	Remaining gov emission accumulator repeat-1000 claim-85	execution-segment-repricing	2605148	2873519	268371	0	0	0	266814	0	0	0	0	0	268.371	268.371	0.000000	+0.000268	+0.000268
gov_staker_remaining_emission_accumulator_filetest.gno	Remaining gov emission accumulator repeat-1000 claim-86	execution-segment-repricing	2605148	2873519	268371	0	0	0	266814	0	0	0	0	0	268.371	268.371	0.000000	+0.000268	+0.000268
gov_staker_remaining_emission_accumulator_filetest.gno	Remaining gov emission accumulator repeat-1000 claim-87	execution-segment-repricing	2605148	2873519	268371	0	0	0	266814	0	0	0	0	0	268.371	268.371	0.000000	+0.000268	+0.000268
gov_staker_remaining_emission_accumulator_filetest.gno	Remaining gov emission accumulator repeat-1000 claim-88	execution-segment-repricing	2604661	2873032	268371	0	0	0	266814	0	0	0	0	0	268.371	268.371	0.000000	+0.000268	+0.000268
gov_staker_remaining_emission_accumulator_filetest.gno	Remaining gov emission accumulator repeat-1000 claim-89	execution-segment-repricing	2604661	2873032	268371	0	0	0	266814	0	0	0	0	0	268.371	268.371	0.000000	+0.000268	+0.000268
gov_staker_remaining_emission_accumulator_filetest.gno	Remaining gov emission accumulator repeat-1000 claim-90	execution-segment-repricing	2605148	2873519	268371	0	0	0	266814	0	0	0	0	0	268.371	268.371	0.000000	+0.000268	+0.000268
gov_staker_remaining_emission_accumulator_filetest.gno	Remaining gov emission accumulator repeat-1000 claim-91	execution-segment-repricing	2600879	2869250	268371	0	0	0	266814	0	0	0	0	0	268.371	268.371	0.000000	+0.000268	+0.000268
gov_staker_remaining_emission_accumulator_filetest.gno	Remaining gov emission accumulator repeat-1000 claim-92	execution-segment-repricing	2601366	2869737	268371	0	0	0	266814	0	0	0	0	0	268.371	268.371	0.000000	+0.000268	+0.000268
gov_staker_remaining_emission_accumulator_filetest.gno	Remaining gov emission accumulator repeat-1000 claim-93	execution-segment-repricing	2604661	2873032	268371	0	0	0	266814	0	0	0	0	0	268.371	268.371	0.000000	+0.000268	+0.000268
gov_staker_remaining_emission_accumulator_filetest.gno	Remaining gov emission accumulator repeat-1000 claim-94	execution-segment-repricing	2605211	2873519	268308	10	0	-10	266814	1000	0	0	0	-1000	268.308	-731.692	-0.001000	+0.000268	-0.000732
gov_staker_remaining_emission_accumulator_filetest.gno	Remaining gov emission accumulator repeat-1000 claim-95	execution-segment-repricing	2605214	2873519	268305	0	0	0	266814	0	0	0	0	0	268.305	268.305	0.000000	+0.000268	+0.000268
gov_staker_remaining_emission_accumulator_filetest.gno	Remaining gov emission accumulator repeat-1000 claim-96	execution-segment-repricing	2605214	2873519	268305	0	0	0	266814	0	0	0	0	0	268.305	268.305	0.000000	+0.000268	+0.000268
gov_staker_remaining_emission_accumulator_filetest.gno	Remaining gov emission accumulator repeat-1000 claim-97	execution-segment-repricing	2605214	2873519	268305	0	0	0	266814	0	0	0	0	0	268.305	268.305	0.000000	+0.000268	+0.000268
gov_staker_remaining_emission_accumulator_filetest.gno	Remaining gov emission accumulator repeat-1000 claim-98	execution-segment-repricing	2600945	2869250	268305	0	0	0	266814	0	0	0	0	0	268.305	268.305	0.000000	+0.000268	+0.000268
gov_staker_remaining_emission_accumulator_filetest.gno	Remaining gov emission accumulator repeat-1000 claim-99	execution-segment-repricing	2604727	2873032	268305	0	0	0	266814	0	0	0	0	0	268.305	268.305	0.000000	+0.000268	+0.000268
gov_staker_remaining_emission_accumulator_filetest.gno	Remaining gov emission accumulator repeat-1000 claim-100	execution-segment-repricing	2604727	2873032	268305	0	0	0	266814	0	0	0	0	0	268.305	268.305	0.000000	+0.000268	+0.000268
gov_staker_remaining_emission_accumulator_filetest.gno	Remaining gov emission accumulator repeat-1000 claim-101	execution-segment-repricing	2601432	2869737	268305	0	0	0	266814	0	0	0	0	0	268.305	268.305	0.000000	+0.000268	+0.000268
gov_staker_remaining_emission_accumulator_filetest.gno	Remaining gov emission accumulator repeat-1000 claim-102	execution-segment-repricing	2605214	2873519	268305	0	0	0	266814	0	0	0	0	0	268.305	268.305	0.000000	+0.000268	+0.000268
gov_staker_remaining_emission_accumulator_filetest.gno	Remaining gov emission accumulator repeat-1000 claim-103	execution-segment-repricing	2600365	2868670	268305	0	0	0	266814	0	0	0	0	0	268.305	268.305	0.000000	+0.000268	+0.000268
gov_staker_remaining_emission_accumulator_filetest.gno	Remaining gov emission accumulator repeat-1000 claim-104	execution-segment-repricing	2605701	2874006	268305	0	0	0	266814	0	0	0	0	0	268.305	268.305	0.000000	+0.000268	+0.000268
gov_staker_remaining_emission_accumulator_filetest.gno	Remaining gov emission accumulator repeat-1000 claim-105	execution-segment-repricing	2601432	2869737	268305	0	0	0	266814	0	0	0	0	0	268.305	268.305	0.000000	+0.000268	+0.000268
gov_staker_remaining_emission_accumulator_filetest.gno	Remaining gov emission accumulator repeat-1000 claim-106	execution-segment-repricing	2604727	2873032	268305	0	0	0	266814	0	0	0	0	0	268.305	268.305	0.000000	+0.000268	+0.000268
gov_staker_remaining_emission_accumulator_filetest.gno	Remaining gov emission accumulator repeat-1000 claim-107	execution-segment-repricing	2604240	2872545	268305	0	0	0	266814	0	0	0	0	0	268.305	268.305	0.000000	+0.000268	+0.000268
gov_staker_remaining_emission_accumulator_filetest.gno	Remaining gov emission accumulator repeat-1000 claim-108	execution-segment-repricing	2604727	2873032	268305	0	0	0	266814	0	0	0	0	0	268.305	268.305	0.000000	+0.000268	+0.000268
gov_staker_remaining_emission_accumulator_filetest.gno	Remaining gov emission accumulator repeat-1000 claim-109	execution-segment-repricing	2605214	2873519	268305	0	0	0	266814	0	0	0	0	0	268.305	268.305	0.000000	+0.000268	+0.000268
gov_staker_remaining_emission_accumulator_filetest.gno	Remaining gov emission accumulator repeat-1000 claim-110	execution-segment-repricing	2604727	2873032	268305	0	0	0	266814	0	0	0	0	0	268.305	268.305	0.000000	+0.000268	+0.000268
gov_staker_remaining_emission_accumulator_filetest.gno	Remaining gov emission accumulator repeat-1000 claim-111	execution-segment-repricing	2605701	2874006	268305	0	0	0	266814	0	0	0	0	0	268.305	268.305	0.000000	+0.000268	+0.000268
gov_staker_remaining_emission_accumulator_filetest.gno	Remaining gov emission accumulator repeat-1000 claim-112	execution-segment-repricing	2598137	2866442	268305	0	0	0	266814	0	0	0	0	0	268.305	268.305	0.000000	+0.000268	+0.000268
gov_staker_remaining_emission_accumulator_filetest.gno	Remaining gov emission accumulator repeat-1000 claim-113	execution-segment-repricing	2605214	2873519	268305	0	0	0	266814	0	0	0	0	0	268.305	268.305	0.000000	+0.000268	+0.000268
gov_staker_remaining_emission_accumulator_filetest.gno	Remaining gov emission accumulator repeat-1000 claim-114	execution-segment-repricing	2605214	2873519	268305	0	0	0	266814	0	0	0	0	0	268.305	268.305	0.000000	+0.000268	+0.000268
gov_staker_remaining_emission_accumulator_filetest.gno	Remaining gov emission accumulator repeat-1000 claim-115	execution-segment-repricing	2605214	2873519	268305	0	0	0	266814	0	0	0	0	0	268.305	268.305	0.000000	+0.000268	+0.000268
gov_staker_remaining_emission_accumulator_filetest.gno	Remaining gov emission accumulator repeat-1000 claim-116	execution-segment-repricing	2605214	2873519	268305	0	0	0	266814	0	0	0	0	0	268.305	268.305	0.000000	+0.000268	+0.000268
gov_staker_remaining_emission_accumulator_filetest.gno	Remaining gov emission accumulator repeat-1000 claim-117	execution-segment-repricing	2605214	2873519	268305	0	0	0	266814	0	0	0	0	0	268.305	268.305	0.000000	+0.000268	+0.000268
gov_staker_remaining_emission_accumulator_filetest.gno	Remaining gov emission accumulator repeat-1000 claim-118	execution-segment-repricing	2605701	2874006	268305	0	0	0	266814	0	0	0	0	0	268.305	268.305	0.000000	+0.000268	+0.000268
gov_staker_remaining_emission_accumulator_filetest.gno	Remaining gov emission accumulator repeat-1000 claim-119	execution-segment-repricing	2605214	2873519	268305	0	0	0	266814	0	0	0	0	0	268.305	268.305	0.000000	+0.000268	+0.000268
gov_staker_remaining_emission_accumulator_filetest.gno	Remaining gov emission accumulator repeat-1000 claim-120	execution-segment-repricing	2605701	2874006	268305	0	0	0	266814	0	0	0	0	0	268.305	268.305	0.000000	+0.000268	+0.000268
gov_staker_remaining_emission_accumulator_filetest.gno	Remaining gov emission accumulator repeat-1000 claim-121	execution-segment-repricing	2604727	2873032	268305	0	0	0	266814	0	0	0	0	0	268.305	268.305	0.000000	+0.000268	+0.000268
gov_staker_remaining_emission_accumulator_filetest.gno	Remaining gov emission accumulator repeat-1000 claim-122	execution-segment-repricing	2605701	2874006	268305	0	0	0	266814	0	0	0	0	0	268.305	268.305	0.000000	+0.000268	+0.000268
gov_staker_remaining_emission_accumulator_filetest.gno	Remaining gov emission accumulator repeat-1000 claim-123	execution-segment-repricing	2601432	2869737	268305	0	0	0	266814	0	0	0	0	0	268.305	268.305	0.000000	+0.000268	+0.000268
gov_staker_remaining_emission_accumulator_filetest.gno	Remaining gov emission accumulator repeat-1000 claim-124	execution-segment-repricing	2605214	2873519	268305	0	0	0	266814	0	0	0	0	0	268.305	268.305	0.000000	+0.000268	+0.000268
gov_staker_remaining_emission_accumulator_filetest.gno	Remaining gov emission accumulator repeat-1000 claim-125	execution-segment-repricing	2605214	2873519	268305	0	0	0	266814	0	0	0	0	0	268.305	268.305	0.000000	+0.000268	+0.000268
gov_staker_remaining_emission_accumulator_filetest.gno	Remaining gov emission accumulator repeat-1000 claim-126	execution-segment-repricing	2605214	2873519	268305	0	0	0	266814	0	0	0	0	0	268.305	268.305	0.000000	+0.000268	+0.000268
gov_staker_remaining_emission_accumulator_filetest.gno	Remaining gov emission accumulator repeat-1000 claim-127	execution-segment-repricing	2601919	2870224	268305	0	0	0	266814	0	0	0	0	0	268.305	268.305	0.000000	+0.000268	+0.000268
gov_staker_remaining_emission_accumulator_filetest.gno	Remaining gov emission accumulator repeat-1000 claim-128	execution-segment-repricing	2604727	2873032	268305	0	0	0	266814	0	0	0	0	0	268.305	268.305	0.000000	+0.000268	+0.000268
gov_staker_remaining_emission_accumulator_filetest.gno	Remaining gov emission accumulator repeat-1000 claim-129	execution-segment-repricing	2605701	2874006	268305	0	0	0	266814	0	0	0	0	0	268.305	268.305	0.000000	+0.000268	+0.000268
gov_staker_remaining_emission_accumulator_filetest.gno	Remaining gov emission accumulator repeat-1000 claim-130	execution-segment-repricing	2604727	2873032	268305	0	0	0	266814	0	0	0	0	0	268.305	268.305	0.000000	+0.000268	+0.000268
gov_staker_remaining_emission_accumulator_filetest.gno	Remaining gov emission accumulator repeat-1000 claim-131	execution-segment-repricing	2605701	2874006	268305	0	0	0	266814	0	0	0	0	0	268.305	268.305	0.000000	+0.000268	+0.000268
gov_staker_remaining_emission_accumulator_filetest.gno	Remaining gov emission accumulator repeat-1000 claim-132	execution-segment-repricing	2605214	2873519	268305	0	0	0	266814	0	0	0	0	0	268.305	268.305	0.000000	+0.000268	+0.000268
gov_staker_remaining_emission_accumulator_filetest.gno	Remaining gov emission accumulator repeat-1000 claim-133	execution-segment-repricing	2605214	2873519	268305	0	0	0	266814	0	0	0	0	0	268.305	268.305	0.000000	+0.000268	+0.000268
gov_staker_remaining_emission_accumulator_filetest.gno	Remaining gov emission accumulator repeat-1000 claim-134	execution-segment-repricing	2598137	2866442	268305	0	0	0	266814	0	0	0	0	0	268.305	268.305	0.000000	+0.000268	+0.000268
gov_staker_remaining_emission_accumulator_filetest.gno	Remaining gov emission accumulator repeat-1000 claim-135	execution-segment-repricing	2604727	2873032	268305	0	0	0	266814	0	0	0	0	0	268.305	268.305	0.000000	+0.000268	+0.000268
gov_staker_remaining_emission_accumulator_filetest.gno	Remaining gov emission accumulator repeat-1000 claim-136	execution-segment-repricing	2605701	2874006	268305	0	0	0	266814	0	0	0	0	0	268.305	268.305	0.000000	+0.000268	+0.000268
gov_staker_remaining_emission_accumulator_filetest.gno	Remaining gov emission accumulator repeat-1000 claim-137	execution-segment-repricing	2604727	2873032	268305	0	0	0	266814	0	0	0	0	0	268.305	268.305	0.000000	+0.000268	+0.000268
gov_staker_remaining_emission_accumulator_filetest.gno	Remaining gov emission accumulator repeat-1000 claim-138	execution-segment-repricing	2605701	2874006	268305	0	0	0	266814	0	0	0	0	0	268.305	268.305	0.000000	+0.000268	+0.000268
gov_staker_remaining_emission_accumulator_filetest.gno	Remaining gov emission accumulator repeat-1000 claim-139	execution-segment-repricing	2605214	2873519	268305	0	0	0	266814	0	0	0	0	0	268.305	268.305	0.000000	+0.000268	+0.000268
gov_staker_remaining_emission_accumulator_filetest.gno	Remaining gov emission accumulator repeat-1000 claim-140	execution-segment-repricing	2605701	2874006	268305	0	0	0	266814	0	0	0	0	0	268.305	268.305	0.000000	+0.000268	+0.000268
gov_staker_remaining_emission_accumulator_filetest.gno	Remaining gov emission accumulator repeat-1000 claim-141	execution-segment-repricing	2601432	2869737	268305	0	0	0	266814	0	0	0	0	0	268.305	268.305	0.000000	+0.000268	+0.000268
gov_staker_remaining_emission_accumulator_filetest.gno	Remaining gov emission accumulator repeat-1000 claim-142	execution-segment-repricing	2604727	2873032	268305	0	0	0	266814	0	0	0	0	0	268.305	268.305	0.000000	+0.000268	+0.000268
gov_staker_remaining_emission_accumulator_filetest.gno	Remaining gov emission accumulator repeat-1000 claim-143	execution-segment-repricing	2604745	2873050	268305	0	0	0	266814	0	0	0	0	0	268.305	268.305	0.000000	+0.000268	+0.000268
gov_staker_remaining_emission_accumulator_filetest.gno	Remaining gov emission accumulator repeat-1000 claim-144	execution-segment-repricing	2604745	2873050	268305	0	0	0	266814	0	0	0	0	0	268.305	268.305	0.000000	+0.000268	+0.000268
gov_staker_remaining_emission_accumulator_filetest.gno	Remaining gov emission accumulator repeat-1000 claim-145	execution-segment-repricing	2601937	2870242	268305	0	0	0	266814	0	0	0	0	0	268.305	268.305	0.000000	+0.000268	+0.000268
gov_staker_remaining_emission_accumulator_filetest.gno	Remaining gov emission accumulator repeat-1000 claim-146	execution-segment-repricing	2605232	2873537	268305	0	0	0	266814	0	0	0	0	0	268.305	268.305	0.000000	+0.000268	+0.000268
gov_staker_remaining_emission_accumulator_filetest.gno	Remaining gov emission accumulator repeat-1000 claim-147	execution-segment-repricing	2605719	2874024	268305	0	0	0	266814	0	0	0	0	0	268.305	268.305	0.000000	+0.000268	+0.000268
gov_staker_remaining_emission_accumulator_filetest.gno	Remaining gov emission accumulator repeat-1000 claim-148	execution-segment-repricing	2601450	2869755	268305	0	0	0	266814	0	0	0	0	0	268.305	268.305	0.000000	+0.000268	+0.000268
gov_staker_remaining_emission_accumulator_filetest.gno	Remaining gov emission accumulator repeat-1000 claim-149	execution-segment-repricing	2605232	2873537	268305	0	0	0	266814	0	0	0	0	0	268.305	268.305	0.000000	+0.000268	+0.000268
gov_staker_remaining_emission_accumulator_filetest.gno	Remaining gov emission accumulator repeat-1000 claim-150	execution-segment-repricing	2605232	2873537	268305	0	0	0	266814	0	0	0	0	0	268.305	268.305	0.000000	+0.000268	+0.000268
gov_staker_remaining_emission_accumulator_filetest.gno	Remaining gov emission accumulator repeat-1000 claim-151	execution-segment-repricing	2604745	2873050	268305	0	0	0	266814	0	0	0	0	0	268.305	268.305	0.000000	+0.000268	+0.000268
gov_staker_remaining_emission_accumulator_filetest.gno	Remaining gov emission accumulator repeat-1000 claim-152	execution-segment-repricing	2604745	2873050	268305	0	0	0	266814	0	0	0	0	0	268.305	268.305	0.000000	+0.000268	+0.000268
gov_staker_remaining_emission_accumulator_filetest.gno	Remaining gov emission accumulator repeat-1000 claim-153	execution-segment-repricing	2604745	2873050	268305	0	0	0	266814	0	0	0	0	0	268.305	268.305	0.000000	+0.000268	+0.000268
gov_staker_remaining_emission_accumulator_filetest.gno	Remaining gov emission accumulator repeat-1000 claim-154	execution-segment-repricing	2605232	2873537	268305	0	0	0	266814	0	0	0	0	0	268.305	268.305	0.000000	+0.000268	+0.000268
gov_staker_remaining_emission_accumulator_filetest.gno	Remaining gov emission accumulator repeat-1000 claim-155	execution-segment-repricing	2605232	2873537	268305	0	0	0	266814	0	0	0	0	0	268.305	268.305	0.000000	+0.000268	+0.000268
gov_staker_remaining_emission_accumulator_filetest.gno	Remaining gov emission accumulator repeat-1000 claim-156	execution-segment-repricing	2601450	2869755	268305	0	0	0	266814	0	0	0	0	0	268.305	268.305	0.000000	+0.000268	+0.000268
gov_staker_remaining_emission_accumulator_filetest.gno	Remaining gov emission accumulator repeat-1000 claim-157	execution-segment-repricing	2605232	2873537	268305	0	0	0	266814	0	0	0	0	0	268.305	268.305	0.000000	+0.000268	+0.000268
gov_staker_remaining_emission_accumulator_filetest.gno	Remaining gov emission accumulator repeat-1000 claim-158	execution-segment-repricing	2605232	2873537	268305	0	0	0	266814	0	0	0	0	0	268.305	268.305	0.000000	+0.000268	+0.000268
gov_staker_remaining_emission_accumulator_filetest.gno	Remaining gov emission accumulator repeat-1000 claim-159	execution-segment-repricing	2605232	2873537	268305	0	0	0	266814	0	0	0	0	0	268.305	268.305	0.000000	+0.000268	+0.000268
gov_staker_remaining_emission_accumulator_filetest.gno	Remaining gov emission accumulator repeat-1000 claim-160	execution-segment-repricing	2604745	2873050	268305	0	0	0	266814	0	0	0	0	0	268.305	268.305	0.000000	+0.000268	+0.000268
gov_staker_remaining_emission_accumulator_filetest.gno	Remaining gov emission accumulator repeat-1000 claim-161	execution-segment-repricing	2605232	2873537	268305	0	0	0	266814	0	0	0	0	0	268.305	268.305	0.000000	+0.000268	+0.000268
gov_staker_remaining_emission_accumulator_filetest.gno	Remaining gov emission accumulator repeat-1000 claim-162	execution-segment-repricing	2605232	2873537	268305	0	0	0	266814	0	0	0	0	0	268.305	268.305	0.000000	+0.000268	+0.000268
gov_staker_remaining_emission_accumulator_filetest.gno	Remaining gov emission accumulator repeat-1000 claim-163	execution-segment-repricing	2604745	2873050	268305	0	0	0	266814	0	0	0	0	0	268.305	268.305	0.000000	+0.000268	+0.000268
gov_staker_remaining_emission_accumulator_filetest.gno	Remaining gov emission accumulator repeat-1000 claim-164	execution-segment-repricing	2605232	2873537	268305	0	0	0	266814	0	0	0	0	0	268.305	268.305	0.000000	+0.000268	+0.000268
gov_staker_remaining_emission_accumulator_filetest.gno	Remaining gov emission accumulator repeat-1000 claim-165	execution-segment-repricing	2604745	2873050	268305	0	0	0	266814	0	0	0	0	0	268.305	268.305	0.000000	+0.000268	+0.000268
gov_staker_remaining_emission_accumulator_filetest.gno	Remaining gov emission accumulator repeat-1000 claim-166	execution-segment-repricing	2605232	2873537	268305	0	0	0	266814	0	0	0	0	0	268.305	268.305	0.000000	+0.000268	+0.000268
gov_staker_remaining_emission_accumulator_filetest.gno	Remaining gov emission accumulator repeat-1000 claim-167	execution-segment-repricing	2601450	2869755	268305	0	0	0	266814	0	0	0	0	0	268.305	268.305	0.000000	+0.000268	+0.000268
gov_staker_remaining_emission_accumulator_filetest.gno	Remaining gov emission accumulator repeat-1000 claim-168	execution-segment-repricing	2605232	2873537	268305	0	0	0	266814	0	0	0	0	0	268.305	268.305	0.000000	+0.000268	+0.000268
gov_staker_remaining_emission_accumulator_filetest.gno	Remaining gov emission accumulator repeat-1000 claim-169	execution-segment-repricing	2605768	2874073	268305	0	0	0	266814	0	0	0	0	0	268.305	268.305	0.000000	+0.000268	+0.000268
gov_staker_remaining_emission_accumulator_filetest.gno	Remaining gov emission accumulator repeat-1000 claim-170	execution-segment-repricing	2601986	2870291	268305	0	0	0	266814	0	0	0	0	0	268.305	268.305	0.000000	+0.000268	+0.000268
gov_staker_remaining_emission_accumulator_filetest.gno	Remaining gov emission accumulator repeat-1000 claim-171	execution-segment-repricing	2605768	2874073	268305	0	0	0	266814	0	0	0	0	0	268.305	268.305	0.000000	+0.000268	+0.000268
gov_staker_remaining_emission_accumulator_filetest.gno	Remaining gov emission accumulator repeat-1000 claim-172	execution-segment-repricing	2605768	2874073	268305	0	0	0	266814	0	0	0	0	0	268.305	268.305	0.000000	+0.000268	+0.000268
gov_staker_remaining_emission_accumulator_filetest.gno	Remaining gov emission accumulator repeat-1000 claim-173	execution-segment-repricing	2606255	2874560	268305	0	0	0	266814	0	0	0	0	0	268.305	268.305	0.000000	+0.000268	+0.000268
gov_staker_remaining_emission_accumulator_filetest.gno	Remaining gov emission accumulator repeat-1000 claim-174	execution-segment-repricing	2605768	2874073	268305	0	0	0	266814	0	0	0	0	0	268.305	268.305	0.000000	+0.000268	+0.000268
gov_staker_remaining_emission_accumulator_filetest.gno	Remaining gov emission accumulator repeat-1000 claim-175	execution-segment-repricing	2606255	2874560	268305	0	0	0	266814	0	0	0	0	0	268.305	268.305	0.000000	+0.000268	+0.000268
gov_staker_remaining_emission_accumulator_filetest.gno	Remaining gov emission accumulator repeat-1000 claim-176	execution-segment-repricing	2602473	2870778	268305	0	0	0	266814	0	0	0	0	0	268.305	268.305	0.000000	+0.000268	+0.000268
gov_staker_remaining_emission_accumulator_filetest.gno	Remaining gov emission accumulator repeat-1000 claim-177	execution-segment-repricing	2602473	2870778	268305	0	0	0	266814	0	0	0	0	0	268.305	268.305	0.000000	+0.000268	+0.000268
gov_staker_remaining_emission_accumulator_filetest.gno	Remaining gov emission accumulator repeat-1000 claim-178	execution-segment-repricing	2605768	2874073	268305	0	0	0	266814	0	0	0	0	0	268.305	268.305	0.000000	+0.000268	+0.000268
gov_staker_remaining_emission_accumulator_filetest.gno	Remaining gov emission accumulator repeat-1000 claim-179	execution-segment-repricing	2605768	2874073	268305	0	0	0	266814	0	0	0	0	0	268.305	268.305	0.000000	+0.000268	+0.000268
gov_staker_remaining_emission_accumulator_filetest.gno	Remaining gov emission accumulator repeat-1000 claim-180	execution-segment-repricing	2606255	2874560	268305	0	0	0	266814	0	0	0	0	0	268.305	268.305	0.000000	+0.000268	+0.000268
gov_staker_remaining_emission_accumulator_filetest.gno	Remaining gov emission accumulator repeat-1000 claim-181	execution-segment-repricing	2605768	2874073	268305	0	0	0	266814	0	0	0	0	0	268.305	268.305	0.000000	+0.000268	+0.000268
gov_staker_remaining_emission_accumulator_filetest.gno	Remaining gov emission accumulator repeat-1000 claim-182	execution-segment-repricing	2606255	2874560	268305	0	0	0	266814	0	0	0	0	0	268.305	268.305	0.000000	+0.000268	+0.000268
gov_staker_remaining_emission_accumulator_filetest.gno	Remaining gov emission accumulator repeat-1000 claim-183	execution-segment-repricing	2606255	2874560	268305	0	0	0	266814	0	0	0	0	0	268.305	268.305	0.000000	+0.000268	+0.000268
gov_staker_remaining_emission_accumulator_filetest.gno	Remaining gov emission accumulator repeat-1000 claim-184	execution-segment-repricing	2602473	2870778	268305	0	0	0	266814	0	0	0	0	0	268.305	268.305	0.000000	+0.000268	+0.000268
gov_staker_remaining_emission_accumulator_filetest.gno	Remaining gov emission accumulator repeat-1000 claim-185	execution-segment-repricing	2605768	2874073	268305	0	0	0	266814	0	0	0	0	0	268.305	268.305	0.000000	+0.000268	+0.000268
gov_staker_remaining_emission_accumulator_filetest.gno	Remaining gov emission accumulator repeat-1000 claim-186	execution-segment-repricing	2606255	2874560	268305	0	0	0	266814	0	0	0	0	0	268.305	268.305	0.000000	+0.000268	+0.000268
gov_staker_remaining_emission_accumulator_filetest.gno	Remaining gov emission accumulator repeat-1000 claim-187	execution-segment-repricing	2602473	2870778	268305	0	0	0	266814	0	0	0	0	0	268.305	268.305	0.000000	+0.000268	+0.000268
gov_staker_remaining_emission_accumulator_filetest.gno	Remaining gov emission accumulator repeat-1000 claim-188	execution-segment-repricing	2606255	2874560	268305	0	0	0	266814	0	0	0	0	0	268.305	268.305	0.000000	+0.000268	+0.000268
gov_staker_remaining_emission_accumulator_filetest.gno	Remaining gov emission accumulator repeat-1000 claim-189	execution-segment-repricing	2606742	2875047	268305	0	0	0	266814	0	0	0	0	0	268.305	268.305	0.000000	+0.000268	+0.000268
gov_staker_remaining_emission_accumulator_filetest.gno	Remaining gov emission accumulator repeat-1000 claim-190	execution-segment-repricing	2606255	2874560	268305	0	0	0	266814	0	0	0	0	0	268.305	268.305	0.000000	+0.000268	+0.000268
gov_staker_remaining_emission_accumulator_filetest.gno	Remaining gov emission accumulator repeat-1000 claim-191	execution-segment-repricing	2606742	2875047	268305	0	0	0	266814	0	0	0	0	0	268.305	268.305	0.000000	+0.000268	+0.000268
gov_staker_remaining_emission_accumulator_filetest.gno	Remaining gov emission accumulator repeat-1000 claim-192	execution-segment-repricing	2605768	2874073	268305	0	0	0	266814	0	0	0	0	0	268.305	268.305	0.000000	+0.000268	+0.000268
gov_staker_remaining_emission_accumulator_filetest.gno	Remaining gov emission accumulator repeat-1000 claim-193	execution-segment-repricing	2606255	2874560	268305	0	0	0	266814	0	0	0	0	0	268.305	268.305	0.000000	+0.000268	+0.000268
gov_staker_remaining_emission_accumulator_filetest.gno	Remaining gov emission accumulator repeat-1000 claim-194	execution-segment-repricing	2606742	2875047	268305	0	0	0	266814	0	0	0	0	0	268.305	268.305	0.000000	+0.000268	+0.000268
gov_staker_remaining_emission_accumulator_filetest.gno	Remaining gov emission accumulator repeat-1000 claim-195	execution-segment-repricing	2606255	2874560	268305	0	0	0	266814	0	0	0	0	0	268.305	268.305	0.000000	+0.000268	+0.000268
gov_staker_remaining_emission_accumulator_filetest.gno	Remaining gov emission accumulator repeat-1000 claim-196	execution-segment-repricing	2606255	2874560	268305	0	0	0	266814	0	0	0	0	0	268.305	268.305	0.000000	+0.000268	+0.000268
gov_staker_remaining_emission_accumulator_filetest.gno	Remaining gov emission accumulator repeat-1000 claim-197	execution-segment-repricing	2606255	2874560	268305	0	0	0	266814	0	0	0	0	0	268.305	268.305	0.000000	+0.000268	+0.000268
gov_staker_remaining_emission_accumulator_filetest.gno	Remaining gov emission accumulator repeat-1000 claim-198	execution-segment-repricing	2602960	2871265	268305	0	0	0	266814	0	0	0	0	0	268.305	268.305	0.000000	+0.000268	+0.000268
gov_staker_remaining_emission_accumulator_filetest.gno	Remaining gov emission accumulator repeat-1000 claim-199	execution-segment-repricing	2605768	2874073	268305	0	0	0	266814	0	0	0	0	0	268.305	268.305	0.000000	+0.000268	+0.000268
gov_staker_remaining_emission_accumulator_filetest.gno	Remaining gov emission accumulator repeat-1000 claim-200	execution-segment-repricing	2606255	2874560	268305	0	0	0	266814	0	0	0	0	0	268.305	268.305	0.000000	+0.000268	+0.000268
gov_staker_remaining_emission_accumulator_filetest.gno	Remaining gov emission accumulator repeat-1000 claim-201	execution-segment-repricing	2606742	2875047	268305	0	0	0	266814	0	0	0	0	0	268.305	268.305	0.000000	+0.000268	+0.000268
gov_staker_remaining_emission_accumulator_filetest.gno	Remaining gov emission accumulator repeat-1000 claim-202	execution-segment-repricing	2606255	2874560	268305	0	0	0	266814	0	0	0	0	0	268.305	268.305	0.000000	+0.000268	+0.000268
gov_staker_remaining_emission_accumulator_filetest.gno	Remaining gov emission accumulator repeat-1000 claim-203	execution-segment-repricing	2606742	2875047	268305	0	0	0	266814	0	0	0	0	0	268.305	268.305	0.000000	+0.000268	+0.000268
gov_staker_remaining_emission_accumulator_filetest.gno	Remaining gov emission accumulator repeat-1000 claim-204	execution-segment-repricing	2606742	2875047	268305	0	0	0	266814	0	0	0	0	0	268.305	268.305	0.000000	+0.000268	+0.000268
gov_staker_remaining_emission_accumulator_filetest.gno	Remaining gov emission accumulator repeat-1000 claim-205	execution-segment-repricing	2606255	2874560	268305	0	0	0	266814	0	0	0	0	0	268.305	268.305	0.000000	+0.000268	+0.000268
gov_staker_remaining_emission_accumulator_filetest.gno	Remaining gov emission accumulator repeat-1000 claim-206	execution-segment-repricing	2602473	2870778	268305	0	0	0	266814	0	0	0	0	0	268.305	268.305	0.000000	+0.000268	+0.000268
gov_staker_remaining_emission_accumulator_filetest.gno	Remaining gov emission accumulator repeat-1000 claim-207	execution-segment-repricing	2605768	2874073	268305	0	0	0	266814	0	0	0	0	0	268.305	268.305	0.000000	+0.000268	+0.000268
gov_staker_remaining_emission_accumulator_filetest.gno	Remaining gov emission accumulator repeat-1000 claim-208	execution-segment-repricing	2606255	2874560	268305	0	0	0	266814	0	0	0	0	0	268.305	268.305	0.000000	+0.000268	+0.000268
gov_staker_remaining_emission_accumulator_filetest.gno	Remaining gov emission accumulator repeat-1000 claim-209	execution-segment-repricing	2602473	2870778	268305	0	0	0	266814	0	0	0	0	0	268.305	268.305	0.000000	+0.000268	+0.000268
gov_staker_remaining_emission_accumulator_filetest.gno	Remaining gov emission accumulator repeat-1000 claim-210	execution-segment-repricing	2606742	2875047	268305	0	0	0	266814	0	0	0	0	0	268.305	268.305	0.000000	+0.000268	+0.000268
gov_staker_remaining_emission_accumulator_filetest.gno	Remaining gov emission accumulator repeat-1000 claim-211	execution-segment-repricing	2606255	2874560	268305	0	0	0	266814	0	0	0	0	0	268.305	268.305	0.000000	+0.000268	+0.000268
gov_staker_remaining_emission_accumulator_filetest.gno	Remaining gov emission accumulator repeat-1000 claim-212	execution-segment-repricing	2606742	2875047	268305	0	0	0	266814	0	0	0	0	0	268.305	268.305	0.000000	+0.000268	+0.000268
gov_staker_remaining_emission_accumulator_filetest.gno	Remaining gov emission accumulator repeat-1000 claim-213	execution-segment-repricing	2602473	2870778	268305	0	0	0	266814	0	0	0	0	0	268.305	268.305	0.000000	+0.000268	+0.000268
gov_staker_remaining_emission_accumulator_filetest.gno	Remaining gov emission accumulator repeat-1000 claim-214	execution-segment-repricing	2605768	2874073	268305	0	0	0	266814	0	0	0	0	0	268.305	268.305	0.000000	+0.000268	+0.000268
gov_staker_remaining_emission_accumulator_filetest.gno	Remaining gov emission accumulator repeat-1000 claim-215	execution-segment-repricing	2605768	2874073	268305	0	0	0	266814	0	0	0	0	0	268.305	268.305	0.000000	+0.000268	+0.000268
gov_staker_remaining_emission_accumulator_filetest.gno	Remaining gov emission accumulator repeat-1000 claim-216	execution-segment-repricing	2605768	2874073	268305	0	0	0	266814	0	0	0	0	0	268.305	268.305	0.000000	+0.000268	+0.000268
gov_staker_remaining_emission_accumulator_filetest.gno	Remaining gov emission accumulator repeat-1000 claim-217	execution-segment-repricing	2606742	2875047	268305	0	0	0	266814	0	0	0	0	0	268.305	268.305	0.000000	+0.000268	+0.000268
gov_staker_remaining_emission_accumulator_filetest.gno	Remaining gov emission accumulator repeat-1000 claim-218	execution-segment-repricing	2605768	2874073	268305	0	0	0	266814	0	0	0	0	0	268.305	268.305	0.000000	+0.000268	+0.000268
gov_staker_remaining_emission_accumulator_filetest.gno	Remaining gov emission accumulator repeat-1000 claim-219	execution-segment-repricing	2606742	2875047	268305	0	0	0	266814	0	0	0	0	0	268.305	268.305	0.000000	+0.000268	+0.000268
gov_staker_remaining_emission_accumulator_filetest.gno	Remaining gov emission accumulator repeat-1000 claim-220	execution-segment-repricing	2598691	2866996	268305	0	0	0	266814	0	0	0	0	0	268.305	268.305	0.000000	+0.000268	+0.000268
gov_staker_remaining_emission_accumulator_filetest.gno	Remaining gov emission accumulator repeat-1000 claim-221	execution-segment-repricing	2606255	2874560	268305	0	0	0	266814	0	0	0	0	0	268.305	268.305	0.000000	+0.000268	+0.000268
gov_staker_remaining_emission_accumulator_filetest.gno	Remaining gov emission accumulator repeat-1000 claim-222	execution-segment-repricing	2606255	2874560	268305	0	0	0	266814	0	0	0	0	0	268.305	268.305	0.000000	+0.000268	+0.000268
gov_staker_remaining_emission_accumulator_filetest.gno	Remaining gov emission accumulator repeat-1000 claim-223	execution-segment-repricing	2605768	2874073	268305	0	0	0	266814	0	0	0	0	0	268.305	268.305	0.000000	+0.000268	+0.000268
gov_staker_remaining_emission_accumulator_filetest.gno	Remaining gov emission accumulator repeat-1000 claim-224	execution-segment-repricing	2606742	2875047	268305	0	0	0	266814	0	0	0	0	0	268.305	268.305	0.000000	+0.000268	+0.000268
gov_staker_remaining_emission_accumulator_filetest.gno	Remaining gov emission accumulator repeat-1000 claim-225	execution-segment-repricing	2605768	2874073	268305	0	0	0	266814	0	0	0	0	0	268.305	268.305	0.000000	+0.000268	+0.000268
gov_staker_remaining_emission_accumulator_filetest.gno	Remaining gov emission accumulator repeat-1000 claim-226	execution-segment-repricing	2606742	2875047	268305	0	0	0	266814	0	0	0	0	0	268.305	268.305	0.000000	+0.000268	+0.000268
gov_staker_remaining_emission_accumulator_filetest.gno	Remaining gov emission accumulator repeat-1000 claim-227	execution-segment-repricing	2600919	2869224	268305	0	0	0	266814	0	0	0	0	0	268.305	268.305	0.000000	+0.000268	+0.000268
gov_staker_remaining_emission_accumulator_filetest.gno	Remaining gov emission accumulator repeat-1000 claim-228	execution-segment-repricing	2606255	2874560	268305	0	0	0	266814	0	0	0	0	0	268.305	268.305	0.000000	+0.000268	+0.000268
gov_staker_remaining_emission_accumulator_filetest.gno	Remaining gov emission accumulator repeat-1000 claim-229	execution-segment-repricing	2605281	2873586	268305	0	0	0	266814	0	0	0	0	0	268.305	268.305	0.000000	+0.000268	+0.000268
gov_staker_remaining_emission_accumulator_filetest.gno	Remaining gov emission accumulator repeat-1000 claim-230	execution-segment-repricing	2606255	2874560	268305	0	0	0	266814	0	0	0	0	0	268.305	268.305	0.000000	+0.000268	+0.000268
gov_staker_remaining_emission_accumulator_filetest.gno	Remaining gov emission accumulator repeat-1000 claim-231	execution-segment-repricing	2602960	2871265	268305	0	0	0	266814	0	0	0	0	0	268.305	268.305	0.000000	+0.000268	+0.000268
gov_staker_remaining_emission_accumulator_filetest.gno	Remaining gov emission accumulator repeat-1000 claim-232	execution-segment-repricing	2606255	2874560	268305	0	0	0	266814	0	0	0	0	0	268.305	268.305	0.000000	+0.000268	+0.000268
gov_staker_remaining_emission_accumulator_filetest.gno	Remaining gov emission accumulator repeat-1000 claim-233	execution-segment-repricing	2606742	2875047	268305	0	0	0	266814	0	0	0	0	0	268.305	268.305	0.000000	+0.000268	+0.000268
gov_staker_remaining_emission_accumulator_filetest.gno	Remaining gov emission accumulator repeat-1000 claim-234	execution-segment-repricing	2605768	2874073	268305	0	0	0	266814	0	0	0	0	0	268.305	268.305	0.000000	+0.000268	+0.000268
gov_staker_remaining_emission_accumulator_filetest.gno	Remaining gov emission accumulator repeat-1000 claim-235	execution-segment-repricing	2606255	2874560	268305	0	0	0	266814	0	0	0	0	0	268.305	268.305	0.000000	+0.000268	+0.000268
gov_staker_remaining_emission_accumulator_filetest.gno	Remaining gov emission accumulator repeat-1000 claim-236	execution-segment-repricing	2605281	2873586	268305	0	0	0	266814	0	0	0	0	0	268.305	268.305	0.000000	+0.000268	+0.000268
gov_staker_remaining_emission_accumulator_filetest.gno	Remaining gov emission accumulator repeat-1000 claim-237	execution-segment-repricing	2606255	2874560	268305	0	0	0	266814	0	0	0	0	0	268.305	268.305	0.000000	+0.000268	+0.000268
gov_staker_remaining_emission_accumulator_filetest.gno	Remaining gov emission accumulator repeat-1000 claim-238	execution-segment-repricing	2606255	2874560	268305	0	0	0	266814	0	0	0	0	0	268.305	268.305	0.000000	+0.000268	+0.000268
gov_staker_remaining_emission_accumulator_filetest.gno	Remaining gov emission accumulator repeat-1000 claim-239	execution-segment-repricing	2606255	2874560	268305	0	0	0	266814	0	0	0	0	0	268.305	268.305	0.000000	+0.000268	+0.000268
gov_staker_remaining_emission_accumulator_filetest.gno	Remaining gov emission accumulator repeat-1000 claim-240	execution-segment-repricing	2606255	2874560	268305	0	0	0	266814	0	0	0	0	0	268.305	268.305	0.000000	+0.000268	+0.000268
gov_staker_remaining_emission_accumulator_filetest.gno	Remaining gov emission accumulator repeat-1000 claim-241	execution-segment-repricing	2606255	2874560	268305	0	0	0	266814	0	0	0	0	0	268.305	268.305	0.000000	+0.000268	+0.000268
gov_staker_remaining_emission_accumulator_filetest.gno	Remaining gov emission accumulator repeat-1000 claim-242	execution-segment-repricing	2599178	2867483	268305	0	0	0	266814	0	0	0	0	0	268.305	268.305	0.000000	+0.000268	+0.000268
gov_staker_remaining_emission_accumulator_filetest.gno	Remaining gov emission accumulator repeat-1000 claim-243	execution-segment-repricing	2605281	2873586	268305	0	0	0	266814	0	0	0	0	0	268.305	268.305	0.000000	+0.000268	+0.000268
gov_staker_remaining_emission_accumulator_filetest.gno	Remaining gov emission accumulator repeat-1000 claim-244	execution-segment-repricing	2606255	2874560	268305	0	0	0	266814	0	0	0	0	0	268.305	268.305	0.000000	+0.000268	+0.000268
gov_staker_remaining_emission_accumulator_filetest.gno	Remaining gov emission accumulator repeat-1000 claim-245	execution-segment-repricing	2605281	2873586	268305	0	0	0	266814	0	0	0	0	0	268.305	268.305	0.000000	+0.000268	+0.000268
gov_staker_remaining_emission_accumulator_filetest.gno	Remaining gov emission accumulator repeat-1000 claim-246	execution-segment-repricing	2606255	2874560	268305	0	0	0	266814	0	0	0	0	0	268.305	268.305	0.000000	+0.000268	+0.000268
gov_staker_remaining_emission_accumulator_filetest.gno	Remaining gov emission accumulator repeat-1000 claim-247	execution-segment-repricing	2606255	2874560	268305	0	0	0	266814	0	0	0	0	0	268.305	268.305	0.000000	+0.000268	+0.000268
gov_staker_remaining_emission_accumulator_filetest.gno	Remaining gov emission accumulator repeat-1000 claim-248	execution-segment-repricing	2606255	2874560	268305	0	0	0	266814	0	0	0	0	0	268.305	268.305	0.000000	+0.000268	+0.000268
gov_staker_remaining_emission_accumulator_filetest.gno	Remaining gov emission accumulator repeat-1000 claim-249	execution-segment-repricing	2602960	2871265	268305	0	0	0	266814	0	0	0	0	0	268.305	268.305	0.000000	+0.000268	+0.000268
gov_staker_remaining_emission_accumulator_filetest.gno	Remaining gov emission accumulator repeat-1000 claim-250	execution-segment-repricing	2605768	2874073	268305	0	0	0	266814	0	0	0	0	0	268.305	268.305	0.000000	+0.000268	+0.000268
gov_staker_remaining_emission_accumulator_filetest.gno	Remaining gov emission accumulator repeat-1000 claim-251	execution-segment-repricing	2602473	2870778	268305	0	0	0	266814	0	0	0	0	0	268.305	268.305	0.000000	+0.000268	+0.000268
gov_staker_remaining_emission_accumulator_filetest.gno	Remaining gov emission accumulator repeat-1000 claim-252	execution-segment-repricing	2605281	2873586	268305	0	0	0	266814	0	0	0	0	0	268.305	268.305	0.000000	+0.000268	+0.000268
gov_staker_remaining_emission_accumulator_filetest.gno	Remaining gov emission accumulator repeat-1000 claim-253	execution-segment-repricing	2606255	2874560	268305	0	0	0	266814	0	0	0	0	0	268.305	268.305	0.000000	+0.000268	+0.000268
gov_staker_remaining_emission_accumulator_filetest.gno	Remaining gov emission accumulator repeat-1000 claim-254	execution-segment-repricing	2605768	2874073	268305	0	0	0	266814	0	0	0	0	0	268.305	268.305	0.000000	+0.000268	+0.000268
gov_staker_remaining_emission_accumulator_filetest.gno	Remaining gov emission accumulator repeat-1000 claim-255	execution-segment-repricing	2606255	2874560	268305	0	0	0	266814	0	0	0	0	0	268.305	268.305	0.000000	+0.000268	+0.000268
gov_staker_remaining_emission_accumulator_filetest.gno	Remaining gov emission accumulator repeat-1000 claim-256	execution-segment-repricing	2602473	2870778	268305	0	0	0	266814	0	0	0	0	0	268.305	268.305	0.000000	+0.000268	+0.000268
gov_staker_remaining_emission_accumulator_filetest.gno	Remaining gov emission accumulator repeat-1000 claim-257	execution-segment-repricing	2605768	2874073	268305	0	0	0	266814	0	0	0	0	0	268.305	268.305	0.000000	+0.000268	+0.000268
gov_staker_remaining_emission_accumulator_filetest.gno	Remaining gov emission accumulator repeat-1000 claim-258	execution-segment-repricing	2606255	2874560	268305	0	0	0	266814	0	0	0	0	0	268.305	268.305	0.000000	+0.000268	+0.000268
gov_staker_remaining_emission_accumulator_filetest.gno	Remaining gov emission accumulator repeat-1000 claim-259	execution-segment-repricing	2606255	2874560	268305	0	0	0	266814	0	0	0	0	0	268.305	268.305	0.000000	+0.000268	+0.000268
gov_staker_remaining_emission_accumulator_filetest.gno	Remaining gov emission accumulator repeat-1000 claim-260	execution-segment-repricing	2605768	2874073	268305	0	0	0	266814	0	0	0	0	0	268.305	268.305	0.000000	+0.000268	+0.000268
gov_staker_remaining_emission_accumulator_filetest.gno	Remaining gov emission accumulator repeat-1000 claim-261	execution-segment-repricing	2605768	2874073	268305	0	0	0	266814	0	0	0	0	0	268.305	268.305	0.000000	+0.000268	+0.000268
gov_staker_remaining_emission_accumulator_filetest.gno	Remaining gov emission accumulator repeat-1000 claim-262	execution-segment-repricing	2602960	2871265	268305	0	0	0	266814	0	0	0	0	0	268.305	268.305	0.000000	+0.000268	+0.000268
gov_staker_remaining_emission_accumulator_filetest.gno	Remaining gov emission accumulator repeat-1000 claim-263	execution-segment-repricing	2602473	2870778	268305	0	0	0	266814	0	0	0	0	0	268.305	268.305	0.000000	+0.000268	+0.000268
gov_staker_remaining_emission_accumulator_filetest.gno	Remaining gov emission accumulator repeat-1000 claim-264	execution-segment-repricing	2606255	2874560	268305	0	0	0	266814	0	0	0	0	0	268.305	268.305	0.000000	+0.000268	+0.000268
gov_staker_remaining_emission_accumulator_filetest.gno	Remaining gov emission accumulator repeat-1000 claim-265	execution-segment-repricing	2606742	2875047	268305	0	0	0	266814	0	0	0	0	0	268.305	268.305	0.000000	+0.000268	+0.000268
gov_staker_remaining_emission_accumulator_filetest.gno	Remaining gov emission accumulator repeat-1000 claim-266	execution-segment-repricing	2606255	2874560	268305	0	0	0	266814	0	0	0	0	0	268.305	268.305	0.000000	+0.000268	+0.000268
gov_staker_remaining_emission_accumulator_filetest.gno	Remaining gov emission accumulator repeat-1000 claim-267	execution-segment-repricing	2606742	2875047	268305	0	0	0	266814	0	0	0	0	0	268.305	268.305	0.000000	+0.000268	+0.000268
gov_staker_remaining_emission_accumulator_filetest.gno	Remaining gov emission accumulator repeat-1000 claim-268	execution-segment-repricing	2606742	2875047	268305	0	0	0	266814	0	0	0	0	0	268.305	268.305	0.000000	+0.000268	+0.000268
gov_staker_remaining_emission_accumulator_filetest.gno	Remaining gov emission accumulator repeat-1000 claim-269	execution-segment-repricing	2606255	2874560	268305	0	0	0	266814	0	0	0	0	0	268.305	268.305	0.000000	+0.000268	+0.000268
gov_staker_remaining_emission_accumulator_filetest.gno	Remaining gov emission accumulator repeat-1000 claim-270	execution-segment-repricing	2606255	2874560	268305	0	0	0	266814	0	0	0	0	0	268.305	268.305	0.000000	+0.000268	+0.000268
gov_staker_remaining_emission_accumulator_filetest.gno	Remaining gov emission accumulator repeat-1000 claim-271	execution-segment-repricing	2605768	2874073	268305	0	0	0	266814	0	0	0	0	0	268.305	268.305	0.000000	+0.000268	+0.000268
gov_staker_remaining_emission_accumulator_filetest.gno	Remaining gov emission accumulator repeat-1000 claim-272	execution-segment-repricing	2606255	2874560	268305	0	0	0	266814	0	0	0	0	0	268.305	268.305	0.000000	+0.000268	+0.000268
gov_staker_remaining_emission_accumulator_filetest.gno	Remaining gov emission accumulator repeat-1000 claim-273	execution-segment-repricing	2602473	2870778	268305	0	0	0	266814	0	0	0	0	0	268.305	268.305	0.000000	+0.000268	+0.000268
gov_staker_remaining_emission_accumulator_filetest.gno	Remaining gov emission accumulator repeat-1000 claim-274	execution-segment-repricing	2606742	2875047	268305	0	0	0	266814	0	0	0	0	0	268.305	268.305	0.000000	+0.000268	+0.000268
gov_staker_remaining_emission_accumulator_filetest.gno	Remaining gov emission accumulator repeat-1000 claim-275	execution-segment-repricing	2606255	2874560	268305	0	0	0	266814	0	0	0	0	0	268.305	268.305	0.000000	+0.000268	+0.000268
gov_staker_remaining_emission_accumulator_filetest.gno	Remaining gov emission accumulator repeat-1000 claim-276	execution-segment-repricing	2606742	2875047	268305	0	0	0	266814	0	0	0	0	0	268.305	268.305	0.000000	+0.000268	+0.000268
gov_staker_remaining_emission_accumulator_filetest.gno	Remaining gov emission accumulator repeat-1000 claim-277	execution-segment-repricing	2606742	2875047	268305	0	0	0	266814	0	0	0	0	0	268.305	268.305	0.000000	+0.000268	+0.000268
gov_staker_remaining_emission_accumulator_filetest.gno	Remaining gov emission accumulator repeat-1000 claim-278	execution-segment-repricing	2602473	2870778	268305	0	0	0	266814	0	0	0	0	0	268.305	268.305	0.000000	+0.000268	+0.000268
gov_staker_remaining_emission_accumulator_filetest.gno	Remaining gov emission accumulator repeat-1000 claim-279	execution-segment-repricing	2606255	2874560	268305	0	0	0	266814	0	0	0	0	0	268.305	268.305	0.000000	+0.000268	+0.000268
gov_staker_remaining_emission_accumulator_filetest.gno	Remaining gov emission accumulator repeat-1000 claim-280	execution-segment-repricing	2605768	2874073	268305	0	0	0	266814	0	0	0	0	0	268.305	268.305	0.000000	+0.000268	+0.000268
gov_staker_remaining_emission_accumulator_filetest.gno	Remaining gov emission accumulator repeat-1000 claim-281	execution-segment-repricing	2606742	2875047	268305	0	0	0	266814	0	0	0	0	0	268.305	268.305	0.000000	+0.000268	+0.000268
gov_staker_remaining_emission_accumulator_filetest.gno	Remaining gov emission accumulator repeat-1000 claim-282	execution-segment-repricing	2605768	2874073	268305	0	0	0	266814	0	0	0	0	0	268.305	268.305	0.000000	+0.000268	+0.000268
gov_staker_remaining_emission_accumulator_filetest.gno	Remaining gov emission accumulator repeat-1000 claim-283	execution-segment-repricing	2606742	2875047	268305	0	0	0	266814	0	0	0	0	0	268.305	268.305	0.000000	+0.000268	+0.000268
gov_staker_remaining_emission_accumulator_filetest.gno	Remaining gov emission accumulator repeat-1000 claim-284	execution-segment-repricing	2602960	2871265	268305	0	0	0	266814	0	0	0	0	0	268.305	268.305	0.000000	+0.000268	+0.000268
gov_staker_remaining_emission_accumulator_filetest.gno	Remaining gov emission accumulator repeat-1000 claim-285	execution-segment-repricing	2602960	2871265	268305	0	0	0	266814	0	0	0	0	0	268.305	268.305	0.000000	+0.000268	+0.000268
gov_staker_remaining_emission_accumulator_filetest.gno	Remaining gov emission accumulator repeat-1000 claim-286	execution-segment-repricing	2606255	2874560	268305	0	0	0	266814	0	0	0	0	0	268.305	268.305	0.000000	+0.000268	+0.000268
gov_staker_remaining_emission_accumulator_filetest.gno	Remaining gov emission accumulator repeat-1000 claim-287	execution-segment-repricing	2605768	2874073	268305	0	0	0	266814	0	0	0	0	0	268.305	268.305	0.000000	+0.000268	+0.000268
gov_staker_remaining_emission_accumulator_filetest.gno	Remaining gov emission accumulator repeat-1000 claim-288	execution-segment-repricing	2606255	2874560	268305	0	0	0	266814	0	0	0	0	0	268.305	268.305	0.000000	+0.000268	+0.000268
gov_staker_remaining_emission_accumulator_filetest.gno	Remaining gov emission accumulator repeat-1000 claim-289	execution-segment-repricing	2605768	2874073	268305	0	0	0	266814	0	0	0	0	0	268.305	268.305	0.000000	+0.000268	+0.000268
gov_staker_remaining_emission_accumulator_filetest.gno	Remaining gov emission accumulator repeat-1000 claim-290	execution-segment-repricing	2606742	2875047	268305	0	0	0	266814	0	0	0	0	0	268.305	268.305	0.000000	+0.000268	+0.000268
gov_staker_remaining_emission_accumulator_filetest.gno	Remaining gov emission accumulator repeat-1000 claim-291	execution-segment-repricing	2606255	2874560	268305	0	0	0	266814	0	0	0	0	0	268.305	268.305	0.000000	+0.000268	+0.000268
gov_staker_remaining_emission_accumulator_filetest.gno	Remaining gov emission accumulator repeat-1000 claim-292	execution-segment-repricing	2602960	2871265	268305	0	0	0	266814	0	0	0	0	0	268.305	268.305	0.000000	+0.000268	+0.000268
gov_staker_remaining_emission_accumulator_filetest.gno	Remaining gov emission accumulator repeat-1000 claim-293	execution-segment-repricing	2605768	2874073	268305	0	0	0	266814	0	0	0	0	0	268.305	268.305	0.000000	+0.000268	+0.000268
gov_staker_remaining_emission_accumulator_filetest.gno	Remaining gov emission accumulator repeat-1000 claim-294	execution-segment-repricing	2606255	2874560	268305	0	0	0	266814	0	0	0	0	0	268.305	268.305	0.000000	+0.000268	+0.000268
gov_staker_remaining_emission_accumulator_filetest.gno	Remaining gov emission accumulator repeat-1000 claim-295	execution-segment-repricing	2602473	2870778	268305	0	0	0	266814	0	0	0	0	0	268.305	268.305	0.000000	+0.000268	+0.000268
gov_staker_remaining_emission_accumulator_filetest.gno	Remaining gov emission accumulator repeat-1000 claim-296	execution-segment-repricing	2605768	2874073	268305	0	0	0	266814	0	0	0	0	0	268.305	268.305	0.000000	+0.000268	+0.000268
gov_staker_remaining_emission_accumulator_filetest.gno	Remaining gov emission accumulator repeat-1000 claim-297	execution-segment-repricing	2606255	2874560	268305	0	0	0	266814	0	0	0	0	0	268.305	268.305	0.000000	+0.000268	+0.000268
gov_staker_remaining_emission_accumulator_filetest.gno	Remaining gov emission accumulator repeat-1000 claim-298	execution-segment-repricing	2606255	2874560	268305	0	0	0	266814	0	0	0	0	0	268.305	268.305	0.000000	+0.000268	+0.000268
gov_staker_remaining_emission_accumulator_filetest.gno	Remaining gov emission accumulator repeat-1000 claim-299	execution-segment-repricing	2602473	2870778	268305	0	0	0	266814	0	0	0	0	0	268.305	268.305	0.000000	+0.000268	+0.000268
gov_staker_remaining_emission_accumulator_filetest.gno	Remaining gov emission accumulator repeat-1000 claim-300	execution-segment-repricing	2605768	2874097	268329	0	5	5	266814	0	500	0	0	500	268.329	768.329	+0.000500	+0.000268	+0.000768
gov_staker_remaining_emission_accumulator_filetest.gno	Remaining gov emission accumulator repeat-1000 claim-301	execution-segment-repricing	2606255	2874587	268332	0	0	0	266814	0	0	0	0	0	268.332	268.332	0.000000	+0.000268	+0.000268
gov_staker_remaining_emission_accumulator_filetest.gno	Remaining gov emission accumulator repeat-1000 claim-302	execution-segment-repricing	2605768	2874100	268332	0	0	0	266814	0	0	0	0	0	268.332	268.332	0.000000	+0.000268	+0.000268
gov_staker_remaining_emission_accumulator_filetest.gno	Remaining gov emission accumulator repeat-1000 claim-303	execution-segment-repricing	2606255	2874587	268332	0	0	0	266814	0	0	0	0	0	268.332	268.332	0.000000	+0.000268	+0.000268
gov_staker_remaining_emission_accumulator_filetest.gno	Remaining gov emission accumulator repeat-1000 claim-304	execution-segment-repricing	2605768	2874100	268332	0	0	0	266814	0	0	0	0	0	268.332	268.332	0.000000	+0.000268	+0.000268
gov_staker_remaining_emission_accumulator_filetest.gno	Remaining gov emission accumulator repeat-1000 claim-305	execution-segment-repricing	2606255	2874587	268332	0	0	0	266814	0	0	0	0	0	268.332	268.332	0.000000	+0.000268	+0.000268
gov_staker_remaining_emission_accumulator_filetest.gno	Remaining gov emission accumulator repeat-1000 claim-306	execution-segment-repricing	2602473	2870805	268332	0	0	0	266814	0	0	0	0	0	268.332	268.332	0.000000	+0.000268	+0.000268
gov_staker_remaining_emission_accumulator_filetest.gno	Remaining gov emission accumulator repeat-1000 claim-307	execution-segment-repricing	2605768	2874100	268332	0	0	0	266814	0	0	0	0	0	268.332	268.332	0.000000	+0.000268	+0.000268
gov_staker_remaining_emission_accumulator_filetest.gno	Remaining gov emission accumulator repeat-1000 claim-308	execution-segment-repricing	2606255	2874587	268332	0	0	0	266814	0	0	0	0	0	268.332	268.332	0.000000	+0.000268	+0.000268
gov_staker_remaining_emission_accumulator_filetest.gno	Remaining gov emission accumulator repeat-1000 claim-309	execution-segment-repricing	2605768	2874100	268332	0	0	0	266814	0	0	0	0	0	268.332	268.332	0.000000	+0.000268	+0.000268
gov_staker_remaining_emission_accumulator_filetest.gno	Remaining gov emission accumulator repeat-1000 claim-310	execution-segment-repricing	2606255	2874587	268332	0	0	0	266814	0	0	0	0	0	268.332	268.332	0.000000	+0.000268	+0.000268
gov_staker_remaining_emission_accumulator_filetest.gno	Remaining gov emission accumulator repeat-1000 claim-311	execution-segment-repricing	2606255	2874587	268332	0	0	0	266814	0	0	0	0	0	268.332	268.332	0.000000	+0.000268	+0.000268
gov_staker_remaining_emission_accumulator_filetest.gno	Remaining gov emission accumulator repeat-1000 claim-312	execution-segment-repricing	2606255	2874587	268332	0	0	0	266814	0	0	0	0	0	268.332	268.332	0.000000	+0.000268	+0.000268
gov_staker_remaining_emission_accumulator_filetest.gno	Remaining gov emission accumulator repeat-1000 claim-313	execution-segment-repricing	2606255	2874587	268332	0	0	0	266814	0	0	0	0	0	268.332	268.332	0.000000	+0.000268	+0.000268
gov_staker_remaining_emission_accumulator_filetest.gno	Remaining gov emission accumulator repeat-1000 claim-314	execution-segment-repricing	2605768	2874100	268332	0	0	0	266814	0	0	0	0	0	268.332	268.332	0.000000	+0.000268	+0.000268
gov_staker_remaining_emission_accumulator_filetest.gno	Remaining gov emission accumulator repeat-1000 claim-315	execution-segment-repricing	2605281	2873613	268332	0	0	0	266814	0	0	0	0	0	268.332	268.332	0.000000	+0.000268	+0.000268
gov_staker_remaining_emission_accumulator_filetest.gno	Remaining gov emission accumulator repeat-1000 claim-316	execution-segment-repricing	2605768	2874100	268332	0	0	0	266814	0	0	0	0	0	268.332	268.332	0.000000	+0.000268	+0.000268
gov_staker_remaining_emission_accumulator_filetest.gno	Remaining gov emission accumulator repeat-1000 claim-317	execution-segment-repricing	2601406	2869738	268332	0	0	0	266814	0	0	0	0	0	268.332	268.332	0.000000	+0.000268	+0.000268
gov_staker_remaining_emission_accumulator_filetest.gno	Remaining gov emission accumulator repeat-1000 claim-318	execution-segment-repricing	2606255	2874587	268332	0	0	0	266814	0	0	0	0	0	268.332	268.332	0.000000	+0.000268	+0.000268
gov_staker_remaining_emission_accumulator_filetest.gno	Remaining gov emission accumulator repeat-1000 claim-319	execution-segment-repricing	2606255	2874587	268332	0	0	0	266814	0	0	0	0	0	268.332	268.332	0.000000	+0.000268	+0.000268
gov_staker_remaining_emission_accumulator_filetest.gno	Remaining gov emission accumulator repeat-1000 claim-320	execution-segment-repricing	2606255	2874587	268332	0	0	0	266814	0	0	0	0	0	268.332	268.332	0.000000	+0.000268	+0.000268
gov_staker_remaining_emission_accumulator_filetest.gno	Remaining gov emission accumulator repeat-1000 claim-321	execution-segment-repricing	2602960	2871292	268332	0	0	0	266814	0	0	0	0	0	268.332	268.332	0.000000	+0.000268	+0.000268
gov_staker_remaining_emission_accumulator_filetest.gno	Remaining gov emission accumulator repeat-1000 claim-322	execution-segment-repricing	2605768	2874100	268332	0	0	0	266814	0	0	0	0	0	268.332	268.332	0.000000	+0.000268	+0.000268
gov_staker_remaining_emission_accumulator_filetest.gno	Remaining gov emission accumulator repeat-1000 claim-323	execution-segment-repricing	2605768	2874100	268332	0	0	0	266814	0	0	0	0	0	268.332	268.332	0.000000	+0.000268	+0.000268
gov_staker_remaining_emission_accumulator_filetest.gno	Remaining gov emission accumulator repeat-1000 claim-324	execution-segment-repricing	2605768	2874100	268332	0	0	0	266814	0	0	0	0	0	268.332	268.332	0.000000	+0.000268	+0.000268
gov_staker_remaining_emission_accumulator_filetest.gno	Remaining gov emission accumulator repeat-1000 claim-325	execution-segment-repricing	2606255	2874587	268332	0	0	0	266814	0	0	0	0	0	268.332	268.332	0.000000	+0.000268	+0.000268
gov_staker_remaining_emission_accumulator_filetest.gno	Remaining gov emission accumulator repeat-1000 claim-326	execution-segment-repricing	2602473	2870805	268332	0	0	0	266814	0	0	0	0	0	268.332	268.332	0.000000	+0.000268	+0.000268
gov_staker_remaining_emission_accumulator_filetest.gno	Remaining gov emission accumulator repeat-1000 claim-327	execution-segment-repricing	2606255	2874587	268332	0	0	0	266814	0	0	0	0	0	268.332	268.332	0.000000	+0.000268	+0.000268
gov_staker_remaining_emission_accumulator_filetest.gno	Remaining gov emission accumulator repeat-1000 claim-328	execution-segment-repricing	2602960	2871292	268332	0	0	0	266814	0	0	0	0	0	268.332	268.332	0.000000	+0.000268	+0.000268
gov_staker_remaining_emission_accumulator_filetest.gno	Remaining gov emission accumulator repeat-1000 claim-329	execution-segment-repricing	2605768	2874100	268332	0	0	0	266814	0	0	0	0	0	268.332	268.332	0.000000	+0.000268	+0.000268
gov_staker_remaining_emission_accumulator_filetest.gno	Remaining gov emission accumulator repeat-1000 claim-330	execution-segment-repricing	2606255	2874587	268332	0	0	0	266814	0	0	0	0	0	268.332	268.332	0.000000	+0.000268	+0.000268
gov_staker_remaining_emission_accumulator_filetest.gno	Remaining gov emission accumulator repeat-1000 claim-331	execution-segment-repricing	2605768	2874100	268332	0	0	0	266814	0	0	0	0	0	268.332	268.332	0.000000	+0.000268	+0.000268
gov_staker_remaining_emission_accumulator_filetest.gno	Remaining gov emission accumulator repeat-1000 claim-332	execution-segment-repricing	2605768	2874100	268332	0	0	0	266814	0	0	0	0	0	268.332	268.332	0.000000	+0.000268	+0.000268
gov_staker_remaining_emission_accumulator_filetest.gno	Remaining gov emission accumulator repeat-1000 claim-333	execution-segment-repricing	2606255	2874587	268332	0	0	0	266814	0	0	0	0	0	268.332	268.332	0.000000	+0.000268	+0.000268
gov_staker_remaining_emission_accumulator_filetest.gno	Remaining gov emission accumulator repeat-1000 claim-334	execution-segment-repricing	2606255	2874587	268332	0	0	0	266814	0	0	0	0	0	268.332	268.332	0.000000	+0.000268	+0.000268
gov_staker_remaining_emission_accumulator_filetest.gno	Remaining gov emission accumulator repeat-1000 claim-335	execution-segment-repricing	2602473	2870805	268332	0	0	0	266814	0	0	0	0	0	268.332	268.332	0.000000	+0.000268	+0.000268
gov_staker_remaining_emission_accumulator_filetest.gno	Remaining gov emission accumulator repeat-1000 claim-336	execution-segment-repricing	2606255	2874587	268332	0	0	0	266814	0	0	0	0	0	268.332	268.332	0.000000	+0.000268	+0.000268
gov_staker_remaining_emission_accumulator_filetest.gno	Remaining gov emission accumulator repeat-1000 claim-337	execution-segment-repricing	2602473	2870805	268332	0	0	0	266814	0	0	0	0	0	268.332	268.332	0.000000	+0.000268	+0.000268
gov_staker_remaining_emission_accumulator_filetest.gno	Remaining gov emission accumulator repeat-1000 claim-338	execution-segment-repricing	2606255	2874587	268332	0	0	0	266814	0	0	0	0	0	268.332	268.332	0.000000	+0.000268	+0.000268
gov_staker_remaining_emission_accumulator_filetest.gno	Remaining gov emission accumulator repeat-1000 claim-339	execution-segment-repricing	2606742	2875074	268332	0	0	0	266814	0	0	0	0	0	268.332	268.332	0.000000	+0.000268	+0.000268
gov_staker_remaining_emission_accumulator_filetest.gno	Remaining gov emission accumulator repeat-1000 claim-340	execution-segment-repricing	2606742	2875074	268332	0	0	0	266814	0	0	0	0	0	268.332	268.332	0.000000	+0.000268	+0.000268
gov_staker_remaining_emission_accumulator_filetest.gno	Remaining gov emission accumulator repeat-1000 claim-341	execution-segment-repricing	2606742	2875074	268332	0	0	0	266814	0	0	0	0	0	268.332	268.332	0.000000	+0.000268	+0.000268
gov_staker_remaining_emission_accumulator_filetest.gno	Remaining gov emission accumulator repeat-1000 claim-342	execution-segment-repricing	2606255	2874587	268332	0	0	0	266814	0	0	0	0	0	268.332	268.332	0.000000	+0.000268	+0.000268
gov_staker_remaining_emission_accumulator_filetest.gno	Remaining gov emission accumulator repeat-1000 claim-343	execution-segment-repricing	2606255	2874587	268332	0	0	0	266814	0	0	0	0	0	268.332	268.332	0.000000	+0.000268	+0.000268
gov_staker_remaining_emission_accumulator_filetest.gno	Remaining gov emission accumulator repeat-1000 claim-344	execution-segment-repricing	2606255	2874587	268332	0	0	0	266814	0	0	0	0	0	268.332	268.332	0.000000	+0.000268	+0.000268
gov_staker_remaining_emission_accumulator_filetest.gno	Remaining gov emission accumulator repeat-1000 claim-345	execution-segment-repricing	2606255	2874587	268332	0	0	0	266814	0	0	0	0	0	268.332	268.332	0.000000	+0.000268	+0.000268
gov_staker_remaining_emission_accumulator_filetest.gno	Remaining gov emission accumulator repeat-1000 claim-346	execution-segment-repricing	2606255	2874587	268332	0	0	0	266814	0	0	0	0	0	268.332	268.332	0.000000	+0.000268	+0.000268
gov_staker_remaining_emission_accumulator_filetest.gno	Remaining gov emission accumulator repeat-1000 claim-347	execution-segment-repricing	2606255	2874587	268332	0	0	0	266814	0	0	0	0	0	268.332	268.332	0.000000	+0.000268	+0.000268
gov_staker_remaining_emission_accumulator_filetest.gno	Remaining gov emission accumulator repeat-1000 claim-348	execution-segment-repricing	2602960	2871292	268332	0	0	0	266814	0	0	0	0	0	268.332	268.332	0.000000	+0.000268	+0.000268
gov_staker_remaining_emission_accumulator_filetest.gno	Remaining gov emission accumulator repeat-1000 claim-349	execution-segment-repricing	2606255	2874587	268332	0	0	0	266814	0	0	0	0	0	268.332	268.332	0.000000	+0.000268	+0.000268
gov_staker_remaining_emission_accumulator_filetest.gno	Remaining gov emission accumulator repeat-1000 claim-350	execution-segment-repricing	2606255	2874587	268332	0	0	0	266814	0	0	0	0	0	268.332	268.332	0.000000	+0.000268	+0.000268
gov_staker_remaining_emission_accumulator_filetest.gno	Remaining gov emission accumulator repeat-1000 claim-351	execution-segment-repricing	2606255	2874587	268332	0	0	0	266814	0	0	0	0	0	268.332	268.332	0.000000	+0.000268	+0.000268
gov_staker_remaining_emission_accumulator_filetest.gno	Remaining gov emission accumulator repeat-1000 claim-352	execution-segment-repricing	2606255	2874587	268332	0	0	0	266814	0	0	0	0	0	268.332	268.332	0.000000	+0.000268	+0.000268
gov_staker_remaining_emission_accumulator_filetest.gno	Remaining gov emission accumulator repeat-1000 claim-353	execution-segment-repricing	2606255	2874587	268332	0	0	0	266814	0	0	0	0	0	268.332	268.332	0.000000	+0.000268	+0.000268
gov_staker_remaining_emission_accumulator_filetest.gno	Remaining gov emission accumulator repeat-1000 claim-354	execution-segment-repricing	2606255	2874587	268332	0	0	0	266814	0	0	0	0	0	268.332	268.332	0.000000	+0.000268	+0.000268
gov_staker_remaining_emission_accumulator_filetest.gno	Remaining gov emission accumulator repeat-1000 claim-355	execution-segment-repricing	2606255	2874587	268332	0	0	0	266814	0	0	0	0	0	268.332	268.332	0.000000	+0.000268	+0.000268
gov_staker_remaining_emission_accumulator_filetest.gno	Remaining gov emission accumulator repeat-1000 claim-356	execution-segment-repricing	2606255	2874587	268332	0	0	0	266814	0	0	0	0	0	268.332	268.332	0.000000	+0.000268	+0.000268
gov_staker_remaining_emission_accumulator_filetest.gno	Remaining gov emission accumulator repeat-1000 claim-357	execution-segment-repricing	2602473	2870805	268332	0	0	0	266814	0	0	0	0	0	268.332	268.332	0.000000	+0.000268	+0.000268
gov_staker_remaining_emission_accumulator_filetest.gno	Remaining gov emission accumulator repeat-1000 claim-358	execution-segment-repricing	2606255	2874587	268332	0	0	0	266814	0	0	0	0	0	268.332	268.332	0.000000	+0.000268	+0.000268
gov_staker_remaining_emission_accumulator_filetest.gno	Remaining gov emission accumulator repeat-1000 claim-359	execution-segment-repricing	2602473	2870805	268332	0	0	0	266814	0	0	0	0	0	268.332	268.332	0.000000	+0.000268	+0.000268
gov_staker_remaining_emission_accumulator_filetest.gno	Remaining gov emission accumulator repeat-1000 claim-360	execution-segment-repricing	2606255	2874587	268332	0	0	0	266814	0	0	0	0	0	268.332	268.332	0.000000	+0.000268	+0.000268
gov_staker_remaining_emission_accumulator_filetest.gno	Remaining gov emission accumulator repeat-1000 claim-361	execution-segment-repricing	2606255	2874587	268332	0	0	0	266814	0	0	0	0	0	268.332	268.332	0.000000	+0.000268	+0.000268
gov_staker_remaining_emission_accumulator_filetest.gno	Remaining gov emission accumulator repeat-1000 claim-362	execution-segment-repricing	2606255	2874587	268332	0	0	0	266814	0	0	0	0	0	268.332	268.332	0.000000	+0.000268	+0.000268
gov_staker_remaining_emission_accumulator_filetest.gno	Remaining gov emission accumulator repeat-1000 claim-363	execution-segment-repricing	2606255	2874587	268332	0	0	0	266814	0	0	0	0	0	268.332	268.332	0.000000	+0.000268	+0.000268
gov_staker_remaining_emission_accumulator_filetest.gno	Remaining gov emission accumulator repeat-1000 claim-364	execution-segment-repricing	2602473	2870805	268332	0	0	0	266814	0	0	0	0	0	268.332	268.332	0.000000	+0.000268	+0.000268
gov_staker_remaining_emission_accumulator_filetest.gno	Remaining gov emission accumulator repeat-1000 claim-365	execution-segment-repricing	2606255	2874587	268332	0	0	0	266814	0	0	0	0	0	268.332	268.332	0.000000	+0.000268	+0.000268
gov_staker_remaining_emission_accumulator_filetest.gno	Remaining gov emission accumulator repeat-1000 claim-366	execution-segment-repricing	2605768	2874100	268332	0	0	0	266814	0	0	0	0	0	268.332	268.332	0.000000	+0.000268	+0.000268
gov_staker_remaining_emission_accumulator_filetest.gno	Remaining gov emission accumulator repeat-1000 claim-367	execution-segment-repricing	2606742	2875074	268332	0	0	0	266814	0	0	0	0	0	268.332	268.332	0.000000	+0.000268	+0.000268
gov_staker_remaining_emission_accumulator_filetest.gno	Remaining gov emission accumulator repeat-1000 claim-368	execution-segment-repricing	2605768	2874100	268332	0	0	0	266814	0	0	0	0	0	268.332	268.332	0.000000	+0.000268	+0.000268
gov_staker_remaining_emission_accumulator_filetest.gno	Remaining gov emission accumulator repeat-1000 claim-369	execution-segment-repricing	2606255	2874587	268332	0	0	0	266814	0	0	0	0	0	268.332	268.332	0.000000	+0.000268	+0.000268
gov_staker_remaining_emission_accumulator_filetest.gno	Remaining gov emission accumulator repeat-1000 claim-370	execution-segment-repricing	2602473	2870805	268332	0	0	0	266814	0	0	0	0	0	268.332	268.332	0.000000	+0.000268	+0.000268
gov_staker_remaining_emission_accumulator_filetest.gno	Remaining gov emission accumulator repeat-1000 claim-371	execution-segment-repricing	2602473	2870805	268332	0	0	0	266814	0	0	0	0	0	268.332	268.332	0.000000	+0.000268	+0.000268
gov_staker_remaining_emission_accumulator_filetest.gno	Remaining gov emission accumulator repeat-1000 claim-372	execution-segment-repricing	2606255	2874587	268332	0	0	0	266814	0	0	0	0	0	268.332	268.332	0.000000	+0.000268	+0.000268
gov_staker_remaining_emission_accumulator_filetest.gno	Remaining gov emission accumulator repeat-1000 claim-373	execution-segment-repricing	2606255	2874587	268332	0	0	0	266814	0	0	0	0	0	268.332	268.332	0.000000	+0.000268	+0.000268
gov_staker_remaining_emission_accumulator_filetest.gno	Remaining gov emission accumulator repeat-1000 claim-374	execution-segment-repricing	2606255	2874587	268332	0	0	0	266814	0	0	0	0	0	268.332	268.332	0.000000	+0.000268	+0.000268
gov_staker_remaining_emission_accumulator_filetest.gno	Remaining gov emission accumulator repeat-1000 claim-375	execution-segment-repricing	2606255	2874587	268332	0	0	0	266814	0	0	0	0	0	268.332	268.332	0.000000	+0.000268	+0.000268
gov_staker_remaining_emission_accumulator_filetest.gno	Remaining gov emission accumulator repeat-1000 claim-376	execution-segment-repricing	2606742	2875074	268332	0	0	0	266814	0	0	0	0	0	268.332	268.332	0.000000	+0.000268	+0.000268
gov_staker_remaining_emission_accumulator_filetest.gno	Remaining gov emission accumulator repeat-1000 claim-377	execution-segment-repricing	2605768	2874100	268332	0	0	0	266814	0	0	0	0	0	268.332	268.332	0.000000	+0.000268	+0.000268
gov_staker_remaining_emission_accumulator_filetest.gno	Remaining gov emission accumulator repeat-1000 claim-378	execution-segment-repricing	2601406	2869738	268332	0	0	0	266814	0	0	0	0	0	268.332	268.332	0.000000	+0.000268	+0.000268
gov_staker_remaining_emission_accumulator_filetest.gno	Remaining gov emission accumulator repeat-1000 claim-379	execution-segment-repricing	2605768	2874100	268332	0	0	0	266814	0	0	0	0	0	268.332	268.332	0.000000	+0.000268	+0.000268
gov_staker_remaining_emission_accumulator_filetest.gno	Remaining gov emission accumulator repeat-1000 claim-380	execution-segment-repricing	2606255	2874587	268332	0	0	0	266814	0	0	0	0	0	268.332	268.332	0.000000	+0.000268	+0.000268
gov_staker_remaining_emission_accumulator_filetest.gno	Remaining gov emission accumulator repeat-1000 claim-381	execution-segment-repricing	2602473	2870805	268332	0	0	0	266814	0	0	0	0	0	268.332	268.332	0.000000	+0.000268	+0.000268
gov_staker_remaining_emission_accumulator_filetest.gno	Remaining gov emission accumulator repeat-1000 claim-382	execution-segment-repricing	2606255	2874587	268332	0	0	0	266814	0	0	0	0	0	268.332	268.332	0.000000	+0.000268	+0.000268
gov_staker_remaining_emission_accumulator_filetest.gno	Remaining gov emission accumulator repeat-1000 claim-383	execution-segment-repricing	2606742	2875074	268332	0	0	0	266814	0	0	0	0	0	268.332	268.332	0.000000	+0.000268	+0.000268
gov_staker_remaining_emission_accumulator_filetest.gno	Remaining gov emission accumulator repeat-1000 claim-384	execution-segment-repricing	2606255	2874587	268332	0	0	0	266814	0	0	0	0	0	268.332	268.332	0.000000	+0.000268	+0.000268
gov_staker_remaining_emission_accumulator_filetest.gno	Remaining gov emission accumulator repeat-1000 claim-385	execution-segment-repricing	2606742	2875074	268332	0	0	0	266814	0	0	0	0	0	268.332	268.332	0.000000	+0.000268	+0.000268
gov_staker_remaining_emission_accumulator_filetest.gno	Remaining gov emission accumulator repeat-1000 claim-386	execution-segment-repricing	2605281	2873613	268332	0	0	0	266814	0	0	0	0	0	268.332	268.332	0.000000	+0.000268	+0.000268
gov_staker_remaining_emission_accumulator_filetest.gno	Remaining gov emission accumulator repeat-1000 claim-387	execution-segment-repricing	2606255	2874587	268332	0	0	0	266814	0	0	0	0	0	268.332	268.332	0.000000	+0.000268	+0.000268
gov_staker_remaining_emission_accumulator_filetest.gno	Remaining gov emission accumulator repeat-1000 claim-388	execution-segment-repricing	2605768	2874100	268332	0	0	0	266814	0	0	0	0	0	268.332	268.332	0.000000	+0.000268	+0.000268
gov_staker_remaining_emission_accumulator_filetest.gno	Remaining gov emission accumulator repeat-1000 claim-389	execution-segment-repricing	2606255	2874587	268332	0	0	0	266814	0	0	0	0	0	268.332	268.332	0.000000	+0.000268	+0.000268
gov_staker_remaining_emission_accumulator_filetest.gno	Remaining gov emission accumulator repeat-1000 claim-390	execution-segment-repricing	2602473	2870805	268332	0	0	0	266814	0	0	0	0	0	268.332	268.332	0.000000	+0.000268	+0.000268
gov_staker_remaining_emission_accumulator_filetest.gno	Remaining gov emission accumulator repeat-1000 claim-391	execution-segment-repricing	2606255	2874587	268332	0	0	0	266814	0	0	0	0	0	268.332	268.332	0.000000	+0.000268	+0.000268
gov_staker_remaining_emission_accumulator_filetest.gno	Remaining gov emission accumulator repeat-1000 claim-392	execution-segment-repricing	2601406	2869738	268332	0	0	0	266814	0	0	0	0	0	268.332	268.332	0.000000	+0.000268	+0.000268
gov_staker_remaining_emission_accumulator_filetest.gno	Remaining gov emission accumulator repeat-1000 claim-393	execution-segment-repricing	2602473	2870805	268332	0	0	0	266814	0	0	0	0	0	268.332	268.332	0.000000	+0.000268	+0.000268
gov_staker_remaining_emission_accumulator_filetest.gno	Remaining gov emission accumulator repeat-1000 claim-394	execution-segment-repricing	2606255	2874587	268332	0	0	0	266814	0	0	0	0	0	268.332	268.332	0.000000	+0.000268	+0.000268
gov_staker_remaining_emission_accumulator_filetest.gno	Remaining gov emission accumulator repeat-1000 claim-395	execution-segment-repricing	2605768	2874100	268332	0	0	0	266814	0	0	0	0	0	268.332	268.332	0.000000	+0.000268	+0.000268
gov_staker_remaining_emission_accumulator_filetest.gno	Remaining gov emission accumulator repeat-1000 claim-396	execution-segment-repricing	2606255	2874587	268332	0	0	0	266814	0	0	0	0	0	268.332	268.332	0.000000	+0.000268	+0.000268
gov_staker_remaining_emission_accumulator_filetest.gno	Remaining gov emission accumulator repeat-1000 claim-397	execution-segment-repricing	2605768	2874100	268332	0	0	0	266814	0	0	0	0	0	268.332	268.332	0.000000	+0.000268	+0.000268
gov_staker_remaining_emission_accumulator_filetest.gno	Remaining gov emission accumulator repeat-1000 claim-398	execution-segment-repricing	2606255	2874587	268332	0	0	0	266814	0	0	0	0	0	268.332	268.332	0.000000	+0.000268	+0.000268
gov_staker_remaining_emission_accumulator_filetest.gno	Remaining gov emission accumulator repeat-1000 claim-399	execution-segment-repricing	2605768	2874100	268332	0	0	0	266814	0	0	0	0	0	268.332	268.332	0.000000	+0.000268	+0.000268
gov_staker_remaining_emission_accumulator_filetest.gno	Remaining gov emission accumulator repeat-1000 claim-400	execution-segment-repricing	2602473	2870805	268332	0	0	0	266814	0	0	0	0	0	268.332	268.332	0.000000	+0.000268	+0.000268
gov_staker_remaining_emission_accumulator_filetest.gno	Remaining gov emission accumulator repeat-1000 claim-401	execution-segment-repricing	2601986	2870318	268332	0	0	0	266814	0	0	0	0	0	268.332	268.332	0.000000	+0.000268	+0.000268
gov_staker_remaining_emission_accumulator_filetest.gno	Remaining gov emission accumulator repeat-1000 claim-402	execution-segment-repricing	2606255	2874587	268332	0	0	0	266814	0	0	0	0	0	268.332	268.332	0.000000	+0.000268	+0.000268
gov_staker_remaining_emission_accumulator_filetest.gno	Remaining gov emission accumulator repeat-1000 claim-403	execution-segment-repricing	2606255	2874587	268332	0	0	0	266814	0	0	0	0	0	268.332	268.332	0.000000	+0.000268	+0.000268
gov_staker_remaining_emission_accumulator_filetest.gno	Remaining gov emission accumulator repeat-1000 claim-404	execution-segment-repricing	2605768	2874100	268332	0	0	0	266814	0	0	0	0	0	268.332	268.332	0.000000	+0.000268	+0.000268
gov_staker_remaining_emission_accumulator_filetest.gno	Remaining gov emission accumulator repeat-1000 claim-405	execution-segment-repricing	2606255	2874587	268332	0	0	0	266814	0	0	0	0	0	268.332	268.332	0.000000	+0.000268	+0.000268
gov_staker_remaining_emission_accumulator_filetest.gno	Remaining gov emission accumulator repeat-1000 claim-406	execution-segment-repricing	2605768	2874100	268332	0	0	0	266814	0	0	0	0	0	268.332	268.332	0.000000	+0.000268	+0.000268
gov_staker_remaining_emission_accumulator_filetest.gno	Remaining gov emission accumulator repeat-1000 claim-407	execution-segment-repricing	2602960	2871292	268332	0	0	0	266814	0	0	0	0	0	268.332	268.332	0.000000	+0.000268	+0.000268
gov_staker_remaining_emission_accumulator_filetest.gno	Remaining gov emission accumulator repeat-1000 claim-408	execution-segment-repricing	2605281	2873613	268332	0	0	0	266814	0	0	0	0	0	268.332	268.332	0.000000	+0.000268	+0.000268
gov_staker_remaining_emission_accumulator_filetest.gno	Remaining gov emission accumulator repeat-1000 claim-409	execution-segment-repricing	2606255	2874587	268332	0	0	0	266814	0	0	0	0	0	268.332	268.332	0.000000	+0.000268	+0.000268
gov_staker_remaining_emission_accumulator_filetest.gno	Remaining gov emission accumulator repeat-1000 claim-410	execution-segment-repricing	2605768	2874100	268332	0	0	0	266814	0	0	0	0	0	268.332	268.332	0.000000	+0.000268	+0.000268
gov_staker_remaining_emission_accumulator_filetest.gno	Remaining gov emission accumulator repeat-1000 claim-411	execution-segment-repricing	2606255	2874587	268332	0	0	0	266814	0	0	0	0	0	268.332	268.332	0.000000	+0.000268	+0.000268
gov_staker_remaining_emission_accumulator_filetest.gno	Remaining gov emission accumulator repeat-1000 claim-412	execution-segment-repricing	2602960	2871292	268332	0	0	0	266814	0	0	0	0	0	268.332	268.332	0.000000	+0.000268	+0.000268
gov_staker_remaining_emission_accumulator_filetest.gno	Remaining gov emission accumulator repeat-1000 claim-413	execution-segment-repricing	2605768	2874100	268332	0	0	0	266814	0	0	0	0	0	268.332	268.332	0.000000	+0.000268	+0.000268
gov_staker_remaining_emission_accumulator_filetest.gno	Remaining gov emission accumulator repeat-1000 claim-414	execution-segment-repricing	2601893	2870225	268332	0	0	0	266814	0	0	0	0	0	268.332	268.332	0.000000	+0.000268	+0.000268
gov_staker_remaining_emission_accumulator_filetest.gno	Remaining gov emission accumulator repeat-1000 claim-415	execution-segment-repricing	2605768	2874100	268332	0	0	0	266814	0	0	0	0	0	268.332	268.332	0.000000	+0.000268	+0.000268
gov_staker_remaining_emission_accumulator_filetest.gno	Remaining gov emission accumulator repeat-1000 claim-416	execution-segment-repricing	2606255	2874587	268332	0	0	0	266814	0	0	0	0	0	268.332	268.332	0.000000	+0.000268	+0.000268
gov_staker_remaining_emission_accumulator_filetest.gno	Remaining gov emission accumulator repeat-1000 claim-417	execution-segment-repricing	2605768	2874100	268332	0	0	0	266814	0	0	0	0	0	268.332	268.332	0.000000	+0.000268	+0.000268
gov_staker_remaining_emission_accumulator_filetest.gno	Remaining gov emission accumulator repeat-1000 claim-418	execution-segment-repricing	2606742	2875074	268332	0	0	0	266814	0	0	0	0	0	268.332	268.332	0.000000	+0.000268	+0.000268
gov_staker_remaining_emission_accumulator_filetest.gno	Remaining gov emission accumulator repeat-1000 claim-419	execution-segment-repricing	2606255	2874587	268332	0	0	0	266814	0	0	0	0	0	268.332	268.332	0.000000	+0.000268	+0.000268
gov_staker_remaining_emission_accumulator_filetest.gno	Remaining gov emission accumulator repeat-1000 claim-420	execution-segment-repricing	2606742	2875074	268332	0	0	0	266814	0	0	0	0	0	268.332	268.332	0.000000	+0.000268	+0.000268
gov_staker_remaining_emission_accumulator_filetest.gno	Remaining gov emission accumulator repeat-1000 claim-421	execution-segment-repricing	2606255	2874587	268332	0	0	0	266814	0	0	0	0	0	268.332	268.332	0.000000	+0.000268	+0.000268
gov_staker_remaining_emission_accumulator_filetest.gno	Remaining gov emission accumulator repeat-1000 claim-422	execution-segment-repricing	2605768	2874100	268332	0	0	0	266814	0	0	0	0	0	268.332	268.332	0.000000	+0.000268	+0.000268
gov_staker_remaining_emission_accumulator_filetest.gno	Remaining gov emission accumulator repeat-1000 claim-423	execution-segment-repricing	2602473	2870805	268332	0	0	0	266814	0	0	0	0	0	268.332	268.332	0.000000	+0.000268	+0.000268
gov_staker_remaining_emission_accumulator_filetest.gno	Remaining gov emission accumulator repeat-1000 claim-424	execution-segment-repricing	2605768	2874100	268332	0	0	0	266814	0	0	0	0	0	268.332	268.332	0.000000	+0.000268	+0.000268
gov_staker_remaining_emission_accumulator_filetest.gno	Remaining gov emission accumulator repeat-1000 claim-425	execution-segment-repricing	2606742	2875074	268332	0	0	0	266814	0	0	0	0	0	268.332	268.332	0.000000	+0.000268	+0.000268
gov_staker_remaining_emission_accumulator_filetest.gno	Remaining gov emission accumulator repeat-1000 claim-426	execution-segment-repricing	2606255	2874587	268332	0	0	0	266814	0	0	0	0	0	268.332	268.332	0.000000	+0.000268	+0.000268
gov_staker_remaining_emission_accumulator_filetest.gno	Remaining gov emission accumulator repeat-1000 claim-427	execution-segment-repricing	2606742	2875074	268332	0	0	0	266814	0	0	0	0	0	268.332	268.332	0.000000	+0.000268	+0.000268
gov_staker_remaining_emission_accumulator_filetest.gno	Remaining gov emission accumulator repeat-1000 claim-428	execution-segment-repricing	2606255	2874587	268332	0	0	0	266814	0	0	0	0	0	268.332	268.332	0.000000	+0.000268	+0.000268
gov_staker_remaining_emission_accumulator_filetest.gno	Remaining gov emission accumulator repeat-1000 claim-429	execution-segment-repricing	2602960	2871292	268332	0	0	0	266814	0	0	0	0	0	268.332	268.332	0.000000	+0.000268	+0.000268
gov_staker_remaining_emission_accumulator_filetest.gno	Remaining gov emission accumulator repeat-1000 claim-430	execution-segment-repricing	2606255	2874587	268332	0	0	0	266814	0	0	0	0	0	268.332	268.332	0.000000	+0.000268	+0.000268
gov_staker_remaining_emission_accumulator_filetest.gno	Remaining gov emission accumulator repeat-1000 claim-431	execution-segment-repricing	2605768	2874100	268332	0	0	0	266814	0	0	0	0	0	268.332	268.332	0.000000	+0.000268	+0.000268
gov_staker_remaining_emission_accumulator_filetest.gno	Remaining gov emission accumulator repeat-1000 claim-432	execution-segment-repricing	2606255	2874587	268332	0	0	0	266814	0	0	0	0	0	268.332	268.332	0.000000	+0.000268	+0.000268
gov_staker_remaining_emission_accumulator_filetest.gno	Remaining gov emission accumulator repeat-1000 claim-433	execution-segment-repricing	2605768	2874100	268332	0	0	0	266814	0	0	0	0	0	268.332	268.332	0.000000	+0.000268	+0.000268
gov_staker_remaining_emission_accumulator_filetest.gno	Remaining gov emission accumulator repeat-1000 claim-434	execution-segment-repricing	2602960	2871292	268332	0	0	0	266814	0	0	0	0	0	268.332	268.332	0.000000	+0.000268	+0.000268
gov_staker_remaining_emission_accumulator_filetest.gno	Remaining gov emission accumulator repeat-1000 claim-435	execution-segment-repricing	2606255	2874587	268332	0	0	0	266814	0	0	0	0	0	268.332	268.332	0.000000	+0.000268	+0.000268
gov_staker_remaining_emission_accumulator_filetest.gno	Remaining gov emission accumulator repeat-1000 claim-436	execution-segment-repricing	2602960	2871292	268332	0	0	0	266814	0	0	0	0	0	268.332	268.332	0.000000	+0.000268	+0.000268
gov_staker_remaining_emission_accumulator_filetest.gno	Remaining gov emission accumulator repeat-1000 claim-437	execution-segment-repricing	2606255	2874587	268332	0	0	0	266814	0	0	0	0	0	268.332	268.332	0.000000	+0.000268	+0.000268
gov_staker_remaining_emission_accumulator_filetest.gno	Remaining gov emission accumulator repeat-1000 claim-438	execution-segment-repricing	2606255	2874587	268332	0	0	0	266814	0	0	0	0	0	268.332	268.332	0.000000	+0.000268	+0.000268
gov_staker_remaining_emission_accumulator_filetest.gno	Remaining gov emission accumulator repeat-1000 claim-439	execution-segment-repricing	2606742	2875074	268332	0	0	0	266814	0	0	0	0	0	268.332	268.332	0.000000	+0.000268	+0.000268
gov_staker_remaining_emission_accumulator_filetest.gno	Remaining gov emission accumulator repeat-1000 claim-440	execution-segment-repricing	2605768	2874100	268332	0	0	0	266814	0	0	0	0	0	268.332	268.332	0.000000	+0.000268	+0.000268
gov_staker_remaining_emission_accumulator_filetest.gno	Remaining gov emission accumulator repeat-1000 claim-441	execution-segment-repricing	2606255	2874587	268332	0	0	0	266814	0	0	0	0	0	268.332	268.332	0.000000	+0.000268	+0.000268
gov_staker_remaining_emission_accumulator_filetest.gno	Remaining gov emission accumulator repeat-1000 claim-442	execution-segment-repricing	2606255	2874587	268332	0	0	0	266814	0	0	0	0	0	268.332	268.332	0.000000	+0.000268	+0.000268
gov_staker_remaining_emission_accumulator_filetest.gno	Remaining gov emission accumulator repeat-1000 claim-443	execution-segment-repricing	2602473	2870805	268332	0	0	0	266814	0	0	0	0	0	268.332	268.332	0.000000	+0.000268	+0.000268
gov_staker_remaining_emission_accumulator_filetest.gno	Remaining gov emission accumulator repeat-1000 claim-444	execution-segment-repricing	2605768	2874100	268332	0	0	0	266814	0	0	0	0	0	268.332	268.332	0.000000	+0.000268	+0.000268
gov_staker_remaining_emission_accumulator_filetest.gno	Remaining gov emission accumulator repeat-1000 claim-445	execution-segment-repricing	2602473	2870805	268332	0	0	0	266814	0	0	0	0	0	268.332	268.332	0.000000	+0.000268	+0.000268
gov_staker_remaining_emission_accumulator_filetest.gno	Remaining gov emission accumulator repeat-1000 claim-446	execution-segment-repricing	2606742	2875074	268332	0	0	0	266814	0	0	0	0	0	268.332	268.332	0.000000	+0.000268	+0.000268
gov_staker_remaining_emission_accumulator_filetest.gno	Remaining gov emission accumulator repeat-1000 claim-447	execution-segment-repricing	2606255	2874587	268332	0	0	0	266814	0	0	0	0	0	268.332	268.332	0.000000	+0.000268	+0.000268
gov_staker_remaining_emission_accumulator_filetest.gno	Remaining gov emission accumulator repeat-1000 claim-448	execution-segment-repricing	2606742	2875074	268332	0	0	0	266814	0	0	0	0	0	268.332	268.332	0.000000	+0.000268	+0.000268
gov_staker_remaining_emission_accumulator_filetest.gno	Remaining gov emission accumulator repeat-1000 claim-449	execution-segment-repricing	2606255	2874587	268332	0	0	0	266814	0	0	0	0	0	268.332	268.332	0.000000	+0.000268	+0.000268
gov_staker_remaining_emission_accumulator_filetest.gno	Remaining gov emission accumulator repeat-1000 claim-450	execution-segment-repricing	2602473	2870805	268332	0	0	0	266814	0	0	0	0	0	268.332	268.332	0.000000	+0.000268	+0.000268
gov_staker_remaining_emission_accumulator_filetest.gno	Remaining gov emission accumulator repeat-1000 claim-451	execution-segment-repricing	2605768	2874100	268332	0	0	0	266814	0	0	0	0	0	268.332	268.332	0.000000	+0.000268	+0.000268
gov_staker_remaining_emission_accumulator_filetest.gno	Remaining gov emission accumulator repeat-1000 claim-452	execution-segment-repricing	2605768	2874100	268332	0	0	0	266814	0	0	0	0	0	268.332	268.332	0.000000	+0.000268	+0.000268
gov_staker_remaining_emission_accumulator_filetest.gno	Remaining gov emission accumulator repeat-1000 claim-453	execution-segment-repricing	2606255	2874587	268332	0	0	0	266814	0	0	0	0	0	268.332	268.332	0.000000	+0.000268	+0.000268
gov_staker_remaining_emission_accumulator_filetest.gno	Remaining gov emission accumulator repeat-1000 claim-454	execution-segment-repricing	2605768	2874100	268332	0	0	0	266814	0	0	0	0	0	268.332	268.332	0.000000	+0.000268	+0.000268
gov_staker_remaining_emission_accumulator_filetest.gno	Remaining gov emission accumulator repeat-1000 claim-455	execution-segment-repricing	2606742	2875074	268332	0	0	0	266814	0	0	0	0	0	268.332	268.332	0.000000	+0.000268	+0.000268
gov_staker_remaining_emission_accumulator_filetest.gno	Remaining gov emission accumulator repeat-1000 claim-456	execution-segment-repricing	2602473	2870805	268332	0	0	0	266814	0	0	0	0	0	268.332	268.332	0.000000	+0.000268	+0.000268
gov_staker_remaining_emission_accumulator_filetest.gno	Remaining gov emission accumulator repeat-1000 claim-457	execution-segment-repricing	2606742	2875074	268332	0	0	0	266814	0	0	0	0	0	268.332	268.332	0.000000	+0.000268	+0.000268
gov_staker_remaining_emission_accumulator_filetest.gno	Remaining gov emission accumulator repeat-1000 claim-458	execution-segment-repricing	2605768	2874100	268332	0	0	0	266814	0	0	0	0	0	268.332	268.332	0.000000	+0.000268	+0.000268
gov_staker_remaining_emission_accumulator_filetest.gno	Remaining gov emission accumulator repeat-1000 claim-459	execution-segment-repricing	2605768	2874100	268332	0	0	0	266814	0	0	0	0	0	268.332	268.332	0.000000	+0.000268	+0.000268
gov_staker_remaining_emission_accumulator_filetest.gno	Remaining gov emission accumulator repeat-1000 claim-460	execution-segment-repricing	2605768	2874100	268332	0	0	0	266814	0	0	0	0	0	268.332	268.332	0.000000	+0.000268	+0.000268
gov_staker_remaining_emission_accumulator_filetest.gno	Remaining gov emission accumulator repeat-1000 claim-461	execution-segment-repricing	2605768	2874100	268332	0	0	0	266814	0	0	0	0	0	268.332	268.332	0.000000	+0.000268	+0.000268
gov_staker_remaining_emission_accumulator_filetest.gno	Remaining gov emission accumulator repeat-1000 claim-462	execution-segment-repricing	2606742	2875074	268332	0	0	0	266814	0	0	0	0	0	268.332	268.332	0.000000	+0.000268	+0.000268
gov_staker_remaining_emission_accumulator_filetest.gno	Remaining gov emission accumulator repeat-1000 claim-463	execution-segment-repricing	2605768	2874100	268332	0	0	0	266814	0	0	0	0	0	268.332	268.332	0.000000	+0.000268	+0.000268
gov_staker_remaining_emission_accumulator_filetest.gno	Remaining gov emission accumulator repeat-1000 claim-464	execution-segment-repricing	2606742	2875074	268332	0	0	0	266814	0	0	0	0	0	268.332	268.332	0.000000	+0.000268	+0.000268
gov_staker_remaining_emission_accumulator_filetest.gno	Remaining gov emission accumulator repeat-1000 claim-465	execution-segment-repricing	2601986	2870318	268332	0	0	0	266814	0	0	0	0	0	268.332	268.332	0.000000	+0.000268	+0.000268
gov_staker_remaining_emission_accumulator_filetest.gno	Remaining gov emission accumulator repeat-1000 claim-466	execution-segment-repricing	2606255	2874587	268332	0	0	0	266814	0	0	0	0	0	268.332	268.332	0.000000	+0.000268	+0.000268
gov_staker_remaining_emission_accumulator_filetest.gno	Remaining gov emission accumulator repeat-1000 claim-467	execution-segment-repricing	2605768	2874100	268332	0	0	0	266814	0	0	0	0	0	268.332	268.332	0.000000	+0.000268	+0.000268
gov_staker_remaining_emission_accumulator_filetest.gno	Remaining gov emission accumulator repeat-1000 claim-468	execution-segment-repricing	2605768	2874100	268332	0	0	0	266814	0	0	0	0	0	268.332	268.332	0.000000	+0.000268	+0.000268
gov_staker_remaining_emission_accumulator_filetest.gno	Remaining gov emission accumulator repeat-1000 claim-469	execution-segment-repricing	2606742	2875074	268332	0	0	0	266814	0	0	0	0	0	268.332	268.332	0.000000	+0.000268	+0.000268
gov_staker_remaining_emission_accumulator_filetest.gno	Remaining gov emission accumulator repeat-1000 claim-470	execution-segment-repricing	2605768	2874100	268332	0	0	0	266814	0	0	0	0	0	268.332	268.332	0.000000	+0.000268	+0.000268
gov_staker_remaining_emission_accumulator_filetest.gno	Remaining gov emission accumulator repeat-1000 claim-471	execution-segment-repricing	2606742	2875074	268332	0	0	0	266814	0	0	0	0	0	268.332	268.332	0.000000	+0.000268	+0.000268
gov_staker_remaining_emission_accumulator_filetest.gno	Remaining gov emission accumulator repeat-1000 claim-472	execution-segment-repricing	2601986	2870318	268332	0	0	0	266814	0	0	0	0	0	268.332	268.332	0.000000	+0.000268	+0.000268
gov_staker_remaining_emission_accumulator_filetest.gno	Remaining gov emission accumulator repeat-1000 claim-473	execution-segment-repricing	2606255	2874587	268332	0	0	0	266814	0	0	0	0	0	268.332	268.332	0.000000	+0.000268	+0.000268
gov_staker_remaining_emission_accumulator_filetest.gno	Remaining gov emission accumulator repeat-1000 claim-474	execution-segment-repricing	2605281	2873613	268332	0	0	0	266814	0	0	0	0	0	268.332	268.332	0.000000	+0.000268	+0.000268
gov_staker_remaining_emission_accumulator_filetest.gno	Remaining gov emission accumulator repeat-1000 claim-475	execution-segment-repricing	2606255	2874587	268332	0	0	0	266814	0	0	0	0	0	268.332	268.332	0.000000	+0.000268	+0.000268
gov_staker_remaining_emission_accumulator_filetest.gno	Remaining gov emission accumulator repeat-1000 claim-476	execution-segment-repricing	2602473	2870805	268332	0	0	0	266814	0	0	0	0	0	268.332	268.332	0.000000	+0.000268	+0.000268
gov_staker_remaining_emission_accumulator_filetest.gno	Remaining gov emission accumulator repeat-1000 claim-477	execution-segment-repricing	2605768	2874100	268332	0	0	0	266814	0	0	0	0	0	268.332	268.332	0.000000	+0.000268	+0.000268
gov_staker_remaining_emission_accumulator_filetest.gno	Remaining gov emission accumulator repeat-1000 claim-478	execution-segment-repricing	2606742	2875074	268332	0	0	0	266814	0	0	0	0	0	268.332	268.332	0.000000	+0.000268	+0.000268
gov_staker_remaining_emission_accumulator_filetest.gno	Remaining gov emission accumulator repeat-1000 claim-479	execution-segment-repricing	2601986	2870318	268332	0	0	0	266814	0	0	0	0	0	268.332	268.332	0.000000	+0.000268	+0.000268
gov_staker_remaining_emission_accumulator_filetest.gno	Remaining gov emission accumulator repeat-1000 claim-480	execution-segment-repricing	2606255	2874587	268332	0	0	0	266814	0	0	0	0	0	268.332	268.332	0.000000	+0.000268	+0.000268
gov_staker_remaining_emission_accumulator_filetest.gno	Remaining gov emission accumulator repeat-1000 claim-481	execution-segment-repricing	2605281	2873613	268332	0	0	0	266814	0	0	0	0	0	268.332	268.332	0.000000	+0.000268	+0.000268
gov_staker_remaining_emission_accumulator_filetest.gno	Remaining gov emission accumulator repeat-1000 claim-482	execution-segment-repricing	2606255	2874587	268332	0	0	0	266814	0	0	0	0	0	268.332	268.332	0.000000	+0.000268	+0.000268
gov_staker_remaining_emission_accumulator_filetest.gno	Remaining gov emission accumulator repeat-1000 claim-483	execution-segment-repricing	2605768	2874100	268332	0	0	0	266814	0	0	0	0	0	268.332	268.332	0.000000	+0.000268	+0.000268
gov_staker_remaining_emission_accumulator_filetest.gno	Remaining gov emission accumulator repeat-1000 claim-484	execution-segment-repricing	2606255	2874587	268332	0	0	0	266814	0	0	0	0	0	268.332	268.332	0.000000	+0.000268	+0.000268
gov_staker_remaining_emission_accumulator_filetest.gno	Remaining gov emission accumulator repeat-1000 claim-485	execution-segment-repricing	2605768	2874100	268332	0	0	0	266814	0	0	0	0	0	268.332	268.332	0.000000	+0.000268	+0.000268
gov_staker_remaining_emission_accumulator_filetest.gno	Remaining gov emission accumulator repeat-1000 claim-486	execution-segment-repricing	2602473	2870805	268332	0	0	0	266814	0	0	0	0	0	268.332	268.332	0.000000	+0.000268	+0.000268
gov_staker_remaining_emission_accumulator_filetest.gno	Remaining gov emission accumulator repeat-1000 claim-487	execution-segment-repricing	2601986	2870318	268332	0	0	0	266814	0	0	0	0	0	268.332	268.332	0.000000	+0.000268	+0.000268
gov_staker_remaining_emission_accumulator_filetest.gno	Remaining gov emission accumulator repeat-1000 claim-488	execution-segment-repricing	2605768	2874100	268332	0	0	0	266814	0	0	0	0	0	268.332	268.332	0.000000	+0.000268	+0.000268
gov_staker_remaining_emission_accumulator_filetest.gno	Remaining gov emission accumulator repeat-1000 claim-489	execution-segment-repricing	2606742	2875074	268332	0	0	0	266814	0	0	0	0	0	268.332	268.332	0.000000	+0.000268	+0.000268
gov_staker_remaining_emission_accumulator_filetest.gno	Remaining gov emission accumulator repeat-1000 claim-490	execution-segment-repricing	2605768	2874100	268332	0	0	0	266814	0	0	0	0	0	268.332	268.332	0.000000	+0.000268	+0.000268
gov_staker_remaining_emission_accumulator_filetest.gno	Remaining gov emission accumulator repeat-1000 claim-491	execution-segment-repricing	2606742	2875074	268332	0	0	0	266814	0	0	0	0	0	268.332	268.332	0.000000	+0.000268	+0.000268
gov_staker_remaining_emission_accumulator_filetest.gno	Remaining gov emission accumulator repeat-1000 claim-492	execution-segment-repricing	2606742	2875074	268332	0	0	0	266814	0	0	0	0	0	268.332	268.332	0.000000	+0.000268	+0.000268
gov_staker_remaining_emission_accumulator_filetest.gno	Remaining gov emission accumulator repeat-1000 claim-493	execution-segment-repricing	2606742	2875074	268332	0	0	0	266814	0	0	0	0	0	268.332	268.332	0.000000	+0.000268	+0.000268
gov_staker_remaining_emission_accumulator_filetest.gno	Remaining gov emission accumulator repeat-1000 claim-494	execution-segment-repricing	2605768	2874100	268332	0	0	0	266814	0	0	0	0	0	268.332	268.332	0.000000	+0.000268	+0.000268
gov_staker_remaining_emission_accumulator_filetest.gno	Remaining gov emission accumulator repeat-1000 claim-495	execution-segment-repricing	2605768	2874100	268332	0	0	0	266814	0	0	0	0	0	268.332	268.332	0.000000	+0.000268	+0.000268
gov_staker_remaining_emission_accumulator_filetest.gno	Remaining gov emission accumulator repeat-1000 claim-496	execution-segment-repricing	2606255	2874587	268332	0	0	0	266814	0	0	0	0	0	268.332	268.332	0.000000	+0.000268	+0.000268
gov_staker_remaining_emission_accumulator_filetest.gno	Remaining gov emission accumulator repeat-1000 claim-497	execution-segment-repricing	2606255	2874587	268332	0	0	0	266814	0	0	0	0	0	268.332	268.332	0.000000	+0.000268	+0.000268
gov_staker_remaining_emission_accumulator_filetest.gno	Remaining gov emission accumulator repeat-1000 claim-498	execution-segment-repricing	2602960	2871292	268332	0	0	0	266814	0	0	0	0	0	268.332	268.332	0.000000	+0.000268	+0.000268
gov_staker_remaining_emission_accumulator_filetest.gno	Remaining gov emission accumulator repeat-1000 claim-499	execution-segment-repricing	2606742	2875074	268332	0	0	0	266814	0	0	0	0	0	268.332	268.332	0.000000	+0.000268	+0.000268
gov_staker_remaining_emission_accumulator_filetest.gno	Remaining gov emission accumulator repeat-1000 claim-500	execution-segment-repricing	2606742	2875074	268332	0	0	0	266814	0	0	0	0	0	268.332	268.332	0.000000	+0.000268	+0.000268
gov_staker_remaining_emission_accumulator_filetest.gno	Remaining gov emission accumulator repeat-1000 claim-501	execution-segment-repricing	2606255	2874587	268332	0	0	0	266814	0	0	0	0	0	268.332	268.332	0.000000	+0.000268	+0.000268
gov_staker_remaining_emission_accumulator_filetest.gno	Remaining gov emission accumulator repeat-1000 claim-502	execution-segment-repricing	2606255	2874587	268332	0	0	0	266814	0	0	0	0	0	268.332	268.332	0.000000	+0.000268	+0.000268
gov_staker_remaining_emission_accumulator_filetest.gno	Remaining gov emission accumulator repeat-1000 claim-503	execution-segment-repricing	2605768	2874100	268332	0	0	0	266814	0	0	0	0	0	268.332	268.332	0.000000	+0.000268	+0.000268
gov_staker_remaining_emission_accumulator_filetest.gno	Remaining gov emission accumulator repeat-1000 claim-504	execution-segment-repricing	2606255	2874587	268332	0	0	0	266814	0	0	0	0	0	268.332	268.332	0.000000	+0.000268	+0.000268
gov_staker_remaining_emission_accumulator_filetest.gno	Remaining gov emission accumulator repeat-1000 claim-505	execution-segment-repricing	2606255	2874587	268332	0	0	0	266814	0	0	0	0	0	268.332	268.332	0.000000	+0.000268	+0.000268
gov_staker_remaining_emission_accumulator_filetest.gno	Remaining gov emission accumulator repeat-1000 claim-506	execution-segment-repricing	2606742	2875074	268332	0	0	0	266814	0	0	0	0	0	268.332	268.332	0.000000	+0.000268	+0.000268
gov_staker_remaining_emission_accumulator_filetest.gno	Remaining gov emission accumulator repeat-1000 claim-507	execution-segment-repricing	2606255	2874587	268332	0	0	0	266814	0	0	0	0	0	268.332	268.332	0.000000	+0.000268	+0.000268
gov_staker_remaining_emission_accumulator_filetest.gno	Remaining gov emission accumulator repeat-1000 claim-508	execution-segment-repricing	2602960	2871292	268332	0	0	0	266814	0	0	0	0	0	268.332	268.332	0.000000	+0.000268	+0.000268
gov_staker_remaining_emission_accumulator_filetest.gno	Remaining gov emission accumulator repeat-1000 claim-509	execution-segment-repricing	2602473	2870805	268332	0	0	0	266814	0	0	0	0	0	268.332	268.332	0.000000	+0.000268	+0.000268
gov_staker_remaining_emission_accumulator_filetest.gno	Remaining gov emission accumulator repeat-1000 claim-510	execution-segment-repricing	2606255	2874587	268332	0	0	0	266814	0	0	0	0	0	268.332	268.332	0.000000	+0.000268	+0.000268
gov_staker_remaining_emission_accumulator_filetest.gno	Remaining gov emission accumulator repeat-1000 claim-511	execution-segment-repricing	2606255	2874587	268332	0	0	0	266814	0	0	0	0	0	268.332	268.332	0.000000	+0.000268	+0.000268
gov_staker_remaining_emission_accumulator_filetest.gno	Remaining gov emission accumulator repeat-1000 claim-512	execution-segment-repricing	2606255	2874587	268332	0	0	0	266814	0	0	0	0	0	268.332	268.332	0.000000	+0.000268	+0.000268
gov_staker_remaining_emission_accumulator_filetest.gno	Remaining gov emission accumulator repeat-1000 claim-513	execution-segment-repricing	2606742	2875074	268332	0	0	0	266814	0	0	0	0	0	268.332	268.332	0.000000	+0.000268	+0.000268
gov_staker_remaining_emission_accumulator_filetest.gno	Remaining gov emission accumulator repeat-1000 claim-514	execution-segment-repricing	2606255	2874587	268332	0	0	0	266814	0	0	0	0	0	268.332	268.332	0.000000	+0.000268	+0.000268
gov_staker_remaining_emission_accumulator_filetest.gno	Remaining gov emission accumulator repeat-1000 claim-515	execution-segment-repricing	2602960	2871292	268332	0	0	0	266814	0	0	0	0	0	268.332	268.332	0.000000	+0.000268	+0.000268
gov_staker_remaining_emission_accumulator_filetest.gno	Remaining gov emission accumulator repeat-1000 claim-516	execution-segment-repricing	2605768	2874100	268332	0	0	0	266814	0	0	0	0	0	268.332	268.332	0.000000	+0.000268	+0.000268
gov_staker_remaining_emission_accumulator_filetest.gno	Remaining gov emission accumulator repeat-1000 claim-517	execution-segment-repricing	2606255	2874587	268332	0	0	0	266814	0	0	0	0	0	268.332	268.332	0.000000	+0.000268	+0.000268
gov_staker_remaining_emission_accumulator_filetest.gno	Remaining gov emission accumulator repeat-1000 claim-518	execution-segment-repricing	2605768	2874100	268332	0	0	0	266814	0	0	0	0	0	268.332	268.332	0.000000	+0.000268	+0.000268
gov_staker_remaining_emission_accumulator_filetest.gno	Remaining gov emission accumulator repeat-1000 claim-519	execution-segment-repricing	2606255	2874587	268332	0	0	0	266814	0	0	0	0	0	268.332	268.332	0.000000	+0.000268	+0.000268
gov_staker_remaining_emission_accumulator_filetest.gno	Remaining gov emission accumulator repeat-1000 claim-520	execution-segment-repricing	2602473	2870805	268332	0	0	0	266814	0	0	0	0	0	268.332	268.332	0.000000	+0.000268	+0.000268
gov_staker_remaining_emission_accumulator_filetest.gno	Remaining gov emission accumulator repeat-1000 claim-521	execution-segment-repricing	2606255	2874587	268332	0	0	0	266814	0	0	0	0	0	268.332	268.332	0.000000	+0.000268	+0.000268
gov_staker_remaining_emission_accumulator_filetest.gno	Remaining gov emission accumulator repeat-1000 claim-522	execution-segment-repricing	2602960	2871292	268332	0	0	0	266814	0	0	0	0	0	268.332	268.332	0.000000	+0.000268	+0.000268
gov_staker_remaining_emission_accumulator_filetest.gno	Remaining gov emission accumulator repeat-1000 claim-523	execution-segment-repricing	2605768	2874100	268332	0	0	0	266814	0	0	0	0	0	268.332	268.332	0.000000	+0.000268	+0.000268
gov_staker_remaining_emission_accumulator_filetest.gno	Remaining gov emission accumulator repeat-1000 claim-524	execution-segment-repricing	2606255	2874587	268332	0	0	0	266814	0	0	0	0	0	268.332	268.332	0.000000	+0.000268	+0.000268
gov_staker_remaining_emission_accumulator_filetest.gno	Remaining gov emission accumulator repeat-1000 claim-525	execution-segment-repricing	2605768	2874100	268332	0	0	0	266814	0	0	0	0	0	268.332	268.332	0.000000	+0.000268	+0.000268
gov_staker_remaining_emission_accumulator_filetest.gno	Remaining gov emission accumulator repeat-1000 claim-526	execution-segment-repricing	2606255	2874587	268332	0	0	0	266814	0	0	0	0	0	268.332	268.332	0.000000	+0.000268	+0.000268
gov_staker_remaining_emission_accumulator_filetest.gno	Remaining gov emission accumulator repeat-1000 claim-527	execution-segment-repricing	2605768	2874100	268332	0	0	0	266814	0	0	0	0	0	268.332	268.332	0.000000	+0.000268	+0.000268
gov_staker_remaining_emission_accumulator_filetest.gno	Remaining gov emission accumulator repeat-1000 claim-528	execution-segment-repricing	2606255	2874587	268332	0	0	0	266814	0	0	0	0	0	268.332	268.332	0.000000	+0.000268	+0.000268
gov_staker_remaining_emission_accumulator_filetest.gno	Remaining gov emission accumulator repeat-1000 claim-529	execution-segment-repricing	2601406	2869738	268332	0	0	0	266814	0	0	0	0	0	268.332	268.332	0.000000	+0.000268	+0.000268
gov_staker_remaining_emission_accumulator_filetest.gno	Remaining gov emission accumulator repeat-1000 claim-530	execution-segment-repricing	2605768	2874100	268332	0	0	0	266814	0	0	0	0	0	268.332	268.332	0.000000	+0.000268	+0.000268
gov_staker_remaining_emission_accumulator_filetest.gno	Remaining gov emission accumulator repeat-1000 claim-531	execution-segment-repricing	2602473	2870805	268332	0	0	0	266814	0	0	0	0	0	268.332	268.332	0.000000	+0.000268	+0.000268
gov_staker_remaining_emission_accumulator_filetest.gno	Remaining gov emission accumulator repeat-1000 claim-532	execution-segment-repricing	2605768	2874100	268332	0	0	0	266814	0	0	0	0	0	268.332	268.332	0.000000	+0.000268	+0.000268
gov_staker_remaining_emission_accumulator_filetest.gno	Remaining gov emission accumulator repeat-1000 claim-533	execution-segment-repricing	2606255	2874587	268332	0	0	0	266814	0	0	0	0	0	268.332	268.332	0.000000	+0.000268	+0.000268
gov_staker_remaining_emission_accumulator_filetest.gno	Remaining gov emission accumulator repeat-1000 claim-534	execution-segment-repricing	2605768	2874100	268332	0	0	0	266814	0	0	0	0	0	268.332	268.332	0.000000	+0.000268	+0.000268
gov_staker_remaining_emission_accumulator_filetest.gno	Remaining gov emission accumulator repeat-1000 claim-535	execution-segment-repricing	2606255	2874587	268332	0	0	0	266814	0	0	0	0	0	268.332	268.332	0.000000	+0.000268	+0.000268
gov_staker_remaining_emission_accumulator_filetest.gno	Remaining gov emission accumulator repeat-1000 claim-536	execution-segment-repricing	2606255	2874587	268332	0	0	0	266814	0	0	0	0	0	268.332	268.332	0.000000	+0.000268	+0.000268
gov_staker_remaining_emission_accumulator_filetest.gno	Remaining gov emission accumulator repeat-1000 claim-537	execution-segment-repricing	2605768	2874100	268332	0	0	0	266814	0	0	0	0	0	268.332	268.332	0.000000	+0.000268	+0.000268
gov_staker_remaining_emission_accumulator_filetest.gno	Remaining gov emission accumulator repeat-1000 claim-538	execution-segment-repricing	2605768	2874100	268332	0	0	0	266814	0	0	0	0	0	268.332	268.332	0.000000	+0.000268	+0.000268
gov_staker_remaining_emission_accumulator_filetest.gno	Remaining gov emission accumulator repeat-1000 claim-539	execution-segment-repricing	2605768	2874100	268332	0	0	0	266814	0	0	0	0	0	268.332	268.332	0.000000	+0.000268	+0.000268
gov_staker_remaining_emission_accumulator_filetest.gno	Remaining gov emission accumulator repeat-1000 claim-540	execution-segment-repricing	2602473	2870805	268332	0	0	0	266814	0	0	0	0	0	268.332	268.332	0.000000	+0.000268	+0.000268
gov_staker_remaining_emission_accumulator_filetest.gno	Remaining gov emission accumulator repeat-1000 claim-541	execution-segment-repricing	2605768	2874100	268332	0	0	0	266814	0	0	0	0	0	268.332	268.332	0.000000	+0.000268	+0.000268
gov_staker_remaining_emission_accumulator_filetest.gno	Remaining gov emission accumulator repeat-1000 claim-542	execution-segment-repricing	2606255	2874587	268332	0	0	0	266814	0	0	0	0	0	268.332	268.332	0.000000	+0.000268	+0.000268
gov_staker_remaining_emission_accumulator_filetest.gno	Remaining gov emission accumulator repeat-1000 claim-543	execution-segment-repricing	2606255	2874587	268332	0	0	0	266814	0	0	0	0	0	268.332	268.332	0.000000	+0.000268	+0.000268
gov_staker_remaining_emission_accumulator_filetest.gno	Remaining gov emission accumulator repeat-1000 claim-544	execution-segment-repricing	2602473	2870805	268332	0	0	0	266814	0	0	0	0	0	268.332	268.332	0.000000	+0.000268	+0.000268
gov_staker_remaining_emission_accumulator_filetest.gno	Remaining gov emission accumulator repeat-1000 claim-545	execution-segment-repricing	2605768	2874100	268332	0	0	0	266814	0	0	0	0	0	268.332	268.332	0.000000	+0.000268	+0.000268
gov_staker_remaining_emission_accumulator_filetest.gno	Remaining gov emission accumulator repeat-1000 claim-546	execution-segment-repricing	2605768	2874100	268332	0	0	0	266814	0	0	0	0	0	268.332	268.332	0.000000	+0.000268	+0.000268
gov_staker_remaining_emission_accumulator_filetest.gno	Remaining gov emission accumulator repeat-1000 claim-547	execution-segment-repricing	2606255	2874587	268332	0	0	0	266814	0	0	0	0	0	268.332	268.332	0.000000	+0.000268	+0.000268
gov_staker_remaining_emission_accumulator_filetest.gno	Remaining gov emission accumulator repeat-1000 claim-548	execution-segment-repricing	2605768	2874100	268332	0	0	0	266814	0	0	0	0	0	268.332	268.332	0.000000	+0.000268	+0.000268
gov_staker_remaining_emission_accumulator_filetest.gno	Remaining gov emission accumulator repeat-1000 claim-549	execution-segment-repricing	2605768	2874100	268332	0	0	0	266814	0	0	0	0	0	268.332	268.332	0.000000	+0.000268	+0.000268
gov_staker_remaining_emission_accumulator_filetest.gno	Remaining gov emission accumulator repeat-1000 claim-550	execution-segment-repricing	2606255	2874587	268332	0	0	0	266814	0	0	0	0	0	268.332	268.332	0.000000	+0.000268	+0.000268
gov_staker_remaining_emission_accumulator_filetest.gno	Remaining gov emission accumulator repeat-1000 claim-551	execution-segment-repricing	2598691	2867023	268332	0	0	0	266814	0	0	0	0	0	268.332	268.332	0.000000	+0.000268	+0.000268
gov_staker_remaining_emission_accumulator_filetest.gno	Remaining gov emission accumulator repeat-1000 claim-552	execution-segment-repricing	2605768	2874100	268332	0	0	0	266814	0	0	0	0	0	268.332	268.332	0.000000	+0.000268	+0.000268
gov_staker_remaining_emission_accumulator_filetest.gno	Remaining gov emission accumulator repeat-1000 claim-553	execution-segment-repricing	2605768	2874100	268332	0	0	0	266814	0	0	0	0	0	268.332	268.332	0.000000	+0.000268	+0.000268
gov_staker_remaining_emission_accumulator_filetest.gno	Remaining gov emission accumulator repeat-1000 claim-554	execution-segment-repricing	2606255	2874587	268332	0	0	0	266814	0	0	0	0	0	268.332	268.332	0.000000	+0.000268	+0.000268
gov_staker_remaining_emission_accumulator_filetest.gno	Remaining gov emission accumulator repeat-1000 claim-555	execution-segment-repricing	2606255	2874587	268332	0	0	0	266814	0	0	0	0	0	268.332	268.332	0.000000	+0.000268	+0.000268
gov_staker_remaining_emission_accumulator_filetest.gno	Remaining gov emission accumulator repeat-1000 claim-556	execution-segment-repricing	2606255	2874587	268332	0	0	0	266814	0	0	0	0	0	268.332	268.332	0.000000	+0.000268	+0.000268
gov_staker_remaining_emission_accumulator_filetest.gno	Remaining gov emission accumulator repeat-1000 claim-557	execution-segment-repricing	2606255	2874587	268332	0	0	0	266814	0	0	0	0	0	268.332	268.332	0.000000	+0.000268	+0.000268
gov_staker_remaining_emission_accumulator_filetest.gno	Remaining gov emission accumulator repeat-1000 claim-558	execution-segment-repricing	2601986	2870318	268332	0	0	0	266814	0	0	0	0	0	268.332	268.332	0.000000	+0.000268	+0.000268
gov_staker_remaining_emission_accumulator_filetest.gno	Remaining gov emission accumulator repeat-1000 claim-559	execution-segment-repricing	2606255	2874587	268332	0	0	0	266814	0	0	0	0	0	268.332	268.332	0.000000	+0.000268	+0.000268
gov_staker_remaining_emission_accumulator_filetest.gno	Remaining gov emission accumulator repeat-1000 claim-560	execution-segment-repricing	2605281	2873613	268332	0	0	0	266814	0	0	0	0	0	268.332	268.332	0.000000	+0.000268	+0.000268
gov_staker_remaining_emission_accumulator_filetest.gno	Remaining gov emission accumulator repeat-1000 claim-561	execution-segment-repricing	2606255	2874587	268332	0	0	0	266814	0	0	0	0	0	268.332	268.332	0.000000	+0.000268	+0.000268
gov_staker_remaining_emission_accumulator_filetest.gno	Remaining gov emission accumulator repeat-1000 claim-562	execution-segment-repricing	2602473	2870805	268332	0	0	0	266814	0	0	0	0	0	268.332	268.332	0.000000	+0.000268	+0.000268
gov_staker_remaining_emission_accumulator_filetest.gno	Remaining gov emission accumulator repeat-1000 claim-563	execution-segment-repricing	2606255	2874587	268332	0	0	0	266814	0	0	0	0	0	268.332	268.332	0.000000	+0.000268	+0.000268
gov_staker_remaining_emission_accumulator_filetest.gno	Remaining gov emission accumulator repeat-1000 claim-564	execution-segment-repricing	2606742	2875074	268332	0	0	0	266814	0	0	0	0	0	268.332	268.332	0.000000	+0.000268	+0.000268
gov_staker_remaining_emission_accumulator_filetest.gno	Remaining gov emission accumulator repeat-1000 claim-565	execution-segment-repricing	2601893	2870225	268332	0	0	0	266814	0	0	0	0	0	268.332	268.332	0.000000	+0.000268	+0.000268
gov_staker_remaining_emission_accumulator_filetest.gno	Remaining gov emission accumulator repeat-1000 claim-566	execution-segment-repricing	2606255	2874587	268332	0	0	0	266814	0	0	0	0	0	268.332	268.332	0.000000	+0.000268	+0.000268
gov_staker_remaining_emission_accumulator_filetest.gno	Remaining gov emission accumulator repeat-1000 claim-567	execution-segment-repricing	2605768	2874100	268332	0	0	0	266814	0	0	0	0	0	268.332	268.332	0.000000	+0.000268	+0.000268
gov_staker_remaining_emission_accumulator_filetest.gno	Remaining gov emission accumulator repeat-1000 claim-568	execution-segment-repricing	2606742	2875074	268332	0	0	0	266814	0	0	0	0	0	268.332	268.332	0.000000	+0.000268	+0.000268
gov_staker_remaining_emission_accumulator_filetest.gno	Remaining gov emission accumulator repeat-1000 claim-569	execution-segment-repricing	2605768	2874100	268332	0	0	0	266814	0	0	0	0	0	268.332	268.332	0.000000	+0.000268	+0.000268
gov_staker_remaining_emission_accumulator_filetest.gno	Remaining gov emission accumulator repeat-1000 claim-570	execution-segment-repricing	2606742	2875074	268332	0	0	0	266814	0	0	0	0	0	268.332	268.332	0.000000	+0.000268	+0.000268
gov_staker_remaining_emission_accumulator_filetest.gno	Remaining gov emission accumulator repeat-1000 claim-571	execution-segment-repricing	2606255	2874587	268332	0	0	0	266814	0	0	0	0	0	268.332	268.332	0.000000	+0.000268	+0.000268
gov_staker_remaining_emission_accumulator_filetest.gno	Remaining gov emission accumulator repeat-1000 claim-572	execution-segment-repricing	2606742	2875074	268332	0	0	0	266814	0	0	0	0	0	268.332	268.332	0.000000	+0.000268	+0.000268
gov_staker_remaining_emission_accumulator_filetest.gno	Remaining gov emission accumulator repeat-1000 claim-573	execution-segment-repricing	2602960	2871292	268332	0	0	0	266814	0	0	0	0	0	268.332	268.332	0.000000	+0.000268	+0.000268
gov_staker_remaining_emission_accumulator_filetest.gno	Remaining gov emission accumulator repeat-1000 claim-574	execution-segment-repricing	2606255	2874587	268332	0	0	0	266814	0	0	0	0	0	268.332	268.332	0.000000	+0.000268	+0.000268
gov_staker_remaining_emission_accumulator_filetest.gno	Remaining gov emission accumulator repeat-1000 claim-575	execution-segment-repricing	2606742	2875074	268332	0	0	0	266814	0	0	0	0	0	268.332	268.332	0.000000	+0.000268	+0.000268
gov_staker_remaining_emission_accumulator_filetest.gno	Remaining gov emission accumulator repeat-1000 claim-576	execution-segment-repricing	2605768	2874100	268332	0	0	0	266814	0	0	0	0	0	268.332	268.332	0.000000	+0.000268	+0.000268
gov_staker_remaining_emission_accumulator_filetest.gno	Remaining gov emission accumulator repeat-1000 claim-577	execution-segment-repricing	2606742	2875074	268332	0	0	0	266814	0	0	0	0	0	268.332	268.332	0.000000	+0.000268	+0.000268
gov_staker_remaining_emission_accumulator_filetest.gno	Remaining gov emission accumulator repeat-1000 claim-578	execution-segment-repricing	2605768	2874100	268332	0	0	0	266814	0	0	0	0	0	268.332	268.332	0.000000	+0.000268	+0.000268
gov_staker_remaining_emission_accumulator_filetest.gno	Remaining gov emission accumulator repeat-1000 claim-579	execution-segment-repricing	2606742	2875074	268332	0	0	0	266814	0	0	0	0	0	268.332	268.332	0.000000	+0.000268	+0.000268
gov_staker_remaining_emission_accumulator_filetest.gno	Remaining gov emission accumulator repeat-1000 claim-580	execution-segment-repricing	2602473	2870805	268332	0	0	0	266814	0	0	0	0	0	268.332	268.332	0.000000	+0.000268	+0.000268
gov_staker_remaining_emission_accumulator_filetest.gno	Remaining gov emission accumulator repeat-1000 claim-581	execution-segment-repricing	2606255	2874587	268332	0	0	0	266814	0	0	0	0	0	268.332	268.332	0.000000	+0.000268	+0.000268
gov_staker_remaining_emission_accumulator_filetest.gno	Remaining gov emission accumulator repeat-1000 claim-582	execution-segment-repricing	2606255	2874587	268332	0	0	0	266814	0	0	0	0	0	268.332	268.332	0.000000	+0.000268	+0.000268
gov_staker_remaining_emission_accumulator_filetest.gno	Remaining gov emission accumulator repeat-1000 claim-583	execution-segment-repricing	2606255	2874587	268332	0	0	0	266814	0	0	0	0	0	268.332	268.332	0.000000	+0.000268	+0.000268
gov_staker_remaining_emission_accumulator_filetest.gno	Remaining gov emission accumulator repeat-1000 claim-584	execution-segment-repricing	2602960	2871292	268332	0	0	0	266814	0	0	0	0	0	268.332	268.332	0.000000	+0.000268	+0.000268
gov_staker_remaining_emission_accumulator_filetest.gno	Remaining gov emission accumulator repeat-1000 claim-585	execution-segment-repricing	2605768	2874100	268332	0	0	0	266814	0	0	0	0	0	268.332	268.332	0.000000	+0.000268	+0.000268
gov_staker_remaining_emission_accumulator_filetest.gno	Remaining gov emission accumulator repeat-1000 claim-586	execution-segment-repricing	2606742	2875074	268332	0	0	0	266814	0	0	0	0	0	268.332	268.332	0.000000	+0.000268	+0.000268
gov_staker_remaining_emission_accumulator_filetest.gno	Remaining gov emission accumulator repeat-1000 claim-587	execution-segment-repricing	2602473	2870805	268332	0	0	0	266814	0	0	0	0	0	268.332	268.332	0.000000	+0.000268	+0.000268
gov_staker_remaining_emission_accumulator_filetest.gno	Remaining gov emission accumulator repeat-1000 claim-588	execution-segment-repricing	2606255	2874587	268332	0	0	0	266814	0	0	0	0	0	268.332	268.332	0.000000	+0.000268	+0.000268
gov_staker_remaining_emission_accumulator_filetest.gno	Remaining gov emission accumulator repeat-1000 claim-589	execution-segment-repricing	2605768	2874100	268332	0	0	0	266814	0	0	0	0	0	268.332	268.332	0.000000	+0.000268	+0.000268
gov_staker_remaining_emission_accumulator_filetest.gno	Remaining gov emission accumulator repeat-1000 claim-590	execution-segment-repricing	2606255	2874587	268332	0	0	0	266814	0	0	0	0	0	268.332	268.332	0.000000	+0.000268	+0.000268
gov_staker_remaining_emission_accumulator_filetest.gno	Remaining gov emission accumulator repeat-1000 claim-591	execution-segment-repricing	2606255	2874587	268332	0	0	0	266814	0	0	0	0	0	268.332	268.332	0.000000	+0.000268	+0.000268
gov_staker_remaining_emission_accumulator_filetest.gno	Remaining gov emission accumulator repeat-1000 claim-592	execution-segment-repricing	2606255	2874587	268332	0	0	0	266814	0	0	0	0	0	268.332	268.332	0.000000	+0.000268	+0.000268
gov_staker_remaining_emission_accumulator_filetest.gno	Remaining gov emission accumulator repeat-1000 claim-593	execution-segment-repricing	2606255	2874587	268332	0	0	0	266814	0	0	0	0	0	268.332	268.332	0.000000	+0.000268	+0.000268
gov_staker_remaining_emission_accumulator_filetest.gno	Remaining gov emission accumulator repeat-1000 claim-594	execution-segment-repricing	2601986	2870318	268332	0	0	0	266814	0	0	0	0	0	268.332	268.332	0.000000	+0.000268	+0.000268
gov_staker_remaining_emission_accumulator_filetest.gno	Remaining gov emission accumulator repeat-1000 claim-595	execution-segment-repricing	2602473	2870805	268332	0	0	0	266814	0	0	0	0	0	268.332	268.332	0.000000	+0.000268	+0.000268
gov_staker_remaining_emission_accumulator_filetest.gno	Remaining gov emission accumulator repeat-1000 claim-596	execution-segment-repricing	2605768	2874100	268332	0	0	0	266814	0	0	0	0	0	268.332	268.332	0.000000	+0.000268	+0.000268
gov_staker_remaining_emission_accumulator_filetest.gno	Remaining gov emission accumulator repeat-1000 claim-597	execution-segment-repricing	2606255	2874587	268332	0	0	0	266814	0	0	0	0	0	268.332	268.332	0.000000	+0.000268	+0.000268
gov_staker_remaining_emission_accumulator_filetest.gno	Remaining gov emission accumulator repeat-1000 claim-598	execution-segment-repricing	2606255	2874587	268332	0	0	0	266814	0	0	0	0	0	268.332	268.332	0.000000	+0.000268	+0.000268
gov_staker_remaining_emission_accumulator_filetest.gno	Remaining gov emission accumulator repeat-1000 claim-599	execution-segment-repricing	2606255	2874587	268332	0	0	0	266814	0	0	0	0	0	268.332	268.332	0.000000	+0.000268	+0.000268
gov_staker_remaining_emission_accumulator_filetest.gno	Remaining gov emission accumulator repeat-1000 claim-600	execution-segment-repricing	2606255	2874587	268332	0	0	0	266814	0	0	0	0	0	268.332	268.332	0.000000	+0.000268	+0.000268
gov_staker_remaining_emission_accumulator_filetest.gno	Remaining gov emission accumulator repeat-1000 claim-601	execution-segment-repricing	2602473	2870805	268332	0	0	0	266814	0	0	0	0	0	268.332	268.332	0.000000	+0.000268	+0.000268
gov_staker_remaining_emission_accumulator_filetest.gno	Remaining gov emission accumulator repeat-1000 claim-602	execution-segment-repricing	2606255	2874587	268332	0	0	0	266814	0	0	0	0	0	268.332	268.332	0.000000	+0.000268	+0.000268
gov_staker_remaining_emission_accumulator_filetest.gno	Remaining gov emission accumulator repeat-1000 claim-603	execution-segment-repricing	2605768	2874100	268332	0	0	0	266814	0	0	0	0	0	268.332	268.332	0.000000	+0.000268	+0.000268
gov_staker_remaining_emission_accumulator_filetest.gno	Remaining gov emission accumulator repeat-1000 claim-604	execution-segment-repricing	2605768	2874100	268332	0	0	0	266814	0	0	0	0	0	268.332	268.332	0.000000	+0.000268	+0.000268
gov_staker_remaining_emission_accumulator_filetest.gno	Remaining gov emission accumulator repeat-1000 claim-605	execution-segment-repricing	2605768	2874100	268332	0	0	0	266814	0	0	0	0	0	268.332	268.332	0.000000	+0.000268	+0.000268
gov_staker_remaining_emission_accumulator_filetest.gno	Remaining gov emission accumulator repeat-1000 claim-606	execution-segment-repricing	2601406	2869738	268332	0	0	0	266814	0	0	0	0	0	268.332	268.332	0.000000	+0.000268	+0.000268
gov_staker_remaining_emission_accumulator_filetest.gno	Remaining gov emission accumulator repeat-1000 claim-607	execution-segment-repricing	2606255	2874587	268332	0	0	0	266814	0	0	0	0	0	268.332	268.332	0.000000	+0.000268	+0.000268
gov_staker_remaining_emission_accumulator_filetest.gno	Remaining gov emission accumulator repeat-1000 claim-608	execution-segment-repricing	2606255	2874587	268332	0	0	0	266814	0	0	0	0	0	268.332	268.332	0.000000	+0.000268	+0.000268
gov_staker_remaining_emission_accumulator_filetest.gno	Remaining gov emission accumulator repeat-1000 claim-609	execution-segment-repricing	2606255	2874587	268332	0	0	0	266814	0	0	0	0	0	268.332	268.332	0.000000	+0.000268	+0.000268
gov_staker_remaining_emission_accumulator_filetest.gno	Remaining gov emission accumulator repeat-1000 claim-610	execution-segment-repricing	2606255	2874587	268332	0	0	0	266814	0	0	0	0	0	268.332	268.332	0.000000	+0.000268	+0.000268
gov_staker_remaining_emission_accumulator_filetest.gno	Remaining gov emission accumulator repeat-1000 claim-611	execution-segment-repricing	2606255	2874587	268332	0	0	0	266814	0	0	0	0	0	268.332	268.332	0.000000	+0.000268	+0.000268
gov_staker_remaining_emission_accumulator_filetest.gno	Remaining gov emission accumulator repeat-1000 claim-612	execution-segment-repricing	2605768	2874100	268332	0	0	0	266814	0	0	0	0	0	268.332	268.332	0.000000	+0.000268	+0.000268
gov_staker_remaining_emission_accumulator_filetest.gno	Remaining gov emission accumulator repeat-1000 claim-613	execution-segment-repricing	2605768	2874100	268332	0	0	0	266814	0	0	0	0	0	268.332	268.332	0.000000	+0.000268	+0.000268
gov_staker_remaining_emission_accumulator_filetest.gno	Remaining gov emission accumulator repeat-1000 claim-614	execution-segment-repricing	2606255	2874587	268332	0	0	0	266814	0	0	0	0	0	268.332	268.332	0.000000	+0.000268	+0.000268
gov_staker_remaining_emission_accumulator_filetest.gno	Remaining gov emission accumulator repeat-1000 claim-615	execution-segment-repricing	2602473	2870805	268332	0	0	0	266814	0	0	0	0	0	268.332	268.332	0.000000	+0.000268	+0.000268
gov_staker_remaining_emission_accumulator_filetest.gno	Remaining gov emission accumulator repeat-1000 claim-616	execution-segment-repricing	2606255	2874587	268332	0	0	0	266814	0	0	0	0	0	268.332	268.332	0.000000	+0.000268	+0.000268
gov_staker_remaining_emission_accumulator_filetest.gno	Remaining gov emission accumulator repeat-1000 claim-617	execution-segment-repricing	2606255	2874587	268332	0	0	0	266814	0	0	0	0	0	268.332	268.332	0.000000	+0.000268	+0.000268
gov_staker_remaining_emission_accumulator_filetest.gno	Remaining gov emission accumulator repeat-1000 claim-618	execution-segment-repricing	2606255	2874587	268332	0	0	0	266814	0	0	0	0	0	268.332	268.332	0.000000	+0.000268	+0.000268
gov_staker_remaining_emission_accumulator_filetest.gno	Remaining gov emission accumulator repeat-1000 claim-619	execution-segment-repricing	2606255	2874587	268332	0	0	0	266814	0	0	0	0	0	268.332	268.332	0.000000	+0.000268	+0.000268
gov_staker_remaining_emission_accumulator_filetest.gno	Remaining gov emission accumulator repeat-1000 claim-620	execution-segment-repricing	2606255	2874587	268332	0	0	0	266814	0	0	0	0	0	268.332	268.332	0.000000	+0.000268	+0.000268
gov_staker_remaining_emission_accumulator_filetest.gno	Remaining gov emission accumulator repeat-1000 claim-621	execution-segment-repricing	2605768	2874100	268332	0	0	0	266814	0	0	0	0	0	268.332	268.332	0.000000	+0.000268	+0.000268
gov_staker_remaining_emission_accumulator_filetest.gno	Remaining gov emission accumulator repeat-1000 claim-622	execution-segment-repricing	2605768	2874100	268332	0	0	0	266814	0	0	0	0	0	268.332	268.332	0.000000	+0.000268	+0.000268
gov_staker_remaining_emission_accumulator_filetest.gno	Remaining gov emission accumulator repeat-1000 claim-623	execution-segment-repricing	2602473	2870805	268332	0	0	0	266814	0	0	0	0	0	268.332	268.332	0.000000	+0.000268	+0.000268
gov_staker_remaining_emission_accumulator_filetest.gno	Remaining gov emission accumulator repeat-1000 claim-624	execution-segment-repricing	2605768	2874100	268332	0	0	0	266814	0	0	0	0	0	268.332	268.332	0.000000	+0.000268	+0.000268
gov_staker_remaining_emission_accumulator_filetest.gno	Remaining gov emission accumulator repeat-1000 claim-625	execution-segment-repricing	2606255	2874587	268332	0	0	0	266814	0	0	0	0	0	268.332	268.332	0.000000	+0.000268	+0.000268
gov_staker_remaining_emission_accumulator_filetest.gno	Remaining gov emission accumulator repeat-1000 claim-626	execution-segment-repricing	2602473	2870805	268332	0	0	0	266814	0	0	0	0	0	268.332	268.332	0.000000	+0.000268	+0.000268
gov_staker_remaining_emission_accumulator_filetest.gno	Remaining gov emission accumulator repeat-1000 claim-627	execution-segment-repricing	2606255	2874587	268332	0	0	0	266814	0	0	0	0	0	268.332	268.332	0.000000	+0.000268	+0.000268
gov_staker_remaining_emission_accumulator_filetest.gno	Remaining gov emission accumulator repeat-1000 claim-628	execution-segment-repricing	2606255	2874587	268332	0	0	0	266814	0	0	0	0	0	268.332	268.332	0.000000	+0.000268	+0.000268
gov_staker_remaining_emission_accumulator_filetest.gno	Remaining gov emission accumulator repeat-1000 claim-629	execution-segment-repricing	2606255	2874587	268332	0	0	0	266814	0	0	0	0	0	268.332	268.332	0.000000	+0.000268	+0.000268
gov_staker_remaining_emission_accumulator_filetest.gno	Remaining gov emission accumulator repeat-1000 claim-630	execution-segment-repricing	2602473	2870805	268332	0	0	0	266814	0	0	0	0	0	268.332	268.332	0.000000	+0.000268	+0.000268
gov_staker_remaining_emission_accumulator_filetest.gno	Remaining gov emission accumulator repeat-1000 claim-631	execution-segment-repricing	2605281	2873613	268332	0	0	0	266814	0	0	0	0	0	268.332	268.332	0.000000	+0.000268	+0.000268
gov_staker_remaining_emission_accumulator_filetest.gno	Remaining gov emission accumulator repeat-1000 claim-632	execution-segment-repricing	2605768	2874100	268332	0	0	0	266814	0	0	0	0	0	268.332	268.332	0.000000	+0.000268	+0.000268
gov_staker_remaining_emission_accumulator_filetest.gno	Remaining gov emission accumulator repeat-1000 claim-633	execution-segment-repricing	2605768	2874100	268332	0	0	0	266814	0	0	0	0	0	268.332	268.332	0.000000	+0.000268	+0.000268
gov_staker_remaining_emission_accumulator_filetest.gno	Remaining gov emission accumulator repeat-1000 claim-634	execution-segment-repricing	2606255	2874587	268332	0	0	0	266814	0	0	0	0	0	268.332	268.332	0.000000	+0.000268	+0.000268
gov_staker_remaining_emission_accumulator_filetest.gno	Remaining gov emission accumulator repeat-1000 claim-635	execution-segment-repricing	2605768	2874100	268332	0	0	0	266814	0	0	0	0	0	268.332	268.332	0.000000	+0.000268	+0.000268
gov_staker_remaining_emission_accumulator_filetest.gno	Remaining gov emission accumulator repeat-1000 claim-636	execution-segment-repricing	2606742	2875074	268332	0	0	0	266814	0	0	0	0	0	268.332	268.332	0.000000	+0.000268	+0.000268
gov_staker_remaining_emission_accumulator_filetest.gno	Remaining gov emission accumulator repeat-1000 claim-637	execution-segment-repricing	2598691	2867023	268332	0	0	0	266814	0	0	0	0	0	268.332	268.332	0.000000	+0.000268	+0.000268
gov_staker_remaining_emission_accumulator_filetest.gno	Remaining gov emission accumulator repeat-1000 claim-638	execution-segment-repricing	2606255	2874587	268332	0	0	0	266814	0	0	0	0	0	268.332	268.332	0.000000	+0.000268	+0.000268
gov_staker_remaining_emission_accumulator_filetest.gno	Remaining gov emission accumulator repeat-1000 claim-639	execution-segment-repricing	2606255	2874587	268332	0	0	0	266814	0	0	0	0	0	268.332	268.332	0.000000	+0.000268	+0.000268
gov_staker_remaining_emission_accumulator_filetest.gno	Remaining gov emission accumulator repeat-1000 claim-640	execution-segment-repricing	2605768	2874100	268332	0	0	0	266814	0	0	0	0	0	268.332	268.332	0.000000	+0.000268	+0.000268
gov_staker_remaining_emission_accumulator_filetest.gno	Remaining gov emission accumulator repeat-1000 claim-641	execution-segment-repricing	2606742	2875074	268332	0	0	0	266814	0	0	0	0	0	268.332	268.332	0.000000	+0.000268	+0.000268
gov_staker_remaining_emission_accumulator_filetest.gno	Remaining gov emission accumulator repeat-1000 claim-642	execution-segment-repricing	2606255	2874587	268332	0	0	0	266814	0	0	0	0	0	268.332	268.332	0.000000	+0.000268	+0.000268
gov_staker_remaining_emission_accumulator_filetest.gno	Remaining gov emission accumulator repeat-1000 claim-643	execution-segment-repricing	2606742	2875074	268332	0	0	0	266814	0	0	0	0	0	268.332	268.332	0.000000	+0.000268	+0.000268
gov_staker_remaining_emission_accumulator_filetest.gno	Remaining gov emission accumulator repeat-1000 claim-644	execution-segment-repricing	2606255	2874587	268332	0	0	0	266814	0	0	0	0	0	268.332	268.332	0.000000	+0.000268	+0.000268
gov_staker_remaining_emission_accumulator_filetest.gno	Remaining gov emission accumulator repeat-1000 claim-645	execution-segment-repricing	2606255	2874587	268332	0	0	0	266814	0	0	0	0	0	268.332	268.332	0.000000	+0.000268	+0.000268
gov_staker_remaining_emission_accumulator_filetest.gno	Remaining gov emission accumulator repeat-1000 claim-646	execution-segment-repricing	2605768	2874100	268332	0	0	0	266814	0	0	0	0	0	268.332	268.332	0.000000	+0.000268	+0.000268
gov_staker_remaining_emission_accumulator_filetest.gno	Remaining gov emission accumulator repeat-1000 claim-647	execution-segment-repricing	2606742	2875074	268332	0	0	0	266814	0	0	0	0	0	268.332	268.332	0.000000	+0.000268	+0.000268
gov_staker_remaining_emission_accumulator_filetest.gno	Remaining gov emission accumulator repeat-1000 claim-648	execution-segment-repricing	2602473	2870805	268332	0	0	0	266814	0	0	0	0	0	268.332	268.332	0.000000	+0.000268	+0.000268
gov_staker_remaining_emission_accumulator_filetest.gno	Remaining gov emission accumulator repeat-1000 claim-649	execution-segment-repricing	2606255	2874587	268332	0	0	0	266814	0	0	0	0	0	268.332	268.332	0.000000	+0.000268	+0.000268
gov_staker_remaining_emission_accumulator_filetest.gno	Remaining gov emission accumulator repeat-1000 claim-650	execution-segment-repricing	2606742	2875074	268332	0	0	0	266814	0	0	0	0	0	268.332	268.332	0.000000	+0.000268	+0.000268
gov_staker_remaining_emission_accumulator_filetest.gno	Remaining gov emission accumulator repeat-1000 claim-651	execution-segment-repricing	2606255	2874587	268332	0	0	0	266814	0	0	0	0	0	268.332	268.332	0.000000	+0.000268	+0.000268
gov_staker_remaining_emission_accumulator_filetest.gno	Remaining gov emission accumulator repeat-1000 claim-652	execution-segment-repricing	2606255	2874587	268332	0	0	0	266814	0	0	0	0	0	268.332	268.332	0.000000	+0.000268	+0.000268
gov_staker_remaining_emission_accumulator_filetest.gno	Remaining gov emission accumulator repeat-1000 claim-653	execution-segment-repricing	2605768	2874100	268332	0	0	0	266814	0	0	0	0	0	268.332	268.332	0.000000	+0.000268	+0.000268
gov_staker_remaining_emission_accumulator_filetest.gno	Remaining gov emission accumulator repeat-1000 claim-654	execution-segment-repricing	2606742	2875074	268332	0	0	0	266814	0	0	0	0	0	268.332	268.332	0.000000	+0.000268	+0.000268
gov_staker_remaining_emission_accumulator_filetest.gno	Remaining gov emission accumulator repeat-1000 claim-655	execution-segment-repricing	2605768	2874100	268332	0	0	0	266814	0	0	0	0	0	268.332	268.332	0.000000	+0.000268	+0.000268
gov_staker_remaining_emission_accumulator_filetest.gno	Remaining gov emission accumulator repeat-1000 claim-656	execution-segment-repricing	2606742	2875074	268332	0	0	0	266814	0	0	0	0	0	268.332	268.332	0.000000	+0.000268	+0.000268
gov_staker_remaining_emission_accumulator_filetest.gno	Remaining gov emission accumulator repeat-1000 claim-657	execution-segment-repricing	2606255	2874587	268332	0	0	0	266814	0	0	0	0	0	268.332	268.332	0.000000	+0.000268	+0.000268
gov_staker_remaining_emission_accumulator_filetest.gno	Remaining gov emission accumulator repeat-1000 claim-658	execution-segment-repricing	2606255	2874587	268332	0	0	0	266814	0	0	0	0	0	268.332	268.332	0.000000	+0.000268	+0.000268
gov_staker_remaining_emission_accumulator_filetest.gno	Remaining gov emission accumulator repeat-1000 claim-659	execution-segment-repricing	2599178	2867510	268332	0	0	0	266814	0	0	0	0	0	268.332	268.332	0.000000	+0.000268	+0.000268
gov_staker_remaining_emission_accumulator_filetest.gno	Remaining gov emission accumulator repeat-1000 claim-660	execution-segment-repricing	2605768	2874100	268332	0	0	0	266814	0	0	0	0	0	268.332	268.332	0.000000	+0.000268	+0.000268
gov_staker_remaining_emission_accumulator_filetest.gno	Remaining gov emission accumulator repeat-1000 claim-661	execution-segment-repricing	2606255	2874587	268332	0	0	0	266814	0	0	0	0	0	268.332	268.332	0.000000	+0.000268	+0.000268
gov_staker_remaining_emission_accumulator_filetest.gno	Remaining gov emission accumulator repeat-1000 claim-662	execution-segment-repricing	2605768	2874100	268332	0	0	0	266814	0	0	0	0	0	268.332	268.332	0.000000	+0.000268	+0.000268
gov_staker_remaining_emission_accumulator_filetest.gno	Remaining gov emission accumulator repeat-1000 claim-663	execution-segment-repricing	2606742	2875074	268332	0	0	0	266814	0	0	0	0	0	268.332	268.332	0.000000	+0.000268	+0.000268
gov_staker_remaining_emission_accumulator_filetest.gno	Remaining gov emission accumulator repeat-1000 claim-664	execution-segment-repricing	2606255	2874587	268332	0	0	0	266814	0	0	0	0	0	268.332	268.332	0.000000	+0.000268	+0.000268
gov_staker_remaining_emission_accumulator_filetest.gno	Remaining gov emission accumulator repeat-1000 claim-665	execution-segment-repricing	2606742	2875074	268332	0	0	0	266814	0	0	0	0	0	268.332	268.332	0.000000	+0.000268	+0.000268
gov_staker_remaining_emission_accumulator_filetest.gno	Remaining gov emission accumulator repeat-1000 claim-666	execution-segment-repricing	2601986	2870318	268332	0	0	0	266814	0	0	0	0	0	268.332	268.332	0.000000	+0.000268	+0.000268
gov_staker_remaining_emission_accumulator_filetest.gno	Remaining gov emission accumulator repeat-1000 claim-667	execution-segment-repricing	2605768	2874100	268332	0	0	0	266814	0	0	0	0	0	268.332	268.332	0.000000	+0.000268	+0.000268
gov_staker_remaining_emission_accumulator_filetest.gno	Remaining gov emission accumulator repeat-1000 claim-668	execution-segment-repricing	2605768	2874100	268332	0	0	0	266814	0	0	0	0	0	268.332	268.332	0.000000	+0.000268	+0.000268
gov_staker_remaining_emission_accumulator_filetest.gno	Remaining gov emission accumulator repeat-1000 claim-669	execution-segment-repricing	2605768	2874100	268332	0	0	0	266814	0	0	0	0	0	268.332	268.332	0.000000	+0.000268	+0.000268
gov_staker_remaining_emission_accumulator_filetest.gno	Remaining gov emission accumulator repeat-1000 claim-670	execution-segment-repricing	2602960	2871292	268332	0	0	0	266814	0	0	0	0	0	268.332	268.332	0.000000	+0.000268	+0.000268
gov_staker_remaining_emission_accumulator_filetest.gno	Remaining gov emission accumulator repeat-1000 claim-671	execution-segment-repricing	2606255	2874587	268332	0	0	0	266814	0	0	0	0	0	268.332	268.332	0.000000	+0.000268	+0.000268
gov_staker_remaining_emission_accumulator_filetest.gno	Remaining gov emission accumulator repeat-1000 claim-672	execution-segment-repricing	2606742	2875074	268332	0	0	0	266814	0	0	0	0	0	268.332	268.332	0.000000	+0.000268	+0.000268
gov_staker_remaining_emission_accumulator_filetest.gno	Remaining gov emission accumulator repeat-1000 claim-673	execution-segment-repricing	2602473	2870805	268332	0	0	0	266814	0	0	0	0	0	268.332	268.332	0.000000	+0.000268	+0.000268
gov_staker_remaining_emission_accumulator_filetest.gno	Remaining gov emission accumulator repeat-1000 claim-674	execution-segment-repricing	2606255	2874587	268332	0	0	0	266814	0	0	0	0	0	268.332	268.332	0.000000	+0.000268	+0.000268
gov_staker_remaining_emission_accumulator_filetest.gno	Remaining gov emission accumulator repeat-1000 claim-675	execution-segment-repricing	2605768	2874100	268332	0	0	0	266814	0	0	0	0	0	268.332	268.332	0.000000	+0.000268	+0.000268
gov_staker_remaining_emission_accumulator_filetest.gno	Remaining gov emission accumulator repeat-1000 claim-676	execution-segment-repricing	2605768	2874100	268332	0	0	0	266814	0	0	0	0	0	268.332	268.332	0.000000	+0.000268	+0.000268
gov_staker_remaining_emission_accumulator_filetest.gno	Remaining gov emission accumulator repeat-1000 claim-677	execution-segment-repricing	2606255	2874587	268332	0	0	0	266814	0	0	0	0	0	268.332	268.332	0.000000	+0.000268	+0.000268
gov_staker_remaining_emission_accumulator_filetest.gno	Remaining gov emission accumulator repeat-1000 claim-678	execution-segment-repricing	2606255	2874587	268332	0	0	0	266814	0	0	0	0	0	268.332	268.332	0.000000	+0.000268	+0.000268
gov_staker_remaining_emission_accumulator_filetest.gno	Remaining gov emission accumulator repeat-1000 claim-679	execution-segment-repricing	2602960	2871292	268332	0	0	0	266814	0	0	0	0	0	268.332	268.332	0.000000	+0.000268	+0.000268
gov_staker_remaining_emission_accumulator_filetest.gno	Remaining gov emission accumulator repeat-1000 claim-680	execution-segment-repricing	2601406	2869738	268332	0	0	0	266814	0	0	0	0	0	268.332	268.332	0.000000	+0.000268	+0.000268
gov_staker_remaining_emission_accumulator_filetest.gno	Remaining gov emission accumulator repeat-1000 claim-681	execution-segment-repricing	2601406	2869738	268332	0	0	0	266814	0	0	0	0	0	268.332	268.332	0.000000	+0.000268	+0.000268
gov_staker_remaining_emission_accumulator_filetest.gno	Remaining gov emission accumulator repeat-1000 claim-682	execution-segment-repricing	2605768	2874100	268332	0	0	0	266814	0	0	0	0	0	268.332	268.332	0.000000	+0.000268	+0.000268
gov_staker_remaining_emission_accumulator_filetest.gno	Remaining gov emission accumulator repeat-1000 claim-683	execution-segment-repricing	2606255	2874587	268332	0	0	0	266814	0	0	0	0	0	268.332	268.332	0.000000	+0.000268	+0.000268
gov_staker_remaining_emission_accumulator_filetest.gno	Remaining gov emission accumulator repeat-1000 claim-684	execution-segment-repricing	2606255	2874587	268332	0	0	0	266814	0	0	0	0	0	268.332	268.332	0.000000	+0.000268	+0.000268
gov_staker_remaining_emission_accumulator_filetest.gno	Remaining gov emission accumulator repeat-1000 claim-685	execution-segment-repricing	2606255	2874587	268332	0	0	0	266814	0	0	0	0	0	268.332	268.332	0.000000	+0.000268	+0.000268
gov_staker_remaining_emission_accumulator_filetest.gno	Remaining gov emission accumulator repeat-1000 claim-686	execution-segment-repricing	2606255	2874587	268332	0	0	0	266814	0	0	0	0	0	268.332	268.332	0.000000	+0.000268	+0.000268
gov_staker_remaining_emission_accumulator_filetest.gno	Remaining gov emission accumulator repeat-1000 claim-687	execution-segment-repricing	2606255	2874587	268332	0	0	0	266814	0	0	0	0	0	268.332	268.332	0.000000	+0.000268	+0.000268
gov_staker_remaining_emission_accumulator_filetest.gno	Remaining gov emission accumulator repeat-1000 claim-688	execution-segment-repricing	2605768	2874100	268332	0	0	0	266814	0	0	0	0	0	268.332	268.332	0.000000	+0.000268	+0.000268
gov_staker_remaining_emission_accumulator_filetest.gno	Remaining gov emission accumulator repeat-1000 claim-689	execution-segment-repricing	2605768	2874100	268332	0	0	0	266814	0	0	0	0	0	268.332	268.332	0.000000	+0.000268	+0.000268
gov_staker_remaining_emission_accumulator_filetest.gno	Remaining gov emission accumulator repeat-1000 claim-690	execution-segment-repricing	2602473	2870805	268332	0	0	0	266814	0	0	0	0	0	268.332	268.332	0.000000	+0.000268	+0.000268
gov_staker_remaining_emission_accumulator_filetest.gno	Remaining gov emission accumulator repeat-1000 claim-691	execution-segment-repricing	2606255	2874587	268332	0	0	0	266814	0	0	0	0	0	268.332	268.332	0.000000	+0.000268	+0.000268
gov_staker_remaining_emission_accumulator_filetest.gno	Remaining gov emission accumulator repeat-1000 claim-692	execution-segment-repricing	2606255	2874587	268332	0	0	0	266814	0	0	0	0	0	268.332	268.332	0.000000	+0.000268	+0.000268
gov_staker_remaining_emission_accumulator_filetest.gno	Remaining gov emission accumulator repeat-1000 claim-693	execution-segment-repricing	2606255	2874587	268332	0	0	0	266814	0	0	0	0	0	268.332	268.332	0.000000	+0.000268	+0.000268
gov_staker_remaining_emission_accumulator_filetest.gno	Remaining gov emission accumulator repeat-1000 claim-694	execution-segment-repricing	2606255	2874587	268332	0	0	0	266814	0	0	0	0	0	268.332	268.332	0.000000	+0.000268	+0.000268
gov_staker_remaining_emission_accumulator_filetest.gno	Remaining gov emission accumulator repeat-1000 claim-695	execution-segment-repricing	2602473	2870805	268332	0	0	0	266814	0	0	0	0	0	268.332	268.332	0.000000	+0.000268	+0.000268
gov_staker_remaining_emission_accumulator_filetest.gno	Remaining gov emission accumulator repeat-1000 claim-696	execution-segment-repricing	2605768	2874100	268332	0	0	0	266814	0	0	0	0	0	268.332	268.332	0.000000	+0.000268	+0.000268
gov_staker_remaining_emission_accumulator_filetest.gno	Remaining gov emission accumulator repeat-1000 claim-697	execution-segment-repricing	2605768	2874100	268332	0	0	0	266814	0	0	0	0	0	268.332	268.332	0.000000	+0.000268	+0.000268
gov_staker_remaining_emission_accumulator_filetest.gno	Remaining gov emission accumulator repeat-1000 claim-698	execution-segment-repricing	2605768	2874100	268332	0	0	0	266814	0	0	0	0	0	268.332	268.332	0.000000	+0.000268	+0.000268
gov_staker_remaining_emission_accumulator_filetest.gno	Remaining gov emission accumulator repeat-1000 claim-699	execution-segment-repricing	2605768	2874100	268332	0	0	0	266814	0	0	0	0	0	268.332	268.332	0.000000	+0.000268	+0.000268
gov_staker_remaining_emission_accumulator_filetest.gno	Remaining gov emission accumulator repeat-1000 claim-700	execution-segment-repricing	2606742	2875074	268332	0	0	0	266814	0	0	0	0	0	268.332	268.332	0.000000	+0.000268	+0.000268
gov_staker_remaining_emission_accumulator_filetest.gno	Remaining gov emission accumulator repeat-1000 claim-701	execution-segment-repricing	2602473	2870805	268332	0	0	0	266814	0	0	0	0	0	268.332	268.332	0.000000	+0.000268	+0.000268
gov_staker_remaining_emission_accumulator_filetest.gno	Remaining gov emission accumulator repeat-1000 claim-702	execution-segment-repricing	2602473	2870805	268332	0	0	0	266814	0	0	0	0	0	268.332	268.332	0.000000	+0.000268	+0.000268
gov_staker_remaining_emission_accumulator_filetest.gno	Remaining gov emission accumulator repeat-1000 claim-703	execution-segment-repricing	2605768	2874100	268332	0	0	0	266814	0	0	0	0	0	268.332	268.332	0.000000	+0.000268	+0.000268
gov_staker_remaining_emission_accumulator_filetest.gno	Remaining gov emission accumulator repeat-1000 claim-704	execution-segment-repricing	2605768	2874100	268332	0	0	0	266814	0	0	0	0	0	268.332	268.332	0.000000	+0.000268	+0.000268
gov_staker_remaining_emission_accumulator_filetest.gno	Remaining gov emission accumulator repeat-1000 claim-705	execution-segment-repricing	2605768	2874100	268332	0	0	0	266814	0	0	0	0	0	268.332	268.332	0.000000	+0.000268	+0.000268
gov_staker_remaining_emission_accumulator_filetest.gno	Remaining gov emission accumulator repeat-1000 claim-706	execution-segment-repricing	2605768	2874100	268332	0	0	0	266814	0	0	0	0	0	268.332	268.332	0.000000	+0.000268	+0.000268
gov_staker_remaining_emission_accumulator_filetest.gno	Remaining gov emission accumulator repeat-1000 claim-707	execution-segment-repricing	2606255	2874587	268332	0	0	0	266814	0	0	0	0	0	268.332	268.332	0.000000	+0.000268	+0.000268
gov_staker_remaining_emission_accumulator_filetest.gno	Remaining gov emission accumulator repeat-1000 claim-708	execution-segment-repricing	2605768	2874100	268332	0	0	0	266814	0	0	0	0	0	268.332	268.332	0.000000	+0.000268	+0.000268
gov_staker_remaining_emission_accumulator_filetest.gno	Remaining gov emission accumulator repeat-1000 claim-709	execution-segment-repricing	2602473	2870805	268332	0	0	0	266814	0	0	0	0	0	268.332	268.332	0.000000	+0.000268	+0.000268
gov_staker_remaining_emission_accumulator_filetest.gno	Remaining gov emission accumulator repeat-1000 claim-710	execution-segment-repricing	2605768	2874100	268332	0	0	0	266814	0	0	0	0	0	268.332	268.332	0.000000	+0.000268	+0.000268
gov_staker_remaining_emission_accumulator_filetest.gno	Remaining gov emission accumulator repeat-1000 claim-711	execution-segment-repricing	2605768	2874100	268332	0	0	0	266814	0	0	0	0	0	268.332	268.332	0.000000	+0.000268	+0.000268
gov_staker_remaining_emission_accumulator_filetest.gno	Remaining gov emission accumulator repeat-1000 claim-712	execution-segment-repricing	2602473	2870805	268332	0	0	0	266814	0	0	0	0	0	268.332	268.332	0.000000	+0.000268	+0.000268
gov_staker_remaining_emission_accumulator_filetest.gno	Remaining gov emission accumulator repeat-1000 claim-713	execution-segment-repricing	2609063	2877395	268332	0	0	0	266814	0	0	0	0	0	268.332	268.332	0.000000	+0.000268	+0.000268
gov_staker_remaining_emission_accumulator_filetest.gno	Remaining gov emission accumulator repeat-1000 claim-714	execution-segment-repricing	2609550	2877882	268332	0	0	0	266814	0	0	0	0	0	268.332	268.332	0.000000	+0.000268	+0.000268
gov_staker_remaining_emission_accumulator_filetest.gno	Remaining gov emission accumulator repeat-1000 claim-715	execution-segment-repricing	2609550	2877882	268332	0	0	0	266814	0	0	0	0	0	268.332	268.332	0.000000	+0.000268	+0.000268
gov_staker_remaining_emission_accumulator_filetest.gno	Remaining gov emission accumulator repeat-1000 claim-716	execution-segment-repricing	2604701	2873033	268332	0	0	0	266814	0	0	0	0	0	268.332	268.332	0.000000	+0.000268	+0.000268
gov_staker_remaining_emission_accumulator_filetest.gno	Remaining gov emission accumulator repeat-1000 claim-717	execution-segment-repricing	2609063	2877395	268332	0	0	0	266814	0	0	0	0	0	268.332	268.332	0.000000	+0.000268	+0.000268
gov_staker_remaining_emission_accumulator_filetest.gno	Remaining gov emission accumulator repeat-1000 claim-718	execution-segment-repricing	2610037	2878369	268332	0	0	0	266814	0	0	0	0	0	268.332	268.332	0.000000	+0.000268	+0.000268
gov_staker_remaining_emission_accumulator_filetest.gno	Remaining gov emission accumulator repeat-1000 claim-719	execution-segment-repricing	2609550	2877882	268332	0	0	0	266814	0	0	0	0	0	268.332	268.332	0.000000	+0.000268	+0.000268
gov_staker_remaining_emission_accumulator_filetest.gno	Remaining gov emission accumulator repeat-1000 claim-720	execution-segment-repricing	2609550	2877882	268332	0	0	0	266814	0	0	0	0	0	268.332	268.332	0.000000	+0.000268	+0.000268
gov_staker_remaining_emission_accumulator_filetest.gno	Remaining gov emission accumulator repeat-1000 claim-721	execution-segment-repricing	2609550	2877882	268332	0	0	0	266814	0	0	0	0	0	268.332	268.332	0.000000	+0.000268	+0.000268
gov_staker_remaining_emission_accumulator_filetest.gno	Remaining gov emission accumulator repeat-1000 claim-722	execution-segment-repricing	2609550	2877882	268332	0	0	0	266814	0	0	0	0	0	268.332	268.332	0.000000	+0.000268	+0.000268
gov_staker_remaining_emission_accumulator_filetest.gno	Remaining gov emission accumulator repeat-1000 claim-723	execution-segment-repricing	2606255	2874587	268332	0	0	0	266814	0	0	0	0	0	268.332	268.332	0.000000	+0.000268	+0.000268
gov_staker_remaining_emission_accumulator_filetest.gno	Remaining gov emission accumulator repeat-1000 claim-724	execution-segment-repricing	2609063	2877395	268332	0	0	0	266814	0	0	0	0	0	268.332	268.332	0.000000	+0.000268	+0.000268
gov_staker_remaining_emission_accumulator_filetest.gno	Remaining gov emission accumulator repeat-1000 claim-725	execution-segment-repricing	2609550	2877882	268332	0	0	0	266814	0	0	0	0	0	268.332	268.332	0.000000	+0.000268	+0.000268
gov_staker_remaining_emission_accumulator_filetest.gno	Remaining gov emission accumulator repeat-1000 claim-726	execution-segment-repricing	2609063	2877395	268332	0	0	0	266814	0	0	0	0	0	268.332	268.332	0.000000	+0.000268	+0.000268
gov_staker_remaining_emission_accumulator_filetest.gno	Remaining gov emission accumulator repeat-1000 claim-727	execution-segment-repricing	2610037	2878369	268332	0	0	0	266814	0	0	0	0	0	268.332	268.332	0.000000	+0.000268	+0.000268
gov_staker_remaining_emission_accumulator_filetest.gno	Remaining gov emission accumulator repeat-1000 claim-728	execution-segment-repricing	2610037	2878369	268332	0	0	0	266814	0	0	0	0	0	268.332	268.332	0.000000	+0.000268	+0.000268
gov_staker_remaining_emission_accumulator_filetest.gno	Remaining gov emission accumulator repeat-1000 claim-729	execution-segment-repricing	2609550	2877882	268332	0	0	0	266814	0	0	0	0	0	268.332	268.332	0.000000	+0.000268	+0.000268
gov_staker_remaining_emission_accumulator_filetest.gno	Remaining gov emission accumulator repeat-1000 claim-730	execution-segment-repricing	2609550	2877882	268332	0	0	0	266814	0	0	0	0	0	268.332	268.332	0.000000	+0.000268	+0.000268
gov_staker_remaining_emission_accumulator_filetest.gno	Remaining gov emission accumulator repeat-1000 claim-731	execution-segment-repricing	2605768	2874100	268332	0	0	0	266814	0	0	0	0	0	268.332	268.332	0.000000	+0.000268	+0.000268
gov_staker_remaining_emission_accumulator_filetest.gno	Remaining gov emission accumulator repeat-1000 claim-732	execution-segment-repricing	2609063	2877395	268332	0	0	0	266814	0	0	0	0	0	268.332	268.332	0.000000	+0.000268	+0.000268
gov_staker_remaining_emission_accumulator_filetest.gno	Remaining gov emission accumulator repeat-1000 claim-733	execution-segment-repricing	2609550	2877882	268332	0	0	0	266814	0	0	0	0	0	268.332	268.332	0.000000	+0.000268	+0.000268
gov_staker_remaining_emission_accumulator_filetest.gno	Remaining gov emission accumulator repeat-1000 claim-734	execution-segment-repricing	2605768	2874100	268332	0	0	0	266814	0	0	0	0	0	268.332	268.332	0.000000	+0.000268	+0.000268
gov_staker_remaining_emission_accumulator_filetest.gno	Remaining gov emission accumulator repeat-1000 claim-735	execution-segment-repricing	2609550	2877882	268332	0	0	0	266814	0	0	0	0	0	268.332	268.332	0.000000	+0.000268	+0.000268
gov_staker_remaining_emission_accumulator_filetest.gno	Remaining gov emission accumulator repeat-1000 claim-736	execution-segment-repricing	2610037	2878369	268332	0	0	0	266814	0	0	0	0	0	268.332	268.332	0.000000	+0.000268	+0.000268
gov_staker_remaining_emission_accumulator_filetest.gno	Remaining gov emission accumulator repeat-1000 claim-737	execution-segment-repricing	2610037	2878369	268332	0	0	0	266814	0	0	0	0	0	268.332	268.332	0.000000	+0.000268	+0.000268
gov_staker_remaining_emission_accumulator_filetest.gno	Remaining gov emission accumulator repeat-1000 claim-738	execution-segment-repricing	2605768	2874100	268332	0	0	0	266814	0	0	0	0	0	268.332	268.332	0.000000	+0.000268	+0.000268
gov_staker_remaining_emission_accumulator_filetest.gno	Remaining gov emission accumulator repeat-1000 claim-739	execution-segment-repricing	2609063	2877395	268332	0	0	0	266814	0	0	0	0	0	268.332	268.332	0.000000	+0.000268	+0.000268
gov_staker_remaining_emission_accumulator_filetest.gno	Remaining gov emission accumulator repeat-1000 claim-740	execution-segment-repricing	2609550	2877882	268332	0	0	0	266814	0	0	0	0	0	268.332	268.332	0.000000	+0.000268	+0.000268
gov_staker_remaining_emission_accumulator_filetest.gno	Remaining gov emission accumulator repeat-1000 claim-741	execution-segment-repricing	2609063	2877395	268332	0	0	0	266814	0	0	0	0	0	268.332	268.332	0.000000	+0.000268	+0.000268
gov_staker_remaining_emission_accumulator_filetest.gno	Remaining gov emission accumulator repeat-1000 claim-742	execution-segment-repricing	2609550	2877882	268332	0	0	0	266814	0	0	0	0	0	268.332	268.332	0.000000	+0.000268	+0.000268
gov_staker_remaining_emission_accumulator_filetest.gno	Remaining gov emission accumulator repeat-1000 claim-743	execution-segment-repricing	2609550	2877882	268332	0	0	0	266814	0	0	0	0	0	268.332	268.332	0.000000	+0.000268	+0.000268
gov_staker_remaining_emission_accumulator_filetest.gno	Remaining gov emission accumulator repeat-1000 claim-744	execution-segment-repricing	2610037	2878369	268332	0	0	0	266814	0	0	0	0	0	268.332	268.332	0.000000	+0.000268	+0.000268
gov_staker_remaining_emission_accumulator_filetest.gno	Remaining gov emission accumulator repeat-1000 claim-745	execution-segment-repricing	2602473	2870805	268332	0	0	0	266814	0	0	0	0	0	268.332	268.332	0.000000	+0.000268	+0.000268
gov_staker_remaining_emission_accumulator_filetest.gno	Remaining gov emission accumulator repeat-1000 claim-746	execution-segment-repricing	2609550	2877882	268332	0	0	0	266814	0	0	0	0	0	268.332	268.332	0.000000	+0.000268	+0.000268
gov_staker_remaining_emission_accumulator_filetest.gno	Remaining gov emission accumulator repeat-1000 claim-747	execution-segment-repricing	2609550	2877882	268332	0	0	0	266814	0	0	0	0	0	268.332	268.332	0.000000	+0.000268	+0.000268
gov_staker_remaining_emission_accumulator_filetest.gno	Remaining gov emission accumulator repeat-1000 claim-748	execution-segment-repricing	2609063	2877395	268332	0	0	0	266814	0	0	0	0	0	268.332	268.332	0.000000	+0.000268	+0.000268
gov_staker_remaining_emission_accumulator_filetest.gno	Remaining gov emission accumulator repeat-1000 claim-749	execution-segment-repricing	2609550	2877882	268332	0	0	0	266814	0	0	0	0	0	268.332	268.332	0.000000	+0.000268	+0.000268
gov_staker_remaining_emission_accumulator_filetest.gno	Remaining gov emission accumulator repeat-1000 claim-750	execution-segment-repricing	2609063	2877395	268332	0	0	0	266814	0	0	0	0	0	268.332	268.332	0.000000	+0.000268	+0.000268
gov_staker_remaining_emission_accumulator_filetest.gno	Remaining gov emission accumulator repeat-1000 claim-751	execution-segment-repricing	2610037	2878369	268332	0	0	0	266814	0	0	0	0	0	268.332	268.332	0.000000	+0.000268	+0.000268
gov_staker_remaining_emission_accumulator_filetest.gno	Remaining gov emission accumulator repeat-1000 claim-752	execution-segment-repricing	2605281	2873613	268332	0	0	0	266814	0	0	0	0	0	268.332	268.332	0.000000	+0.000268	+0.000268
gov_staker_remaining_emission_accumulator_filetest.gno	Remaining gov emission accumulator repeat-1000 claim-753	execution-segment-repricing	2609550	2877882	268332	0	0	0	266814	0	0	0	0	0	268.332	268.332	0.000000	+0.000268	+0.000268
gov_staker_remaining_emission_accumulator_filetest.gno	Remaining gov emission accumulator repeat-1000 claim-754	execution-segment-repricing	2605768	2874100	268332	0	0	0	266814	0	0	0	0	0	268.332	268.332	0.000000	+0.000268	+0.000268
gov_staker_remaining_emission_accumulator_filetest.gno	Remaining gov emission accumulator repeat-1000 claim-755	execution-segment-repricing	2609550	2877882	268332	0	0	0	266814	0	0	0	0	0	268.332	268.332	0.000000	+0.000268	+0.000268
gov_staker_remaining_emission_accumulator_filetest.gno	Remaining gov emission accumulator repeat-1000 claim-756	execution-segment-repricing	2609550	2877882	268332	0	0	0	266814	0	0	0	0	0	268.332	268.332	0.000000	+0.000268	+0.000268
gov_staker_remaining_emission_accumulator_filetest.gno	Remaining gov emission accumulator repeat-1000 claim-757	execution-segment-repricing	2609063	2877395	268332	0	0	0	266814	0	0	0	0	0	268.332	268.332	0.000000	+0.000268	+0.000268
gov_staker_remaining_emission_accumulator_filetest.gno	Remaining gov emission accumulator repeat-1000 claim-758	execution-segment-repricing	2610037	2878369	268332	0	0	0	266814	0	0	0	0	0	268.332	268.332	0.000000	+0.000268	+0.000268
gov_staker_remaining_emission_accumulator_filetest.gno	Remaining gov emission accumulator repeat-1000 claim-759	execution-segment-repricing	2609063	2877395	268332	0	0	0	266814	0	0	0	0	0	268.332	268.332	0.000000	+0.000268	+0.000268
gov_staker_remaining_emission_accumulator_filetest.gno	Remaining gov emission accumulator repeat-1000 claim-760	execution-segment-repricing	2609550	2877882	268332	0	0	0	266814	0	0	0	0	0	268.332	268.332	0.000000	+0.000268	+0.000268
gov_staker_remaining_emission_accumulator_filetest.gno	Remaining gov emission accumulator repeat-1000 claim-761	execution-segment-repricing	2609063	2877395	268332	0	0	0	266814	0	0	0	0	0	268.332	268.332	0.000000	+0.000268	+0.000268
gov_staker_remaining_emission_accumulator_filetest.gno	Remaining gov emission accumulator repeat-1000 claim-762	execution-segment-repricing	2609550	2877882	268332	0	0	0	266814	0	0	0	0	0	268.332	268.332	0.000000	+0.000268	+0.000268
gov_staker_remaining_emission_accumulator_filetest.gno	Remaining gov emission accumulator repeat-1000 claim-763	execution-segment-repricing	2609063	2877395	268332	0	0	0	266814	0	0	0	0	0	268.332	268.332	0.000000	+0.000268	+0.000268
gov_staker_remaining_emission_accumulator_filetest.gno	Remaining gov emission accumulator repeat-1000 claim-764	execution-segment-repricing	2609550	2877882	268332	0	0	0	266814	0	0	0	0	0	268.332	268.332	0.000000	+0.000268	+0.000268
gov_staker_remaining_emission_accumulator_filetest.gno	Remaining gov emission accumulator repeat-1000 claim-765	execution-segment-repricing	2605768	2874100	268332	0	0	0	266814	0	0	0	0	0	268.332	268.332	0.000000	+0.000268	+0.000268
gov_staker_remaining_emission_accumulator_filetest.gno	Remaining gov emission accumulator repeat-1000 claim-766	execution-segment-repricing	2609063	2877395	268332	0	0	0	266814	0	0	0	0	0	268.332	268.332	0.000000	+0.000268	+0.000268
gov_staker_remaining_emission_accumulator_filetest.gno	Remaining gov emission accumulator repeat-1000 claim-767	execution-segment-repricing	2609550	2877882	268332	0	0	0	266814	0	0	0	0	0	268.332	268.332	0.000000	+0.000268	+0.000268
gov_staker_remaining_emission_accumulator_filetest.gno	Remaining gov emission accumulator repeat-1000 claim-768	execution-segment-repricing	2608576	2876908	268332	0	0	0	266814	0	0	0	0	0	268.332	268.332	0.000000	+0.000268	+0.000268
gov_staker_remaining_emission_accumulator_filetest.gno	Remaining gov emission accumulator repeat-1000 claim-769	execution-segment-repricing	2609550	2877882	268332	0	0	0	266814	0	0	0	0	0	268.332	268.332	0.000000	+0.000268	+0.000268
gov_staker_remaining_emission_accumulator_filetest.gno	Remaining gov emission accumulator repeat-1000 claim-770	execution-segment-repricing	2609063	2877395	268332	0	0	0	266814	0	0	0	0	0	268.332	268.332	0.000000	+0.000268	+0.000268
gov_staker_remaining_emission_accumulator_filetest.gno	Remaining gov emission accumulator repeat-1000 claim-771	execution-segment-repricing	2609550	2877882	268332	0	0	0	266814	0	0	0	0	0	268.332	268.332	0.000000	+0.000268	+0.000268
gov_staker_remaining_emission_accumulator_filetest.gno	Remaining gov emission accumulator repeat-1000 claim-772	execution-segment-repricing	2609063	2877395	268332	0	0	0	266814	0	0	0	0	0	268.332	268.332	0.000000	+0.000268	+0.000268
gov_staker_remaining_emission_accumulator_filetest.gno	Remaining gov emission accumulator repeat-1000 claim-773	execution-segment-repricing	2609550	2877882	268332	0	0	0	266814	0	0	0	0	0	268.332	268.332	0.000000	+0.000268	+0.000268
gov_staker_remaining_emission_accumulator_filetest.gno	Remaining gov emission accumulator repeat-1000 claim-774	execution-segment-repricing	2605768	2874100	268332	0	0	0	266814	0	0	0	0	0	268.332	268.332	0.000000	+0.000268	+0.000268
gov_staker_remaining_emission_accumulator_filetest.gno	Remaining gov emission accumulator repeat-1000 claim-775	execution-segment-repricing	2608576	2876908	268332	0	0	0	266814	0	0	0	0	0	268.332	268.332	0.000000	+0.000268	+0.000268
gov_staker_remaining_emission_accumulator_filetest.gno	Remaining gov emission accumulator repeat-1000 claim-776	execution-segment-repricing	2605768	2874100	268332	0	0	0	266814	0	0	0	0	0	268.332	268.332	0.000000	+0.000268	+0.000268
gov_staker_remaining_emission_accumulator_filetest.gno	Remaining gov emission accumulator repeat-1000 claim-777	execution-segment-repricing	2609063	2877395	268332	0	0	0	266814	0	0	0	0	0	268.332	268.332	0.000000	+0.000268	+0.000268
gov_staker_remaining_emission_accumulator_filetest.gno	Remaining gov emission accumulator repeat-1000 claim-778	execution-segment-repricing	2609550	2877882	268332	0	0	0	266814	0	0	0	0	0	268.332	268.332	0.000000	+0.000268	+0.000268
gov_staker_remaining_emission_accumulator_filetest.gno	Remaining gov emission accumulator repeat-1000 claim-779	execution-segment-repricing	2609063	2877395	268332	0	0	0	266814	0	0	0	0	0	268.332	268.332	0.000000	+0.000268	+0.000268
gov_staker_remaining_emission_accumulator_filetest.gno	Remaining gov emission accumulator repeat-1000 claim-780	execution-segment-repricing	2609550	2877882	268332	0	0	0	266814	0	0	0	0	0	268.332	268.332	0.000000	+0.000268	+0.000268
gov_staker_remaining_emission_accumulator_filetest.gno	Remaining gov emission accumulator repeat-1000 claim-781	execution-segment-repricing	2606255	2874587	268332	0	0	0	266814	0	0	0	0	0	268.332	268.332	0.000000	+0.000268	+0.000268
gov_staker_remaining_emission_accumulator_filetest.gno	Remaining gov emission accumulator repeat-1000 claim-782	execution-segment-repricing	2609063	2877395	268332	0	0	0	266814	0	0	0	0	0	268.332	268.332	0.000000	+0.000268	+0.000268
gov_staker_remaining_emission_accumulator_filetest.gno	Remaining gov emission accumulator repeat-1000 claim-783	execution-segment-repricing	2609063	2877395	268332	0	0	0	266814	0	0	0	0	0	268.332	268.332	0.000000	+0.000268	+0.000268
gov_staker_remaining_emission_accumulator_filetest.gno	Remaining gov emission accumulator repeat-1000 claim-784	execution-segment-repricing	2608576	2876908	268332	0	0	0	266814	0	0	0	0	0	268.332	268.332	0.000000	+0.000268	+0.000268
gov_staker_remaining_emission_accumulator_filetest.gno	Remaining gov emission accumulator repeat-1000 claim-785	execution-segment-repricing	2609063	2877395	268332	0	0	0	266814	0	0	0	0	0	268.332	268.332	0.000000	+0.000268	+0.000268
gov_staker_remaining_emission_accumulator_filetest.gno	Remaining gov emission accumulator repeat-1000 claim-786	execution-segment-repricing	2609550	2877882	268332	0	0	0	266814	0	0	0	0	0	268.332	268.332	0.000000	+0.000268	+0.000268
gov_staker_remaining_emission_accumulator_filetest.gno	Remaining gov emission accumulator repeat-1000 claim-787	execution-segment-repricing	2605768	2874100	268332	0	0	0	266814	0	0	0	0	0	268.332	268.332	0.000000	+0.000268	+0.000268
gov_staker_remaining_emission_accumulator_filetest.gno	Remaining gov emission accumulator repeat-1000 claim-788	execution-segment-repricing	2605768	2874100	268332	0	0	0	266814	0	0	0	0	0	268.332	268.332	0.000000	+0.000268	+0.000268
gov_staker_remaining_emission_accumulator_filetest.gno	Remaining gov emission accumulator repeat-1000 claim-789	execution-segment-repricing	2609550	2877882	268332	0	0	0	266814	0	0	0	0	0	268.332	268.332	0.000000	+0.000268	+0.000268
gov_staker_remaining_emission_accumulator_filetest.gno	Remaining gov emission accumulator repeat-1000 claim-790	execution-segment-repricing	2609550	2877882	268332	0	0	0	266814	0	0	0	0	0	268.332	268.332	0.000000	+0.000268	+0.000268
gov_staker_remaining_emission_accumulator_filetest.gno	Remaining gov emission accumulator repeat-1000 claim-791	execution-segment-repricing	2609550	2877882	268332	0	0	0	266814	0	0	0	0	0	268.332	268.332	0.000000	+0.000268	+0.000268
gov_staker_remaining_emission_accumulator_filetest.gno	Remaining gov emission accumulator repeat-1000 claim-792	execution-segment-repricing	2609550	2877882	268332	0	0	0	266814	0	0	0	0	0	268.332	268.332	0.000000	+0.000268	+0.000268
gov_staker_remaining_emission_accumulator_filetest.gno	Remaining gov emission accumulator repeat-1000 claim-793	execution-segment-repricing	2609063	2877395	268332	0	0	0	266814	0	0	0	0	0	268.332	268.332	0.000000	+0.000268	+0.000268
gov_staker_remaining_emission_accumulator_filetest.gno	Remaining gov emission accumulator repeat-1000 claim-794	execution-segment-repricing	2609550	2877882	268332	0	0	0	266814	0	0	0	0	0	268.332	268.332	0.000000	+0.000268	+0.000268
gov_staker_remaining_emission_accumulator_filetest.gno	Remaining gov emission accumulator repeat-1000 claim-795	execution-segment-repricing	2610037	2878369	268332	0	0	0	266814	0	0	0	0	0	268.332	268.332	0.000000	+0.000268	+0.000268
gov_staker_remaining_emission_accumulator_filetest.gno	Remaining gov emission accumulator repeat-1000 claim-796	execution-segment-repricing	2609063	2877395	268332	0	0	0	266814	0	0	0	0	0	268.332	268.332	0.000000	+0.000268	+0.000268
gov_staker_remaining_emission_accumulator_filetest.gno	Remaining gov emission accumulator repeat-1000 claim-797	execution-segment-repricing	2610037	2878369	268332	0	0	0	266814	0	0	0	0	0	268.332	268.332	0.000000	+0.000268	+0.000268
gov_staker_remaining_emission_accumulator_filetest.gno	Remaining gov emission accumulator repeat-1000 claim-798	execution-segment-repricing	2605768	2874100	268332	0	0	0	266814	0	0	0	0	0	268.332	268.332	0.000000	+0.000268	+0.000268
gov_staker_remaining_emission_accumulator_filetest.gno	Remaining gov emission accumulator repeat-1000 claim-799	execution-segment-repricing	2610037	2878369	268332	0	0	0	266814	0	0	0	0	0	268.332	268.332	0.000000	+0.000268	+0.000268
gov_staker_remaining_emission_accumulator_filetest.gno	Remaining gov emission accumulator repeat-1000 claim-800	execution-segment-repricing	2609550	2877882	268332	0	0	0	266814	0	0	0	0	0	268.332	268.332	0.000000	+0.000268	+0.000268
gov_staker_remaining_emission_accumulator_filetest.gno	Remaining gov emission accumulator repeat-1000 claim-801	execution-segment-repricing	2609550	2877882	268332	0	0	0	266814	0	0	0	0	0	268.332	268.332	0.000000	+0.000268	+0.000268
gov_staker_remaining_emission_accumulator_filetest.gno	Remaining gov emission accumulator repeat-1000 claim-802	execution-segment-repricing	2609550	2877882	268332	0	0	0	266814	0	0	0	0	0	268.332	268.332	0.000000	+0.000268	+0.000268
gov_staker_remaining_emission_accumulator_filetest.gno	Remaining gov emission accumulator repeat-1000 claim-803	execution-segment-repricing	2609063	2877395	268332	0	0	0	266814	0	0	0	0	0	268.332	268.332	0.000000	+0.000268	+0.000268
gov_staker_remaining_emission_accumulator_filetest.gno	Remaining gov emission accumulator repeat-1000 claim-804	execution-segment-repricing	2610037	2878369	268332	0	0	0	266814	0	0	0	0	0	268.332	268.332	0.000000	+0.000268	+0.000268
gov_staker_remaining_emission_accumulator_filetest.gno	Remaining gov emission accumulator repeat-1000 claim-805	execution-segment-repricing	2609063	2877395	268332	0	0	0	266814	0	0	0	0	0	268.332	268.332	0.000000	+0.000268	+0.000268
gov_staker_remaining_emission_accumulator_filetest.gno	Remaining gov emission accumulator repeat-1000 claim-806	execution-segment-repricing	2610037	2878369	268332	0	0	0	266814	0	0	0	0	0	268.332	268.332	0.000000	+0.000268	+0.000268
gov_staker_remaining_emission_accumulator_filetest.gno	Remaining gov emission accumulator repeat-1000 claim-807	execution-segment-repricing	2609063	2877395	268332	0	0	0	266814	0	0	0	0	0	268.332	268.332	0.000000	+0.000268	+0.000268
gov_staker_remaining_emission_accumulator_filetest.gno	Remaining gov emission accumulator repeat-1000 claim-808	execution-segment-repricing	2610037	2878369	268332	0	0	0	266814	0	0	0	0	0	268.332	268.332	0.000000	+0.000268	+0.000268
gov_staker_remaining_emission_accumulator_filetest.gno	Remaining gov emission accumulator repeat-1000 claim-809	execution-segment-repricing	2605768	2874100	268332	0	0	0	266814	0	0	0	0	0	268.332	268.332	0.000000	+0.000268	+0.000268
gov_staker_remaining_emission_accumulator_filetest.gno	Remaining gov emission accumulator repeat-1000 claim-810	execution-segment-repricing	2605768	2874100	268332	0	0	0	266814	0	0	0	0	0	268.332	268.332	0.000000	+0.000268	+0.000268
gov_staker_remaining_emission_accumulator_filetest.gno	Remaining gov emission accumulator repeat-1000 claim-811	execution-segment-repricing	2609550	2877882	268332	0	0	0	266814	0	0	0	0	0	268.332	268.332	0.000000	+0.000268	+0.000268
gov_staker_remaining_emission_accumulator_filetest.gno	Remaining gov emission accumulator repeat-1000 claim-812	execution-segment-repricing	2609063	2877395	268332	0	0	0	266814	0	0	0	0	0	268.332	268.332	0.000000	+0.000268	+0.000268
gov_staker_remaining_emission_accumulator_filetest.gno	Remaining gov emission accumulator repeat-1000 claim-813	execution-segment-repricing	2610037	2878369	268332	0	0	0	266814	0	0	0	0	0	268.332	268.332	0.000000	+0.000268	+0.000268
gov_staker_remaining_emission_accumulator_filetest.gno	Remaining gov emission accumulator repeat-1000 claim-814	execution-segment-repricing	2609063	2877395	268332	0	0	0	266814	0	0	0	0	0	268.332	268.332	0.000000	+0.000268	+0.000268
gov_staker_remaining_emission_accumulator_filetest.gno	Remaining gov emission accumulator repeat-1000 claim-815	execution-segment-repricing	2610037	2878369	268332	0	0	0	266814	0	0	0	0	0	268.332	268.332	0.000000	+0.000268	+0.000268
gov_staker_remaining_emission_accumulator_filetest.gno	Remaining gov emission accumulator repeat-1000 claim-816	execution-segment-repricing	2609063	2877395	268332	0	0	0	266814	0	0	0	0	0	268.332	268.332	0.000000	+0.000268	+0.000268
gov_staker_remaining_emission_accumulator_filetest.gno	Remaining gov emission accumulator repeat-1000 claim-817	execution-segment-repricing	2606255	2874587	268332	0	0	0	266814	0	0	0	0	0	268.332	268.332	0.000000	+0.000268	+0.000268
gov_staker_remaining_emission_accumulator_filetest.gno	Remaining gov emission accumulator repeat-1000 claim-818	execution-segment-repricing	2609063	2877395	268332	0	0	0	266814	0	0	0	0	0	268.332	268.332	0.000000	+0.000268	+0.000268
gov_staker_remaining_emission_accumulator_filetest.gno	Remaining gov emission accumulator repeat-1000 claim-819	execution-segment-repricing	2609063	2877395	268332	0	0	0	266814	0	0	0	0	0	268.332	268.332	0.000000	+0.000268	+0.000268
gov_staker_remaining_emission_accumulator_filetest.gno	Remaining gov emission accumulator repeat-1000 claim-820	execution-segment-repricing	2606255	2874587	268332	0	0	0	266814	0	0	0	0	0	268.332	268.332	0.000000	+0.000268	+0.000268
gov_staker_remaining_emission_accumulator_filetest.gno	Remaining gov emission accumulator repeat-1000 claim-821	execution-segment-repricing	2609063	2877395	268332	0	0	0	266814	0	0	0	0	0	268.332	268.332	0.000000	+0.000268	+0.000268
gov_staker_remaining_emission_accumulator_filetest.gno	Remaining gov emission accumulator repeat-1000 claim-822	execution-segment-repricing	2610037	2878369	268332	0	0	0	266814	0	0	0	0	0	268.332	268.332	0.000000	+0.000268	+0.000268
gov_staker_remaining_emission_accumulator_filetest.gno	Remaining gov emission accumulator repeat-1000 claim-823	execution-segment-repricing	2609063	2877395	268332	0	0	0	266814	0	0	0	0	0	268.332	268.332	0.000000	+0.000268	+0.000268
gov_staker_remaining_emission_accumulator_filetest.gno	Remaining gov emission accumulator repeat-1000 claim-824	execution-segment-repricing	2606255	2874587	268332	0	0	0	266814	0	0	0	0	0	268.332	268.332	0.000000	+0.000268	+0.000268
gov_staker_remaining_emission_accumulator_filetest.gno	Remaining gov emission accumulator repeat-1000 claim-825	execution-segment-repricing	2609063	2877395	268332	0	0	0	266814	0	0	0	0	0	268.332	268.332	0.000000	+0.000268	+0.000268
gov_staker_remaining_emission_accumulator_filetest.gno	Remaining gov emission accumulator repeat-1000 claim-826	execution-segment-repricing	2609550	2877882	268332	0	0	0	266814	0	0	0	0	0	268.332	268.332	0.000000	+0.000268	+0.000268
gov_staker_remaining_emission_accumulator_filetest.gno	Remaining gov emission accumulator repeat-1000 claim-827	execution-segment-repricing	2609550	2877882	268332	0	0	0	266814	0	0	0	0	0	268.332	268.332	0.000000	+0.000268	+0.000268
gov_staker_remaining_emission_accumulator_filetest.gno	Remaining gov emission accumulator repeat-1000 claim-828	execution-segment-repricing	2609063	2877395	268332	0	0	0	266814	0	0	0	0	0	268.332	268.332	0.000000	+0.000268	+0.000268
gov_staker_remaining_emission_accumulator_filetest.gno	Remaining gov emission accumulator repeat-1000 claim-829	execution-segment-repricing	2606255	2874587	268332	0	0	0	266814	0	0	0	0	0	268.332	268.332	0.000000	+0.000268	+0.000268
gov_staker_remaining_emission_accumulator_filetest.gno	Remaining gov emission accumulator repeat-1000 claim-830	execution-segment-repricing	2609063	2877395	268332	0	0	0	266814	0	0	0	0	0	268.332	268.332	0.000000	+0.000268	+0.000268
gov_staker_remaining_emission_accumulator_filetest.gno	Remaining gov emission accumulator repeat-1000 claim-831	execution-segment-repricing	2601893	2870225	268332	0	0	0	266814	0	0	0	0	0	268.332	268.332	0.000000	+0.000268	+0.000268
gov_staker_remaining_emission_accumulator_filetest.gno	Remaining gov emission accumulator repeat-1000 claim-832	execution-segment-repricing	2609063	2877395	268332	0	0	0	266814	0	0	0	0	0	268.332	268.332	0.000000	+0.000268	+0.000268
gov_staker_remaining_emission_accumulator_filetest.gno	Remaining gov emission accumulator repeat-1000 claim-833	execution-segment-repricing	2609550	2877882	268332	0	0	0	266814	0	0	0	0	0	268.332	268.332	0.000000	+0.000268	+0.000268
gov_staker_remaining_emission_accumulator_filetest.gno	Remaining gov emission accumulator repeat-1000 claim-834	execution-segment-repricing	2609063	2877395	268332	0	0	0	266814	0	0	0	0	0	268.332	268.332	0.000000	+0.000268	+0.000268
gov_staker_remaining_emission_accumulator_filetest.gno	Remaining gov emission accumulator repeat-1000 claim-835	execution-segment-repricing	2609550	2877882	268332	0	0	0	266814	0	0	0	0	0	268.332	268.332	0.000000	+0.000268	+0.000268
gov_staker_remaining_emission_accumulator_filetest.gno	Remaining gov emission accumulator repeat-1000 claim-836	execution-segment-repricing	2609550	2877882	268332	0	0	0	266814	0	0	0	0	0	268.332	268.332	0.000000	+0.000268	+0.000268
gov_staker_remaining_emission_accumulator_filetest.gno	Remaining gov emission accumulator repeat-1000 claim-837	execution-segment-repricing	2609063	2877395	268332	0	0	0	266814	0	0	0	0	0	268.332	268.332	0.000000	+0.000268	+0.000268
gov_staker_remaining_emission_accumulator_filetest.gno	Remaining gov emission accumulator repeat-1000 claim-838	execution-segment-repricing	2609550	2877882	268332	0	0	0	266814	0	0	0	0	0	268.332	268.332	0.000000	+0.000268	+0.000268
gov_staker_remaining_emission_accumulator_filetest.gno	Remaining gov emission accumulator repeat-1000 claim-839	execution-segment-repricing	2608576	2876908	268332	0	0	0	266814	0	0	0	0	0	268.332	268.332	0.000000	+0.000268	+0.000268
gov_staker_remaining_emission_accumulator_filetest.gno	Remaining gov emission accumulator repeat-1000 claim-840	execution-segment-repricing	2605768	2874100	268332	0	0	0	266814	0	0	0	0	0	268.332	268.332	0.000000	+0.000268	+0.000268
gov_staker_remaining_emission_accumulator_filetest.gno	Remaining gov emission accumulator repeat-1000 claim-841	execution-segment-repricing	2609063	2877395	268332	0	0	0	266814	0	0	0	0	0	268.332	268.332	0.000000	+0.000268	+0.000268
gov_staker_remaining_emission_accumulator_filetest.gno	Remaining gov emission accumulator repeat-1000 claim-842	execution-segment-repricing	2609550	2877882	268332	0	0	0	266814	0	0	0	0	0	268.332	268.332	0.000000	+0.000268	+0.000268
gov_staker_remaining_emission_accumulator_filetest.gno	Remaining gov emission accumulator repeat-1000 claim-843	execution-segment-repricing	2609550	2877882	268332	0	0	0	266814	0	0	0	0	0	268.332	268.332	0.000000	+0.000268	+0.000268
gov_staker_remaining_emission_accumulator_filetest.gno	Remaining gov emission accumulator repeat-1000 claim-844	execution-segment-repricing	2609550	2877882	268332	0	0	0	266814	0	0	0	0	0	268.332	268.332	0.000000	+0.000268	+0.000268
gov_staker_remaining_emission_accumulator_filetest.gno	Remaining gov emission accumulator repeat-1000 claim-845	execution-segment-repricing	2609550	2877882	268332	0	0	0	266814	0	0	0	0	0	268.332	268.332	0.000000	+0.000268	+0.000268
gov_staker_remaining_emission_accumulator_filetest.gno	Remaining gov emission accumulator repeat-1000 claim-846	execution-segment-repricing	2605281	2873613	268332	0	0	0	266814	0	0	0	0	0	268.332	268.332	0.000000	+0.000268	+0.000268
gov_staker_remaining_emission_accumulator_filetest.gno	Remaining gov emission accumulator repeat-1000 claim-847	execution-segment-repricing	2609063	2877395	268332	0	0	0	266814	0	0	0	0	0	268.332	268.332	0.000000	+0.000268	+0.000268
gov_staker_remaining_emission_accumulator_filetest.gno	Remaining gov emission accumulator repeat-1000 claim-848	execution-segment-repricing	2609063	2877395	268332	0	0	0	266814	0	0	0	0	0	268.332	268.332	0.000000	+0.000268	+0.000268
gov_staker_remaining_emission_accumulator_filetest.gno	Remaining gov emission accumulator repeat-1000 claim-849	execution-segment-repricing	2609063	2877395	268332	0	0	0	266814	0	0	0	0	0	268.332	268.332	0.000000	+0.000268	+0.000268
gov_staker_remaining_emission_accumulator_filetest.gno	Remaining gov emission accumulator repeat-1000 claim-850	execution-segment-repricing	2609063	2877395	268332	0	0	0	266814	0	0	0	0	0	268.332	268.332	0.000000	+0.000268	+0.000268
gov_staker_remaining_emission_accumulator_filetest.gno	Remaining gov emission accumulator repeat-1000 claim-851	execution-segment-repricing	2605768	2874100	268332	0	0	0	266814	0	0	0	0	0	268.332	268.332	0.000000	+0.000268	+0.000268
gov_staker_remaining_emission_accumulator_filetest.gno	Remaining gov emission accumulator repeat-1000 claim-852	execution-segment-repricing	2609550	2877882	268332	0	0	0	266814	0	0	0	0	0	268.332	268.332	0.000000	+0.000268	+0.000268
gov_staker_remaining_emission_accumulator_filetest.gno	Remaining gov emission accumulator repeat-1000 claim-853	execution-segment-repricing	2605768	2874100	268332	0	0	0	266814	0	0	0	0	0	268.332	268.332	0.000000	+0.000268	+0.000268
gov_staker_remaining_emission_accumulator_filetest.gno	Remaining gov emission accumulator repeat-1000 claim-854	execution-segment-repricing	2609063	2877395	268332	0	0	0	266814	0	0	0	0	0	268.332	268.332	0.000000	+0.000268	+0.000268
gov_staker_remaining_emission_accumulator_filetest.gno	Remaining gov emission accumulator repeat-1000 claim-855	execution-segment-repricing	2609063	2877395	268332	0	0	0	266814	0	0	0	0	0	268.332	268.332	0.000000	+0.000268	+0.000268
gov_staker_remaining_emission_accumulator_filetest.gno	Remaining gov emission accumulator repeat-1000 claim-856	execution-segment-repricing	2609063	2877395	268332	0	0	0	266814	0	0	0	0	0	268.332	268.332	0.000000	+0.000268	+0.000268
gov_staker_remaining_emission_accumulator_filetest.gno	Remaining gov emission accumulator repeat-1000 claim-857	execution-segment-repricing	2609550	2877882	268332	0	0	0	266814	0	0	0	0	0	268.332	268.332	0.000000	+0.000268	+0.000268
gov_staker_remaining_emission_accumulator_filetest.gno	Remaining gov emission accumulator repeat-1000 claim-858	execution-segment-repricing	2609063	2877395	268332	0	0	0	266814	0	0	0	0	0	268.332	268.332	0.000000	+0.000268	+0.000268
gov_staker_remaining_emission_accumulator_filetest.gno	Remaining gov emission accumulator repeat-1000 claim-859	execution-segment-repricing	2609550	2877882	268332	0	0	0	266814	0	0	0	0	0	268.332	268.332	0.000000	+0.000268	+0.000268
gov_staker_remaining_emission_accumulator_filetest.gno	Remaining gov emission accumulator repeat-1000 claim-860	execution-segment-repricing	2605768	2874100	268332	0	0	0	266814	0	0	0	0	0	268.332	268.332	0.000000	+0.000268	+0.000268
gov_staker_remaining_emission_accumulator_filetest.gno	Remaining gov emission accumulator repeat-1000 claim-861	execution-segment-repricing	2609063	2877395	268332	0	0	0	266814	0	0	0	0	0	268.332	268.332	0.000000	+0.000268	+0.000268
gov_staker_remaining_emission_accumulator_filetest.gno	Remaining gov emission accumulator repeat-1000 claim-862	execution-segment-repricing	2605768	2874100	268332	0	0	0	266814	0	0	0	0	0	268.332	268.332	0.000000	+0.000268	+0.000268
gov_staker_remaining_emission_accumulator_filetest.gno	Remaining gov emission accumulator repeat-1000 claim-863	execution-segment-repricing	2609550	2877882	268332	0	0	0	266814	0	0	0	0	0	268.332	268.332	0.000000	+0.000268	+0.000268
gov_staker_remaining_emission_accumulator_filetest.gno	Remaining gov emission accumulator repeat-1000 claim-864	execution-segment-repricing	2609550	2877882	268332	0	0	0	266814	0	0	0	0	0	268.332	268.332	0.000000	+0.000268	+0.000268
gov_staker_remaining_emission_accumulator_filetest.gno	Remaining gov emission accumulator repeat-1000 claim-865	execution-segment-repricing	2609550	2877882	268332	0	0	0	266814	0	0	0	0	0	268.332	268.332	0.000000	+0.000268	+0.000268
gov_staker_remaining_emission_accumulator_filetest.gno	Remaining gov emission accumulator repeat-1000 claim-866	execution-segment-repricing	2609550	2877882	268332	0	0	0	266814	0	0	0	0	0	268.332	268.332	0.000000	+0.000268	+0.000268
gov_staker_remaining_emission_accumulator_filetest.gno	Remaining gov emission accumulator repeat-1000 claim-867	execution-segment-repricing	2604701	2873033	268332	0	0	0	266814	0	0	0	0	0	268.332	268.332	0.000000	+0.000268	+0.000268
gov_staker_remaining_emission_accumulator_filetest.gno	Remaining gov emission accumulator repeat-1000 claim-868	execution-segment-repricing	2609550	2877882	268332	0	0	0	266814	0	0	0	0	0	268.332	268.332	0.000000	+0.000268	+0.000268
gov_staker_remaining_emission_accumulator_filetest.gno	Remaining gov emission accumulator repeat-1000 claim-869	execution-segment-repricing	2609063	2877395	268332	0	0	0	266814	0	0	0	0	0	268.332	268.332	0.000000	+0.000268	+0.000268
gov_staker_remaining_emission_accumulator_filetest.gno	Remaining gov emission accumulator repeat-1000 claim-870	execution-segment-repricing	2609550	2877882	268332	0	0	0	266814	0	0	0	0	0	268.332	268.332	0.000000	+0.000268	+0.000268
gov_staker_remaining_emission_accumulator_filetest.gno	Remaining gov emission accumulator repeat-1000 claim-871	execution-segment-repricing	2609550	2877882	268332	0	0	0	266814	0	0	0	0	0	268.332	268.332	0.000000	+0.000268	+0.000268
gov_staker_remaining_emission_accumulator_filetest.gno	Remaining gov emission accumulator repeat-1000 claim-872	execution-segment-repricing	2610037	2878369	268332	0	0	0	266814	0	0	0	0	0	268.332	268.332	0.000000	+0.000268	+0.000268
gov_staker_remaining_emission_accumulator_filetest.gno	Remaining gov emission accumulator repeat-1000 claim-873	execution-segment-repricing	2606255	2874587	268332	0	0	0	266814	0	0	0	0	0	268.332	268.332	0.000000	+0.000268	+0.000268
gov_staker_remaining_emission_accumulator_filetest.gno	Remaining gov emission accumulator repeat-1000 claim-874	execution-segment-repricing	2609550	2877882	268332	0	0	0	266814	0	0	0	0	0	268.332	268.332	0.000000	+0.000268	+0.000268
gov_staker_remaining_emission_accumulator_filetest.gno	Remaining gov emission accumulator repeat-1000 claim-875	execution-segment-repricing	2609550	2877882	268332	0	0	0	266814	0	0	0	0	0	268.332	268.332	0.000000	+0.000268	+0.000268
gov_staker_remaining_emission_accumulator_filetest.gno	Remaining gov emission accumulator repeat-1000 claim-876	execution-segment-repricing	2609063	2877395	268332	0	0	0	266814	0	0	0	0	0	268.332	268.332	0.000000	+0.000268	+0.000268
gov_staker_remaining_emission_accumulator_filetest.gno	Remaining gov emission accumulator repeat-1000 claim-877	execution-segment-repricing	2609550	2877882	268332	0	0	0	266814	0	0	0	0	0	268.332	268.332	0.000000	+0.000268	+0.000268
gov_staker_remaining_emission_accumulator_filetest.gno	Remaining gov emission accumulator repeat-1000 claim-878	execution-segment-repricing	2609550	2877882	268332	0	0	0	266814	0	0	0	0	0	268.332	268.332	0.000000	+0.000268	+0.000268
gov_staker_remaining_emission_accumulator_filetest.gno	Remaining gov emission accumulator repeat-1000 claim-879	execution-segment-repricing	2610037	2878369	268332	0	0	0	266814	0	0	0	0	0	268.332	268.332	0.000000	+0.000268	+0.000268
gov_staker_remaining_emission_accumulator_filetest.gno	Remaining gov emission accumulator repeat-1000 claim-880	execution-segment-repricing	2609550	2877882	268332	0	0	0	266814	0	0	0	0	0	268.332	268.332	0.000000	+0.000268	+0.000268
gov_staker_remaining_emission_accumulator_filetest.gno	Remaining gov emission accumulator repeat-1000 claim-881	execution-segment-repricing	2610037	2878369	268332	0	0	0	266814	0	0	0	0	0	268.332	268.332	0.000000	+0.000268	+0.000268
gov_staker_remaining_emission_accumulator_filetest.gno	Remaining gov emission accumulator repeat-1000 claim-882	execution-segment-repricing	2605768	2874100	268332	0	0	0	266814	0	0	0	0	0	268.332	268.332	0.000000	+0.000268	+0.000268
gov_staker_remaining_emission_accumulator_filetest.gno	Remaining gov emission accumulator repeat-1000 claim-883	execution-segment-repricing	2609063	2877395	268332	0	0	0	266814	0	0	0	0	0	268.332	268.332	0.000000	+0.000268	+0.000268
gov_staker_remaining_emission_accumulator_filetest.gno	Remaining gov emission accumulator repeat-1000 claim-884	execution-segment-repricing	2605768	2874100	268332	0	0	0	266814	0	0	0	0	0	268.332	268.332	0.000000	+0.000268	+0.000268
gov_staker_remaining_emission_accumulator_filetest.gno	Remaining gov emission accumulator repeat-1000 claim-885	execution-segment-repricing	2609550	2877882	268332	0	0	0	266814	0	0	0	0	0	268.332	268.332	0.000000	+0.000268	+0.000268
gov_staker_remaining_emission_accumulator_filetest.gno	Remaining gov emission accumulator repeat-1000 claim-886	execution-segment-repricing	2609550	2877882	268332	0	0	0	266814	0	0	0	0	0	268.332	268.332	0.000000	+0.000268	+0.000268
gov_staker_remaining_emission_accumulator_filetest.gno	Remaining gov emission accumulator repeat-1000 claim-887	execution-segment-repricing	2609550	2877882	268332	0	0	0	266814	0	0	0	0	0	268.332	268.332	0.000000	+0.000268	+0.000268
gov_staker_remaining_emission_accumulator_filetest.gno	Remaining gov emission accumulator repeat-1000 claim-888	execution-segment-repricing	2609550	2877882	268332	0	0	0	266814	0	0	0	0	0	268.332	268.332	0.000000	+0.000268	+0.000268
gov_staker_remaining_emission_accumulator_filetest.gno	Remaining gov emission accumulator repeat-1000 claim-889	execution-segment-repricing	2605768	2874100	268332	0	0	0	266814	0	0	0	0	0	268.332	268.332	0.000000	+0.000268	+0.000268
gov_staker_remaining_emission_accumulator_filetest.gno	Remaining gov emission accumulator repeat-1000 claim-890	execution-segment-repricing	2609550	2877882	268332	0	0	0	266814	0	0	0	0	0	268.332	268.332	0.000000	+0.000268	+0.000268
gov_staker_remaining_emission_accumulator_filetest.gno	Remaining gov emission accumulator repeat-1000 claim-891	execution-segment-repricing	2609063	2877395	268332	0	0	0	266814	0	0	0	0	0	268.332	268.332	0.000000	+0.000268	+0.000268
gov_staker_remaining_emission_accumulator_filetest.gno	Remaining gov emission accumulator repeat-1000 claim-892	execution-segment-repricing	2609550	2877882	268332	0	0	0	266814	0	0	0	0	0	268.332	268.332	0.000000	+0.000268	+0.000268
gov_staker_remaining_emission_accumulator_filetest.gno	Remaining gov emission accumulator repeat-1000 claim-893	execution-segment-repricing	2609063	2877395	268332	0	0	0	266814	0	0	0	0	0	268.332	268.332	0.000000	+0.000268	+0.000268
gov_staker_remaining_emission_accumulator_filetest.gno	Remaining gov emission accumulator repeat-1000 claim-894	execution-segment-repricing	2609550	2877882	268332	0	0	0	266814	0	0	0	0	0	268.332	268.332	0.000000	+0.000268	+0.000268
gov_staker_remaining_emission_accumulator_filetest.gno	Remaining gov emission accumulator repeat-1000 claim-895	execution-segment-repricing	2604701	2873033	268332	0	0	0	266814	0	0	0	0	0	268.332	268.332	0.000000	+0.000268	+0.000268
gov_staker_remaining_emission_accumulator_filetest.gno	Remaining gov emission accumulator repeat-1000 claim-896	execution-segment-repricing	2605768	2874100	268332	0	0	0	266814	0	0	0	0	0	268.332	268.332	0.000000	+0.000268	+0.000268
gov_staker_remaining_emission_accumulator_filetest.gno	Remaining gov emission accumulator repeat-1000 claim-897	execution-segment-repricing	2609063	2877395	268332	0	0	0	266814	0	0	0	0	0	268.332	268.332	0.000000	+0.000268	+0.000268
gov_staker_remaining_emission_accumulator_filetest.gno	Remaining gov emission accumulator repeat-1000 claim-898	execution-segment-repricing	2609550	2877882	268332	0	0	0	266814	0	0	0	0	0	268.332	268.332	0.000000	+0.000268	+0.000268
gov_staker_remaining_emission_accumulator_filetest.gno	Remaining gov emission accumulator repeat-1000 claim-899	execution-segment-repricing	2610037	2878369	268332	0	0	0	266814	0	0	0	0	0	268.332	268.332	0.000000	+0.000268	+0.000268
gov_staker_remaining_emission_accumulator_filetest.gno	Remaining gov emission accumulator repeat-1000 claim-900	execution-segment-repricing	2609063	2877395	268332	0	0	0	266814	0	0	0	0	0	268.332	268.332	0.000000	+0.000268	+0.000268
gov_staker_remaining_emission_accumulator_filetest.gno	Remaining gov emission accumulator repeat-1000 claim-901	execution-segment-repricing	2609550	2877882	268332	0	0	0	266814	0	0	0	0	0	268.332	268.332	0.000000	+0.000268	+0.000268
gov_staker_remaining_emission_accumulator_filetest.gno	Remaining gov emission accumulator repeat-1000 claim-902	execution-segment-repricing	2609063	2877395	268332	0	0	0	266814	0	0	0	0	0	268.332	268.332	0.000000	+0.000268	+0.000268
gov_staker_remaining_emission_accumulator_filetest.gno	Remaining gov emission accumulator repeat-1000 claim-903	execution-segment-repricing	2605768	2874100	268332	0	0	0	266814	0	0	0	0	0	268.332	268.332	0.000000	+0.000268	+0.000268
gov_staker_remaining_emission_accumulator_filetest.gno	Remaining gov emission accumulator repeat-1000 claim-904	execution-segment-repricing	2605281	2873613	268332	0	0	0	266814	0	0	0	0	0	268.332	268.332	0.000000	+0.000268	+0.000268
gov_staker_remaining_emission_accumulator_filetest.gno	Remaining gov emission accumulator repeat-1000 claim-905	execution-segment-repricing	2609550	2877882	268332	0	0	0	266814	0	0	0	0	0	268.332	268.332	0.000000	+0.000268	+0.000268
gov_staker_remaining_emission_accumulator_filetest.gno	Remaining gov emission accumulator repeat-1000 claim-906	execution-segment-repricing	2609550	2877882	268332	0	0	0	266814	0	0	0	0	0	268.332	268.332	0.000000	+0.000268	+0.000268
gov_staker_remaining_emission_accumulator_filetest.gno	Remaining gov emission accumulator repeat-1000 claim-907	execution-segment-repricing	2609550	2877882	268332	0	0	0	266814	0	0	0	0	0	268.332	268.332	0.000000	+0.000268	+0.000268
gov_staker_remaining_emission_accumulator_filetest.gno	Remaining gov emission accumulator repeat-1000 claim-908	execution-segment-repricing	2610037	2878369	268332	0	0	0	266814	0	0	0	0	0	268.332	268.332	0.000000	+0.000268	+0.000268
gov_staker_remaining_emission_accumulator_filetest.gno	Remaining gov emission accumulator repeat-1000 claim-909	execution-segment-repricing	2609550	2877882	268332	0	0	0	266814	0	0	0	0	0	268.332	268.332	0.000000	+0.000268	+0.000268
gov_staker_remaining_emission_accumulator_filetest.gno	Remaining gov emission accumulator repeat-1000 claim-910	execution-segment-repricing	2609550	2877882	268332	0	0	0	266814	0	0	0	0	0	268.332	268.332	0.000000	+0.000268	+0.000268
gov_staker_remaining_emission_accumulator_filetest.gno	Remaining gov emission accumulator repeat-1000 claim-911	execution-segment-repricing	2608576	2876908	268332	0	0	0	266814	0	0	0	0	0	268.332	268.332	0.000000	+0.000268	+0.000268
gov_staker_remaining_emission_accumulator_filetest.gno	Remaining gov emission accumulator repeat-1000 claim-912	execution-segment-repricing	2609063	2877395	268332	0	0	0	266814	0	0	0	0	0	268.332	268.332	0.000000	+0.000268	+0.000268
gov_staker_remaining_emission_accumulator_filetest.gno	Remaining gov emission accumulator repeat-1000 claim-913	execution-segment-repricing	2608576	2876908	268332	0	0	0	266814	0	0	0	0	0	268.332	268.332	0.000000	+0.000268	+0.000268
gov_staker_remaining_emission_accumulator_filetest.gno	Remaining gov emission accumulator repeat-1000 claim-914	execution-segment-repricing	2609550	2877882	268332	0	0	0	266814	0	0	0	0	0	268.332	268.332	0.000000	+0.000268	+0.000268
gov_staker_remaining_emission_accumulator_filetest.gno	Remaining gov emission accumulator repeat-1000 claim-915	execution-segment-repricing	2606255	2874587	268332	0	0	0	266814	0	0	0	0	0	268.332	268.332	0.000000	+0.000268	+0.000268
gov_staker_remaining_emission_accumulator_filetest.gno	Remaining gov emission accumulator repeat-1000 claim-916	execution-segment-repricing	2609550	2877882	268332	0	0	0	266814	0	0	0	0	0	268.332	268.332	0.000000	+0.000268	+0.000268
gov_staker_remaining_emission_accumulator_filetest.gno	Remaining gov emission accumulator repeat-1000 claim-917	execution-segment-repricing	2610037	2878369	268332	0	0	0	266814	0	0	0	0	0	268.332	268.332	0.000000	+0.000268	+0.000268
gov_staker_remaining_emission_accumulator_filetest.gno	Remaining gov emission accumulator repeat-1000 claim-918	execution-segment-repricing	2605768	2874100	268332	0	0	0	266814	0	0	0	0	0	268.332	268.332	0.000000	+0.000268	+0.000268
gov_staker_remaining_emission_accumulator_filetest.gno	Remaining gov emission accumulator repeat-1000 claim-919	execution-segment-repricing	2609550	2877882	268332	0	0	0	266814	0	0	0	0	0	268.332	268.332	0.000000	+0.000268	+0.000268
gov_staker_remaining_emission_accumulator_filetest.gno	Remaining gov emission accumulator repeat-1000 claim-920	execution-segment-repricing	2608576	2876908	268332	0	0	0	266814	0	0	0	0	0	268.332	268.332	0.000000	+0.000268	+0.000268
gov_staker_remaining_emission_accumulator_filetest.gno	Remaining gov emission accumulator repeat-1000 claim-921	execution-segment-repricing	2609550	2877882	268332	0	0	0	266814	0	0	0	0	0	268.332	268.332	0.000000	+0.000268	+0.000268
gov_staker_remaining_emission_accumulator_filetest.gno	Remaining gov emission accumulator repeat-1000 claim-922	execution-segment-repricing	2609550	2877882	268332	0	0	0	266814	0	0	0	0	0	268.332	268.332	0.000000	+0.000268	+0.000268
gov_staker_remaining_emission_accumulator_filetest.gno	Remaining gov emission accumulator repeat-1000 claim-923	execution-segment-repricing	2609550	2877882	268332	0	0	0	266814	0	0	0	0	0	268.332	268.332	0.000000	+0.000268	+0.000268
gov_staker_remaining_emission_accumulator_filetest.gno	Remaining gov emission accumulator repeat-1000 claim-924	execution-segment-repricing	2609550	2877882	268332	0	0	0	266814	0	0	0	0	0	268.332	268.332	0.000000	+0.000268	+0.000268
gov_staker_remaining_emission_accumulator_filetest.gno	Remaining gov emission accumulator repeat-1000 claim-925	execution-segment-repricing	2605768	2874100	268332	0	0	0	266814	0	0	0	0	0	268.332	268.332	0.000000	+0.000268	+0.000268
gov_staker_remaining_emission_accumulator_filetest.gno	Remaining gov emission accumulator repeat-1000 claim-926	execution-segment-repricing	2605768	2874100	268332	0	0	0	266814	0	0	0	0	0	268.332	268.332	0.000000	+0.000268	+0.000268
gov_staker_remaining_emission_accumulator_filetest.gno	Remaining gov emission accumulator repeat-1000 claim-927	execution-segment-repricing	2609063	2877395	268332	0	0	0	266814	0	0	0	0	0	268.332	268.332	0.000000	+0.000268	+0.000268
gov_staker_remaining_emission_accumulator_filetest.gno	Remaining gov emission accumulator repeat-1000 claim-928	execution-segment-repricing	2609550	2877882	268332	0	0	0	266814	0	0	0	0	0	268.332	268.332	0.000000	+0.000268	+0.000268
gov_staker_remaining_emission_accumulator_filetest.gno	Remaining gov emission accumulator repeat-1000 claim-929	execution-segment-repricing	2609063	2877395	268332	0	0	0	266814	0	0	0	0	0	268.332	268.332	0.000000	+0.000268	+0.000268
gov_staker_remaining_emission_accumulator_filetest.gno	Remaining gov emission accumulator repeat-1000 claim-930	execution-segment-repricing	2609550	2877882	268332	0	0	0	266814	0	0	0	0	0	268.332	268.332	0.000000	+0.000268	+0.000268
gov_staker_remaining_emission_accumulator_filetest.gno	Remaining gov emission accumulator repeat-1000 claim-931	execution-segment-repricing	2609550	2877882	268332	0	0	0	266814	0	0	0	0	0	268.332	268.332	0.000000	+0.000268	+0.000268
gov_staker_remaining_emission_accumulator_filetest.gno	Remaining gov emission accumulator repeat-1000 claim-932	execution-segment-repricing	2605768	2874100	268332	0	0	0	266814	0	0	0	0	0	268.332	268.332	0.000000	+0.000268	+0.000268
gov_staker_remaining_emission_accumulator_filetest.gno	Remaining gov emission accumulator repeat-1000 claim-933	execution-segment-repricing	2609063	2877395	268332	0	0	0	266814	0	0	0	0	0	268.332	268.332	0.000000	+0.000268	+0.000268
gov_staker_remaining_emission_accumulator_filetest.gno	Remaining gov emission accumulator repeat-1000 claim-934	execution-segment-repricing	2609063	2877395	268332	0	0	0	266814	0	0	0	0	0	268.332	268.332	0.000000	+0.000268	+0.000268
gov_staker_remaining_emission_accumulator_filetest.gno	Remaining gov emission accumulator repeat-1000 claim-935	execution-segment-repricing	2609063	2877395	268332	0	0	0	266814	0	0	0	0	0	268.332	268.332	0.000000	+0.000268	+0.000268
gov_staker_remaining_emission_accumulator_filetest.gno	Remaining gov emission accumulator repeat-1000 claim-936	execution-segment-repricing	2609550	2877882	268332	0	0	0	266814	0	0	0	0	0	268.332	268.332	0.000000	+0.000268	+0.000268
gov_staker_remaining_emission_accumulator_filetest.gno	Remaining gov emission accumulator repeat-1000 claim-937	execution-segment-repricing	2605768	2874100	268332	0	0	0	266814	0	0	0	0	0	268.332	268.332	0.000000	+0.000268	+0.000268
gov_staker_remaining_emission_accumulator_filetest.gno	Remaining gov emission accumulator repeat-1000 claim-938	execution-segment-repricing	2609063	2877395	268332	0	0	0	266814	0	0	0	0	0	268.332	268.332	0.000000	+0.000268	+0.000268
gov_staker_remaining_emission_accumulator_filetest.gno	Remaining gov emission accumulator repeat-1000 claim-939	execution-segment-repricing	2606255	2874587	268332	0	0	0	266814	0	0	0	0	0	268.332	268.332	0.000000	+0.000268	+0.000268
gov_staker_remaining_emission_accumulator_filetest.gno	Remaining gov emission accumulator repeat-1000 claim-940	execution-segment-repricing	2608576	2876908	268332	0	0	0	266814	0	0	0	0	0	268.332	268.332	0.000000	+0.000268	+0.000268
gov_staker_remaining_emission_accumulator_filetest.gno	Remaining gov emission accumulator repeat-1000 claim-941	execution-segment-repricing	2609550	2877882	268332	0	0	0	266814	0	0	0	0	0	268.332	268.332	0.000000	+0.000268	+0.000268
gov_staker_remaining_emission_accumulator_filetest.gno	Remaining gov emission accumulator repeat-1000 claim-942	execution-segment-repricing	2609550	2877882	268332	0	0	0	266814	0	0	0	0	0	268.332	268.332	0.000000	+0.000268	+0.000268
gov_staker_remaining_emission_accumulator_filetest.gno	Remaining gov emission accumulator repeat-1000 claim-943	execution-segment-repricing	2609550	2877882	268332	0	0	0	266814	0	0	0	0	0	268.332	268.332	0.000000	+0.000268	+0.000268
gov_staker_remaining_emission_accumulator_filetest.gno	Remaining gov emission accumulator repeat-1000 claim-944	execution-segment-repricing	2610037	2878369	268332	0	0	0	266814	0	0	0	0	0	268.332	268.332	0.000000	+0.000268	+0.000268
gov_staker_remaining_emission_accumulator_filetest.gno	Remaining gov emission accumulator repeat-1000 claim-945	execution-segment-repricing	2610037	2878369	268332	0	0	0	266814	0	0	0	0	0	268.332	268.332	0.000000	+0.000268	+0.000268
gov_staker_remaining_emission_accumulator_filetest.gno	Remaining gov emission accumulator repeat-1000 claim-946	execution-segment-repricing	2609550	2877882	268332	0	0	0	266814	0	0	0	0	0	268.332	268.332	0.000000	+0.000268	+0.000268
gov_staker_remaining_emission_accumulator_filetest.gno	Remaining gov emission accumulator repeat-1000 claim-947	execution-segment-repricing	2609063	2877395	268332	0	0	0	266814	0	0	0	0	0	268.332	268.332	0.000000	+0.000268	+0.000268
gov_staker_remaining_emission_accumulator_filetest.gno	Remaining gov emission accumulator repeat-1000 claim-948	execution-segment-repricing	2605768	2874100	268332	0	0	0	266814	0	0	0	0	0	268.332	268.332	0.000000	+0.000268	+0.000268
gov_staker_remaining_emission_accumulator_filetest.gno	Remaining gov emission accumulator repeat-1000 claim-949	execution-segment-repricing	2609550	2877882	268332	0	0	0	266814	0	0	0	0	0	268.332	268.332	0.000000	+0.000268	+0.000268
gov_staker_remaining_emission_accumulator_filetest.gno	Remaining gov emission accumulator repeat-1000 claim-950	execution-segment-repricing	2609550	2877882	268332	0	0	0	266814	0	0	0	0	0	268.332	268.332	0.000000	+0.000268	+0.000268
gov_staker_remaining_emission_accumulator_filetest.gno	Remaining gov emission accumulator repeat-1000 claim-951	execution-segment-repricing	2609550	2877882	268332	0	0	0	266814	0	0	0	0	0	268.332	268.332	0.000000	+0.000268	+0.000268
gov_staker_remaining_emission_accumulator_filetest.gno	Remaining gov emission accumulator repeat-1000 claim-952	execution-segment-repricing	2610037	2878369	268332	0	0	0	266814	0	0	0	0	0	268.332	268.332	0.000000	+0.000268	+0.000268
gov_staker_remaining_emission_accumulator_filetest.gno	Remaining gov emission accumulator repeat-1000 claim-953	execution-segment-repricing	2610037	2878369	268332	0	0	0	266814	0	0	0	0	0	268.332	268.332	0.000000	+0.000268	+0.000268
gov_staker_remaining_emission_accumulator_filetest.gno	Remaining gov emission accumulator repeat-1000 claim-954	execution-segment-repricing	2609550	2877882	268332	0	0	0	266814	0	0	0	0	0	268.332	268.332	0.000000	+0.000268	+0.000268
gov_staker_remaining_emission_accumulator_filetest.gno	Remaining gov emission accumulator repeat-1000 claim-955	execution-segment-repricing	2609063	2877395	268332	0	0	0	266814	0	0	0	0	0	268.332	268.332	0.000000	+0.000268	+0.000268
gov_staker_remaining_emission_accumulator_filetest.gno	Remaining gov emission accumulator repeat-1000 claim-956	execution-segment-repricing	2609063	2877395	268332	0	0	0	266814	0	0	0	0	0	268.332	268.332	0.000000	+0.000268	+0.000268
gov_staker_remaining_emission_accumulator_filetest.gno	Remaining gov emission accumulator repeat-1000 claim-957	execution-segment-repricing	2609063	2877395	268332	0	0	0	266814	0	0	0	0	0	268.332	268.332	0.000000	+0.000268	+0.000268
gov_staker_remaining_emission_accumulator_filetest.gno	Remaining gov emission accumulator repeat-1000 claim-958	execution-segment-repricing	2609550	2877882	268332	0	0	0	266814	0	0	0	0	0	268.332	268.332	0.000000	+0.000268	+0.000268
gov_staker_remaining_emission_accumulator_filetest.gno	Remaining gov emission accumulator repeat-1000 claim-959	execution-segment-repricing	2606255	2874587	268332	0	0	0	266814	0	0	0	0	0	268.332	268.332	0.000000	+0.000268	+0.000268
gov_staker_remaining_emission_accumulator_filetest.gno	Remaining gov emission accumulator repeat-1000 claim-960	execution-segment-repricing	2610037	2878369	268332	0	0	0	266814	0	0	0	0	0	268.332	268.332	0.000000	+0.000268	+0.000268
gov_staker_remaining_emission_accumulator_filetest.gno	Remaining gov emission accumulator repeat-1000 claim-961	execution-segment-repricing	2606255	2874587	268332	0	0	0	266814	0	0	0	0	0	268.332	268.332	0.000000	+0.000268	+0.000268
gov_staker_remaining_emission_accumulator_filetest.gno	Remaining gov emission accumulator repeat-1000 claim-962	execution-segment-repricing	2609550	2877882	268332	0	0	0	266814	0	0	0	0	0	268.332	268.332	0.000000	+0.000268	+0.000268
gov_staker_remaining_emission_accumulator_filetest.gno	Remaining gov emission accumulator repeat-1000 claim-963	execution-segment-repricing	2609550	2877882	268332	0	0	0	266814	0	0	0	0	0	268.332	268.332	0.000000	+0.000268	+0.000268
gov_staker_remaining_emission_accumulator_filetest.gno	Remaining gov emission accumulator repeat-1000 claim-964	execution-segment-repricing	2609063	2877395	268332	0	0	0	266814	0	0	0	0	0	268.332	268.332	0.000000	+0.000268	+0.000268
gov_staker_remaining_emission_accumulator_filetest.gno	Remaining gov emission accumulator repeat-1000 claim-965	execution-segment-repricing	2609550	2877882	268332	0	0	0	266814	0	0	0	0	0	268.332	268.332	0.000000	+0.000268	+0.000268
gov_staker_remaining_emission_accumulator_filetest.gno	Remaining gov emission accumulator repeat-1000 claim-966	execution-segment-repricing	2609550	2877882	268332	0	0	0	266814	0	0	0	0	0	268.332	268.332	0.000000	+0.000268	+0.000268
gov_staker_remaining_emission_accumulator_filetest.gno	Remaining gov emission accumulator repeat-1000 claim-967	execution-segment-repricing	2609550	2877882	268332	0	0	0	266814	0	0	0	0	0	268.332	268.332	0.000000	+0.000268	+0.000268
gov_staker_remaining_emission_accumulator_filetest.gno	Remaining gov emission accumulator repeat-1000 claim-968	execution-segment-repricing	2602473	2870805	268332	0	0	0	266814	0	0	0	0	0	268.332	268.332	0.000000	+0.000268	+0.000268
gov_staker_remaining_emission_accumulator_filetest.gno	Remaining gov emission accumulator repeat-1000 claim-969	execution-segment-repricing	2609550	2877882	268332	0	0	0	266814	0	0	0	0	0	268.332	268.332	0.000000	+0.000268	+0.000268
gov_staker_remaining_emission_accumulator_filetest.gno	Remaining gov emission accumulator repeat-1000 claim-970	execution-segment-repricing	2604701	2873033	268332	0	0	0	266814	0	0	0	0	0	268.332	268.332	0.000000	+0.000268	+0.000268
gov_staker_remaining_emission_accumulator_filetest.gno	Remaining gov emission accumulator repeat-1000 claim-971	execution-segment-repricing	2609550	2877882	268332	0	0	0	266814	0	0	0	0	0	268.332	268.332	0.000000	+0.000268	+0.000268
gov_staker_remaining_emission_accumulator_filetest.gno	Remaining gov emission accumulator repeat-1000 claim-972	execution-segment-repricing	2609550	2877882	268332	0	0	0	266814	0	0	0	0	0	268.332	268.332	0.000000	+0.000268	+0.000268
gov_staker_remaining_emission_accumulator_filetest.gno	Remaining gov emission accumulator repeat-1000 claim-973	execution-segment-repricing	2609550	2877882	268332	0	0	0	266814	0	0	0	0	0	268.332	268.332	0.000000	+0.000268	+0.000268
gov_staker_remaining_emission_accumulator_filetest.gno	Remaining gov emission accumulator repeat-1000 claim-974	execution-segment-repricing	2609550	2877882	268332	0	0	0	266814	0	0	0	0	0	268.332	268.332	0.000000	+0.000268	+0.000268
gov_staker_remaining_emission_accumulator_filetest.gno	Remaining gov emission accumulator repeat-1000 claim-975	execution-segment-repricing	2605768	2874100	268332	0	0	0	266814	0	0	0	0	0	268.332	268.332	0.000000	+0.000268	+0.000268
gov_staker_remaining_emission_accumulator_filetest.gno	Remaining gov emission accumulator repeat-1000 claim-976	execution-segment-repricing	2609550	2877882	268332	0	0	0	266814	0	0	0	0	0	268.332	268.332	0.000000	+0.000268	+0.000268
gov_staker_remaining_emission_accumulator_filetest.gno	Remaining gov emission accumulator repeat-1000 claim-977	execution-segment-repricing	2609063	2877395	268332	0	0	0	266814	0	0	0	0	0	268.332	268.332	0.000000	+0.000268	+0.000268
gov_staker_remaining_emission_accumulator_filetest.gno	Remaining gov emission accumulator repeat-1000 claim-978	execution-segment-repricing	2609550	2877882	268332	0	0	0	266814	0	0	0	0	0	268.332	268.332	0.000000	+0.000268	+0.000268
gov_staker_remaining_emission_accumulator_filetest.gno	Remaining gov emission accumulator repeat-1000 claim-979	execution-segment-repricing	2605768	2874100	268332	0	0	0	266814	0	0	0	0	0	268.332	268.332	0.000000	+0.000268	+0.000268
gov_staker_remaining_emission_accumulator_filetest.gno	Remaining gov emission accumulator repeat-1000 claim-980	execution-segment-repricing	2609550	2877882	268332	0	0	0	266814	0	0	0	0	0	268.332	268.332	0.000000	+0.000268	+0.000268
gov_staker_remaining_emission_accumulator_filetest.gno	Remaining gov emission accumulator repeat-1000 claim-981	execution-segment-repricing	2609550	2877882	268332	0	0	0	266814	0	0	0	0	0	268.332	268.332	0.000000	+0.000268	+0.000268
gov_staker_remaining_emission_accumulator_filetest.gno	Remaining gov emission accumulator repeat-1000 claim-982	execution-segment-repricing	2609550	2877882	268332	0	0	0	266814	0	0	0	0	0	268.332	268.332	0.000000	+0.000268	+0.000268
gov_staker_remaining_emission_accumulator_filetest.gno	Remaining gov emission accumulator repeat-1000 claim-983	execution-segment-repricing	2609063	2877395	268332	0	0	0	266814	0	0	0	0	0	268.332	268.332	0.000000	+0.000268	+0.000268
gov_staker_remaining_emission_accumulator_filetest.gno	Remaining gov emission accumulator repeat-1000 claim-984	execution-segment-repricing	2609063	2877395	268332	0	0	0	266814	0	0	0	0	0	268.332	268.332	0.000000	+0.000268	+0.000268
gov_staker_remaining_emission_accumulator_filetest.gno	Remaining gov emission accumulator repeat-1000 claim-985	execution-segment-repricing	2609550	2877882	268332	0	0	0	266814	0	0	0	0	0	268.332	268.332	0.000000	+0.000268	+0.000268
gov_staker_remaining_emission_accumulator_filetest.gno	Remaining gov emission accumulator repeat-1000 claim-986	execution-segment-repricing	2609063	2877395	268332	0	0	0	266814	0	0	0	0	0	268.332	268.332	0.000000	+0.000268	+0.000268
gov_staker_remaining_emission_accumulator_filetest.gno	Remaining gov emission accumulator repeat-1000 claim-987	execution-segment-repricing	2609550	2877882	268332	0	0	0	266814	0	0	0	0	0	268.332	268.332	0.000000	+0.000268	+0.000268
gov_staker_remaining_emission_accumulator_filetest.gno	Remaining gov emission accumulator repeat-1000 claim-988	execution-segment-repricing	2609063	2877395	268332	0	0	0	266814	0	0	0	0	0	268.332	268.332	0.000000	+0.000268	+0.000268
gov_staker_remaining_emission_accumulator_filetest.gno	Remaining gov emission accumulator repeat-1000 claim-989	execution-segment-repricing	2610037	2878369	268332	0	0	0	266814	0	0	0	0	0	268.332	268.332	0.000000	+0.000268	+0.000268
gov_staker_remaining_emission_accumulator_filetest.gno	Remaining gov emission accumulator repeat-1000 claim-990	execution-segment-repricing	2605768	2874100	268332	0	0	0	266814	0	0	0	0	0	268.332	268.332	0.000000	+0.000268	+0.000268
gov_staker_remaining_emission_accumulator_filetest.gno	Remaining gov emission accumulator repeat-1000 claim-991	execution-segment-repricing	2609063	2877395	268332	0	0	0	266814	0	0	0	0	0	268.332	268.332	0.000000	+0.000268	+0.000268
gov_staker_remaining_emission_accumulator_filetest.gno	Remaining gov emission accumulator repeat-1000 claim-992	execution-segment-repricing	2609550	2877882	268332	0	0	0	266814	0	0	0	0	0	268.332	268.332	0.000000	+0.000268	+0.000268
gov_staker_remaining_emission_accumulator_filetest.gno	Remaining gov emission accumulator repeat-1000 claim-993	execution-segment-repricing	2609063	2877395	268332	0	0	0	266814	0	0	0	0	0	268.332	268.332	0.000000	+0.000268	+0.000268
gov_staker_remaining_emission_accumulator_filetest.gno	Remaining gov emission accumulator repeat-1000 claim-994	execution-segment-repricing	2609550	2877882	268332	0	0	0	266814	0	0	0	0	0	268.332	268.332	0.000000	+0.000268	+0.000268
gov_staker_remaining_emission_accumulator_filetest.gno	Remaining gov emission accumulator repeat-1000 claim-995	execution-segment-repricing	2609063	2877395	268332	0	0	0	266814	0	0	0	0	0	268.332	268.332	0.000000	+0.000268	+0.000268
gov_staker_remaining_emission_accumulator_filetest.gno	Remaining gov emission accumulator repeat-1000 claim-996	execution-segment-repricing	2610037	2878369	268332	0	0	0	266814	0	0	0	0	0	268.332	268.332	0.000000	+0.000268	+0.000268
gov_staker_remaining_emission_accumulator_filetest.gno	Remaining gov emission accumulator repeat-1000 claim-997	execution-segment-repricing	2605281	2873613	268332	0	0	0	266814	0	0	0	0	0	268.332	268.332	0.000000	+0.000268	+0.000268
gov_staker_remaining_emission_accumulator_filetest.gno	Remaining gov emission accumulator repeat-1000 claim-998	execution-segment-repricing	2609550	2877882	268332	0	0	0	266814	0	0	0	0	0	268.332	268.332	0.000000	+0.000268	+0.000268
gov_staker_remaining_emission_accumulator_filetest.gno	Remaining gov emission accumulator repeat-1000 claim-999	execution-segment-repricing	2609063	2877395	268332	0	0	0	266814	0	0	0	0	0	268.332	268.332	0.000000	+0.000268	+0.000268
gov_staker_remaining_emission_accumulator_filetest.gno	Remaining gov emission accumulator repeat-1000 claim-1000	execution-segment-repricing	2609063	2877395	268332	0	0	0	266814	0	0	0	0	0	268.332	268.332	0.000000	+0.000268	+0.000268
gov_staker_remaining_emission_accumulator_filetest.gno	Remaining gov emission accumulator no-new-reward claim	execution-segment-repricing	1464989	1734437	269448	0	0	0	266814	0	0	0	0	0	269.448	269.448	0.000000	+0.000269	+0.000269
gov_staker_remaining_emission_accumulator_filetest.gno	Remaining gov emission accumulator lifecycle undelegate	execution-segment-repricing	3047250	3322698	275448	1636	1636	0	274072	163600	163600	0	0	0	275.448	275.448	0.000000	+0.000275	+0.000275
gov_staker_remaining_emission_accumulator_filetest.gno	Remaining gov emission accumulator lifecycle withdraw	execution-segment-repricing	4769237	4769237	0	-6664	-6664	0	0	0	0	666400	666400	0	0	0	0.000000	0.000000	0.000000
gov_staker_remaining_emission_accumulator_filetest.gno	Remaining gov emission accumulator lifecycle restake	execution-segment-repricing	3747360	4022808	275448	6866	6866	0	274072	686600	686600	0	0	0	275.448	275.448	0.000000	+0.000275	+0.000275
gov_staker_remaining_fee_accumulator_filetest.gno	Remaining gov fee accumulator delegate allocation	execution-segment-repricing	3098401	3455656	357255	38282	38283	1	281330	3828200	3828300	0	0	100	357.255	457.255	+0.000100	+0.000357	+0.000457
gov_staker_remaining_fee_accumulator_filetest.gno	Remaining gov fee accumulator tokens-1	execution-segment-repricing	3674639	4151096	476457	378	-437	-815	473084	249900	168400	212100	212100	-81500	476.457	-81023.543	-0.081500	+0.000476	-0.081024
gov_staker_remaining_fee_accumulator_filetest.gno	Remaining gov fee accumulator tokens-2	execution-segment-repricing	5902047	6730998	828951	-1860	-2675	-815	819895	238200	156700	424200	424200	-81500	828.951	-80671.049	-0.081500	+0.000829	-0.080671
gov_staker_remaining_fee_accumulator_filetest.gno	Remaining gov fee accumulator tokens-3	execution-segment-repricing	8177318	9358025	1180707	-3992	-4807	-815	1166706	238200	156700	637400	637400	-81500	1180.707	-80319.293	-0.081500	+0.001181	-0.080319
gov_staker_remaining_fee_accumulator_filetest.gno	Remaining gov fee accumulator tokens-4	execution-segment-repricing	10463003	11994728	1531725	-6122	-6937	-815	1513517	238200	156700	850400	850400	-81500	1531.725	-79968.275	-0.081500	+0.001532	-0.079968
gov_staker_remaining_fee_accumulator_filetest.gno	Remaining gov fee accumulator repeat-1 claim-1	execution-segment-repricing	10470911	12153487	1682576	-8518	-8518	0	1661243	0	0	851800	851800	0	1682.576	1682.576	0.000000	+0.001683	+0.001683
gov_staker_remaining_fee_accumulator_filetest.gno	Remaining gov fee accumulator repeat-10 claim-1	execution-segment-repricing	10467892	12150468	1682576	-8525	-8525	0	1661243	0	0	852500	852500	0	1682.576	1682.576	0.000000	+0.001683	+0.001683
gov_staker_remaining_fee_accumulator_filetest.gno	Remaining gov fee accumulator repeat-10 claim-2	execution-segment-repricing	10471898	12154474	1682576	-8525	-8525	0	1661243	0	0	852500	852500	0	1682.576	1682.576	0.000000	+0.001683	+0.001683
gov_staker_remaining_fee_accumulator_filetest.gno	Remaining gov fee accumulator repeat-10 claim-3	execution-segment-repricing	10471411	12153987	1682576	-8525	-8525	0	1661243	0	0	852500	852500	0	1682.576	1682.576	0.000000	+0.001683	+0.001683
gov_staker_remaining_fee_accumulator_filetest.gno	Remaining gov fee accumulator repeat-10 claim-4	execution-segment-repricing	10471411	12153987	1682576	-8525	-8525	0	1661243	0	0	852500	852500	0	1682.576	1682.576	0.000000	+0.001683	+0.001683
gov_staker_remaining_fee_accumulator_filetest.gno	Remaining gov fee accumulator repeat-10 claim-5	execution-segment-repricing	10471947	12154523	1682576	-8525	-8525	0	1661243	0	0	852500	852500	0	1682.576	1682.576	0.000000	+0.001683	+0.001683
gov_staker_remaining_fee_accumulator_filetest.gno	Remaining gov fee accumulator repeat-10 claim-6	execution-segment-repricing	10472970	12155546	1682576	-8525	-8525	0	1661243	0	0	852500	852500	0	1682.576	1682.576	0.000000	+0.001683	+0.001683
gov_staker_remaining_fee_accumulator_filetest.gno	Remaining gov fee accumulator repeat-10 claim-7	execution-segment-repricing	10471185	12153761	1682576	-8525	-8525	0	1661243	0	0	852500	852500	0	1682.576	1682.576	0.000000	+0.001683	+0.001683
gov_staker_remaining_fee_accumulator_filetest.gno	Remaining gov fee accumulator repeat-10 claim-8	execution-segment-repricing	10475503	12158079	1682576	-8525	-8525	0	1661243	0	0	852500	852500	0	1682.576	1682.576	0.000000	+0.001683	+0.001683
gov_staker_remaining_fee_accumulator_filetest.gno	Remaining gov fee accumulator repeat-10 claim-9	execution-segment-repricing	10478798	12161374	1682576	-8525	-8525	0	1661243	0	0	852500	852500	0	1682.576	1682.576	0.000000	+0.001683	+0.001683
gov_staker_remaining_fee_accumulator_filetest.gno	Remaining gov fee accumulator repeat-10 claim-10	execution-segment-repricing	10471234	12153810	1682576	-8525	-8525	0	1661243	0	0	852500	852500	0	1682.576	1682.576	0.000000	+0.001683	+0.001683
gov_staker_remaining_fee_accumulator_filetest.gno	Remaining gov fee accumulator repeat-100 claim-1	execution-segment-repricing	10474792	12157368	1682576	-8525	-8525	0	1661243	0	0	852500	852500	0	1682.576	1682.576	0.000000	+0.001683	+0.001683
gov_staker_remaining_fee_accumulator_filetest.gno	Remaining gov fee accumulator repeat-100 claim-2	execution-segment-repricing	10475016	12157592	1682576	-8525	-8525	0	1661243	0	0	852500	852500	0	1682.576	1682.576	0.000000	+0.001683	+0.001683
gov_staker_remaining_fee_accumulator_filetest.gno	Remaining gov fee accumulator repeat-100 claim-3	execution-segment-repricing	10472208	12154784	1682576	-8525	-8525	0	1661243	0	0	852500	852500	0	1682.576	1682.576	0.000000	+0.001683	+0.001683
gov_staker_remaining_fee_accumulator_filetest.gno	Remaining gov fee accumulator repeat-100 claim-4	execution-segment-repricing	10479772	12162348	1682576	-8525	-8525	0	1661243	0	0	852500	852500	0	1682.576	1682.576	0.000000	+0.001683	+0.001683
gov_staker_remaining_fee_accumulator_filetest.gno	Remaining gov fee accumulator repeat-100 claim-5	execution-segment-repricing	10475990	12158566	1682576	-8525	-8525	0	1661243	0	0	852500	852500	0	1682.576	1682.576	0.000000	+0.001683	+0.001683
gov_staker_remaining_fee_accumulator_filetest.gno	Remaining gov fee accumulator repeat-100 claim-6	execution-segment-repricing	10471721	12154297	1682576	-8525	-8525	0	1661243	0	0	852500	852500	0	1682.576	1682.576	0.000000	+0.001683	+0.001683
gov_staker_remaining_fee_accumulator_filetest.gno	Remaining gov fee accumulator repeat-100 claim-7	execution-segment-repricing	10475016	12157592	1682576	-8525	-8525	0	1661243	0	0	852500	852500	0	1682.576	1682.576	0.000000	+0.001683	+0.001683
gov_staker_remaining_fee_accumulator_filetest.gno	Remaining gov fee accumulator repeat-100 claim-8	execution-segment-repricing	10474529	12157105	1682576	-8525	-8525	0	1661243	0	0	852500	852500	0	1682.576	1682.576	0.000000	+0.001683	+0.001683
gov_staker_remaining_fee_accumulator_filetest.gno	Remaining gov fee accumulator repeat-100 claim-9	execution-segment-repricing	10475016	12157592	1682576	-8525	-8525	0	1661243	0	0	852500	852500	0	1682.576	1682.576	0.000000	+0.001683	+0.001683
gov_staker_remaining_fee_accumulator_filetest.gno	Remaining gov fee accumulator repeat-100 claim-10	execution-segment-repricing	10475503	12158079	1682576	-8525	-8525	0	1661243	0	0	852500	852500	0	1682.576	1682.576	0.000000	+0.001683	+0.001683
gov_staker_remaining_fee_accumulator_filetest.gno	Remaining gov fee accumulator repeat-100 claim-11	execution-segment-repricing	10475016	12157592	1682576	-8525	-8525	0	1661243	0	0	852500	852500	0	1682.576	1682.576	0.000000	+0.001683	+0.001683
gov_staker_remaining_fee_accumulator_filetest.gno	Remaining gov fee accumulator repeat-100 claim-12	execution-segment-repricing	10475061	12157637	1682576	-8531	-8531	0	1661243	0	0	853100	853100	0	1682.576	1682.576	0.000000	+0.001683	+0.001683
gov_staker_remaining_fee_accumulator_filetest.gno	Remaining gov fee accumulator repeat-100 claim-13	execution-segment-repricing	10477914	12160490	1682576	-8543	-8543	0	1661243	0	0	854300	854300	0	1682.576	1682.576	0.000000	+0.001683	+0.001683
gov_staker_remaining_fee_accumulator_filetest.gno	Remaining gov fee accumulator repeat-100 claim-14	execution-segment-repricing	10481741	12164317	1682576	-8555	-8555	0	1661243	0	0	855500	855500	0	1682.576	1682.576	0.000000	+0.001683	+0.001683
gov_staker_remaining_fee_accumulator_filetest.gno	Remaining gov fee accumulator repeat-100 claim-15	execution-segment-repricing	10495832	12178408	1682576	-8567	-8567	0	1661243	0	0	856700	856700	0	1682.576	1682.576	0.000000	+0.001683	+0.001683
gov_staker_remaining_fee_accumulator_filetest.gno	Remaining gov fee accumulator repeat-100 claim-16	execution-segment-repricing	10513660	12196236	1682576	-8573	-8573	0	1661243	0	0	857300	857300	0	1682.576	1682.576	0.000000	+0.001683	+0.001683
gov_staker_remaining_fee_accumulator_filetest.gno	Remaining gov fee accumulator repeat-100 claim-17	execution-segment-repricing	10531488	12214064	1682576	-8573	-8573	0	1661243	0	0	857300	857300	0	1682.576	1682.576	0.000000	+0.001683	+0.001683
gov_staker_remaining_fee_accumulator_filetest.gno	Remaining gov fee accumulator repeat-100 claim-18	execution-segment-repricing	10547855	12230431	1682576	-8573	-8573	0	1661243	0	0	857300	857300	0	1682.576	1682.576	0.000000	+0.001683	+0.001683
gov_staker_remaining_fee_accumulator_filetest.gno	Remaining gov fee accumulator repeat-100 claim-19	execution-segment-repricing	10551637	12234213	1682576	-8573	-8573	0	1661243	0	0	857300	857300	0	1682.576	1682.576	0.000000	+0.001683	+0.001683
gov_staker_remaining_fee_accumulator_filetest.gno	Remaining gov fee accumulator repeat-100 claim-20	execution-segment-repricing	10547855	12230431	1682576	-8573	-8573	0	1661243	0	0	857300	857300	0	1682.576	1682.576	0.000000	+0.001683	+0.001683
gov_staker_remaining_fee_accumulator_filetest.gno	Remaining gov fee accumulator repeat-100 claim-21	execution-segment-repricing	10547855	12230431	1682576	-8573	-8573	0	1661243	0	0	857300	857300	0	1682.576	1682.576	0.000000	+0.001683	+0.001683
gov_staker_remaining_fee_accumulator_filetest.gno	Remaining gov fee accumulator repeat-100 claim-22	execution-segment-repricing	10548829	12231405	1682576	-8573	-8573	0	1661243	0	0	857300	857300	0	1682.576	1682.576	0.000000	+0.001683	+0.001683
gov_staker_remaining_fee_accumulator_filetest.gno	Remaining gov fee accumulator repeat-100 claim-23	execution-segment-repricing	10548829	12231405	1682576	-8573	-8573	0	1661243	0	0	857300	857300	0	1682.576	1682.576	0.000000	+0.001683	+0.001683
gov_staker_remaining_fee_accumulator_filetest.gno	Remaining gov fee accumulator repeat-100 claim-24	execution-segment-repricing	10551637	12234213	1682576	-8573	-8573	0	1661243	0	0	857300	857300	0	1682.576	1682.576	0.000000	+0.001683	+0.001683
gov_staker_remaining_fee_accumulator_filetest.gno	Remaining gov fee accumulator repeat-100 claim-25	execution-segment-repricing	10551150	12233726	1682576	-8573	-8573	0	1661243	0	0	857300	857300	0	1682.576	1682.576	0.000000	+0.001683	+0.001683
gov_staker_remaining_fee_accumulator_filetest.gno	Remaining gov fee accumulator repeat-100 claim-26	execution-segment-repricing	10550663	12233239	1682576	-8573	-8573	0	1661243	0	0	857300	857300	0	1682.576	1682.576	0.000000	+0.001683	+0.001683
gov_staker_remaining_fee_accumulator_filetest.gno	Remaining gov fee accumulator repeat-100 claim-27	execution-segment-repricing	10550663	12233239	1682576	-8573	-8573	0	1661243	0	0	857300	857300	0	1682.576	1682.576	0.000000	+0.001683	+0.001683
gov_staker_remaining_fee_accumulator_filetest.gno	Remaining gov fee accumulator repeat-100 claim-28	execution-segment-repricing	10551853	12234213	1682360	-8523	-8573	-50	1661243	5000	0	857300	857300	-5000	1682.36	-3317.64	-0.005000	+0.001682	-0.003318
gov_staker_remaining_fee_accumulator_filetest.gno	Remaining gov fee accumulator repeat-100 claim-29	execution-segment-repricing	10552376	12234700	1682324	-8573	-8573	0	1661243	0	0	857300	857300	0	1682.324	1682.324	0.000000	+0.001682	+0.001682
gov_staker_remaining_fee_accumulator_filetest.gno	Remaining gov fee accumulator repeat-100 claim-30	execution-segment-repricing	10552863	12235187	1682324	-8573	-8573	0	1661243	0	0	857300	857300	0	1682.324	1682.324	0.000000	+0.001682	+0.001682
gov_staker_remaining_fee_accumulator_filetest.gno	Remaining gov fee accumulator repeat-100 claim-31	execution-segment-repricing	10552376	12234700	1682324	-8573	-8573	0	1661243	0	0	857300	857300	0	1682.324	1682.324	0.000000	+0.001682	+0.001682
gov_staker_remaining_fee_accumulator_filetest.gno	Remaining gov fee accumulator repeat-100 claim-32	execution-segment-repricing	10552376	12234700	1682324	-8573	-8573	0	1661243	0	0	857300	857300	0	1682.324	1682.324	0.000000	+0.001682	+0.001682
gov_staker_remaining_fee_accumulator_filetest.gno	Remaining gov fee accumulator repeat-100 claim-33	execution-segment-repricing	10551889	12234213	1682324	-8573	-8573	0	1661243	0	0	857300	857300	0	1682.324	1682.324	0.000000	+0.001682	+0.001682
gov_staker_remaining_fee_accumulator_filetest.gno	Remaining gov fee accumulator repeat-100 claim-34	execution-segment-repricing	10551889	12234213	1682324	-8573	-8573	0	1661243	0	0	857300	857300	0	1682.324	1682.324	0.000000	+0.001682	+0.001682
gov_staker_remaining_fee_accumulator_filetest.gno	Remaining gov fee accumulator repeat-100 claim-35	execution-segment-repricing	10551889	12234213	1682324	-8573	-8573	0	1661243	0	0	857300	857300	0	1682.324	1682.324	0.000000	+0.001682	+0.001682
gov_staker_remaining_fee_accumulator_filetest.gno	Remaining gov fee accumulator repeat-100 claim-36	execution-segment-repricing	10551889	12234213	1682324	-8573	-8573	0	1661243	0	0	857300	857300	0	1682.324	1682.324	0.000000	+0.001682	+0.001682
gov_staker_remaining_fee_accumulator_filetest.gno	Remaining gov fee accumulator repeat-100 claim-37	execution-segment-repricing	10552376	12234700	1682324	-8573	-8573	0	1661243	0	0	857300	857300	0	1682.324	1682.324	0.000000	+0.001682	+0.001682
gov_staker_remaining_fee_accumulator_filetest.gno	Remaining gov fee accumulator repeat-100 claim-38	execution-segment-repricing	10551889	12234213	1682324	-8573	-8573	0	1661243	0	0	857300	857300	0	1682.324	1682.324	0.000000	+0.001682	+0.001682
gov_staker_remaining_fee_accumulator_filetest.gno	Remaining gov fee accumulator repeat-100 claim-39	execution-segment-repricing	10552376	12234700	1682324	-8573	-8573	0	1661243	0	0	857300	857300	0	1682.324	1682.324	0.000000	+0.001682	+0.001682
gov_staker_remaining_fee_accumulator_filetest.gno	Remaining gov fee accumulator repeat-100 claim-40	execution-segment-repricing	10551889	12234213	1682324	-8573	-8573	0	1661243	0	0	857300	857300	0	1682.324	1682.324	0.000000	+0.001682	+0.001682
gov_staker_remaining_fee_accumulator_filetest.gno	Remaining gov fee accumulator repeat-100 claim-41	execution-segment-repricing	10551889	12234213	1682324	-8573	-8573	0	1661243	0	0	857300	857300	0	1682.324	1682.324	0.000000	+0.001682	+0.001682
gov_staker_remaining_fee_accumulator_filetest.gno	Remaining gov fee accumulator repeat-100 claim-42	execution-segment-repricing	10552376	12234700	1682324	-8573	-8573	0	1661243	0	0	857300	857300	0	1682.324	1682.324	0.000000	+0.001682	+0.001682
gov_staker_remaining_fee_accumulator_filetest.gno	Remaining gov fee accumulator repeat-100 claim-43	execution-segment-repricing	10551889	12234213	1682324	-8573	-8573	0	1661243	0	0	857300	857300	0	1682.324	1682.324	0.000000	+0.001682	+0.001682
gov_staker_remaining_fee_accumulator_filetest.gno	Remaining gov fee accumulator repeat-100 claim-44	execution-segment-repricing	10552376	12234700	1682324	-8573	-8573	0	1661243	0	0	857300	857300	0	1682.324	1682.324	0.000000	+0.001682	+0.001682
gov_staker_remaining_fee_accumulator_filetest.gno	Remaining gov fee accumulator repeat-100 claim-45	execution-segment-repricing	10551889	12234213	1682324	-8573	-8573	0	1661243	0	0	857300	857300	0	1682.324	1682.324	0.000000	+0.001682	+0.001682
gov_staker_remaining_fee_accumulator_filetest.gno	Remaining gov fee accumulator repeat-100 claim-46	execution-segment-repricing	10551889	12234213	1682324	-8573	-8573	0	1661243	0	0	857300	857300	0	1682.324	1682.324	0.000000	+0.001682	+0.001682
gov_staker_remaining_fee_accumulator_filetest.gno	Remaining gov fee accumulator repeat-100 claim-47	execution-segment-repricing	10552376	12234700	1682324	-8573	-8573	0	1661243	0	0	857300	857300	0	1682.324	1682.324	0.000000	+0.001682	+0.001682
gov_staker_remaining_fee_accumulator_filetest.gno	Remaining gov fee accumulator repeat-100 claim-48	execution-segment-repricing	10552376	12234700	1682324	-8573	-8573	0	1661243	0	0	857300	857300	0	1682.324	1682.324	0.000000	+0.001682	+0.001682
gov_staker_remaining_fee_accumulator_filetest.gno	Remaining gov fee accumulator repeat-100 claim-49	execution-segment-repricing	10552863	12235187	1682324	-8573	-8573	0	1661243	0	0	857300	857300	0	1682.324	1682.324	0.000000	+0.001682	+0.001682
gov_staker_remaining_fee_accumulator_filetest.gno	Remaining gov fee accumulator repeat-100 claim-50	execution-segment-repricing	10552376	12234700	1682324	-8573	-8573	0	1661243	0	0	857300	857300	0	1682.324	1682.324	0.000000	+0.001682	+0.001682
gov_staker_remaining_fee_accumulator_filetest.gno	Remaining gov fee accumulator repeat-100 claim-51	execution-segment-repricing	10551889	12234213	1682324	-8573	-8573	0	1661243	0	0	857300	857300	0	1682.324	1682.324	0.000000	+0.001682	+0.001682
gov_staker_remaining_fee_accumulator_filetest.gno	Remaining gov fee accumulator repeat-100 claim-52	execution-segment-repricing	10551889	12234213	1682324	-8573	-8573	0	1661243	0	0	857300	857300	0	1682.324	1682.324	0.000000	+0.001682	+0.001682
gov_staker_remaining_fee_accumulator_filetest.gno	Remaining gov fee accumulator repeat-100 claim-53	execution-segment-repricing	10551889	12234213	1682324	-8573	-8573	0	1661243	0	0	857300	857300	0	1682.324	1682.324	0.000000	+0.001682	+0.001682
gov_staker_remaining_fee_accumulator_filetest.gno	Remaining gov fee accumulator repeat-100 claim-54	execution-segment-repricing	10552376	12234700	1682324	-8573	-8573	0	1661243	0	0	857300	857300	0	1682.324	1682.324	0.000000	+0.001682	+0.001682
gov_staker_remaining_fee_accumulator_filetest.gno	Remaining gov fee accumulator repeat-100 claim-55	execution-segment-repricing	10552863	12235187	1682324	-8573	-8573	0	1661243	0	0	857300	857300	0	1682.324	1682.324	0.000000	+0.001682	+0.001682
gov_staker_remaining_fee_accumulator_filetest.gno	Remaining gov fee accumulator repeat-100 claim-56	execution-segment-repricing	10552376	12234700	1682324	-8573	-8573	0	1661243	0	0	857300	857300	0	1682.324	1682.324	0.000000	+0.001682	+0.001682
gov_staker_remaining_fee_accumulator_filetest.gno	Remaining gov fee accumulator repeat-100 claim-57	execution-segment-repricing	10547527	12229851	1682324	-8573	-8573	0	1661243	0	0	857300	857300	0	1682.324	1682.324	0.000000	+0.001682	+0.001682
gov_staker_remaining_fee_accumulator_filetest.gno	Remaining gov fee accumulator repeat-100 claim-58	execution-segment-repricing	10547040	12229364	1682324	-8573	-8573	0	1661243	0	0	857300	857300	0	1682.324	1682.324	0.000000	+0.001682	+0.001682
gov_staker_remaining_fee_accumulator_filetest.gno	Remaining gov fee accumulator repeat-100 claim-59	execution-segment-repricing	10547040	12229364	1682324	-8573	-8573	0	1661243	0	0	857300	857300	0	1682.324	1682.324	0.000000	+0.001682	+0.001682
gov_staker_remaining_fee_accumulator_filetest.gno	Remaining gov fee accumulator repeat-100 claim-60	execution-segment-repricing	10547040	12229364	1682324	-8573	-8573	0	1661243	0	0	857300	857300	0	1682.324	1682.324	0.000000	+0.001682	+0.001682
gov_staker_remaining_fee_accumulator_filetest.gno	Remaining gov fee accumulator repeat-100 claim-61	execution-segment-repricing	10551889	12234213	1682324	-8573	-8573	0	1661243	0	0	857300	857300	0	1682.324	1682.324	0.000000	+0.001682	+0.001682
gov_staker_remaining_fee_accumulator_filetest.gno	Remaining gov fee accumulator repeat-100 claim-62	execution-segment-repricing	10548603	12230927	1682324	-8573	-8573	0	1661243	0	0	857300	857300	0	1682.324	1682.324	0.000000	+0.001682	+0.001682
gov_staker_remaining_fee_accumulator_filetest.gno	Remaining gov fee accumulator repeat-100 claim-63	execution-segment-repricing	10548116	12230440	1682324	-8573	-8573	0	1661243	0	0	857300	857300	0	1682.324	1682.324	0.000000	+0.001682	+0.001682
gov_staker_remaining_fee_accumulator_filetest.gno	Remaining gov fee accumulator repeat-100 claim-64	execution-segment-repricing	10548603	12230927	1682324	-8573	-8573	0	1661243	0	0	857300	857300	0	1682.324	1682.324	0.000000	+0.001682	+0.001682
gov_staker_remaining_fee_accumulator_filetest.gno	Remaining gov fee accumulator repeat-100 claim-65	execution-segment-repricing	10548116	12230440	1682324	-8573	-8573	0	1661243	0	0	857300	857300	0	1682.324	1682.324	0.000000	+0.001682	+0.001682
gov_staker_remaining_fee_accumulator_filetest.gno	Remaining gov fee accumulator repeat-100 claim-66	execution-segment-repricing	10551898	12234222	1682324	-8573	-8573	0	1661243	0	0	857300	857300	0	1682.324	1682.324	0.000000	+0.001682	+0.001682
gov_staker_remaining_fee_accumulator_filetest.gno	Remaining gov fee accumulator repeat-100 claim-67	execution-segment-repricing	10548603	12230927	1682324	-8573	-8573	0	1661243	0	0	857300	857300	0	1682.324	1682.324	0.000000	+0.001682	+0.001682
gov_staker_remaining_fee_accumulator_filetest.gno	Remaining gov fee accumulator repeat-100 claim-68	execution-segment-repricing	10543754	12226078	1682324	-8573	-8573	0	1661243	0	0	857300	857300	0	1682.324	1682.324	0.000000	+0.001682	+0.001682
gov_staker_remaining_fee_accumulator_filetest.gno	Remaining gov fee accumulator repeat-100 claim-69	execution-segment-repricing	10544241	12226643	1682402	-8573	-8553	20	1661243	0	2000	857300	857300	2000	1682.402	3682.402	+0.002000	+0.001682	+0.003682
gov_staker_remaining_fee_accumulator_filetest.gno	Remaining gov fee accumulator repeat-100 claim-70	execution-segment-repricing	10543754	12226198	1682444	-8573	-8568	5	1661243	0	500	857300	857300	500	1682.444	2182.444	+0.000500	+0.001682	+0.002182
gov_staker_remaining_fee_accumulator_filetest.gno	Remaining gov fee accumulator repeat-100 claim-71	execution-segment-repricing	10543754	12226198	1682444	-8573	-8573	0	1661243	0	0	857300	857300	0	1682.444	1682.444	0.000000	+0.001682	+0.001682
gov_staker_remaining_fee_accumulator_filetest.gno	Remaining gov fee accumulator repeat-100 claim-72	execution-segment-repricing	10544821	12227265	1682444	-8573	-8573	0	1661243	0	0	857300	857300	0	1682.444	1682.444	0.000000	+0.001682	+0.001682
gov_staker_remaining_fee_accumulator_filetest.gno	Remaining gov fee accumulator repeat-100 claim-73	execution-segment-repricing	10544821	12227265	1682444	-8573	-8573	0	1661243	0	0	857300	857300	0	1682.444	1682.444	0.000000	+0.001682	+0.001682
gov_staker_remaining_fee_accumulator_filetest.gno	Remaining gov fee accumulator repeat-100 claim-74	execution-segment-repricing	10542013	12224457	1682444	-8573	-8573	0	1661243	0	0	857300	857300	0	1682.444	1682.444	0.000000	+0.001682	+0.001682
gov_staker_remaining_fee_accumulator_filetest.gno	Remaining gov fee accumulator repeat-100 claim-75	execution-segment-repricing	10545795	12228239	1682444	-8573	-8573	0	1661243	0	0	857300	857300	0	1682.444	1682.444	0.000000	+0.001682	+0.001682
gov_staker_remaining_fee_accumulator_filetest.gno	Remaining gov fee accumulator repeat-100 claim-76	execution-segment-repricing	10549090	12231534	1682444	-8573	-8573	0	1661243	0	0	857300	857300	0	1682.444	1682.444	0.000000	+0.001682	+0.001682
gov_staker_remaining_fee_accumulator_filetest.gno	Remaining gov fee accumulator repeat-100 claim-77	execution-segment-repricing	10541526	12223970	1682444	-8573	-8573	0	1661243	0	0	857300	857300	0	1682.444	1682.444	0.000000	+0.001682	+0.001682
gov_staker_remaining_fee_accumulator_filetest.gno	Remaining gov fee accumulator repeat-100 claim-78	execution-segment-repricing	10544334	12226778	1682444	-8573	-8573	0	1661243	0	0	857300	857300	0	1682.444	1682.444	0.000000	+0.001682	+0.001682
gov_staker_remaining_fee_accumulator_filetest.gno	Remaining gov fee accumulator repeat-100 claim-79	execution-segment-repricing	10544334	12226778	1682444	-8573	-8573	0	1661243	0	0	857300	857300	0	1682.444	1682.444	0.000000	+0.001682	+0.001682
gov_staker_remaining_fee_accumulator_filetest.gno	Remaining gov fee accumulator repeat-100 claim-80	execution-segment-repricing	10541526	12223970	1682444	-8573	-8573	0	1661243	0	0	857300	857300	0	1682.444	1682.444	0.000000	+0.001682	+0.001682
gov_staker_remaining_fee_accumulator_filetest.gno	Remaining gov fee accumulator repeat-100 claim-81	execution-segment-repricing	10549090	12231534	1682444	-8573	-8573	0	1661243	0	0	857300	857300	0	1682.444	1682.444	0.000000	+0.001682	+0.001682
gov_staker_remaining_fee_accumulator_filetest.gno	Remaining gov fee accumulator repeat-100 claim-82	execution-segment-repricing	10545795	12228239	1682444	-8573	-8573	0	1661243	0	0	857300	857300	0	1682.444	1682.444	0.000000	+0.001682	+0.001682
gov_staker_remaining_fee_accumulator_filetest.gno	Remaining gov fee accumulator repeat-100 claim-83	execution-segment-repricing	10541526	12223970	1682444	-8573	-8573	0	1661243	0	0	857300	857300	0	1682.444	1682.444	0.000000	+0.001682	+0.001682
gov_staker_remaining_fee_accumulator_filetest.gno	Remaining gov fee accumulator repeat-100 claim-84	execution-segment-repricing	10544821	12227265	1682444	-8573	-8573	0	1661243	0	0	857300	857300	0	1682.444	1682.444	0.000000	+0.001682	+0.001682
gov_staker_remaining_fee_accumulator_filetest.gno	Remaining gov fee accumulator repeat-100 claim-85	execution-segment-repricing	10547586	12230030	1682444	-8573	-8573	0	1661243	0	0	857300	857300	0	1682.444	1682.444	0.000000	+0.001682	+0.001682
gov_staker_remaining_fee_accumulator_filetest.gno	Remaining gov fee accumulator repeat-100 claim-86	execution-segment-repricing	10551325	12233769	1682444	-8573	-8573	0	1661243	0	0	857300	857300	0	1682.444	1682.444	0.000000	+0.001682	+0.001682
gov_staker_remaining_fee_accumulator_filetest.gno	Remaining gov fee accumulator repeat-100 claim-87	execution-segment-repricing	10555064	12237508	1682444	-8573	-8573	0	1661243	0	0	857300	857300	0	1682.444	1682.444	0.000000	+0.001682	+0.001682
gov_staker_remaining_fee_accumulator_filetest.gno	Remaining gov fee accumulator repeat-100 claim-88	execution-segment-repricing	10558316	12240760	1682444	-8573	-8573	0	1661243	0	0	857300	857300	0	1682.444	1682.444	0.000000	+0.001682	+0.001682
gov_staker_remaining_fee_accumulator_filetest.gno	Remaining gov fee accumulator repeat-100 claim-89	execution-segment-repricing	10555021	12237465	1682444	-8573	-8573	0	1661243	0	0	857300	857300	0	1682.444	1682.444	0.000000	+0.001682	+0.001682
gov_staker_remaining_fee_accumulator_filetest.gno	Remaining gov fee accumulator repeat-100 claim-90	execution-segment-repricing	10557829	12240273	1682444	-8573	-8573	0	1661243	0	0	857300	857300	0	1682.444	1682.444	0.000000	+0.001682	+0.001682
gov_staker_remaining_fee_accumulator_filetest.gno	Remaining gov fee accumulator repeat-100 claim-91	execution-segment-repricing	10561611	12244055	1682444	-8573	-8573	0	1661243	0	0	857300	857300	0	1682.444	1682.444	0.000000	+0.001682	+0.001682
gov_staker_remaining_fee_accumulator_filetest.gno	Remaining gov fee accumulator repeat-100 claim-92	execution-segment-repricing	10561124	12243568	1682444	-8573	-8573	0	1661243	0	0	857300	857300	0	1682.444	1682.444	0.000000	+0.001682	+0.001682
gov_staker_remaining_fee_accumulator_filetest.gno	Remaining gov fee accumulator repeat-100 claim-93	execution-segment-repricing	10564906	12247350	1682444	-8573	-8573	0	1661243	0	0	857300	857300	0	1682.444	1682.444	0.000000	+0.001682	+0.001682
gov_staker_remaining_fee_accumulator_filetest.gno	Remaining gov fee accumulator repeat-100 claim-94	execution-segment-repricing	10565393	12247837	1682444	-8573	-8573	0	1661243	0	0	857300	857300	0	1682.444	1682.444	0.000000	+0.001682	+0.001682
gov_staker_remaining_fee_accumulator_filetest.gno	Remaining gov fee accumulator repeat-100 claim-95	execution-segment-repricing	10564419	12246863	1682444	-8573	-8573	0	1661243	0	0	857300	857300	0	1682.444	1682.444	0.000000	+0.001682	+0.001682
gov_staker_remaining_fee_accumulator_filetest.gno	Remaining gov fee accumulator repeat-100 claim-96	execution-segment-repricing	10564906	12247350	1682444	-8573	-8573	0	1661243	0	0	857300	857300	0	1682.444	1682.444	0.000000	+0.001682	+0.001682
gov_staker_remaining_fee_accumulator_filetest.gno	Remaining gov fee accumulator repeat-100 claim-97	execution-segment-repricing	10564419	12246863	1682444	-8573	-8573	0	1661243	0	0	857300	857300	0	1682.444	1682.444	0.000000	+0.001682	+0.001682
gov_staker_remaining_fee_accumulator_filetest.gno	Remaining gov fee accumulator repeat-100 claim-98	execution-segment-repricing	10564419	12246863	1682444	-8573	-8573	0	1661243	0	0	857300	857300	0	1682.444	1682.444	0.000000	+0.001682	+0.001682
gov_staker_remaining_fee_accumulator_filetest.gno	Remaining gov fee accumulator repeat-100 claim-99	execution-segment-repricing	10565393	12247837	1682444	-8573	-8573	0	1661243	0	0	857300	857300	0	1682.444	1682.444	0.000000	+0.001682	+0.001682
gov_staker_remaining_fee_accumulator_filetest.gno	Remaining gov fee accumulator repeat-100 claim-100	execution-segment-repricing	10565393	12247837	1682444	-8573	-8573	0	1661243	0	0	857300	857300	0	1682.444	1682.444	0.000000	+0.001682	+0.001682
gov_staker_remaining_fee_accumulator_filetest.gno	Remaining gov fee accumulator repeat-1000 claim-1	execution-segment-repricing	10565169	12247613	1682444	-8573	-8573	0	1661243	0	0	857300	857300	0	1682.444	1682.444	0.000000	+0.001682	+0.001682
gov_staker_remaining_fee_accumulator_filetest.gno	Remaining gov fee accumulator repeat-1000 claim-2	execution-segment-repricing	10564419	12246863	1682444	-8573	-8573	0	1661243	0	0	857300	857300	0	1682.444	1682.444	0.000000	+0.001682	+0.001682
gov_staker_remaining_fee_accumulator_filetest.gno	Remaining gov fee accumulator repeat-1000 claim-3	execution-segment-repricing	10563932	12246376	1682444	-8573	-8573	0	1661243	0	0	857300	857300	0	1682.444	1682.444	0.000000	+0.001682	+0.001682
gov_staker_remaining_fee_accumulator_filetest.gno	Remaining gov fee accumulator repeat-1000 claim-4	execution-segment-repricing	10563932	12246376	1682444	-8573	-8573	0	1661243	0	0	857300	857300	0	1682.444	1682.444	0.000000	+0.001682	+0.001682
gov_staker_remaining_fee_accumulator_filetest.gno	Remaining gov fee accumulator repeat-1000 claim-5	execution-segment-repricing	10564906	12247350	1682444	-8573	-8573	0	1661243	0	0	857300	857300	0	1682.444	1682.444	0.000000	+0.001682	+0.001682
gov_staker_remaining_fee_accumulator_filetest.gno	Remaining gov fee accumulator repeat-1000 claim-6	execution-segment-repricing	10565393	12247837	1682444	-8573	-8573	0	1661243	0	0	857300	857300	0	1682.444	1682.444	0.000000	+0.001682	+0.001682
gov_staker_remaining_fee_accumulator_filetest.gno	Remaining gov fee accumulator repeat-1000 claim-7	execution-segment-repricing	10565880	12248324	1682444	-8573	-8573	0	1661243	0	0	857300	857300	0	1682.444	1682.444	0.000000	+0.001682	+0.001682
gov_staker_remaining_fee_accumulator_filetest.gno	Remaining gov fee accumulator repeat-1000 claim-8	execution-segment-repricing	10565393	12247837	1682444	-8573	-8573	0	1661243	0	0	857300	857300	0	1682.444	1682.444	0.000000	+0.001682	+0.001682
gov_staker_remaining_fee_accumulator_filetest.gno	Remaining gov fee accumulator repeat-1000 claim-9	execution-segment-repricing	10565393	12247837	1682444	-8573	-8573	0	1661243	0	0	857300	857300	0	1682.444	1682.444	0.000000	+0.001682	+0.001682
gov_staker_remaining_fee_accumulator_filetest.gno	Remaining gov fee accumulator repeat-1000 claim-10	execution-segment-repricing	10564906	12247350	1682444	-8573	-8573	0	1661243	0	0	857300	857300	0	1682.444	1682.444	0.000000	+0.001682	+0.001682
gov_staker_remaining_fee_accumulator_filetest.gno	Remaining gov fee accumulator repeat-1000 claim-11	execution-segment-repricing	10564906	12247350	1682444	-8573	-8573	0	1661243	0	0	857300	857300	0	1682.444	1682.444	0.000000	+0.001682	+0.001682
gov_staker_remaining_fee_accumulator_filetest.gno	Remaining gov fee accumulator repeat-1000 claim-12	execution-segment-repricing	10564906	12247350	1682444	-8573	-8573	0	1661243	0	0	857300	857300	0	1682.444	1682.444	0.000000	+0.001682	+0.001682
gov_staker_remaining_fee_accumulator_filetest.gno	Remaining gov fee accumulator repeat-1000 claim-13	execution-segment-repricing	10564906	12247350	1682444	-8573	-8573	0	1661243	0	0	857300	857300	0	1682.444	1682.444	0.000000	+0.001682	+0.001682
gov_staker_remaining_fee_accumulator_filetest.gno	Remaining gov fee accumulator repeat-1000 claim-14	execution-segment-repricing	10565393	12247837	1682444	-8573	-8573	0	1661243	0	0	857300	857300	0	1682.444	1682.444	0.000000	+0.001682	+0.001682
gov_staker_remaining_fee_accumulator_filetest.gno	Remaining gov fee accumulator repeat-1000 claim-15	execution-segment-repricing	10564906	12247350	1682444	-8573	-8573	0	1661243	0	0	857300	857300	0	1682.444	1682.444	0.000000	+0.001682	+0.001682
gov_staker_remaining_fee_accumulator_filetest.gno	Remaining gov fee accumulator repeat-1000 claim-16	execution-segment-repricing	10565393	12247837	1682444	-8573	-8573	0	1661243	0	0	857300	857300	0	1682.444	1682.444	0.000000	+0.001682	+0.001682
gov_staker_remaining_fee_accumulator_filetest.gno	Remaining gov fee accumulator repeat-1000 claim-17	execution-segment-repricing	10564906	12247350	1682444	-8573	-8573	0	1661243	0	0	857300	857300	0	1682.444	1682.444	0.000000	+0.001682	+0.001682
gov_staker_remaining_fee_accumulator_filetest.gno	Remaining gov fee accumulator repeat-1000 claim-18	execution-segment-repricing	10564906	12247350	1682444	-8573	-8573	0	1661243	0	0	857300	857300	0	1682.444	1682.444	0.000000	+0.001682	+0.001682
gov_staker_remaining_fee_accumulator_filetest.gno	Remaining gov fee accumulator repeat-1000 claim-19	execution-segment-repricing	10565393	12247837	1682444	-8573	-8573	0	1661243	0	0	857300	857300	0	1682.444	1682.444	0.000000	+0.001682	+0.001682
gov_staker_remaining_fee_accumulator_filetest.gno	Remaining gov fee accumulator repeat-1000 claim-20	execution-segment-repricing	10565393	12247837	1682444	-8573	-8573	0	1661243	0	0	857300	857300	0	1682.444	1682.444	0.000000	+0.001682	+0.001682
gov_staker_remaining_fee_accumulator_filetest.gno	Remaining gov fee accumulator repeat-1000 claim-21	execution-segment-repricing	10565880	12248324	1682444	-8573	-8573	0	1661243	0	0	857300	857300	0	1682.444	1682.444	0.000000	+0.001682	+0.001682
gov_staker_remaining_fee_accumulator_filetest.gno	Remaining gov fee accumulator repeat-1000 claim-22	execution-segment-repricing	10565393	12247837	1682444	-8573	-8573	0	1661243	0	0	857300	857300	0	1682.444	1682.444	0.000000	+0.001682	+0.001682
gov_staker_remaining_fee_accumulator_filetest.gno	Remaining gov fee accumulator repeat-1000 claim-23	execution-segment-repricing	10565393	12247837	1682444	-8573	-8573	0	1661243	0	0	857300	857300	0	1682.444	1682.444	0.000000	+0.001682	+0.001682
gov_staker_remaining_fee_accumulator_filetest.gno	Remaining gov fee accumulator repeat-1000 claim-24	execution-segment-repricing	10565393	12247837	1682444	-8573	-8573	0	1661243	0	0	857300	857300	0	1682.444	1682.444	0.000000	+0.001682	+0.001682
gov_staker_remaining_fee_accumulator_filetest.gno	Remaining gov fee accumulator repeat-1000 claim-25	execution-segment-repricing	10565393	12247837	1682444	-8573	-8573	0	1661243	0	0	857300	857300	0	1682.444	1682.444	0.000000	+0.001682	+0.001682
gov_staker_remaining_fee_accumulator_filetest.gno	Remaining gov fee accumulator repeat-1000 claim-26	execution-segment-repricing	10565880	12248324	1682444	-8573	-8573	0	1661243	0	0	857300	857300	0	1682.444	1682.444	0.000000	+0.001682	+0.001682
gov_staker_remaining_fee_accumulator_filetest.gno	Remaining gov fee accumulator repeat-1000 claim-27	execution-segment-repricing	10565393	12247837	1682444	-8573	-8573	0	1661243	0	0	857300	857300	0	1682.444	1682.444	0.000000	+0.001682	+0.001682
gov_staker_remaining_fee_accumulator_filetest.gno	Remaining gov fee accumulator repeat-1000 claim-28	execution-segment-repricing	10564906	12247350	1682444	-8573	-8573	0	1661243	0	0	857300	857300	0	1682.444	1682.444	0.000000	+0.001682	+0.001682
gov_staker_remaining_fee_accumulator_filetest.gno	Remaining gov fee accumulator repeat-1000 claim-29	execution-segment-repricing	10560057	12242501	1682444	-8573	-8573	0	1661243	0	0	857300	857300	0	1682.444	1682.444	0.000000	+0.001682	+0.001682
gov_staker_remaining_fee_accumulator_filetest.gno	Remaining gov fee accumulator repeat-1000 claim-30	execution-segment-repricing	10560057	12242501	1682444	-8573	-8573	0	1661243	0	0	857300	857300	0	1682.444	1682.444	0.000000	+0.001682	+0.001682
gov_staker_remaining_fee_accumulator_filetest.gno	Remaining gov fee accumulator repeat-1000 claim-31	execution-segment-repricing	10560544	12242988	1682444	-8573	-8573	0	1661243	0	0	857300	857300	0	1682.444	1682.444	0.000000	+0.001682	+0.001682
gov_staker_remaining_fee_accumulator_filetest.gno	Remaining gov fee accumulator repeat-1000 claim-32	execution-segment-repricing	10561031	12243475	1682444	-8573	-8573	0	1661243	0	0	857300	857300	0	1682.444	1682.444	0.000000	+0.001682	+0.001682
gov_staker_remaining_fee_accumulator_filetest.gno	Remaining gov fee accumulator repeat-1000 claim-33	execution-segment-repricing	10565880	12248324	1682444	-8573	-8573	0	1661243	0	0	857300	857300	0	1682.444	1682.444	0.000000	+0.001682	+0.001682
gov_staker_remaining_fee_accumulator_filetest.gno	Remaining gov fee accumulator repeat-1000 claim-34	execution-segment-repricing	10562098	12244542	1682444	-8573	-8573	0	1661243	0	0	857300	857300	0	1682.444	1682.444	0.000000	+0.001682	+0.001682
gov_staker_remaining_fee_accumulator_filetest.gno	Remaining gov fee accumulator repeat-1000 claim-35	execution-segment-repricing	10561611	12244055	1682444	-8573	-8573	0	1661243	0	0	857300	857300	0	1682.444	1682.444	0.000000	+0.001682	+0.001682
gov_staker_remaining_fee_accumulator_filetest.gno	Remaining gov fee accumulator repeat-1000 claim-36	execution-segment-repricing	10561611	12244055	1682444	-8573	-8573	0	1661243	0	0	857300	857300	0	1682.444	1682.444	0.000000	+0.001682	+0.001682
gov_staker_remaining_fee_accumulator_filetest.gno	Remaining gov fee accumulator repeat-1000 claim-37	execution-segment-repricing	10561124	12243568	1682444	-8573	-8573	0	1661243	0	0	857300	857300	0	1682.444	1682.444	0.000000	+0.001682	+0.001682
gov_staker_remaining_fee_accumulator_filetest.gno	Remaining gov fee accumulator repeat-1000 claim-38	execution-segment-repricing	10564906	12247350	1682444	-8573	-8573	0	1661243	0	0	857300	857300	0	1682.444	1682.444	0.000000	+0.001682	+0.001682
gov_staker_remaining_fee_accumulator_filetest.gno	Remaining gov fee accumulator repeat-1000 claim-39	execution-segment-repricing	10561611	12244055	1682444	-8573	-8573	0	1661243	0	0	857300	857300	0	1682.444	1682.444	0.000000	+0.001682	+0.001682
gov_staker_remaining_fee_accumulator_filetest.gno	Remaining gov fee accumulator repeat-1000 claim-40	execution-segment-repricing	10561124	12243568	1682444	-8573	-8573	0	1661243	0	0	857300	857300	0	1682.444	1682.444	0.000000	+0.001682	+0.001682
gov_staker_remaining_fee_accumulator_filetest.gno	Remaining gov fee accumulator repeat-1000 claim-41	execution-segment-repricing	10561611	12244055	1682444	-8573	-8573	0	1661243	0	0	857300	857300	0	1682.444	1682.444	0.000000	+0.001682	+0.001682
gov_staker_remaining_fee_accumulator_filetest.gno	Remaining gov fee accumulator repeat-1000 claim-42	execution-segment-repricing	10561124	12243568	1682444	-8573	-8573	0	1661243	0	0	857300	857300	0	1682.444	1682.444	0.000000	+0.001682	+0.001682
gov_staker_remaining_fee_accumulator_filetest.gno	Remaining gov fee accumulator repeat-1000 claim-43	execution-segment-repricing	10564906	12247350	1682444	-8573	-8573	0	1661243	0	0	857300	857300	0	1682.444	1682.444	0.000000	+0.001682	+0.001682
gov_staker_remaining_fee_accumulator_filetest.gno	Remaining gov fee accumulator repeat-1000 claim-44	execution-segment-repricing	10561611	12244055	1682444	-8573	-8573	0	1661243	0	0	857300	857300	0	1682.444	1682.444	0.000000	+0.001682	+0.001682
gov_staker_remaining_fee_accumulator_filetest.gno	Remaining gov fee accumulator repeat-1000 claim-45	execution-segment-repricing	10561611	12244055	1682444	-8573	-8573	0	1661243	0	0	857300	857300	0	1682.444	1682.444	0.000000	+0.001682	+0.001682
gov_staker_remaining_fee_accumulator_filetest.gno	Remaining gov fee accumulator repeat-1000 claim-46	execution-segment-repricing	10562098	12244542	1682444	-8573	-8573	0	1661243	0	0	857300	857300	0	1682.444	1682.444	0.000000	+0.001682	+0.001682
gov_staker_remaining_fee_accumulator_filetest.gno	Remaining gov fee accumulator repeat-1000 claim-47	execution-segment-repricing	10561611	12244055	1682444	-8573	-8573	0	1661243	0	0	857300	857300	0	1682.444	1682.444	0.000000	+0.001682	+0.001682
gov_staker_remaining_fee_accumulator_filetest.gno	Remaining gov fee accumulator repeat-1000 claim-48	execution-segment-repricing	10560544	12242988	1682444	-8573	-8573	0	1661243	0	0	857300	857300	0	1682.444	1682.444	0.000000	+0.001682	+0.001682
gov_staker_remaining_fee_accumulator_filetest.gno	Remaining gov fee accumulator repeat-1000 claim-49	execution-segment-repricing	10556762	12239206	1682444	-8573	-8573	0	1661243	0	0	857300	857300	0	1682.444	1682.444	0.000000	+0.001682	+0.001682
gov_staker_remaining_fee_accumulator_filetest.gno	Remaining gov fee accumulator repeat-1000 claim-50	execution-segment-repricing	10556762	12239206	1682444	-8573	-8573	0	1661243	0	0	857300	857300	0	1682.444	1682.444	0.000000	+0.001682	+0.001682
gov_staker_remaining_fee_accumulator_filetest.gno	Remaining gov fee accumulator repeat-1000 claim-51	execution-segment-repricing	10553467	12235911	1682444	-8573	-8573	0	1661243	0	0	857300	857300	0	1682.444	1682.444	0.000000	+0.001682	+0.001682
gov_staker_remaining_fee_accumulator_filetest.gno	Remaining gov fee accumulator repeat-1000 claim-52	execution-segment-repricing	10558316	12240760	1682444	-8573	-8573	0	1661243	0	0	857300	857300	0	1682.444	1682.444	0.000000	+0.001682	+0.001682
gov_staker_remaining_fee_accumulator_filetest.gno	Remaining gov fee accumulator repeat-1000 claim-53	execution-segment-repricing	10561611	12244055	1682444	-8573	-8573	0	1661243	0	0	857300	857300	0	1682.444	1682.444	0.000000	+0.001682	+0.001682
gov_staker_remaining_fee_accumulator_filetest.gno	Remaining gov fee accumulator repeat-1000 claim-54	execution-segment-repricing	10554047	12236491	1682444	-8573	-8573	0	1661243	0	0	857300	857300	0	1682.444	1682.444	0.000000	+0.001682	+0.001682
gov_staker_remaining_fee_accumulator_filetest.gno	Remaining gov fee accumulator repeat-1000 claim-55	execution-segment-repricing	10557342	12239786	1682444	-8573	-8573	0	1661243	0	0	857300	857300	0	1682.444	1682.444	0.000000	+0.001682	+0.001682
gov_staker_remaining_fee_accumulator_filetest.gno	Remaining gov fee accumulator repeat-1000 claim-56	execution-segment-repricing	10557342	12239786	1682444	-8573	-8573	0	1661243	0	0	857300	857300	0	1682.444	1682.444	0.000000	+0.001682	+0.001682
gov_staker_remaining_fee_accumulator_filetest.gno	Remaining gov fee accumulator repeat-1000 claim-57	execution-segment-repricing	10554047	12236491	1682444	-8573	-8573	0	1661243	0	0	857300	857300	0	1682.444	1682.444	0.000000	+0.001682	+0.001682
gov_staker_remaining_fee_accumulator_filetest.gno	Remaining gov fee accumulator repeat-1000 claim-58	execution-segment-repricing	10561611	12244055	1682444	-8573	-8573	0	1661243	0	0	857300	857300	0	1682.444	1682.444	0.000000	+0.001682	+0.001682
gov_staker_remaining_fee_accumulator_filetest.gno	Remaining gov fee accumulator repeat-1000 claim-59	execution-segment-repricing	10558316	12240760	1682444	-8573	-8573	0	1661243	0	0	857300	857300	0	1682.444	1682.444	0.000000	+0.001682	+0.001682
gov_staker_remaining_fee_accumulator_filetest.gno	Remaining gov fee accumulator repeat-1000 claim-60	execution-segment-repricing	10554047	12236491	1682444	-8573	-8573	0	1661243	0	0	857300	857300	0	1682.444	1682.444	0.000000	+0.001682	+0.001682
gov_staker_remaining_fee_accumulator_filetest.gno	Remaining gov fee accumulator repeat-1000 claim-61	execution-segment-repricing	10557829	12240273	1682444	-8573	-8573	0	1661243	0	0	857300	857300	0	1682.444	1682.444	0.000000	+0.001682	+0.001682
gov_staker_remaining_fee_accumulator_filetest.gno	Remaining gov fee accumulator repeat-1000 claim-62	execution-segment-repricing	10557342	12239786	1682444	-8573	-8573	0	1661243	0	0	857300	857300	0	1682.444	1682.444	0.000000	+0.001682	+0.001682
gov_staker_remaining_fee_accumulator_filetest.gno	Remaining gov fee accumulator repeat-1000 claim-63	execution-segment-repricing	10557829	12240273	1682444	-8573	-8573	0	1661243	0	0	857300	857300	0	1682.444	1682.444	0.000000	+0.001682	+0.001682
gov_staker_remaining_fee_accumulator_filetest.gno	Remaining gov fee accumulator repeat-1000 claim-64	execution-segment-repricing	10561611	12244055	1682444	-8573	-8573	0	1661243	0	0	857300	857300	0	1682.444	1682.444	0.000000	+0.001682	+0.001682
gov_staker_remaining_fee_accumulator_filetest.gno	Remaining gov fee accumulator repeat-1000 claim-65	execution-segment-repricing	10561611	12244055	1682444	-8573	-8573	0	1661243	0	0	857300	857300	0	1682.444	1682.444	0.000000	+0.001682	+0.001682
gov_staker_remaining_fee_accumulator_filetest.gno	Remaining gov fee accumulator repeat-1000 claim-66	execution-segment-repricing	10558316	12240760	1682444	-8573	-8573	0	1661243	0	0	857300	857300	0	1682.444	1682.444	0.000000	+0.001682	+0.001682
gov_staker_remaining_fee_accumulator_filetest.gno	Remaining gov fee accumulator repeat-1000 claim-67	execution-segment-repricing	10561124	12243568	1682444	-8573	-8573	0	1661243	0	0	857300	857300	0	1682.444	1682.444	0.000000	+0.001682	+0.001682
gov_staker_remaining_fee_accumulator_filetest.gno	Remaining gov fee accumulator repeat-1000 claim-68	execution-segment-repricing	10561611	12244055	1682444	-8573	-8573	0	1661243	0	0	857300	857300	0	1682.444	1682.444	0.000000	+0.001682	+0.001682
gov_staker_remaining_fee_accumulator_filetest.gno	Remaining gov fee accumulator repeat-1000 claim-69	execution-segment-repricing	10557829	12240273	1682444	-8573	-8573	0	1661243	0	0	857300	857300	0	1682.444	1682.444	0.000000	+0.001682	+0.001682
gov_staker_remaining_fee_accumulator_filetest.gno	Remaining gov fee accumulator repeat-1000 claim-70	execution-segment-repricing	10561611	12244055	1682444	-8573	-8573	0	1661243	0	0	857300	857300	0	1682.444	1682.444	0.000000	+0.001682	+0.001682
gov_staker_remaining_fee_accumulator_filetest.gno	Remaining gov fee accumulator repeat-1000 claim-71	execution-segment-repricing	10562098	12244542	1682444	-8573	-8573	0	1661243	0	0	857300	857300	0	1682.444	1682.444	0.000000	+0.001682	+0.001682
gov_staker_remaining_fee_accumulator_filetest.gno	Remaining gov fee accumulator repeat-1000 claim-72	execution-segment-repricing	10561124	12243568	1682444	-8573	-8573	0	1661243	0	0	857300	857300	0	1682.444	1682.444	0.000000	+0.001682	+0.001682
gov_staker_remaining_fee_accumulator_filetest.gno	Remaining gov fee accumulator repeat-1000 claim-73	execution-segment-repricing	10564906	12247350	1682444	-8573	-8573	0	1661243	0	0	857300	857300	0	1682.444	1682.444	0.000000	+0.001682	+0.001682
gov_staker_remaining_fee_accumulator_filetest.gno	Remaining gov fee accumulator repeat-1000 claim-74	execution-segment-repricing	10564419	12246863	1682444	-8573	-8573	0	1661243	0	0	857300	857300	0	1682.444	1682.444	0.000000	+0.001682	+0.001682
gov_staker_remaining_fee_accumulator_filetest.gno	Remaining gov fee accumulator repeat-1000 claim-75	execution-segment-repricing	10564419	12246863	1682444	-8573	-8573	0	1661243	0	0	857300	857300	0	1682.444	1682.444	0.000000	+0.001682	+0.001682
gov_staker_remaining_fee_accumulator_filetest.gno	Remaining gov fee accumulator repeat-1000 claim-76	execution-segment-repricing	10565393	12247837	1682444	-8573	-8573	0	1661243	0	0	857300	857300	0	1682.444	1682.444	0.000000	+0.001682	+0.001682
gov_staker_remaining_fee_accumulator_filetest.gno	Remaining gov fee accumulator repeat-1000 claim-77	execution-segment-repricing	10565393	12247837	1682444	-8573	-8573	0	1661243	0	0	857300	857300	0	1682.444	1682.444	0.000000	+0.001682	+0.001682
gov_staker_remaining_fee_accumulator_filetest.gno	Remaining gov fee accumulator repeat-1000 claim-78	execution-segment-repricing	10565880	12248324	1682444	-8573	-8573	0	1661243	0	0	857300	857300	0	1682.444	1682.444	0.000000	+0.001682	+0.001682
gov_staker_remaining_fee_accumulator_filetest.gno	Remaining gov fee accumulator repeat-1000 claim-79	execution-segment-repricing	10565393	12247837	1682444	-8573	-8573	0	1661243	0	0	857300	857300	0	1682.444	1682.444	0.000000	+0.001682	+0.001682
gov_staker_remaining_fee_accumulator_filetest.gno	Remaining gov fee accumulator repeat-1000 claim-80	execution-segment-repricing	10564906	12247350	1682444	-8573	-8573	0	1661243	0	0	857300	857300	0	1682.444	1682.444	0.000000	+0.001682	+0.001682
gov_staker_remaining_fee_accumulator_filetest.gno	Remaining gov fee accumulator repeat-1000 claim-81	execution-segment-repricing	10564906	12247350	1682444	-8573	-8573	0	1661243	0	0	857300	857300	0	1682.444	1682.444	0.000000	+0.001682	+0.001682
gov_staker_remaining_fee_accumulator_filetest.gno	Remaining gov fee accumulator repeat-1000 claim-82	execution-segment-repricing	10564906	12247350	1682444	-8573	-8573	0	1661243	0	0	857300	857300	0	1682.444	1682.444	0.000000	+0.001682	+0.001682
gov_staker_remaining_fee_accumulator_filetest.gno	Remaining gov fee accumulator repeat-1000 claim-83	execution-segment-repricing	10565393	12247837	1682444	-8573	-8573	0	1661243	0	0	857300	857300	0	1682.444	1682.444	0.000000	+0.001682	+0.001682
gov_staker_remaining_fee_accumulator_filetest.gno	Remaining gov fee accumulator repeat-1000 claim-84	execution-segment-repricing	10565880	12248324	1682444	-8573	-8573	0	1661243	0	0	857300	857300	0	1682.444	1682.444	0.000000	+0.001682	+0.001682
gov_staker_remaining_fee_accumulator_filetest.gno	Remaining gov fee accumulator repeat-1000 claim-85	execution-segment-repricing	10565393	12247837	1682444	-8573	-8573	0	1661243	0	0	857300	857300	0	1682.444	1682.444	0.000000	+0.001682	+0.001682
gov_staker_remaining_fee_accumulator_filetest.gno	Remaining gov fee accumulator repeat-1000 claim-86	execution-segment-repricing	10565393	12247837	1682444	-8573	-8573	0	1661243	0	0	857300	857300	0	1682.444	1682.444	0.000000	+0.001682	+0.001682
gov_staker_remaining_fee_accumulator_filetest.gno	Remaining gov fee accumulator repeat-1000 claim-87	execution-segment-repricing	10564906	12247350	1682444	-8573	-8573	0	1661243	0	0	857300	857300	0	1682.444	1682.444	0.000000	+0.001682	+0.001682
gov_staker_remaining_fee_accumulator_filetest.gno	Remaining gov fee accumulator repeat-1000 claim-88	execution-segment-repricing	10564906	12247350	1682444	-8573	-8573	0	1661243	0	0	857300	857300	0	1682.444	1682.444	0.000000	+0.001682	+0.001682
gov_staker_remaining_fee_accumulator_filetest.gno	Remaining gov fee accumulator repeat-1000 claim-89	execution-segment-repricing	10564906	12247350	1682444	-8573	-8573	0	1661243	0	0	857300	857300	0	1682.444	1682.444	0.000000	+0.001682	+0.001682
gov_staker_remaining_fee_accumulator_filetest.gno	Remaining gov fee accumulator repeat-1000 claim-90	execution-segment-repricing	10564906	12247350	1682444	-8573	-8573	0	1661243	0	0	857300	857300	0	1682.444	1682.444	0.000000	+0.001682	+0.001682
gov_staker_remaining_fee_accumulator_filetest.gno	Remaining gov fee accumulator repeat-1000 claim-91	execution-segment-repricing	10565393	12247837	1682444	-8573	-8573	0	1661243	0	0	857300	857300	0	1682.444	1682.444	0.000000	+0.001682	+0.001682
gov_staker_remaining_fee_accumulator_filetest.gno	Remaining gov fee accumulator repeat-1000 claim-92	execution-segment-repricing	10564906	12247350	1682444	-8573	-8573	0	1661243	0	0	857300	857300	0	1682.444	1682.444	0.000000	+0.001682	+0.001682
gov_staker_remaining_fee_accumulator_filetest.gno	Remaining gov fee accumulator repeat-1000 claim-93	execution-segment-repricing	10565393	12247837	1682444	-8573	-8573	0	1661243	0	0	857300	857300	0	1682.444	1682.444	0.000000	+0.001682	+0.001682
gov_staker_remaining_fee_accumulator_filetest.gno	Remaining gov fee accumulator repeat-1000 claim-94	execution-segment-repricing	10564906	12247350	1682444	-8573	-8573	0	1661243	0	0	857300	857300	0	1682.444	1682.444	0.000000	+0.001682	+0.001682
gov_staker_remaining_fee_accumulator_filetest.gno	Remaining gov fee accumulator repeat-1000 claim-95	execution-segment-repricing	10564906	12247350	1682444	-8573	-8573	0	1661243	0	0	857300	857300	0	1682.444	1682.444	0.000000	+0.001682	+0.001682
gov_staker_remaining_fee_accumulator_filetest.gno	Remaining gov fee accumulator repeat-1000 claim-96	execution-segment-repricing	10565393	12247837	1682444	-8573	-8573	0	1661243	0	0	857300	857300	0	1682.444	1682.444	0.000000	+0.001682	+0.001682
gov_staker_remaining_fee_accumulator_filetest.gno	Remaining gov fee accumulator repeat-1000 claim-97	execution-segment-repricing	10565393	12247837	1682444	-8573	-8573	0	1661243	0	0	857300	857300	0	1682.444	1682.444	0.000000	+0.001682	+0.001682
gov_staker_remaining_fee_accumulator_filetest.gno	Remaining gov fee accumulator repeat-1000 claim-98	execution-segment-repricing	10565880	12248324	1682444	-8573	-8573	0	1661243	0	0	857300	857300	0	1682.444	1682.444	0.000000	+0.001682	+0.001682
gov_staker_remaining_fee_accumulator_filetest.gno	Remaining gov fee accumulator repeat-1000 claim-99	execution-segment-repricing	10565393	12247837	1682444	-8573	-8573	0	1661243	0	0	857300	857300	0	1682.444	1682.444	0.000000	+0.001682	+0.001682
gov_staker_remaining_fee_accumulator_filetest.gno	Remaining gov fee accumulator repeat-1000 claim-100	execution-segment-repricing	10565393	12247837	1682444	-8573	-8573	0	1661243	0	0	857300	857300	0	1682.444	1682.444	0.000000	+0.001682	+0.001682
gov_staker_remaining_fee_accumulator_filetest.gno	Remaining gov fee accumulator repeat-1000 claim-101	execution-segment-repricing	10560544	12242988	1682444	-8573	-8573	0	1661243	0	0	857300	857300	0	1682.444	1682.444	0.000000	+0.001682	+0.001682
gov_staker_remaining_fee_accumulator_filetest.gno	Remaining gov fee accumulator repeat-1000 claim-102	execution-segment-repricing	10560544	12242988	1682444	-8573	-8573	0	1661243	0	0	857300	857300	0	1682.444	1682.444	0.000000	+0.001682	+0.001682
gov_staker_remaining_fee_accumulator_filetest.gno	Remaining gov fee accumulator repeat-1000 claim-103	execution-segment-repricing	10561031	12243475	1682444	-8573	-8573	0	1661243	0	0	857300	857300	0	1682.444	1682.444	0.000000	+0.001682	+0.001682
gov_staker_remaining_fee_accumulator_filetest.gno	Remaining gov fee accumulator repeat-1000 claim-104	execution-segment-repricing	10560544	12242988	1682444	-8573	-8573	0	1661243	0	0	857300	857300	0	1682.444	1682.444	0.000000	+0.001682	+0.001682
gov_staker_remaining_fee_accumulator_filetest.gno	Remaining gov fee accumulator repeat-1000 claim-105	execution-segment-repricing	10564906	12247350	1682444	-8573	-8573	0	1661243	0	0	857300	857300	0	1682.444	1682.444	0.000000	+0.001682	+0.001682
gov_staker_remaining_fee_accumulator_filetest.gno	Remaining gov fee accumulator repeat-1000 claim-106	execution-segment-repricing	10561124	12243568	1682444	-8573	-8573	0	1661243	0	0	857300	857300	0	1682.444	1682.444	0.000000	+0.001682	+0.001682
gov_staker_remaining_fee_accumulator_filetest.gno	Remaining gov fee accumulator repeat-1000 claim-107	execution-segment-repricing	10560637	12243081	1682444	-8573	-8573	0	1661243	0	0	857300	857300	0	1682.444	1682.444	0.000000	+0.001682	+0.001682
gov_staker_remaining_fee_accumulator_filetest.gno	Remaining gov fee accumulator repeat-1000 claim-108	execution-segment-repricing	10561124	12243568	1682444	-8573	-8573	0	1661243	0	0	857300	857300	0	1682.444	1682.444	0.000000	+0.001682	+0.001682
gov_staker_remaining_fee_accumulator_filetest.gno	Remaining gov fee accumulator repeat-1000 claim-109	execution-segment-repricing	10561611	12244055	1682444	-8573	-8573	0	1661243	0	0	857300	857300	0	1682.444	1682.444	0.000000	+0.001682	+0.001682
gov_staker_remaining_fee_accumulator_filetest.gno	Remaining gov fee accumulator repeat-1000 claim-110	execution-segment-repricing	10565393	12247837	1682444	-8573	-8573	0	1661243	0	0	857300	857300	0	1682.444	1682.444	0.000000	+0.001682	+0.001682
gov_staker_remaining_fee_accumulator_filetest.gno	Remaining gov fee accumulator repeat-1000 claim-111	execution-segment-repricing	10562098	12244542	1682444	-8573	-8573	0	1661243	0	0	857300	857300	0	1682.444	1682.444	0.000000	+0.001682	+0.001682
gov_staker_remaining_fee_accumulator_filetest.gno	Remaining gov fee accumulator repeat-1000 claim-112	execution-segment-repricing	10561611	12244055	1682444	-8573	-8573	0	1661243	0	0	857300	857300	0	1682.444	1682.444	0.000000	+0.001682	+0.001682
gov_staker_remaining_fee_accumulator_filetest.gno	Remaining gov fee accumulator repeat-1000 claim-113	execution-segment-repricing	10561611	12244055	1682444	-8573	-8573	0	1661243	0	0	857300	857300	0	1682.444	1682.444	0.000000	+0.001682	+0.001682
gov_staker_remaining_fee_accumulator_filetest.gno	Remaining gov fee accumulator repeat-1000 claim-114	execution-segment-repricing	10561124	12243568	1682444	-8573	-8573	0	1661243	0	0	857300	857300	0	1682.444	1682.444	0.000000	+0.001682	+0.001682
gov_staker_remaining_fee_accumulator_filetest.gno	Remaining gov fee accumulator repeat-1000 claim-115	execution-segment-repricing	10564906	12247350	1682444	-8573	-8573	0	1661243	0	0	857300	857300	0	1682.444	1682.444	0.000000	+0.001682	+0.001682
gov_staker_remaining_fee_accumulator_filetest.gno	Remaining gov fee accumulator repeat-1000 claim-116	execution-segment-repricing	10561611	12244055	1682444	-8573	-8573	0	1661243	0	0	857300	857300	0	1682.444	1682.444	0.000000	+0.001682	+0.001682
gov_staker_remaining_fee_accumulator_filetest.gno	Remaining gov fee accumulator repeat-1000 claim-117	execution-segment-repricing	10561124	12243568	1682444	-8573	-8573	0	1661243	0	0	857300	857300	0	1682.444	1682.444	0.000000	+0.001682	+0.001682
gov_staker_remaining_fee_accumulator_filetest.gno	Remaining gov fee accumulator repeat-1000 claim-118	execution-segment-repricing	10561611	12244055	1682444	-8573	-8573	0	1661243	0	0	857300	857300	0	1682.444	1682.444	0.000000	+0.001682	+0.001682
gov_staker_remaining_fee_accumulator_filetest.gno	Remaining gov fee accumulator repeat-1000 claim-119	execution-segment-repricing	10561124	12243568	1682444	-8573	-8573	0	1661243	0	0	857300	857300	0	1682.444	1682.444	0.000000	+0.001682	+0.001682
gov_staker_remaining_fee_accumulator_filetest.gno	Remaining gov fee accumulator repeat-1000 claim-120	execution-segment-repricing	10564906	12247350	1682444	-8573	-8573	0	1661243	0	0	857300	857300	0	1682.444	1682.444	0.000000	+0.001682	+0.001682
gov_staker_remaining_fee_accumulator_filetest.gno	Remaining gov fee accumulator repeat-1000 claim-121	execution-segment-repricing	10561611	12244055	1682444	-8573	-8573	0	1661243	0	0	857300	857300	0	1682.444	1682.444	0.000000	+0.001682	+0.001682
gov_staker_remaining_fee_accumulator_filetest.gno	Remaining gov fee accumulator repeat-1000 claim-122	execution-segment-repricing	10561611	12244055	1682444	-8573	-8573	0	1661243	0	0	857300	857300	0	1682.444	1682.444	0.000000	+0.001682	+0.001682
gov_staker_remaining_fee_accumulator_filetest.gno	Remaining gov fee accumulator repeat-1000 claim-123	execution-segment-repricing	10562098	12244542	1682444	-8573	-8573	0	1661243	0	0	857300	857300	0	1682.444	1682.444	0.000000	+0.001682	+0.001682
gov_staker_remaining_fee_accumulator_filetest.gno	Remaining gov fee accumulator repeat-1000 claim-124	execution-segment-repricing	10561611	12244055	1682444	-8573	-8573	0	1661243	0	0	857300	857300	0	1682.444	1682.444	0.000000	+0.001682	+0.001682
gov_staker_remaining_fee_accumulator_filetest.gno	Remaining gov fee accumulator repeat-1000 claim-125	execution-segment-repricing	10565393	12247837	1682444	-8573	-8573	0	1661243	0	0	857300	857300	0	1682.444	1682.444	0.000000	+0.001682	+0.001682
gov_staker_remaining_fee_accumulator_filetest.gno	Remaining gov fee accumulator repeat-1000 claim-126	execution-segment-repricing	10561611	12244055	1682444	-8573	-8573	0	1661243	0	0	857300	857300	0	1682.444	1682.444	0.000000	+0.001682	+0.001682
gov_staker_remaining_fee_accumulator_filetest.gno	Remaining gov fee accumulator repeat-1000 claim-127	execution-segment-repricing	10561611	12244055	1682444	-8573	-8573	0	1661243	0	0	857300	857300	0	1682.444	1682.444	0.000000	+0.001682	+0.001682
gov_staker_remaining_fee_accumulator_filetest.gno	Remaining gov fee accumulator repeat-1000 claim-128	execution-segment-repricing	10557249	12239693	1682444	-8573	-8573	0	1661243	0	0	857300	857300	0	1682.444	1682.444	0.000000	+0.001682	+0.001682
gov_staker_remaining_fee_accumulator_filetest.gno	Remaining gov fee accumulator repeat-1000 claim-129	execution-segment-repricing	10557249	12239693	1682444	-8573	-8573	0	1661243	0	0	857300	857300	0	1682.444	1682.444	0.000000	+0.001682	+0.001682
gov_staker_remaining_fee_accumulator_filetest.gno	Remaining gov fee accumulator repeat-1000 claim-130	execution-segment-repricing	10560544	12242988	1682444	-8573	-8573	0	1661243	0	0	857300	857300	0	1682.444	1682.444	0.000000	+0.001682	+0.001682
gov_staker_remaining_fee_accumulator_filetest.gno	Remaining gov fee accumulator repeat-1000 claim-131	execution-segment-repricing	10552980	12235424	1682444	-8573	-8573	0	1661243	0	0	857300	857300	0	1682.444	1682.444	0.000000	+0.001682	+0.001682
gov_staker_remaining_fee_accumulator_filetest.gno	Remaining gov fee accumulator repeat-1000 claim-132	execution-segment-repricing	10557342	12239786	1682444	-8573	-8573	0	1661243	0	0	857300	857300	0	1682.444	1682.444	0.000000	+0.001682	+0.001682
gov_staker_remaining_fee_accumulator_filetest.gno	Remaining gov fee accumulator repeat-1000 claim-133	execution-segment-repricing	10557342	12239786	1682444	-8573	-8573	0	1661243	0	0	857300	857300	0	1682.444	1682.444	0.000000	+0.001682	+0.001682
gov_staker_remaining_fee_accumulator_filetest.gno	Remaining gov fee accumulator repeat-1000 claim-134	execution-segment-repricing	10554047	12236491	1682444	-8573	-8573	0	1661243	0	0	857300	857300	0	1682.444	1682.444	0.000000	+0.001682	+0.001682
gov_staker_remaining_fee_accumulator_filetest.gno	Remaining gov fee accumulator repeat-1000 claim-135	execution-segment-repricing	10561611	12244055	1682444	-8573	-8573	0	1661243	0	0	857300	857300	0	1682.444	1682.444	0.000000	+0.001682	+0.001682
gov_staker_remaining_fee_accumulator_filetest.gno	Remaining gov fee accumulator repeat-1000 claim-136	execution-segment-repricing	10562098	12244542	1682444	-8573	-8573	0	1661243	0	0	857300	857300	0	1682.444	1682.444	0.000000	+0.001682	+0.001682
gov_staker_remaining_fee_accumulator_filetest.gno	Remaining gov fee accumulator repeat-1000 claim-137	execution-segment-repricing	10557829	12240273	1682444	-8573	-8573	0	1661243	0	0	857300	857300	0	1682.444	1682.444	0.000000	+0.001682	+0.001682
gov_staker_remaining_fee_accumulator_filetest.gno	Remaining gov fee accumulator repeat-1000 claim-138	execution-segment-repricing	10561611	12244055	1682444	-8573	-8573	0	1661243	0	0	857300	857300	0	1682.444	1682.444	0.000000	+0.001682	+0.001682
gov_staker_remaining_fee_accumulator_filetest.gno	Remaining gov fee accumulator repeat-1000 claim-139	execution-segment-repricing	10561124	12243568	1682444	-8573	-8573	0	1661243	0	0	857300	857300	0	1682.444	1682.444	0.000000	+0.001682	+0.001682
gov_staker_remaining_fee_accumulator_filetest.gno	Remaining gov fee accumulator repeat-1000 claim-140	execution-segment-repricing	10557342	12239786	1682444	-8573	-8573	0	1661243	0	0	857300	857300	0	1682.444	1682.444	0.000000	+0.001682	+0.001682
gov_staker_remaining_fee_accumulator_filetest.gno	Remaining gov fee accumulator repeat-1000 claim-141	execution-segment-repricing	10561124	12243568	1682444	-8573	-8573	0	1661243	0	0	857300	857300	0	1682.444	1682.444	0.000000	+0.001682	+0.001682
gov_staker_remaining_fee_accumulator_filetest.gno	Remaining gov fee accumulator repeat-1000 claim-142	execution-segment-repricing	10561124	12243568	1682444	-8573	-8573	0	1661243	0	0	857300	857300	0	1682.444	1682.444	0.000000	+0.001682	+0.001682
gov_staker_remaining_fee_accumulator_filetest.gno	Remaining gov fee accumulator repeat-1000 claim-143	execution-segment-repricing	10557829	12240273	1682444	-8573	-8573	0	1661243	0	0	857300	857300	0	1682.444	1682.444	0.000000	+0.001682	+0.001682
gov_staker_remaining_fee_accumulator_filetest.gno	Remaining gov fee accumulator repeat-1000 claim-144	execution-segment-repricing	10561124	12243568	1682444	-8573	-8573	0	1661243	0	0	857300	857300	0	1682.444	1682.444	0.000000	+0.001682	+0.001682
gov_staker_remaining_fee_accumulator_filetest.gno	Remaining gov fee accumulator repeat-1000 claim-145	execution-segment-repricing	10561611	12244055	1682444	-8573	-8573	0	1661243	0	0	857300	857300	0	1682.444	1682.444	0.000000	+0.001682	+0.001682
gov_staker_remaining_fee_accumulator_filetest.gno	Remaining gov fee accumulator repeat-1000 claim-146	execution-segment-repricing	10557342	12239786	1682444	-8573	-8573	0	1661243	0	0	857300	857300	0	1682.444	1682.444	0.000000	+0.001682	+0.001682
gov_staker_remaining_fee_accumulator_filetest.gno	Remaining gov fee accumulator repeat-1000 claim-147	execution-segment-repricing	10561124	12243568	1682444	-8573	-8573	0	1661243	0	0	857300	857300	0	1682.444	1682.444	0.000000	+0.001682	+0.001682
gov_staker_remaining_fee_accumulator_filetest.gno	Remaining gov fee accumulator repeat-1000 claim-148	execution-segment-repricing	10561611	12244055	1682444	-8573	-8573	0	1661243	0	0	857300	857300	0	1682.444	1682.444	0.000000	+0.001682	+0.001682
gov_staker_remaining_fee_accumulator_filetest.gno	Remaining gov fee accumulator repeat-1000 claim-149	execution-segment-repricing	10557342	12239786	1682444	-8573	-8573	0	1661243	0	0	857300	857300	0	1682.444	1682.444	0.000000	+0.001682	+0.001682
gov_staker_remaining_fee_accumulator_filetest.gno	Remaining gov fee accumulator repeat-1000 claim-150	execution-segment-repricing	10561611	12244055	1682444	-8573	-8573	0	1661243	0	0	857300	857300	0	1682.444	1682.444	0.000000	+0.001682	+0.001682
gov_staker_remaining_fee_accumulator_filetest.gno	Remaining gov fee accumulator repeat-1000 claim-151	execution-segment-repricing	10561124	12243568	1682444	-8573	-8573	0	1661243	0	0	857300	857300	0	1682.444	1682.444	0.000000	+0.001682	+0.001682
gov_staker_remaining_fee_accumulator_filetest.gno	Remaining gov fee accumulator repeat-1000 claim-152	execution-segment-repricing	10561124	12243568	1682444	-8573	-8573	0	1661243	0	0	857300	857300	0	1682.444	1682.444	0.000000	+0.001682	+0.001682
gov_staker_remaining_fee_accumulator_filetest.gno	Remaining gov fee accumulator repeat-1000 claim-153	execution-segment-repricing	10565393	12247837	1682444	-8573	-8573	0	1661243	0	0	857300	857300	0	1682.444	1682.444	0.000000	+0.001682	+0.001682
gov_staker_remaining_fee_accumulator_filetest.gno	Remaining gov fee accumulator repeat-1000 claim-154	execution-segment-repricing	10565393	12247837	1682444	-8573	-8573	0	1661243	0	0	857300	857300	0	1682.444	1682.444	0.000000	+0.001682	+0.001682
gov_staker_remaining_fee_accumulator_filetest.gno	Remaining gov fee accumulator repeat-1000 claim-155	execution-segment-repricing	10565880	12248324	1682444	-8573	-8573	0	1661243	0	0	857300	857300	0	1682.444	1682.444	0.000000	+0.001682	+0.001682
gov_staker_remaining_fee_accumulator_filetest.gno	Remaining gov fee accumulator repeat-1000 claim-156	execution-segment-repricing	10565393	12247837	1682444	-8573	-8573	0	1661243	0	0	857300	857300	0	1682.444	1682.444	0.000000	+0.001682	+0.001682
gov_staker_remaining_fee_accumulator_filetest.gno	Remaining gov fee accumulator repeat-1000 claim-157	execution-segment-repricing	10564906	12247350	1682444	-8573	-8573	0	1661243	0	0	857300	857300	0	1682.444	1682.444	0.000000	+0.001682	+0.001682
gov_staker_remaining_fee_accumulator_filetest.gno	Remaining gov fee accumulator repeat-1000 claim-158	execution-segment-repricing	10564906	12247350	1682444	-8573	-8573	0	1661243	0	0	857300	857300	0	1682.444	1682.444	0.000000	+0.001682	+0.001682
gov_staker_remaining_fee_accumulator_filetest.gno	Remaining gov fee accumulator repeat-1000 claim-159	execution-segment-repricing	10564906	12247350	1682444	-8573	-8573	0	1661243	0	0	857300	857300	0	1682.444	1682.444	0.000000	+0.001682	+0.001682
gov_staker_remaining_fee_accumulator_filetest.gno	Remaining gov fee accumulator repeat-1000 claim-160	execution-segment-repricing	10565393	12247837	1682444	-8573	-8573	0	1661243	0	0	857300	857300	0	1682.444	1682.444	0.000000	+0.001682	+0.001682
gov_staker_remaining_fee_accumulator_filetest.gno	Remaining gov fee accumulator repeat-1000 claim-161	execution-segment-repricing	10565880	12248324	1682444	-8573	-8573	0	1661243	0	0	857300	857300	0	1682.444	1682.444	0.000000	+0.001682	+0.001682
gov_staker_remaining_fee_accumulator_filetest.gno	Remaining gov fee accumulator repeat-1000 claim-162	execution-segment-repricing	10565438	12247882	1682444	-8579	-8579	0	1661243	0	0	857900	857900	0	1682.444	1682.444	0.000000	+0.001682	+0.001682
gov_staker_remaining_fee_accumulator_filetest.gno	Remaining gov fee accumulator repeat-1000 claim-163	execution-segment-repricing	10565483	12247927	1682444	-8591	-8591	0	1661243	0	0	859100	859100	0	1682.444	1682.444	0.000000	+0.001682	+0.001682
gov_staker_remaining_fee_accumulator_filetest.gno	Remaining gov fee accumulator repeat-1000 claim-164	execution-segment-repricing	10565041	12247485	1682444	-8603	-8603	0	1661243	0	0	860300	860300	0	1682.444	1682.444	0.000000	+0.001682	+0.001682
gov_staker_remaining_fee_accumulator_filetest.gno	Remaining gov fee accumulator repeat-1000 claim-165	execution-segment-repricing	10565086	12247530	1682444	-8615	-8615	0	1661243	0	0	861500	861500	0	1682.444	1682.444	0.000000	+0.001682	+0.001682
gov_staker_remaining_fee_accumulator_filetest.gno	Remaining gov fee accumulator repeat-1000 claim-166	execution-segment-repricing	10565086	12247530	1682444	-8621	-8621	0	1661243	0	0	862100	862100	0	1682.444	1682.444	0.000000	+0.001682	+0.001682
gov_staker_remaining_fee_accumulator_filetest.gno	Remaining gov fee accumulator repeat-1000 claim-167	execution-segment-repricing	10565086	12247530	1682444	-8621	-8621	0	1661243	0	0	862100	862100	0	1682.444	1682.444	0.000000	+0.001682	+0.001682
gov_staker_remaining_fee_accumulator_filetest.gno	Remaining gov fee accumulator repeat-1000 claim-168	execution-segment-repricing	10565573	12248017	1682444	-8621	-8621	0	1661243	0	0	862100	862100	0	1682.444	1682.444	0.000000	+0.001682	+0.001682
gov_staker_remaining_fee_accumulator_filetest.gno	Remaining gov fee accumulator repeat-1000 claim-169	execution-segment-repricing	10565086	12247530	1682444	-8621	-8621	0	1661243	0	0	862100	862100	0	1682.444	1682.444	0.000000	+0.001682	+0.001682
gov_staker_remaining_fee_accumulator_filetest.gno	Remaining gov fee accumulator repeat-1000 claim-170	execution-segment-repricing	10565573	12248017	1682444	-8621	-8621	0	1661243	0	0	862100	862100	0	1682.444	1682.444	0.000000	+0.001682	+0.001682
gov_staker_remaining_fee_accumulator_filetest.gno	Remaining gov fee accumulator repeat-1000 claim-171	execution-segment-repricing	10565086	12247530	1682444	-8621	-8621	0	1661243	0	0	862100	862100	0	1682.444	1682.444	0.000000	+0.001682	+0.001682
gov_staker_remaining_fee_accumulator_filetest.gno	Remaining gov fee accumulator repeat-1000 claim-172	execution-segment-repricing	10565086	12247530	1682444	-8621	-8621	0	1661243	0	0	862100	862100	0	1682.444	1682.444	0.000000	+0.001682	+0.001682
gov_staker_remaining_fee_accumulator_filetest.gno	Remaining gov fee accumulator repeat-1000 claim-173	execution-segment-repricing	10561791	12244235	1682444	-8621	-8621	0	1661243	0	0	862100	862100	0	1682.444	1682.444	0.000000	+0.001682	+0.001682
gov_staker_remaining_fee_accumulator_filetest.gno	Remaining gov fee accumulator repeat-1000 claim-174	execution-segment-repricing	10561791	12244235	1682444	-8621	-8621	0	1661243	0	0	862100	862100	0	1682.444	1682.444	0.000000	+0.001682	+0.001682
gov_staker_remaining_fee_accumulator_filetest.gno	Remaining gov fee accumulator repeat-1000 claim-175	execution-segment-repricing	10562278	12244722	1682444	-8621	-8621	0	1661243	0	0	862100	862100	0	1682.444	1682.444	0.000000	+0.001682	+0.001682
gov_staker_remaining_fee_accumulator_filetest.gno	Remaining gov fee accumulator repeat-1000 claim-176	execution-segment-repricing	10561791	12244235	1682444	-8621	-8621	0	1661243	0	0	862100	862100	0	1682.444	1682.444	0.000000	+0.001682	+0.001682
gov_staker_remaining_fee_accumulator_filetest.gno	Remaining gov fee accumulator repeat-1000 claim-177	execution-segment-repricing	10565573	12248017	1682444	-8621	-8621	0	1661243	0	0	862100	862100	0	1682.444	1682.444	0.000000	+0.001682	+0.001682
gov_staker_remaining_fee_accumulator_filetest.gno	Remaining gov fee accumulator repeat-1000 claim-178	execution-segment-repricing	10561791	12244235	1682444	-8621	-8621	0	1661243	0	0	862100	862100	0	1682.444	1682.444	0.000000	+0.001682	+0.001682
gov_staker_remaining_fee_accumulator_filetest.gno	Remaining gov fee accumulator repeat-1000 claim-179	execution-segment-repricing	10562858	12245302	1682444	-8621	-8621	0	1661243	0	0	862100	862100	0	1682.444	1682.444	0.000000	+0.001682	+0.001682
gov_staker_remaining_fee_accumulator_filetest.gno	Remaining gov fee accumulator repeat-1000 claim-180	execution-segment-repricing	10564412	12246856	1682444	-8621	-8621	0	1661243	0	0	862100	862100	0	1682.444	1682.444	0.000000	+0.001682	+0.001682
gov_staker_remaining_fee_accumulator_filetest.gno	Remaining gov fee accumulator repeat-1000 claim-181	execution-segment-repricing	10565479	12247923	1682444	-8621	-8621	0	1661243	0	0	862100	862100	0	1682.444	1682.444	0.000000	+0.001682	+0.001682
gov_staker_remaining_fee_accumulator_filetest.gno	Remaining gov fee accumulator repeat-1000 claim-182	execution-segment-repricing	10569841	12252285	1682444	-8621	-8621	0	1661243	0	0	862100	862100	0	1682.444	1682.444	0.000000	+0.001682	+0.001682
gov_staker_remaining_fee_accumulator_filetest.gno	Remaining gov fee accumulator repeat-1000 claim-183	execution-segment-repricing	10566059	12248503	1682444	-8621	-8621	0	1661243	0	0	862100	862100	0	1682.444	1682.444	0.000000	+0.001682	+0.001682
gov_staker_remaining_fee_accumulator_filetest.gno	Remaining gov fee accumulator repeat-1000 claim-184	execution-segment-repricing	10565572	12248016	1682444	-8621	-8621	0	1661243	0	0	862100	862100	0	1682.444	1682.444	0.000000	+0.001682	+0.001682
gov_staker_remaining_fee_accumulator_filetest.gno	Remaining gov fee accumulator repeat-1000 claim-185	execution-segment-repricing	10565572	12248016	1682444	-8621	-8621	0	1661243	0	0	862100	862100	0	1682.444	1682.444	0.000000	+0.001682	+0.001682
gov_staker_remaining_fee_accumulator_filetest.gno	Remaining gov fee accumulator repeat-1000 claim-186	execution-segment-repricing	10566059	12248503	1682444	-8621	-8621	0	1661243	0	0	862100	862100	0	1682.444	1682.444	0.000000	+0.001682	+0.001682
gov_staker_remaining_fee_accumulator_filetest.gno	Remaining gov fee accumulator repeat-1000 claim-187	execution-segment-repricing	10569841	12252285	1682444	-8621	-8621	0	1661243	0	0	862100	862100	0	1682.444	1682.444	0.000000	+0.001682	+0.001682
gov_staker_remaining_fee_accumulator_filetest.gno	Remaining gov fee accumulator repeat-1000 claim-188	execution-segment-repricing	10566546	12248990	1682444	-8621	-8621	0	1661243	0	0	862100	862100	0	1682.444	1682.444	0.000000	+0.001682	+0.001682
gov_staker_remaining_fee_accumulator_filetest.gno	Remaining gov fee accumulator repeat-1000 claim-189	execution-segment-repricing	10566059	12248503	1682444	-8621	-8621	0	1661243	0	0	862100	862100	0	1682.444	1682.444	0.000000	+0.001682	+0.001682
gov_staker_remaining_fee_accumulator_filetest.gno	Remaining gov fee accumulator repeat-1000 claim-190	execution-segment-repricing	10566059	12248503	1682444	-8621	-8621	0	1661243	0	0	862100	862100	0	1682.444	1682.444	0.000000	+0.001682	+0.001682
gov_staker_remaining_fee_accumulator_filetest.gno	Remaining gov fee accumulator repeat-1000 claim-191	execution-segment-repricing	10565572	12248016	1682444	-8621	-8621	0	1661243	0	0	862100	862100	0	1682.444	1682.444	0.000000	+0.001682	+0.001682
gov_staker_remaining_fee_accumulator_filetest.gno	Remaining gov fee accumulator repeat-1000 claim-192	execution-segment-repricing	10569354	12251798	1682444	-8621	-8621	0	1661243	0	0	862100	862100	0	1682.444	1682.444	0.000000	+0.001682	+0.001682
gov_staker_remaining_fee_accumulator_filetest.gno	Remaining gov fee accumulator repeat-1000 claim-193	execution-segment-repricing	10566059	12248503	1682444	-8621	-8621	0	1661243	0	0	862100	862100	0	1682.444	1682.444	0.000000	+0.001682	+0.001682
gov_staker_remaining_fee_accumulator_filetest.gno	Remaining gov fee accumulator repeat-1000 claim-194	execution-segment-repricing	10566059	12248503	1682444	-8621	-8621	0	1661243	0	0	862100	862100	0	1682.444	1682.444	0.000000	+0.001682	+0.001682
gov_staker_remaining_fee_accumulator_filetest.gno	Remaining gov fee accumulator repeat-1000 claim-195	execution-segment-repricing	10566546	12248990	1682444	-8621	-8621	0	1661243	0	0	862100	862100	0	1682.444	1682.444	0.000000	+0.001682	+0.001682
gov_staker_remaining_fee_accumulator_filetest.gno	Remaining gov fee accumulator repeat-1000 claim-196	execution-segment-repricing	10566059	12248503	1682444	-8621	-8621	0	1661243	0	0	862100	862100	0	1682.444	1682.444	0.000000	+0.001682	+0.001682
gov_staker_remaining_fee_accumulator_filetest.gno	Remaining gov fee accumulator repeat-1000 claim-197	execution-segment-repricing	10569841	12252285	1682444	-8621	-8621	0	1661243	0	0	862100	862100	0	1682.444	1682.444	0.000000	+0.001682	+0.001682
gov_staker_remaining_fee_accumulator_filetest.gno	Remaining gov fee accumulator repeat-1000 claim-198	execution-segment-repricing	10566059	12248503	1682444	-8621	-8621	0	1661243	0	0	862100	862100	0	1682.444	1682.444	0.000000	+0.001682	+0.001682
gov_staker_remaining_fee_accumulator_filetest.gno	Remaining gov fee accumulator repeat-1000 claim-199	execution-segment-repricing	10566059	12248503	1682444	-8621	-8621	0	1661243	0	0	862100	862100	0	1682.444	1682.444	0.000000	+0.001682	+0.001682
gov_staker_remaining_fee_accumulator_filetest.gno	Remaining gov fee accumulator repeat-1000 claim-200	execution-segment-repricing	10566546	12248990	1682444	-8621	-8621	0	1661243	0	0	862100	862100	0	1682.444	1682.444	0.000000	+0.001682	+0.001682
gov_staker_remaining_fee_accumulator_filetest.gno	Remaining gov fee accumulator repeat-1000 claim-201	execution-segment-repricing	10566059	12248503	1682444	-8621	-8621	0	1661243	0	0	862100	862100	0	1682.444	1682.444	0.000000	+0.001682	+0.001682
gov_staker_remaining_fee_accumulator_filetest.gno	Remaining gov fee accumulator repeat-1000 claim-202	execution-segment-repricing	10569841	12252285	1682444	-8621	-8621	0	1661243	0	0	862100	862100	0	1682.444	1682.444	0.000000	+0.001682	+0.001682
gov_staker_remaining_fee_accumulator_filetest.gno	Remaining gov fee accumulator repeat-1000 claim-203	execution-segment-repricing	10566059	12248503	1682444	-8621	-8621	0	1661243	0	0	862100	862100	0	1682.444	1682.444	0.000000	+0.001682	+0.001682
gov_staker_remaining_fee_accumulator_filetest.gno	Remaining gov fee accumulator repeat-1000 claim-204	execution-segment-repricing	10566059	12248503	1682444	-8621	-8621	0	1661243	0	0	862100	862100	0	1682.444	1682.444	0.000000	+0.001682	+0.001682
gov_staker_remaining_fee_accumulator_filetest.gno	Remaining gov fee accumulator repeat-1000 claim-205	execution-segment-repricing	10566546	12248990	1682444	-8621	-8621	0	1661243	0	0	862100	862100	0	1682.444	1682.444	0.000000	+0.001682	+0.001682
gov_staker_remaining_fee_accumulator_filetest.gno	Remaining gov fee accumulator repeat-1000 claim-206	execution-segment-repricing	10566546	12248990	1682444	-8621	-8621	0	1661243	0	0	862100	862100	0	1682.444	1682.444	0.000000	+0.001682	+0.001682
gov_staker_remaining_fee_accumulator_filetest.gno	Remaining gov fee accumulator repeat-1000 claim-207	execution-segment-repricing	10569841	12252285	1682444	-8621	-8621	0	1661243	0	0	862100	862100	0	1682.444	1682.444	0.000000	+0.001682	+0.001682
gov_staker_remaining_fee_accumulator_filetest.gno	Remaining gov fee accumulator repeat-1000 claim-208	execution-segment-repricing	10569354	12251798	1682444	-8621	-8621	0	1661243	0	0	862100	862100	0	1682.444	1682.444	0.000000	+0.001682	+0.001682
gov_staker_remaining_fee_accumulator_filetest.gno	Remaining gov fee accumulator repeat-1000 claim-209	execution-segment-repricing	10568867	12251311	1682444	-8621	-8621	0	1661243	0	0	862100	862100	0	1682.444	1682.444	0.000000	+0.001682	+0.001682
gov_staker_remaining_fee_accumulator_filetest.gno	Remaining gov fee accumulator repeat-1000 claim-210	execution-segment-repricing	10568867	12251311	1682444	-8621	-8621	0	1661243	0	0	862100	862100	0	1682.444	1682.444	0.000000	+0.001682	+0.001682
gov_staker_remaining_fee_accumulator_filetest.gno	Remaining gov fee accumulator repeat-1000 claim-211	execution-segment-repricing	10565572	12248016	1682444	-8621	-8621	0	1661243	0	0	862100	862100	0	1682.444	1682.444	0.000000	+0.001682	+0.001682
gov_staker_remaining_fee_accumulator_filetest.gno	Remaining gov fee accumulator repeat-1000 claim-212	execution-segment-repricing	10566059	12248503	1682444	-8621	-8621	0	1661243	0	0	862100	862100	0	1682.444	1682.444	0.000000	+0.001682	+0.001682
gov_staker_remaining_fee_accumulator_filetest.gno	Remaining gov fee accumulator repeat-1000 claim-213	execution-segment-repricing	10566546	12248990	1682444	-8621	-8621	0	1661243	0	0	862100	862100	0	1682.444	1682.444	0.000000	+0.001682	+0.001682
gov_staker_remaining_fee_accumulator_filetest.gno	Remaining gov fee accumulator repeat-1000 claim-214	execution-segment-repricing	10562277	12244721	1682444	-8621	-8621	0	1661243	0	0	862100	862100	0	1682.444	1682.444	0.000000	+0.001682	+0.001682
gov_staker_remaining_fee_accumulator_filetest.gno	Remaining gov fee accumulator repeat-1000 claim-215	execution-segment-repricing	10566059	12248503	1682444	-8621	-8621	0	1661243	0	0	862100	862100	0	1682.444	1682.444	0.000000	+0.001682	+0.001682
gov_staker_remaining_fee_accumulator_filetest.gno	Remaining gov fee accumulator repeat-1000 claim-216	execution-segment-repricing	10565572	12248016	1682444	-8621	-8621	0	1661243	0	0	862100	862100	0	1682.444	1682.444	0.000000	+0.001682	+0.001682
gov_staker_remaining_fee_accumulator_filetest.gno	Remaining gov fee accumulator repeat-1000 claim-217	execution-segment-repricing	10561790	12244234	1682444	-8621	-8621	0	1661243	0	0	862100	862100	0	1682.444	1682.444	0.000000	+0.001682	+0.001682
gov_staker_remaining_fee_accumulator_filetest.gno	Remaining gov fee accumulator repeat-1000 claim-218	execution-segment-repricing	10565572	12248016	1682444	-8621	-8621	0	1661243	0	0	862100	862100	0	1682.444	1682.444	0.000000	+0.001682	+0.001682
gov_staker_remaining_fee_accumulator_filetest.gno	Remaining gov fee accumulator repeat-1000 claim-219	execution-segment-repricing	10565572	12248016	1682444	-8621	-8621	0	1661243	0	0	862100	862100	0	1682.444	1682.444	0.000000	+0.001682	+0.001682
gov_staker_remaining_fee_accumulator_filetest.gno	Remaining gov fee accumulator repeat-1000 claim-220	execution-segment-repricing	10562277	12244721	1682444	-8621	-8621	0	1661243	0	0	862100	862100	0	1682.444	1682.444	0.000000	+0.001682	+0.001682
gov_staker_remaining_fee_accumulator_filetest.gno	Remaining gov fee accumulator repeat-1000 claim-221	execution-segment-repricing	10565572	12248016	1682444	-8621	-8621	0	1661243	0	0	862100	862100	0	1682.444	1682.444	0.000000	+0.001682	+0.001682
gov_staker_remaining_fee_accumulator_filetest.gno	Remaining gov fee accumulator repeat-1000 claim-222	execution-segment-repricing	10566059	12248503	1682444	-8621	-8621	0	1661243	0	0	862100	862100	0	1682.444	1682.444	0.000000	+0.001682	+0.001682
gov_staker_remaining_fee_accumulator_filetest.gno	Remaining gov fee accumulator repeat-1000 claim-223	execution-segment-repricing	10561790	12244234	1682444	-8621	-8621	0	1661243	0	0	862100	862100	0	1682.444	1682.444	0.000000	+0.001682	+0.001682
gov_staker_remaining_fee_accumulator_filetest.gno	Remaining gov fee accumulator repeat-1000 claim-224	execution-segment-repricing	10565572	12248016	1682444	-8621	-8621	0	1661243	0	0	862100	862100	0	1682.444	1682.444	0.000000	+0.001682	+0.001682
gov_staker_remaining_fee_accumulator_filetest.gno	Remaining gov fee accumulator repeat-1000 claim-225	execution-segment-repricing	10566059	12248503	1682444	-8621	-8621	0	1661243	0	0	862100	862100	0	1682.444	1682.444	0.000000	+0.001682	+0.001682
gov_staker_remaining_fee_accumulator_filetest.gno	Remaining gov fee accumulator repeat-1000 claim-226	execution-segment-repricing	10562764	12245208	1682444	-8621	-8621	0	1661243	0	0	862100	862100	0	1682.444	1682.444	0.000000	+0.001682	+0.001682
gov_staker_remaining_fee_accumulator_filetest.gno	Remaining gov fee accumulator repeat-1000 claim-227	execution-segment-repricing	10567033	12249477	1682444	-8621	-8621	0	1661243	0	0	862100	862100	0	1682.444	1682.444	0.000000	+0.001682	+0.001682
gov_staker_remaining_fee_accumulator_filetest.gno	Remaining gov fee accumulator repeat-1000 claim-228	execution-segment-repricing	10566546	12248990	1682444	-8621	-8621	0	1661243	0	0	862100	862100	0	1682.444	1682.444	0.000000	+0.001682	+0.001682
gov_staker_remaining_fee_accumulator_filetest.gno	Remaining gov fee accumulator repeat-1000 claim-229	execution-segment-repricing	10562764	12245208	1682444	-8621	-8621	0	1661243	0	0	862100	862100	0	1682.444	1682.444	0.000000	+0.001682	+0.001682
gov_staker_remaining_fee_accumulator_filetest.gno	Remaining gov fee accumulator repeat-1000 claim-230	execution-segment-repricing	10566059	12248503	1682444	-8621	-8621	0	1661243	0	0	862100	862100	0	1682.444	1682.444	0.000000	+0.001682	+0.001682
gov_staker_remaining_fee_accumulator_filetest.gno	Remaining gov fee accumulator repeat-1000 claim-231	execution-segment-repricing	10566059	12248503	1682444	-8621	-8621	0	1661243	0	0	862100	862100	0	1682.444	1682.444	0.000000	+0.001682	+0.001682
gov_staker_remaining_fee_accumulator_filetest.gno	Remaining gov fee accumulator repeat-1000 claim-232	execution-segment-repricing	10563251	12245695	1682444	-8621	-8621	0	1661243	0	0	862100	862100	0	1682.444	1682.444	0.000000	+0.001682	+0.001682
gov_staker_remaining_fee_accumulator_filetest.gno	Remaining gov fee accumulator repeat-1000 claim-233	execution-segment-repricing	10566546	12248990	1682444	-8621	-8621	0	1661243	0	0	862100	862100	0	1682.444	1682.444	0.000000	+0.001682	+0.001682
gov_staker_remaining_fee_accumulator_filetest.gno	Remaining gov fee accumulator repeat-1000 claim-234	execution-segment-repricing	10566059	12248503	1682444	-8621	-8621	0	1661243	0	0	862100	862100	0	1682.444	1682.444	0.000000	+0.001682	+0.001682
gov_staker_remaining_fee_accumulator_filetest.gno	Remaining gov fee accumulator repeat-1000 claim-235	execution-segment-repricing	10565572	12248016	1682444	-8621	-8621	0	1661243	0	0	862100	862100	0	1682.444	1682.444	0.000000	+0.001682	+0.001682
gov_staker_remaining_fee_accumulator_filetest.gno	Remaining gov fee accumulator repeat-1000 claim-236	execution-segment-repricing	10568380	12250824	1682444	-8621	-8621	0	1661243	0	0	862100	862100	0	1682.444	1682.444	0.000000	+0.001682	+0.001682
gov_staker_remaining_fee_accumulator_filetest.gno	Remaining gov fee accumulator repeat-1000 claim-237	execution-segment-repricing	10568867	12251311	1682444	-8621	-8621	0	1661243	0	0	862100	862100	0	1682.444	1682.444	0.000000	+0.001682	+0.001682
gov_staker_remaining_fee_accumulator_filetest.gno	Remaining gov fee accumulator repeat-1000 claim-238	execution-segment-repricing	10569354	12251798	1682444	-8621	-8621	0	1661243	0	0	862100	862100	0	1682.444	1682.444	0.000000	+0.001682	+0.001682
gov_staker_remaining_fee_accumulator_filetest.gno	Remaining gov fee accumulator repeat-1000 claim-239	execution-segment-repricing	10569841	12252285	1682444	-8621	-8621	0	1661243	0	0	862100	862100	0	1682.444	1682.444	0.000000	+0.001682	+0.001682
gov_staker_remaining_fee_accumulator_filetest.gno	Remaining gov fee accumulator repeat-1000 claim-240	execution-segment-repricing	10565479	12247923	1682444	-8621	-8621	0	1661243	0	0	862100	862100	0	1682.444	1682.444	0.000000	+0.001682	+0.001682
gov_staker_remaining_fee_accumulator_filetest.gno	Remaining gov fee accumulator repeat-1000 claim-241	execution-segment-repricing	10564992	12247436	1682444	-8621	-8621	0	1661243	0	0	862100	862100	0	1682.444	1682.444	0.000000	+0.001682	+0.001682
gov_staker_remaining_fee_accumulator_filetest.gno	Remaining gov fee accumulator repeat-1000 claim-242	execution-segment-repricing	10564992	12247436	1682444	-8621	-8621	0	1661243	0	0	862100	862100	0	1682.444	1682.444	0.000000	+0.001682	+0.001682
gov_staker_remaining_fee_accumulator_filetest.gno	Remaining gov fee accumulator repeat-1000 claim-243	execution-segment-repricing	10564505	12246949	1682444	-8621	-8621	0	1661243	0	0	862100	862100	0	1682.444	1682.444	0.000000	+0.001682	+0.001682
gov_staker_remaining_fee_accumulator_filetest.gno	Remaining gov fee accumulator repeat-1000 claim-244	execution-segment-repricing	10569354	12251798	1682444	-8621	-8621	0	1661243	0	0	862100	862100	0	1682.444	1682.444	0.000000	+0.001682	+0.001682
gov_staker_remaining_fee_accumulator_filetest.gno	Remaining gov fee accumulator repeat-1000 claim-245	execution-segment-repricing	10566059	12248503	1682444	-8621	-8621	0	1661243	0	0	862100	862100	0	1682.444	1682.444	0.000000	+0.001682	+0.001682
gov_staker_remaining_fee_accumulator_filetest.gno	Remaining gov fee accumulator repeat-1000 claim-246	execution-segment-repricing	10565572	12248016	1682444	-8621	-8621	0	1661243	0	0	862100	862100	0	1682.444	1682.444	0.000000	+0.001682	+0.001682
gov_staker_remaining_fee_accumulator_filetest.gno	Remaining gov fee accumulator repeat-1000 claim-247	execution-segment-repricing	10566059	12248503	1682444	-8621	-8621	0	1661243	0	0	862100	862100	0	1682.444	1682.444	0.000000	+0.001682	+0.001682
gov_staker_remaining_fee_accumulator_filetest.gno	Remaining gov fee accumulator repeat-1000 claim-248	execution-segment-repricing	10565572	12248016	1682444	-8621	-8621	0	1661243	0	0	862100	862100	0	1682.444	1682.444	0.000000	+0.001682	+0.001682
gov_staker_remaining_fee_accumulator_filetest.gno	Remaining gov fee accumulator repeat-1000 claim-249	execution-segment-repricing	10569354	12251798	1682444	-8621	-8621	0	1661243	0	0	862100	862100	0	1682.444	1682.444	0.000000	+0.001682	+0.001682
gov_staker_remaining_fee_accumulator_filetest.gno	Remaining gov fee accumulator repeat-1000 claim-250	execution-segment-repricing	10566059	12248503	1682444	-8621	-8621	0	1661243	0	0	862100	862100	0	1682.444	1682.444	0.000000	+0.001682	+0.001682
gov_staker_remaining_fee_accumulator_filetest.gno	Remaining gov fee accumulator repeat-1000 claim-251	execution-segment-repricing	10566059	12248503	1682444	-8621	-8621	0	1661243	0	0	862100	862100	0	1682.444	1682.444	0.000000	+0.001682	+0.001682
gov_staker_remaining_fee_accumulator_filetest.gno	Remaining gov fee accumulator repeat-1000 claim-252	execution-segment-repricing	10566059	12248503	1682444	-8621	-8621	0	1661243	0	0	862100	862100	0	1682.444	1682.444	0.000000	+0.001682	+0.001682
gov_staker_remaining_fee_accumulator_filetest.gno	Remaining gov fee accumulator repeat-1000 claim-253	execution-segment-repricing	10565572	12248016	1682444	-8621	-8621	0	1661243	0	0	862100	862100	0	1682.444	1682.444	0.000000	+0.001682	+0.001682
gov_staker_remaining_fee_accumulator_filetest.gno	Remaining gov fee accumulator repeat-1000 claim-254	execution-segment-repricing	10569354	12251798	1682444	-8621	-8621	0	1661243	0	0	862100	862100	0	1682.444	1682.444	0.000000	+0.001682	+0.001682
gov_staker_remaining_fee_accumulator_filetest.gno	Remaining gov fee accumulator repeat-1000 claim-255	execution-segment-repricing	10565572	12248016	1682444	-8621	-8621	0	1661243	0	0	862100	862100	0	1682.444	1682.444	0.000000	+0.001682	+0.001682
gov_staker_remaining_fee_accumulator_filetest.gno	Remaining gov fee accumulator repeat-1000 claim-256	execution-segment-repricing	10566059	12248503	1682444	-8621	-8621	0	1661243	0	0	862100	862100	0	1682.444	1682.444	0.000000	+0.001682	+0.001682
gov_staker_remaining_fee_accumulator_filetest.gno	Remaining gov fee accumulator repeat-1000 claim-257	execution-segment-repricing	10566546	12248990	1682444	-8621	-8621	0	1661243	0	0	862100	862100	0	1682.444	1682.444	0.000000	+0.001682	+0.001682
gov_staker_remaining_fee_accumulator_filetest.gno	Remaining gov fee accumulator repeat-1000 claim-258	execution-segment-repricing	10566546	12248990	1682444	-8621	-8621	0	1661243	0	0	862100	862100	0	1682.444	1682.444	0.000000	+0.001682	+0.001682
gov_staker_remaining_fee_accumulator_filetest.gno	Remaining gov fee accumulator repeat-1000 claim-259	execution-segment-repricing	10569841	12252285	1682444	-8621	-8621	0	1661243	0	0	862100	862100	0	1682.444	1682.444	0.000000	+0.001682	+0.001682
gov_staker_remaining_fee_accumulator_filetest.gno	Remaining gov fee accumulator repeat-1000 claim-260	execution-segment-repricing	10566059	12248503	1682444	-8621	-8621	0	1661243	0	0	862100	862100	0	1682.444	1682.444	0.000000	+0.001682	+0.001682
gov_staker_remaining_fee_accumulator_filetest.gno	Remaining gov fee accumulator repeat-1000 claim-261	execution-segment-repricing	10565572	12248016	1682444	-8621	-8621	0	1661243	0	0	862100	862100	0	1682.444	1682.444	0.000000	+0.001682	+0.001682
gov_staker_remaining_fee_accumulator_filetest.gno	Remaining gov fee accumulator repeat-1000 claim-262	execution-segment-repricing	10565572	12248016	1682444	-8621	-8621	0	1661243	0	0	862100	862100	0	1682.444	1682.444	0.000000	+0.001682	+0.001682
gov_staker_remaining_fee_accumulator_filetest.gno	Remaining gov fee accumulator repeat-1000 claim-263	execution-segment-repricing	10566059	12248503	1682444	-8621	-8621	0	1661243	0	0	862100	862100	0	1682.444	1682.444	0.000000	+0.001682	+0.001682
gov_staker_remaining_fee_accumulator_filetest.gno	Remaining gov fee accumulator repeat-1000 claim-264	execution-segment-repricing	10569841	12252285	1682444	-8621	-8621	0	1661243	0	0	862100	862100	0	1682.444	1682.444	0.000000	+0.001682	+0.001682
gov_staker_remaining_fee_accumulator_filetest.gno	Remaining gov fee accumulator repeat-1000 claim-265	execution-segment-repricing	10566546	12248990	1682444	-8621	-8621	0	1661243	0	0	862100	862100	0	1682.444	1682.444	0.000000	+0.001682	+0.001682
gov_staker_remaining_fee_accumulator_filetest.gno	Remaining gov fee accumulator repeat-1000 claim-266	execution-segment-repricing	10566059	12248503	1682444	-8621	-8621	0	1661243	0	0	862100	862100	0	1682.444	1682.444	0.000000	+0.001682	+0.001682
gov_staker_remaining_fee_accumulator_filetest.gno	Remaining gov fee accumulator repeat-1000 claim-267	execution-segment-repricing	10566059	12248503	1682444	-8621	-8621	0	1661243	0	0	862100	862100	0	1682.444	1682.444	0.000000	+0.001682	+0.001682
gov_staker_remaining_fee_accumulator_filetest.gno	Remaining gov fee accumulator repeat-1000 claim-268	execution-segment-repricing	10565572	12248016	1682444	-8621	-8621	0	1661243	0	0	862100	862100	0	1682.444	1682.444	0.000000	+0.001682	+0.001682
gov_staker_remaining_fee_accumulator_filetest.gno	Remaining gov fee accumulator repeat-1000 claim-269	execution-segment-repricing	10569354	12251798	1682444	-8621	-8621	0	1661243	0	0	862100	862100	0	1682.444	1682.444	0.000000	+0.001682	+0.001682
gov_staker_remaining_fee_accumulator_filetest.gno	Remaining gov fee accumulator repeat-1000 claim-270	execution-segment-repricing	10566059	12248503	1682444	-8621	-8621	0	1661243	0	0	862100	862100	0	1682.444	1682.444	0.000000	+0.001682	+0.001682
gov_staker_remaining_fee_accumulator_filetest.gno	Remaining gov fee accumulator repeat-1000 claim-271	execution-segment-repricing	10566059	12248503	1682444	-8621	-8621	0	1661243	0	0	862100	862100	0	1682.444	1682.444	0.000000	+0.001682	+0.001682
gov_staker_remaining_fee_accumulator_filetest.gno	Remaining gov fee accumulator repeat-1000 claim-272	execution-segment-repricing	10566546	12248990	1682444	-8621	-8621	0	1661243	0	0	862100	862100	0	1682.444	1682.444	0.000000	+0.001682	+0.001682
gov_staker_remaining_fee_accumulator_filetest.gno	Remaining gov fee accumulator repeat-1000 claim-273	execution-segment-repricing	10566059	12248503	1682444	-8621	-8621	0	1661243	0	0	862100	862100	0	1682.444	1682.444	0.000000	+0.001682	+0.001682
gov_staker_remaining_fee_accumulator_filetest.gno	Remaining gov fee accumulator repeat-1000 claim-274	execution-segment-repricing	10569841	12252285	1682444	-8621	-8621	0	1661243	0	0	862100	862100	0	1682.444	1682.444	0.000000	+0.001682	+0.001682
gov_staker_remaining_fee_accumulator_filetest.gno	Remaining gov fee accumulator repeat-1000 claim-275	execution-segment-repricing	10569354	12251798	1682444	-8621	-8621	0	1661243	0	0	862100	862100	0	1682.444	1682.444	0.000000	+0.001682	+0.001682
gov_staker_remaining_fee_accumulator_filetest.gno	Remaining gov fee accumulator repeat-1000 claim-276	execution-segment-repricing	10569354	12251798	1682444	-8621	-8621	0	1661243	0	0	862100	862100	0	1682.444	1682.444	0.000000	+0.001682	+0.001682
gov_staker_remaining_fee_accumulator_filetest.gno	Remaining gov fee accumulator repeat-1000 claim-277	execution-segment-repricing	10569841	12252285	1682444	-8621	-8621	0	1661243	0	0	862100	862100	0	1682.444	1682.444	0.000000	+0.001682	+0.001682
gov_staker_remaining_fee_accumulator_filetest.gno	Remaining gov fee accumulator repeat-1000 claim-278	execution-segment-repricing	10569354	12251798	1682444	-8621	-8621	0	1661243	0	0	862100	862100	0	1682.444	1682.444	0.000000	+0.001682	+0.001682
gov_staker_remaining_fee_accumulator_filetest.gno	Remaining gov fee accumulator repeat-1000 claim-279	execution-segment-repricing	10569841	12252285	1682444	-8621	-8621	0	1661243	0	0	862100	862100	0	1682.444	1682.444	0.000000	+0.001682	+0.001682
gov_staker_remaining_fee_accumulator_filetest.gno	Remaining gov fee accumulator repeat-1000 claim-280	execution-segment-repricing	10569354	12251798	1682444	-8621	-8621	0	1661243	0	0	862100	862100	0	1682.444	1682.444	0.000000	+0.001682	+0.001682
gov_staker_remaining_fee_accumulator_filetest.gno	Remaining gov fee accumulator repeat-1000 claim-281	execution-segment-repricing	10569354	12251798	1682444	-8621	-8621	0	1661243	0	0	862100	862100	0	1682.444	1682.444	0.000000	+0.001682	+0.001682
gov_staker_remaining_fee_accumulator_filetest.gno	Remaining gov fee accumulator repeat-1000 claim-282	execution-segment-repricing	10569841	12252285	1682444	-8621	-8621	0	1661243	0	0	862100	862100	0	1682.444	1682.444	0.000000	+0.001682	+0.001682
gov_staker_remaining_fee_accumulator_filetest.gno	Remaining gov fee accumulator repeat-1000 claim-283	execution-segment-repricing	10569841	12252285	1682444	-8621	-8621	0	1661243	0	0	862100	862100	0	1682.444	1682.444	0.000000	+0.001682	+0.001682
gov_staker_remaining_fee_accumulator_filetest.gno	Remaining gov fee accumulator repeat-1000 claim-284	execution-segment-repricing	10570328	12252772	1682444	-8621	-8621	0	1661243	0	0	862100	862100	0	1682.444	1682.444	0.000000	+0.001682	+0.001682
gov_staker_remaining_fee_accumulator_filetest.gno	Remaining gov fee accumulator repeat-1000 claim-285	execution-segment-repricing	10569841	12252285	1682444	-8621	-8621	0	1661243	0	0	862100	862100	0	1682.444	1682.444	0.000000	+0.001682	+0.001682
gov_staker_remaining_fee_accumulator_filetest.gno	Remaining gov fee accumulator repeat-1000 claim-286	execution-segment-repricing	10569354	12251798	1682444	-8621	-8621	0	1661243	0	0	862100	862100	0	1682.444	1682.444	0.000000	+0.001682	+0.001682
gov_staker_remaining_fee_accumulator_filetest.gno	Remaining gov fee accumulator repeat-1000 claim-287	execution-segment-repricing	10569354	12251798	1682444	-8621	-8621	0	1661243	0	0	862100	862100	0	1682.444	1682.444	0.000000	+0.001682	+0.001682
gov_staker_remaining_fee_accumulator_filetest.gno	Remaining gov fee accumulator repeat-1000 claim-288	execution-segment-repricing	10568867	12251311	1682444	-8621	-8621	0	1661243	0	0	862100	862100	0	1682.444	1682.444	0.000000	+0.001682	+0.001682
gov_staker_remaining_fee_accumulator_filetest.gno	Remaining gov fee accumulator repeat-1000 claim-289	execution-segment-repricing	10569354	12251798	1682444	-8621	-8621	0	1661243	0	0	862100	862100	0	1682.444	1682.444	0.000000	+0.001682	+0.001682
gov_staker_remaining_fee_accumulator_filetest.gno	Remaining gov fee accumulator repeat-1000 claim-290	execution-segment-repricing	10569841	12252285	1682444	-8621	-8621	0	1661243	0	0	862100	862100	0	1682.444	1682.444	0.000000	+0.001682	+0.001682
gov_staker_remaining_fee_accumulator_filetest.gno	Remaining gov fee accumulator repeat-1000 claim-291	execution-segment-repricing	10564505	12246949	1682444	-8621	-8621	0	1661243	0	0	862100	862100	0	1682.444	1682.444	0.000000	+0.001682	+0.001682
gov_staker_remaining_fee_accumulator_filetest.gno	Remaining gov fee accumulator repeat-1000 claim-292	execution-segment-repricing	10564992	12247436	1682444	-8621	-8621	0	1661243	0	0	862100	862100	0	1682.444	1682.444	0.000000	+0.001682	+0.001682
gov_staker_remaining_fee_accumulator_filetest.gno	Remaining gov fee accumulator repeat-1000 claim-293	execution-segment-repricing	10564505	12246949	1682444	-8621	-8621	0	1661243	0	0	862100	862100	0	1682.444	1682.444	0.000000	+0.001682	+0.001682
gov_staker_remaining_fee_accumulator_filetest.gno	Remaining gov fee accumulator repeat-1000 claim-294	execution-segment-repricing	10560723	12243167	1682444	-8621	-8621	0	1661243	0	0	862100	862100	0	1682.444	1682.444	0.000000	+0.001682	+0.001682
gov_staker_remaining_fee_accumulator_filetest.gno	Remaining gov fee accumulator repeat-1000 claim-295	execution-segment-repricing	10565572	12248016	1682444	-8621	-8621	0	1661243	0	0	862100	862100	0	1682.444	1682.444	0.000000	+0.001682	+0.001682
gov_staker_remaining_fee_accumulator_filetest.gno	Remaining gov fee accumulator repeat-1000 claim-296	execution-segment-repricing	10565572	12248016	1682444	-8621	-8621	0	1661243	0	0	862100	862100	0	1682.444	1682.444	0.000000	+0.001682	+0.001682
gov_staker_remaining_fee_accumulator_filetest.gno	Remaining gov fee accumulator repeat-1000 claim-297	execution-segment-repricing	10562764	12245208	1682444	-8621	-8621	0	1661243	0	0	862100	862100	0	1682.444	1682.444	0.000000	+0.001682	+0.001682
gov_staker_remaining_fee_accumulator_filetest.gno	Remaining gov fee accumulator repeat-1000 claim-298	execution-segment-repricing	10566059	12248503	1682444	-8621	-8621	0	1661243	0	0	862100	862100	0	1682.444	1682.444	0.000000	+0.001682	+0.001682
gov_staker_remaining_fee_accumulator_filetest.gno	Remaining gov fee accumulator repeat-1000 claim-299	execution-segment-repricing	10566546	12248990	1682444	-8621	-8621	0	1661243	0	0	862100	862100	0	1682.444	1682.444	0.000000	+0.001682	+0.001682
gov_staker_remaining_fee_accumulator_filetest.gno	Remaining gov fee accumulator repeat-1000 claim-300	execution-segment-repricing	10562277	12244721	1682444	-8621	-8621	0	1661243	0	0	862100	862100	0	1682.444	1682.444	0.000000	+0.001682	+0.001682
gov_staker_remaining_fee_accumulator_filetest.gno	Remaining gov fee accumulator repeat-1000 claim-301	execution-segment-repricing	10565572	12248016	1682444	-8621	-8621	0	1661243	0	0	862100	862100	0	1682.444	1682.444	0.000000	+0.001682	+0.001682
gov_staker_remaining_fee_accumulator_filetest.gno	Remaining gov fee accumulator repeat-1000 claim-302	execution-segment-repricing	10566059	12248503	1682444	-8621	-8621	0	1661243	0	0	862100	862100	0	1682.444	1682.444	0.000000	+0.001682	+0.001682
gov_staker_remaining_fee_accumulator_filetest.gno	Remaining gov fee accumulator repeat-1000 claim-303	execution-segment-repricing	10562764	12245208	1682444	-8621	-8621	0	1661243	0	0	862100	862100	0	1682.444	1682.444	0.000000	+0.001682	+0.001682
gov_staker_remaining_fee_accumulator_filetest.gno	Remaining gov fee accumulator repeat-1000 claim-304	execution-segment-repricing	10567033	12249477	1682444	-8621	-8621	0	1661243	0	0	862100	862100	0	1682.444	1682.444	0.000000	+0.001682	+0.001682
gov_staker_remaining_fee_accumulator_filetest.gno	Remaining gov fee accumulator repeat-1000 claim-305	execution-segment-repricing	10566546	12248990	1682444	-8621	-8621	0	1661243	0	0	862100	862100	0	1682.444	1682.444	0.000000	+0.001682	+0.001682
gov_staker_remaining_fee_accumulator_filetest.gno	Remaining gov fee accumulator repeat-1000 claim-306	execution-segment-repricing	10562764	12245208	1682444	-8621	-8621	0	1661243	0	0	862100	862100	0	1682.444	1682.444	0.000000	+0.001682	+0.001682
gov_staker_remaining_fee_accumulator_filetest.gno	Remaining gov fee accumulator repeat-1000 claim-307	execution-segment-repricing	10566059	12248503	1682444	-8621	-8621	0	1661243	0	0	862100	862100	0	1682.444	1682.444	0.000000	+0.001682	+0.001682
gov_staker_remaining_fee_accumulator_filetest.gno	Remaining gov fee accumulator repeat-1000 claim-308	execution-segment-repricing	10566059	12248503	1682444	-8621	-8621	0	1661243	0	0	862100	862100	0	1682.444	1682.444	0.000000	+0.001682	+0.001682
gov_staker_remaining_fee_accumulator_filetest.gno	Remaining gov fee accumulator repeat-1000 claim-309	execution-segment-repricing	10563251	12245695	1682444	-8621	-8621	0	1661243	0	0	862100	862100	0	1682.444	1682.444	0.000000	+0.001682	+0.001682
gov_staker_remaining_fee_accumulator_filetest.gno	Remaining gov fee accumulator repeat-1000 claim-310	execution-segment-repricing	10566546	12248990	1682444	-8621	-8621	0	1661243	0	0	862100	862100	0	1682.444	1682.444	0.000000	+0.001682	+0.001682
gov_staker_remaining_fee_accumulator_filetest.gno	Remaining gov fee accumulator repeat-1000 claim-311	execution-segment-repricing	10566059	12248503	1682444	-8621	-8621	0	1661243	0	0	862100	862100	0	1682.444	1682.444	0.000000	+0.001682	+0.001682
gov_staker_remaining_fee_accumulator_filetest.gno	Remaining gov fee accumulator repeat-1000 claim-312	execution-segment-repricing	10557428	12239872	1682444	-8621	-8621	0	1661243	0	0	862100	862100	0	1682.444	1682.444	0.000000	+0.001682	+0.001682
gov_staker_remaining_fee_accumulator_filetest.gno	Remaining gov fee accumulator repeat-1000 claim-313	execution-segment-repricing	10560236	12242680	1682444	-8621	-8621	0	1661243	0	0	862100	862100	0	1682.444	1682.444	0.000000	+0.001682	+0.001682
gov_staker_remaining_fee_accumulator_filetest.gno	Remaining gov fee accumulator repeat-1000 claim-314	execution-segment-repricing	10560723	12243167	1682444	-8621	-8621	0	1661243	0	0	862100	862100	0	1682.444	1682.444	0.000000	+0.001682	+0.001682
gov_staker_remaining_fee_accumulator_filetest.gno	Remaining gov fee accumulator repeat-1000 claim-315	execution-segment-repricing	10561210	12243654	1682444	-8621	-8621	0	1661243	0	0	862100	862100	0	1682.444	1682.444	0.000000	+0.001682	+0.001682
gov_staker_remaining_fee_accumulator_filetest.gno	Remaining gov fee accumulator repeat-1000 claim-316	execution-segment-repricing	10569841	12252285	1682444	-8621	-8621	0	1661243	0	0	862100	862100	0	1682.444	1682.444	0.000000	+0.001682	+0.001682
gov_staker_remaining_fee_accumulator_filetest.gno	Remaining gov fee accumulator repeat-1000 claim-317	execution-segment-repricing	10566546	12248990	1682444	-8621	-8621	0	1661243	0	0	862100	862100	0	1682.444	1682.444	0.000000	+0.001682	+0.001682
gov_staker_remaining_fee_accumulator_filetest.gno	Remaining gov fee accumulator repeat-1000 claim-318	execution-segment-repricing	10565572	12248016	1682444	-8621	-8621	0	1661243	0	0	862100	862100	0	1682.444	1682.444	0.000000	+0.001682	+0.001682
gov_staker_remaining_fee_accumulator_filetest.gno	Remaining gov fee accumulator repeat-1000 claim-319	execution-segment-repricing	10565572	12248016	1682444	-8621	-8621	0	1661243	0	0	862100	862100	0	1682.444	1682.444	0.000000	+0.001682	+0.001682
gov_staker_remaining_fee_accumulator_filetest.gno	Remaining gov fee accumulator repeat-1000 claim-320	execution-segment-repricing	10565085	12247529	1682444	-8621	-8621	0	1661243	0	0	862100	862100	0	1682.444	1682.444	0.000000	+0.001682	+0.001682
gov_staker_remaining_fee_accumulator_filetest.gno	Remaining gov fee accumulator repeat-1000 claim-321	execution-segment-repricing	10568867	12251311	1682444	-8621	-8621	0	1661243	0	0	862100	862100	0	1682.444	1682.444	0.000000	+0.001682	+0.001682
gov_staker_remaining_fee_accumulator_filetest.gno	Remaining gov fee accumulator repeat-1000 claim-322	execution-segment-repricing	10566059	12248503	1682444	-8621	-8621	0	1661243	0	0	862100	862100	0	1682.444	1682.444	0.000000	+0.001682	+0.001682
gov_staker_remaining_fee_accumulator_filetest.gno	Remaining gov fee accumulator repeat-1000 claim-323	execution-segment-repricing	10565572	12248016	1682444	-8621	-8621	0	1661243	0	0	862100	862100	0	1682.444	1682.444	0.000000	+0.001682	+0.001682
gov_staker_remaining_fee_accumulator_filetest.gno	Remaining gov fee accumulator repeat-1000 claim-324	execution-segment-repricing	10565572	12248016	1682444	-8621	-8621	0	1661243	0	0	862100	862100	0	1682.444	1682.444	0.000000	+0.001682	+0.001682
gov_staker_remaining_fee_accumulator_filetest.gno	Remaining gov fee accumulator repeat-1000 claim-325	execution-segment-repricing	10565085	12247529	1682444	-8621	-8621	0	1661243	0	0	862100	862100	0	1682.444	1682.444	0.000000	+0.001682	+0.001682
gov_staker_remaining_fee_accumulator_filetest.gno	Remaining gov fee accumulator repeat-1000 claim-326	execution-segment-repricing	10568867	12251311	1682444	-8621	-8621	0	1661243	0	0	862100	862100	0	1682.444	1682.444	0.000000	+0.001682	+0.001682
gov_staker_remaining_fee_accumulator_filetest.gno	Remaining gov fee accumulator repeat-1000 claim-327	execution-segment-repricing	10565572	12248016	1682444	-8621	-8621	0	1661243	0	0	862100	862100	0	1682.444	1682.444	0.000000	+0.001682	+0.001682
gov_staker_remaining_fee_accumulator_filetest.gno	Remaining gov fee accumulator repeat-1000 claim-328	execution-segment-repricing	10566059	12248503	1682444	-8621	-8621	0	1661243	0	0	862100	862100	0	1682.444	1682.444	0.000000	+0.001682	+0.001682
gov_staker_remaining_fee_accumulator_filetest.gno	Remaining gov fee accumulator repeat-1000 claim-329	execution-segment-repricing	10566546	12248990	1682444	-8621	-8621	0	1661243	0	0	862100	862100	0	1682.444	1682.444	0.000000	+0.001682	+0.001682
gov_staker_remaining_fee_accumulator_filetest.gno	Remaining gov fee accumulator repeat-1000 claim-330	execution-segment-repricing	10566059	12248503	1682444	-8621	-8621	0	1661243	0	0	862100	862100	0	1682.444	1682.444	0.000000	+0.001682	+0.001682
gov_staker_remaining_fee_accumulator_filetest.gno	Remaining gov fee accumulator repeat-1000 claim-331	execution-segment-repricing	10569841	12252285	1682444	-8621	-8621	0	1661243	0	0	862100	862100	0	1682.444	1682.444	0.000000	+0.001682	+0.001682
gov_staker_remaining_fee_accumulator_filetest.gno	Remaining gov fee accumulator repeat-1000 claim-332	execution-segment-repricing	10566059	12248503	1682444	-8621	-8621	0	1661243	0	0	862100	862100	0	1682.444	1682.444	0.000000	+0.001682	+0.001682
gov_staker_remaining_fee_accumulator_filetest.gno	Remaining gov fee accumulator repeat-1000 claim-333	execution-segment-repricing	10566059	12248503	1682444	-8621	-8621	0	1661243	0	0	862100	862100	0	1682.444	1682.444	0.000000	+0.001682	+0.001682
gov_staker_remaining_fee_accumulator_filetest.gno	Remaining gov fee accumulator repeat-1000 claim-334	execution-segment-repricing	10566546	12248990	1682444	-8621	-8621	0	1661243	0	0	862100	862100	0	1682.444	1682.444	0.000000	+0.001682	+0.001682
gov_staker_remaining_fee_accumulator_filetest.gno	Remaining gov fee accumulator repeat-1000 claim-335	execution-segment-repricing	10566546	12248990	1682444	-8621	-8621	0	1661243	0	0	862100	862100	0	1682.444	1682.444	0.000000	+0.001682	+0.001682
gov_staker_remaining_fee_accumulator_filetest.gno	Remaining gov fee accumulator repeat-1000 claim-336	execution-segment-repricing	10569841	12252285	1682444	-8621	-8621	0	1661243	0	0	862100	862100	0	1682.444	1682.444	0.000000	+0.001682	+0.001682
gov_staker_remaining_fee_accumulator_filetest.gno	Remaining gov fee accumulator repeat-1000 claim-337	execution-segment-repricing	10566059	12248503	1682444	-8621	-8621	0	1661243	0	0	862100	862100	0	1682.444	1682.444	0.000000	+0.001682	+0.001682
gov_staker_remaining_fee_accumulator_filetest.gno	Remaining gov fee accumulator repeat-1000 claim-338	execution-segment-repricing	10565572	12248016	1682444	-8621	-8621	0	1661243	0	0	862100	862100	0	1682.444	1682.444	0.000000	+0.001682	+0.001682
gov_staker_remaining_fee_accumulator_filetest.gno	Remaining gov fee accumulator repeat-1000 claim-339	execution-segment-repricing	10565584	12248028	1682444	-8618	-8618	0	1661243	0	0	861800	861800	0	1682.444	1682.444	0.000000	+0.001682	+0.001682
gov_staker_remaining_fee_accumulator_filetest.gno	Remaining gov fee accumulator repeat-1000 claim-340	execution-segment-repricing	10566086	12248530	1682444	-8618	-8618	0	1661243	0	0	861800	861800	0	1682.444	1682.444	0.000000	+0.001682	+0.001682
gov_staker_remaining_fee_accumulator_filetest.gno	Remaining gov fee accumulator repeat-1000 claim-341	execution-segment-repricing	10569883	12252327	1682444	-8618	-8618	0	1661243	0	0	861800	861800	0	1682.444	1682.444	0.000000	+0.001682	+0.001682
gov_staker_remaining_fee_accumulator_filetest.gno	Remaining gov fee accumulator repeat-1000 claim-342	execution-segment-repricing	10567090	12249534	1682444	-8618	-8618	0	1661243	0	0	861800	861800	0	1682.444	1682.444	0.000000	+0.001682	+0.001682
gov_staker_remaining_fee_accumulator_filetest.gno	Remaining gov fee accumulator repeat-1000 claim-343	execution-segment-repricing	10566606	12249050	1682444	-8621	-8621	0	1661243	0	0	862100	862100	0	1682.444	1682.444	0.000000	+0.001682	+0.001682
gov_staker_remaining_fee_accumulator_filetest.gno	Remaining gov fee accumulator repeat-1000 claim-344	execution-segment-repricing	10566606	12249050	1682444	-8621	-8621	0	1661243	0	0	862100	862100	0	1682.444	1682.444	0.000000	+0.001682	+0.001682
gov_staker_remaining_fee_accumulator_filetest.gno	Remaining gov fee accumulator repeat-1000 claim-345	execution-segment-repricing	10566119	12248563	1682444	-8621	-8621	0	1661243	0	0	862100	862100	0	1682.444	1682.444	0.000000	+0.001682	+0.001682
gov_staker_remaining_fee_accumulator_filetest.gno	Remaining gov fee accumulator repeat-1000 claim-346	execution-segment-repricing	10569414	12251858	1682444	-8621	-8621	0	1661243	0	0	862100	862100	0	1682.444	1682.444	0.000000	+0.001682	+0.001682
gov_staker_remaining_fee_accumulator_filetest.gno	Remaining gov fee accumulator repeat-1000 claim-347	execution-segment-repricing	10569414	12251858	1682444	-8621	-8621	0	1661243	0	0	862100	862100	0	1682.444	1682.444	0.000000	+0.001682	+0.001682
gov_staker_remaining_fee_accumulator_filetest.gno	Remaining gov fee accumulator repeat-1000 claim-348	execution-segment-repricing	10569414	12251858	1682444	-8621	-8621	0	1661243	0	0	862100	862100	0	1682.444	1682.444	0.000000	+0.001682	+0.001682
gov_staker_remaining_fee_accumulator_filetest.gno	Remaining gov fee accumulator repeat-1000 claim-349	execution-segment-repricing	10569901	12252345	1682444	-8621	-8621	0	1661243	0	0	862100	862100	0	1682.444	1682.444	0.000000	+0.001682	+0.001682
gov_staker_remaining_fee_accumulator_filetest.gno	Remaining gov fee accumulator repeat-1000 claim-350	execution-segment-repricing	10569414	12251858	1682444	-8621	-8621	0	1661243	0	0	862100	862100	0	1682.444	1682.444	0.000000	+0.001682	+0.001682
gov_staker_remaining_fee_accumulator_filetest.gno	Remaining gov fee accumulator repeat-1000 claim-351	execution-segment-repricing	10569901	12252345	1682444	-8621	-8621	0	1661243	0	0	862100	862100	0	1682.444	1682.444	0.000000	+0.001682	+0.001682
gov_staker_remaining_fee_accumulator_filetest.gno	Remaining gov fee accumulator repeat-1000 claim-352	execution-segment-repricing	10569414	12251858	1682444	-8621	-8621	0	1661243	0	0	862100	862100	0	1682.444	1682.444	0.000000	+0.001682	+0.001682
gov_staker_remaining_fee_accumulator_filetest.gno	Remaining gov fee accumulator repeat-1000 claim-353	execution-segment-repricing	10569414	12251858	1682444	-8621	-8621	0	1661243	0	0	862100	862100	0	1682.444	1682.444	0.000000	+0.001682	+0.001682
gov_staker_remaining_fee_accumulator_filetest.gno	Remaining gov fee accumulator repeat-1000 claim-354	execution-segment-repricing	10569901	12252345	1682444	-8621	-8621	0	1661243	0	0	862100	862100	0	1682.444	1682.444	0.000000	+0.001682	+0.001682
gov_staker_remaining_fee_accumulator_filetest.gno	Remaining gov fee accumulator repeat-1000 claim-355	execution-segment-repricing	10569414	12251858	1682444	-8621	-8621	0	1661243	0	0	862100	862100	0	1682.444	1682.444	0.000000	+0.001682	+0.001682
gov_staker_remaining_fee_accumulator_filetest.gno	Remaining gov fee accumulator repeat-1000 claim-356	execution-segment-repricing	10569901	12252345	1682444	-8621	-8621	0	1661243	0	0	862100	862100	0	1682.444	1682.444	0.000000	+0.001682	+0.001682
gov_staker_remaining_fee_accumulator_filetest.gno	Remaining gov fee accumulator repeat-1000 claim-357	execution-segment-repricing	10569414	12251858	1682444	-8621	-8621	0	1661243	0	0	862100	862100	0	1682.444	1682.444	0.000000	+0.001682	+0.001682
gov_staker_remaining_fee_accumulator_filetest.gno	Remaining gov fee accumulator repeat-1000 claim-358	execution-segment-repricing	10569414	12251858	1682444	-8621	-8621	0	1661243	0	0	862100	862100	0	1682.444	1682.444	0.000000	+0.001682	+0.001682
gov_staker_remaining_fee_accumulator_filetest.gno	Remaining gov fee accumulator repeat-1000 claim-359	execution-segment-repricing	10569901	12252345	1682444	-8621	-8621	0	1661243	0	0	862100	862100	0	1682.444	1682.444	0.000000	+0.001682	+0.001682
gov_staker_remaining_fee_accumulator_filetest.gno	Remaining gov fee accumulator repeat-1000 claim-360	execution-segment-repricing	10569901	12252345	1682444	-8621	-8621	0	1661243	0	0	862100	862100	0	1682.444	1682.444	0.000000	+0.001682	+0.001682
gov_staker_remaining_fee_accumulator_filetest.gno	Remaining gov fee accumulator repeat-1000 claim-361	execution-segment-repricing	10570388	12252832	1682444	-8621	-8621	0	1661243	0	0	862100	862100	0	1682.444	1682.444	0.000000	+0.001682	+0.001682
gov_staker_remaining_fee_accumulator_filetest.gno	Remaining gov fee accumulator repeat-1000 claim-362	execution-segment-repricing	10569901	12252345	1682444	-8621	-8621	0	1661243	0	0	862100	862100	0	1682.444	1682.444	0.000000	+0.001682	+0.001682
gov_staker_remaining_fee_accumulator_filetest.gno	Remaining gov fee accumulator repeat-1000 claim-363	execution-segment-repricing	10569414	12251858	1682444	-8621	-8621	0	1661243	0	0	862100	862100	0	1682.444	1682.444	0.000000	+0.001682	+0.001682
gov_staker_remaining_fee_accumulator_filetest.gno	Remaining gov fee accumulator repeat-1000 claim-364	execution-segment-repricing	10569414	12251858	1682444	-8621	-8621	0	1661243	0	0	862100	862100	0	1682.444	1682.444	0.000000	+0.001682	+0.001682
gov_staker_remaining_fee_accumulator_filetest.gno	Remaining gov fee accumulator repeat-1000 claim-365	execution-segment-repricing	10568927	12251371	1682444	-8621	-8621	0	1661243	0	0	862100	862100	0	1682.444	1682.444	0.000000	+0.001682	+0.001682
gov_staker_remaining_fee_accumulator_filetest.gno	Remaining gov fee accumulator repeat-1000 claim-366	execution-segment-repricing	10569414	12251858	1682444	-8621	-8621	0	1661243	0	0	862100	862100	0	1682.444	1682.444	0.000000	+0.001682	+0.001682
gov_staker_remaining_fee_accumulator_filetest.gno	Remaining gov fee accumulator repeat-1000 claim-367	execution-segment-repricing	10569901	12252345	1682444	-8621	-8621	0	1661243	0	0	862100	862100	0	1682.444	1682.444	0.000000	+0.001682	+0.001682
gov_staker_remaining_fee_accumulator_filetest.gno	Remaining gov fee accumulator repeat-1000 claim-368	execution-segment-repricing	10569414	12251858	1682444	-8621	-8621	0	1661243	0	0	862100	862100	0	1682.444	1682.444	0.000000	+0.001682	+0.001682
gov_staker_remaining_fee_accumulator_filetest.gno	Remaining gov fee accumulator repeat-1000 claim-369	execution-segment-repricing	10569901	12252345	1682444	-8621	-8621	0	1661243	0	0	862100	862100	0	1682.444	1682.444	0.000000	+0.001682	+0.001682
gov_staker_remaining_fee_accumulator_filetest.gno	Remaining gov fee accumulator repeat-1000 claim-370	execution-segment-repricing	10569414	12251858	1682444	-8621	-8621	0	1661243	0	0	862100	862100	0	1682.444	1682.444	0.000000	+0.001682	+0.001682
gov_staker_remaining_fee_accumulator_filetest.gno	Remaining gov fee accumulator repeat-1000 claim-371	execution-segment-repricing	10564565	12247009	1682444	-8621	-8621	0	1661243	0	0	862100	862100	0	1682.444	1682.444	0.000000	+0.001682	+0.001682
gov_staker_remaining_fee_accumulator_filetest.gno	Remaining gov fee accumulator repeat-1000 claim-372	execution-segment-repricing	10564565	12247009	1682444	-8621	-8621	0	1661243	0	0	862100	862100	0	1682.444	1682.444	0.000000	+0.001682	+0.001682
gov_staker_remaining_fee_accumulator_filetest.gno	Remaining gov fee accumulator repeat-1000 claim-373	execution-segment-repricing	10564565	12247009	1682444	-8621	-8621	0	1661243	0	0	862100	862100	0	1682.444	1682.444	0.000000	+0.001682	+0.001682
gov_staker_remaining_fee_accumulator_filetest.gno	Remaining gov fee accumulator repeat-1000 claim-374	execution-segment-repricing	10561757	12244201	1682444	-8621	-8621	0	1661243	0	0	862100	862100	0	1682.444	1682.444	0.000000	+0.001682	+0.001682
gov_staker_remaining_fee_accumulator_filetest.gno	Remaining gov fee accumulator repeat-1000 claim-375	execution-segment-repricing	10566119	12248563	1682444	-8621	-8621	0	1661243	0	0	862100	862100	0	1682.444	1682.444	0.000000	+0.001682	+0.001682
gov_staker_remaining_fee_accumulator_filetest.gno	Remaining gov fee accumulator repeat-1000 claim-376	execution-segment-repricing	10566606	12249050	1682444	-8621	-8621	0	1661243	0	0	862100	862100	0	1682.444	1682.444	0.000000	+0.001682	+0.001682
gov_staker_remaining_fee_accumulator_filetest.gno	Remaining gov fee accumulator repeat-1000 claim-377	execution-segment-repricing	10562337	12244781	1682444	-8621	-8621	0	1661243	0	0	862100	862100	0	1682.444	1682.444	0.000000	+0.001682	+0.001682
gov_staker_remaining_fee_accumulator_filetest.gno	Remaining gov fee accumulator repeat-1000 claim-378	execution-segment-repricing	10565848	12248076	1682228	-8571	-8621	-50	1661243	5000	0	862100	862100	-5000	1682.228	-3317.772	-0.005000	+0.001682	-0.003318
gov_staker_remaining_fee_accumulator_filetest.gno	Remaining gov fee accumulator repeat-1000 claim-379	execution-segment-repricing	10566371	12248563	1682192	-8621	-8621	0	1661243	0	0	862100	862100	0	1682.192	1682.192	0.000000	+0.001682	+0.001682
gov_staker_remaining_fee_accumulator_filetest.gno	Remaining gov fee accumulator repeat-1000 claim-380	execution-segment-repricing	10563076	12245268	1682192	-8621	-8621	0	1661243	0	0	862100	862100	0	1682.192	1682.192	0.000000	+0.001682	+0.001682
gov_staker_remaining_fee_accumulator_filetest.gno	Remaining gov fee accumulator repeat-1000 claim-381	execution-segment-repricing	10566858	12249050	1682192	-8621	-8621	0	1661243	0	0	862100	862100	0	1682.192	1682.192	0.000000	+0.001682	+0.001682
gov_staker_remaining_fee_accumulator_filetest.gno	Remaining gov fee accumulator repeat-1000 claim-382	execution-segment-repricing	10566371	12248563	1682192	-8621	-8621	0	1661243	0	0	862100	862100	0	1682.192	1682.192	0.000000	+0.001682	+0.001682
gov_staker_remaining_fee_accumulator_filetest.gno	Remaining gov fee accumulator repeat-1000 claim-383	execution-segment-repricing	10562589	12244781	1682192	-8621	-8621	0	1661243	0	0	862100	862100	0	1682.192	1682.192	0.000000	+0.001682	+0.001682
gov_staker_remaining_fee_accumulator_filetest.gno	Remaining gov fee accumulator repeat-1000 claim-384	execution-segment-repricing	10561035	12243227	1682192	-8621	-8621	0	1661243	0	0	862100	862100	0	1682.192	1682.192	0.000000	+0.001682	+0.001682
gov_staker_remaining_fee_accumulator_filetest.gno	Remaining gov fee accumulator repeat-1000 claim-385	execution-segment-repricing	10561522	12243714	1682192	-8621	-8621	0	1661243	0	0	862100	862100	0	1682.192	1682.192	0.000000	+0.001682	+0.001682
gov_staker_remaining_fee_accumulator_filetest.gno	Remaining gov fee accumulator repeat-1000 claim-386	execution-segment-repricing	10558714	12240906	1682192	-8621	-8621	0	1661243	0	0	862100	862100	0	1682.192	1682.192	0.000000	+0.001682	+0.001682
gov_staker_remaining_fee_accumulator_filetest.gno	Remaining gov fee accumulator repeat-1000 claim-387	execution-segment-repricing	10562496	12244688	1682192	-8621	-8621	0	1661243	0	0	862100	862100	0	1682.192	1682.192	0.000000	+0.001682	+0.001682
gov_staker_remaining_fee_accumulator_filetest.gno	Remaining gov fee accumulator repeat-1000 claim-388	execution-segment-repricing	10566858	12249050	1682192	-8621	-8621	0	1661243	0	0	862100	862100	0	1682.192	1682.192	0.000000	+0.001682	+0.001682
gov_staker_remaining_fee_accumulator_filetest.gno	Remaining gov fee accumulator repeat-1000 claim-389	execution-segment-repricing	10559294	12241486	1682192	-8621	-8621	0	1661243	0	0	862100	862100	0	1682.192	1682.192	0.000000	+0.001682	+0.001682
gov_staker_remaining_fee_accumulator_filetest.gno	Remaining gov fee accumulator repeat-1000 claim-390	execution-segment-repricing	10562102	12244294	1682192	-8621	-8621	0	1661243	0	0	862100	862100	0	1682.192	1682.192	0.000000	+0.001682	+0.001682
gov_staker_remaining_fee_accumulator_filetest.gno	Remaining gov fee accumulator repeat-1000 claim-391	execution-segment-repricing	10562102	12244294	1682192	-8621	-8621	0	1661243	0	0	862100	862100	0	1682.192	1682.192	0.000000	+0.001682	+0.001682
gov_staker_remaining_fee_accumulator_filetest.gno	Remaining gov fee accumulator repeat-1000 claim-392	execution-segment-repricing	10559294	12241486	1682192	-8621	-8621	0	1661243	0	0	862100	862100	0	1682.192	1682.192	0.000000	+0.001682	+0.001682
gov_staker_remaining_fee_accumulator_filetest.gno	Remaining gov fee accumulator repeat-1000 claim-393	execution-segment-repricing	10566858	12249050	1682192	-8621	-8621	0	1661243	0	0	862100	862100	0	1682.192	1682.192	0.000000	+0.001682	+0.001682
gov_staker_remaining_fee_accumulator_filetest.gno	Remaining gov fee accumulator repeat-1000 claim-394	execution-segment-repricing	10563563	12245755	1682192	-8621	-8621	0	1661243	0	0	862100	862100	0	1682.192	1682.192	0.000000	+0.001682	+0.001682
gov_staker_remaining_fee_accumulator_filetest.gno	Remaining gov fee accumulator repeat-1000 claim-395	execution-segment-repricing	10562589	12244781	1682192	-8621	-8621	0	1661243	0	0	862100	862100	0	1682.192	1682.192	0.000000	+0.001682	+0.001682
gov_staker_remaining_fee_accumulator_filetest.gno	Remaining gov fee accumulator repeat-1000 claim-396	execution-segment-repricing	10565884	12248076	1682192	-8621	-8621	0	1661243	0	0	862100	862100	0	1682.192	1682.192	0.000000	+0.001682	+0.001682
gov_staker_remaining_fee_accumulator_filetest.gno	Remaining gov fee accumulator repeat-1000 claim-397	execution-segment-repricing	10565397	12247589	1682192	-8621	-8621	0	1661243	0	0	862100	862100	0	1682.192	1682.192	0.000000	+0.001682	+0.001682
gov_staker_remaining_fee_accumulator_filetest.gno	Remaining gov fee accumulator repeat-1000 claim-398	execution-segment-repricing	10569179	12251371	1682192	-8621	-8621	0	1661243	0	0	862100	862100	0	1682.192	1682.192	0.000000	+0.001682	+0.001682
gov_staker_remaining_fee_accumulator_filetest.gno	Remaining gov fee accumulator repeat-1000 claim-399	execution-segment-repricing	10566371	12248563	1682192	-8621	-8621	0	1661243	0	0	862100	862100	0	1682.192	1682.192	0.000000	+0.001682	+0.001682
gov_staker_remaining_fee_accumulator_filetest.gno	Remaining gov fee accumulator repeat-1000 claim-400	execution-segment-repricing	10566371	12248563	1682192	-8621	-8621	0	1661243	0	0	862100	862100	0	1682.192	1682.192	0.000000	+0.001682	+0.001682
gov_staker_remaining_fee_accumulator_filetest.gno	Remaining gov fee accumulator repeat-1000 claim-401	execution-segment-repricing	10566371	12248563	1682192	-8621	-8621	0	1661243	0	0	862100	862100	0	1682.192	1682.192	0.000000	+0.001682	+0.001682
gov_staker_remaining_fee_accumulator_filetest.gno	Remaining gov fee accumulator repeat-1000 claim-402	execution-segment-repricing	10565884	12248076	1682192	-8621	-8621	0	1661243	0	0	862100	862100	0	1682.192	1682.192	0.000000	+0.001682	+0.001682
gov_staker_remaining_fee_accumulator_filetest.gno	Remaining gov fee accumulator repeat-1000 claim-403	execution-segment-repricing	10569666	12251858	1682192	-8621	-8621	0	1661243	0	0	862100	862100	0	1682.192	1682.192	0.000000	+0.001682	+0.001682
gov_staker_remaining_fee_accumulator_filetest.gno	Remaining gov fee accumulator repeat-1000 claim-404	execution-segment-repricing	10565884	12248076	1682192	-8621	-8621	0	1661243	0	0	862100	862100	0	1682.192	1682.192	0.000000	+0.001682	+0.001682
gov_staker_remaining_fee_accumulator_filetest.gno	Remaining gov fee accumulator repeat-1000 claim-405	execution-segment-repricing	10566371	12248563	1682192	-8621	-8621	0	1661243	0	0	862100	862100	0	1682.192	1682.192	0.000000	+0.001682	+0.001682
gov_staker_remaining_fee_accumulator_filetest.gno	Remaining gov fee accumulator repeat-1000 claim-406	execution-segment-repricing	10566858	12249050	1682192	-8621	-8621	0	1661243	0	0	862100	862100	0	1682.192	1682.192	0.000000	+0.001682	+0.001682
gov_staker_remaining_fee_accumulator_filetest.gno	Remaining gov fee accumulator repeat-1000 claim-407	execution-segment-repricing	10565884	12248076	1682192	-8621	-8621	0	1661243	0	0	862100	862100	0	1682.192	1682.192	0.000000	+0.001682	+0.001682
gov_staker_remaining_fee_accumulator_filetest.gno	Remaining gov fee accumulator repeat-1000 claim-408	execution-segment-repricing	10569666	12251858	1682192	-8621	-8621	0	1661243	0	0	862100	862100	0	1682.192	1682.192	0.000000	+0.001682	+0.001682
gov_staker_remaining_fee_accumulator_filetest.gno	Remaining gov fee accumulator repeat-1000 claim-409	execution-segment-repricing	10565884	12248076	1682192	-8621	-8621	0	1661243	0	0	862100	862100	0	1682.192	1682.192	0.000000	+0.001682	+0.001682
gov_staker_remaining_fee_accumulator_filetest.gno	Remaining gov fee accumulator repeat-1000 claim-410	execution-segment-repricing	10565884	12248076	1682192	-8621	-8621	0	1661243	0	0	862100	862100	0	1682.192	1682.192	0.000000	+0.001682	+0.001682
gov_staker_remaining_fee_accumulator_filetest.gno	Remaining gov fee accumulator repeat-1000 claim-411	execution-segment-repricing	10566858	12249050	1682192	-8621	-8621	0	1661243	0	0	862100	862100	0	1682.192	1682.192	0.000000	+0.001682	+0.001682
gov_staker_remaining_fee_accumulator_filetest.gno	Remaining gov fee accumulator repeat-1000 claim-412	execution-segment-repricing	10566858	12249050	1682192	-8621	-8621	0	1661243	0	0	862100	862100	0	1682.192	1682.192	0.000000	+0.001682	+0.001682
gov_staker_remaining_fee_accumulator_filetest.gno	Remaining gov fee accumulator repeat-1000 claim-413	execution-segment-repricing	10569666	12251858	1682192	-8621	-8621	0	1661243	0	0	862100	862100	0	1682.192	1682.192	0.000000	+0.001682	+0.001682
gov_staker_remaining_fee_accumulator_filetest.gno	Remaining gov fee accumulator repeat-1000 claim-414	execution-segment-repricing	10565884	12248076	1682192	-8621	-8621	0	1661243	0	0	862100	862100	0	1682.192	1682.192	0.000000	+0.001682	+0.001682
gov_staker_remaining_fee_accumulator_filetest.gno	Remaining gov fee accumulator repeat-1000 claim-415	execution-segment-repricing	10565397	12247589	1682192	-8621	-8621	0	1661243	0	0	862100	862100	0	1682.192	1682.192	0.000000	+0.001682	+0.001682
gov_staker_remaining_fee_accumulator_filetest.gno	Remaining gov fee accumulator repeat-1000 claim-416	execution-segment-repricing	10565397	12247589	1682192	-8621	-8621	0	1661243	0	0	862100	862100	0	1682.192	1682.192	0.000000	+0.001682	+0.001682
gov_staker_remaining_fee_accumulator_filetest.gno	Remaining gov fee accumulator repeat-1000 claim-417	execution-segment-repricing	10565884	12248076	1682192	-8621	-8621	0	1661243	0	0	862100	862100	0	1682.192	1682.192	0.000000	+0.001682	+0.001682
gov_staker_remaining_fee_accumulator_filetest.gno	Remaining gov fee accumulator repeat-1000 claim-418	execution-segment-repricing	10569666	12251858	1682192	-8621	-8621	0	1661243	0	0	862100	862100	0	1682.192	1682.192	0.000000	+0.001682	+0.001682
gov_staker_remaining_fee_accumulator_filetest.gno	Remaining gov fee accumulator repeat-1000 claim-419	execution-segment-repricing	10570153	12252345	1682192	-8621	-8621	0	1661243	0	0	862100	862100	0	1682.192	1682.192	0.000000	+0.001682	+0.001682
gov_staker_remaining_fee_accumulator_filetest.gno	Remaining gov fee accumulator repeat-1000 claim-420	execution-segment-repricing	10569666	12251858	1682192	-8621	-8621	0	1661243	0	0	862100	862100	0	1682.192	1682.192	0.000000	+0.001682	+0.001682
gov_staker_remaining_fee_accumulator_filetest.gno	Remaining gov fee accumulator repeat-1000 claim-421	execution-segment-repricing	10570153	12252345	1682192	-8621	-8621	0	1661243	0	0	862100	862100	0	1682.192	1682.192	0.000000	+0.001682	+0.001682
gov_staker_remaining_fee_accumulator_filetest.gno	Remaining gov fee accumulator repeat-1000 claim-422	execution-segment-repricing	10569666	12251858	1682192	-8621	-8621	0	1661243	0	0	862100	862100	0	1682.192	1682.192	0.000000	+0.001682	+0.001682
gov_staker_remaining_fee_accumulator_filetest.gno	Remaining gov fee accumulator repeat-1000 claim-423	execution-segment-repricing	10569666	12251858	1682192	-8621	-8621	0	1661243	0	0	862100	862100	0	1682.192	1682.192	0.000000	+0.001682	+0.001682
gov_staker_remaining_fee_accumulator_filetest.gno	Remaining gov fee accumulator repeat-1000 claim-424	execution-segment-repricing	10569666	12251858	1682192	-8621	-8621	0	1661243	0	0	862100	862100	0	1682.192	1682.192	0.000000	+0.001682	+0.001682
gov_staker_remaining_fee_accumulator_filetest.gno	Remaining gov fee accumulator repeat-1000 claim-425	execution-segment-repricing	10569666	12251858	1682192	-8621	-8621	0	1661243	0	0	862100	862100	0	1682.192	1682.192	0.000000	+0.001682	+0.001682
gov_staker_remaining_fee_accumulator_filetest.gno	Remaining gov fee accumulator repeat-1000 claim-426	execution-segment-repricing	10570153	12252345	1682192	-8621	-8621	0	1661243	0	0	862100	862100	0	1682.192	1682.192	0.000000	+0.001682	+0.001682
gov_staker_remaining_fee_accumulator_filetest.gno	Remaining gov fee accumulator repeat-1000 claim-427	execution-segment-repricing	10569666	12251858	1682192	-8621	-8621	0	1661243	0	0	862100	862100	0	1682.192	1682.192	0.000000	+0.001682	+0.001682
gov_staker_remaining_fee_accumulator_filetest.gno	Remaining gov fee accumulator repeat-1000 claim-428	execution-segment-repricing	10570153	12252345	1682192	-8621	-8621	0	1661243	0	0	862100	862100	0	1682.192	1682.192	0.000000	+0.001682	+0.001682
gov_staker_remaining_fee_accumulator_filetest.gno	Remaining gov fee accumulator repeat-1000 claim-429	execution-segment-repricing	10569666	12251858	1682192	-8621	-8621	0	1661243	0	0	862100	862100	0	1682.192	1682.192	0.000000	+0.001682	+0.001682
gov_staker_remaining_fee_accumulator_filetest.gno	Remaining gov fee accumulator repeat-1000 claim-430	execution-segment-repricing	10569666	12251858	1682192	-8621	-8621	0	1661243	0	0	862100	862100	0	1682.192	1682.192	0.000000	+0.001682	+0.001682
gov_staker_remaining_fee_accumulator_filetest.gno	Remaining gov fee accumulator repeat-1000 claim-431	execution-segment-repricing	10570153	12252345	1682192	-8621	-8621	0	1661243	0	0	862100	862100	0	1682.192	1682.192	0.000000	+0.001682	+0.001682
gov_staker_remaining_fee_accumulator_filetest.gno	Remaining gov fee accumulator repeat-1000 claim-432	execution-segment-repricing	10570153	12252345	1682192	-8621	-8621	0	1661243	0	0	862100	862100	0	1682.192	1682.192	0.000000	+0.001682	+0.001682
gov_staker_remaining_fee_accumulator_filetest.gno	Remaining gov fee accumulator repeat-1000 claim-433	execution-segment-repricing	10570640	12252832	1682192	-8621	-8621	0	1661243	0	0	862100	862100	0	1682.192	1682.192	0.000000	+0.001682	+0.001682
gov_staker_remaining_fee_accumulator_filetest.gno	Remaining gov fee accumulator repeat-1000 claim-434	execution-segment-repricing	10570153	12252345	1682192	-8621	-8621	0	1661243	0	0	862100	862100	0	1682.192	1682.192	0.000000	+0.001682	+0.001682
gov_staker_remaining_fee_accumulator_filetest.gno	Remaining gov fee accumulator repeat-1000 claim-435	execution-segment-repricing	10570153	12252345	1682192	-8621	-8621	0	1661243	0	0	862100	862100	0	1682.192	1682.192	0.000000	+0.001682	+0.001682
gov_staker_remaining_fee_accumulator_filetest.gno	Remaining gov fee accumulator repeat-1000 claim-436	execution-segment-repricing	10570153	12252345	1682192	-8621	-8621	0	1661243	0	0	862100	862100	0	1682.192	1682.192	0.000000	+0.001682	+0.001682
gov_staker_remaining_fee_accumulator_filetest.gno	Remaining gov fee accumulator repeat-1000 claim-437	execution-segment-repricing	10570153	12252345	1682192	-8621	-8621	0	1661243	0	0	862100	862100	0	1682.192	1682.192	0.000000	+0.001682	+0.001682
gov_staker_remaining_fee_accumulator_filetest.gno	Remaining gov fee accumulator repeat-1000 claim-438	execution-segment-repricing	10570640	12252832	1682192	-8621	-8621	0	1661243	0	0	862100	862100	0	1682.192	1682.192	0.000000	+0.001682	+0.001682
gov_staker_remaining_fee_accumulator_filetest.gno	Remaining gov fee accumulator repeat-1000 claim-439	execution-segment-repricing	10570153	12252345	1682192	-8621	-8621	0	1661243	0	0	862100	862100	0	1682.192	1682.192	0.000000	+0.001682	+0.001682
gov_staker_remaining_fee_accumulator_filetest.gno	Remaining gov fee accumulator repeat-1000 claim-440	execution-segment-repricing	10569666	12251858	1682192	-8621	-8621	0	1661243	0	0	862100	862100	0	1682.192	1682.192	0.000000	+0.001682	+0.001682
gov_staker_remaining_fee_accumulator_filetest.gno	Remaining gov fee accumulator repeat-1000 claim-441	execution-segment-repricing	10569666	12251858	1682192	-8621	-8621	0	1661243	0	0	862100	862100	0	1682.192	1682.192	0.000000	+0.001682	+0.001682
gov_staker_remaining_fee_accumulator_filetest.gno	Remaining gov fee accumulator repeat-1000 claim-442	execution-segment-repricing	10569179	12251371	1682192	-8621	-8621	0	1661243	0	0	862100	862100	0	1682.192	1682.192	0.000000	+0.001682	+0.001682
gov_staker_remaining_fee_accumulator_filetest.gno	Remaining gov fee accumulator repeat-1000 claim-443	execution-segment-repricing	10569666	12251858	1682192	-8621	-8621	0	1661243	0	0	862100	862100	0	1682.192	1682.192	0.000000	+0.001682	+0.001682
gov_staker_remaining_fee_accumulator_filetest.gno	Remaining gov fee accumulator repeat-1000 claim-444	execution-segment-repricing	10570153	12252345	1682192	-8621	-8621	0	1661243	0	0	862100	862100	0	1682.192	1682.192	0.000000	+0.001682	+0.001682
gov_staker_remaining_fee_accumulator_filetest.gno	Remaining gov fee accumulator repeat-1000 claim-445	execution-segment-repricing	10570153	12252345	1682192	-8621	-8621	0	1661243	0	0	862100	862100	0	1682.192	1682.192	0.000000	+0.001682	+0.001682
gov_staker_remaining_fee_accumulator_filetest.gno	Remaining gov fee accumulator repeat-1000 claim-446	execution-segment-repricing	10570640	12252832	1682192	-8621	-8621	0	1661243	0	0	862100	862100	0	1682.192	1682.192	0.000000	+0.001682	+0.001682
gov_staker_remaining_fee_accumulator_filetest.gno	Remaining gov fee accumulator repeat-1000 claim-447	execution-segment-repricing	10570153	12252345	1682192	-8621	-8621	0	1661243	0	0	862100	862100	0	1682.192	1682.192	0.000000	+0.001682	+0.001682
gov_staker_remaining_fee_accumulator_filetest.gno	Remaining gov fee accumulator repeat-1000 claim-448	execution-segment-repricing	10570153	12252345	1682192	-8621	-8621	0	1661243	0	0	862100	862100	0	1682.192	1682.192	0.000000	+0.001682	+0.001682
gov_staker_remaining_fee_accumulator_filetest.gno	Remaining gov fee accumulator repeat-1000 claim-449	execution-segment-repricing	10569666	12251858	1682192	-8621	-8621	0	1661243	0	0	862100	862100	0	1682.192	1682.192	0.000000	+0.001682	+0.001682
gov_staker_remaining_fee_accumulator_filetest.gno	Remaining gov fee accumulator repeat-1000 claim-450	execution-segment-repricing	10569666	12251858	1682192	-8621	-8621	0	1661243	0	0	862100	862100	0	1682.192	1682.192	0.000000	+0.001682	+0.001682
gov_staker_remaining_fee_accumulator_filetest.gno	Remaining gov fee accumulator repeat-1000 claim-451	execution-segment-repricing	10565304	12247496	1682192	-8621	-8621	0	1661243	0	0	862100	862100	0	1682.192	1682.192	0.000000	+0.001682	+0.001682
gov_staker_remaining_fee_accumulator_filetest.gno	Remaining gov fee accumulator repeat-1000 claim-452	execution-segment-repricing	10564817	12247009	1682192	-8621	-8621	0	1661243	0	0	862100	862100	0	1682.192	1682.192	0.000000	+0.001682	+0.001682
gov_staker_remaining_fee_accumulator_filetest.gno	Remaining gov fee accumulator repeat-1000 claim-453	execution-segment-repricing	10565304	12247496	1682192	-8621	-8621	0	1661243	0	0	862100	862100	0	1682.192	1682.192	0.000000	+0.001682	+0.001682
gov_staker_remaining_fee_accumulator_filetest.gno	Remaining gov fee accumulator repeat-1000 claim-454	execution-segment-repricing	10561035	12243227	1682192	-8621	-8621	0	1661243	0	0	862100	862100	0	1682.192	1682.192	0.000000	+0.001682	+0.001682
gov_staker_remaining_fee_accumulator_filetest.gno	Remaining gov fee accumulator repeat-1000 claim-455	execution-segment-repricing	10565884	12248076	1682192	-8621	-8621	0	1661243	0	0	862100	862100	0	1682.192	1682.192	0.000000	+0.001682	+0.001682
gov_staker_remaining_fee_accumulator_filetest.gno	Remaining gov fee accumulator repeat-1000 claim-456	execution-segment-repricing	10562589	12244781	1682192	-8621	-8621	0	1661243	0	0	862100	862100	0	1682.192	1682.192	0.000000	+0.001682	+0.001682
gov_staker_remaining_fee_accumulator_filetest.gno	Remaining gov fee accumulator repeat-1000 claim-457	execution-segment-repricing	10558807	12240999	1682192	-8621	-8621	0	1661243	0	0	862100	862100	0	1682.192	1682.192	0.000000	+0.001682	+0.001682
gov_staker_remaining_fee_accumulator_filetest.gno	Remaining gov fee accumulator repeat-1000 claim-458	execution-segment-repricing	10562589	12244781	1682192	-8621	-8621	0	1661243	0	0	862100	862100	0	1682.192	1682.192	0.000000	+0.001682	+0.001682
gov_staker_remaining_fee_accumulator_filetest.gno	Remaining gov fee accumulator repeat-1000 claim-459	execution-segment-repricing	10562102	12244294	1682192	-8621	-8621	0	1661243	0	0	862100	862100	0	1682.192	1682.192	0.000000	+0.001682	+0.001682
gov_staker_remaining_fee_accumulator_filetest.gno	Remaining gov fee accumulator repeat-1000 claim-460	execution-segment-repricing	10562102	12244294	1682192	-8621	-8621	0	1661243	0	0	862100	862100	0	1682.192	1682.192	0.000000	+0.001682	+0.001682
gov_staker_remaining_fee_accumulator_filetest.gno	Remaining gov fee accumulator repeat-1000 claim-461	execution-segment-repricing	10562102	12244294	1682192	-8621	-8621	0	1661243	0	0	862100	862100	0	1682.192	1682.192	0.000000	+0.001682	+0.001682
gov_staker_remaining_fee_accumulator_filetest.gno	Remaining gov fee accumulator repeat-1000 claim-462	execution-segment-repricing	10562589	12244781	1682192	-8621	-8621	0	1661243	0	0	862100	862100	0	1682.192	1682.192	0.000000	+0.001682	+0.001682
gov_staker_remaining_fee_accumulator_filetest.gno	Remaining gov fee accumulator repeat-1000 claim-463	execution-segment-repricing	10559781	12241973	1682192	-8621	-8621	0	1661243	0	0	862100	862100	0	1682.192	1682.192	0.000000	+0.001682	+0.001682
gov_staker_remaining_fee_accumulator_filetest.gno	Remaining gov fee accumulator repeat-1000 claim-464	execution-segment-repricing	10563563	12245755	1682192	-8621	-8621	0	1661243	0	0	862100	862100	0	1682.192	1682.192	0.000000	+0.001682	+0.001682
gov_staker_remaining_fee_accumulator_filetest.gno	Remaining gov fee accumulator repeat-1000 claim-465	execution-segment-repricing	10566858	12249050	1682192	-8621	-8621	0	1661243	0	0	862100	862100	0	1682.192	1682.192	0.000000	+0.001682	+0.001682
gov_staker_remaining_fee_accumulator_filetest.gno	Remaining gov fee accumulator repeat-1000 claim-466	execution-segment-repricing	10559294	12241486	1682192	-8621	-8621	0	1661243	0	0	862100	862100	0	1682.192	1682.192	0.000000	+0.001682	+0.001682
gov_staker_remaining_fee_accumulator_filetest.gno	Remaining gov fee accumulator repeat-1000 claim-467	execution-segment-repricing	10562102	12244294	1682192	-8621	-8621	0	1661243	0	0	862100	862100	0	1682.192	1682.192	0.000000	+0.001682	+0.001682
gov_staker_remaining_fee_accumulator_filetest.gno	Remaining gov fee accumulator repeat-1000 claim-468	execution-segment-repricing	10562102	12244294	1682192	-8621	-8621	0	1661243	0	0	862100	862100	0	1682.192	1682.192	0.000000	+0.001682	+0.001682
gov_staker_remaining_fee_accumulator_filetest.gno	Remaining gov fee accumulator repeat-1000 claim-469	execution-segment-repricing	10559294	12241486	1682192	-8621	-8621	0	1661243	0	0	862100	862100	0	1682.192	1682.192	0.000000	+0.001682	+0.001682
gov_staker_remaining_fee_accumulator_filetest.gno	Remaining gov fee accumulator repeat-1000 claim-470	execution-segment-repricing	10566858	12249050	1682192	-8621	-8621	0	1661243	0	0	862100	862100	0	1682.192	1682.192	0.000000	+0.001682	+0.001682
gov_staker_remaining_fee_accumulator_filetest.gno	Remaining gov fee accumulator repeat-1000 claim-471	execution-segment-repricing	10563563	12245755	1682192	-8621	-8621	0	1661243	0	0	862100	862100	0	1682.192	1682.192	0.000000	+0.001682	+0.001682
gov_staker_remaining_fee_accumulator_filetest.gno	Remaining gov fee accumulator repeat-1000 claim-472	execution-segment-repricing	10559294	12241486	1682192	-8621	-8621	0	1661243	0	0	862100	862100	0	1682.192	1682.192	0.000000	+0.001682	+0.001682
gov_staker_remaining_fee_accumulator_filetest.gno	Remaining gov fee accumulator repeat-1000 claim-473	execution-segment-repricing	10562589	12244781	1682192	-8621	-8621	0	1661243	0	0	862100	862100	0	1682.192	1682.192	0.000000	+0.001682	+0.001682
gov_staker_remaining_fee_accumulator_filetest.gno	Remaining gov fee accumulator repeat-1000 claim-474	execution-segment-repricing	10562102	12244294	1682192	-8621	-8621	0	1661243	0	0	862100	862100	0	1682.192	1682.192	0.000000	+0.001682	+0.001682
gov_staker_remaining_fee_accumulator_filetest.gno	Remaining gov fee accumulator repeat-1000 claim-475	execution-segment-repricing	10565884	12248076	1682192	-8621	-8621	0	1661243	0	0	862100	862100	0	1682.192	1682.192	0.000000	+0.001682	+0.001682
gov_staker_remaining_fee_accumulator_filetest.gno	Remaining gov fee accumulator repeat-1000 claim-476	execution-segment-repricing	10566371	12248563	1682192	-8621	-8621	0	1661243	0	0	862100	862100	0	1682.192	1682.192	0.000000	+0.001682	+0.001682
gov_staker_remaining_fee_accumulator_filetest.gno	Remaining gov fee accumulator repeat-1000 claim-477	execution-segment-repricing	10566371	12248563	1682192	-8621	-8621	0	1661243	0	0	862100	862100	0	1682.192	1682.192	0.000000	+0.001682	+0.001682
gov_staker_remaining_fee_accumulator_filetest.gno	Remaining gov fee accumulator repeat-1000 claim-478	execution-segment-repricing	10566371	12248563	1682192	-8621	-8621	0	1661243	0	0	862100	862100	0	1682.192	1682.192	0.000000	+0.001682	+0.001682
gov_staker_remaining_fee_accumulator_filetest.gno	Remaining gov fee accumulator repeat-1000 claim-479	execution-segment-repricing	10565884	12248076	1682192	-8621	-8621	0	1661243	0	0	862100	862100	0	1682.192	1682.192	0.000000	+0.001682	+0.001682
gov_staker_remaining_fee_accumulator_filetest.gno	Remaining gov fee accumulator repeat-1000 claim-480	execution-segment-repricing	10569666	12251858	1682192	-8621	-8621	0	1661243	0	0	862100	862100	0	1682.192	1682.192	0.000000	+0.001682	+0.001682
gov_staker_remaining_fee_accumulator_filetest.gno	Remaining gov fee accumulator repeat-1000 claim-481	execution-segment-repricing	10565884	12248076	1682192	-8621	-8621	0	1661243	0	0	862100	862100	0	1682.192	1682.192	0.000000	+0.001682	+0.001682
gov_staker_remaining_fee_accumulator_filetest.gno	Remaining gov fee accumulator repeat-1000 claim-482	execution-segment-repricing	10566371	12248563	1682192	-8621	-8621	0	1661243	0	0	862100	862100	0	1682.192	1682.192	0.000000	+0.001682	+0.001682
gov_staker_remaining_fee_accumulator_filetest.gno	Remaining gov fee accumulator repeat-1000 claim-483	execution-segment-repricing	10566858	12249050	1682192	-8621	-8621	0	1661243	0	0	862100	862100	0	1682.192	1682.192	0.000000	+0.001682	+0.001682
gov_staker_remaining_fee_accumulator_filetest.gno	Remaining gov fee accumulator repeat-1000 claim-484	execution-segment-repricing	10565884	12248076	1682192	-8621	-8621	0	1661243	0	0	862100	862100	0	1682.192	1682.192	0.000000	+0.001682	+0.001682
gov_staker_remaining_fee_accumulator_filetest.gno	Remaining gov fee accumulator repeat-1000 claim-485	execution-segment-repricing	10569666	12251858	1682192	-8621	-8621	0	1661243	0	0	862100	862100	0	1682.192	1682.192	0.000000	+0.001682	+0.001682
gov_staker_remaining_fee_accumulator_filetest.gno	Remaining gov fee accumulator repeat-1000 claim-486	execution-segment-repricing	10565884	12248076	1682192	-8621	-8621	0	1661243	0	0	862100	862100	0	1682.192	1682.192	0.000000	+0.001682	+0.001682
gov_staker_remaining_fee_accumulator_filetest.gno	Remaining gov fee accumulator repeat-1000 claim-487	execution-segment-repricing	10565884	12248076	1682192	-8621	-8621	0	1661243	0	0	862100	862100	0	1682.192	1682.192	0.000000	+0.001682	+0.001682
gov_staker_remaining_fee_accumulator_filetest.gno	Remaining gov fee accumulator repeat-1000 claim-488	execution-segment-repricing	10566858	12249050	1682192	-8621	-8621	0	1661243	0	0	862100	862100	0	1682.192	1682.192	0.000000	+0.001682	+0.001682
gov_staker_remaining_fee_accumulator_filetest.gno	Remaining gov fee accumulator repeat-1000 claim-489	execution-segment-repricing	10566858	12249050	1682192	-8621	-8621	0	1661243	0	0	862100	862100	0	1682.192	1682.192	0.000000	+0.001682	+0.001682
gov_staker_remaining_fee_accumulator_filetest.gno	Remaining gov fee accumulator repeat-1000 claim-490	execution-segment-repricing	10570640	12252832	1682192	-8621	-8621	0	1661243	0	0	862100	862100	0	1682.192	1682.192	0.000000	+0.001682	+0.001682
gov_staker_remaining_fee_accumulator_filetest.gno	Remaining gov fee accumulator repeat-1000 claim-491	execution-segment-repricing	10570153	12252345	1682192	-8621	-8621	0	1661243	0	0	862100	862100	0	1682.192	1682.192	0.000000	+0.001682	+0.001682
gov_staker_remaining_fee_accumulator_filetest.gno	Remaining gov fee accumulator repeat-1000 claim-492	execution-segment-repricing	10569666	12251858	1682192	-8621	-8621	0	1661243	0	0	862100	862100	0	1682.192	1682.192	0.000000	+0.001682	+0.001682
gov_staker_remaining_fee_accumulator_filetest.gno	Remaining gov fee accumulator repeat-1000 claim-493	execution-segment-repricing	10569666	12251858	1682192	-8621	-8621	0	1661243	0	0	862100	862100	0	1682.192	1682.192	0.000000	+0.001682	+0.001682
gov_staker_remaining_fee_accumulator_filetest.gno	Remaining gov fee accumulator repeat-1000 claim-494	execution-segment-repricing	10569179	12251371	1682192	-8621	-8621	0	1661243	0	0	862100	862100	0	1682.192	1682.192	0.000000	+0.001682	+0.001682
gov_staker_remaining_fee_accumulator_filetest.gno	Remaining gov fee accumulator repeat-1000 claim-495	execution-segment-repricing	10569666	12251858	1682192	-8621	-8621	0	1661243	0	0	862100	862100	0	1682.192	1682.192	0.000000	+0.001682	+0.001682
gov_staker_remaining_fee_accumulator_filetest.gno	Remaining gov fee accumulator repeat-1000 claim-496	execution-segment-repricing	10570153	12252345	1682192	-8621	-8621	0	1661243	0	0	862100	862100	0	1682.192	1682.192	0.000000	+0.001682	+0.001682
gov_staker_remaining_fee_accumulator_filetest.gno	Remaining gov fee accumulator repeat-1000 claim-497	execution-segment-repricing	10569666	12251858	1682192	-8621	-8621	0	1661243	0	0	862100	862100	0	1682.192	1682.192	0.000000	+0.001682	+0.001682
gov_staker_remaining_fee_accumulator_filetest.gno	Remaining gov fee accumulator repeat-1000 claim-498	execution-segment-repricing	10570153	12252345	1682192	-8621	-8621	0	1661243	0	0	862100	862100	0	1682.192	1682.192	0.000000	+0.001682	+0.001682
gov_staker_remaining_fee_accumulator_filetest.gno	Remaining gov fee accumulator repeat-1000 claim-499	execution-segment-repricing	10569666	12251858	1682192	-8621	-8621	0	1661243	0	0	862100	862100	0	1682.192	1682.192	0.000000	+0.001682	+0.001682
gov_staker_remaining_fee_accumulator_filetest.gno	Remaining gov fee accumulator repeat-1000 claim-500	execution-segment-repricing	10569666	12251858	1682192	-8621	-8621	0	1661243	0	0	862100	862100	0	1682.192	1682.192	0.000000	+0.001682	+0.001682
gov_staker_remaining_fee_accumulator_filetest.gno	Remaining gov fee accumulator repeat-1000 claim-501	execution-segment-repricing	10569666	12251858	1682192	-8621	-8621	0	1661243	0	0	862100	862100	0	1682.192	1682.192	0.000000	+0.001682	+0.001682
gov_staker_remaining_fee_accumulator_filetest.gno	Remaining gov fee accumulator repeat-1000 claim-502	execution-segment-repricing	10569666	12251858	1682192	-8621	-8621	0	1661243	0	0	862100	862100	0	1682.192	1682.192	0.000000	+0.001682	+0.001682
gov_staker_remaining_fee_accumulator_filetest.gno	Remaining gov fee accumulator repeat-1000 claim-503	execution-segment-repricing	10570153	12252345	1682192	-8621	-8621	0	1661243	0	0	862100	862100	0	1682.192	1682.192	0.000000	+0.001682	+0.001682
gov_staker_remaining_fee_accumulator_filetest.gno	Remaining gov fee accumulator repeat-1000 claim-504	execution-segment-repricing	10569666	12251858	1682192	-8621	-8621	0	1661243	0	0	862100	862100	0	1682.192	1682.192	0.000000	+0.001682	+0.001682
gov_staker_remaining_fee_accumulator_filetest.gno	Remaining gov fee accumulator repeat-1000 claim-505	execution-segment-repricing	10570153	12252345	1682192	-8621	-8621	0	1661243	0	0	862100	862100	0	1682.192	1682.192	0.000000	+0.001682	+0.001682
gov_staker_remaining_fee_accumulator_filetest.gno	Remaining gov fee accumulator repeat-1000 claim-506	execution-segment-repricing	10569666	12251858	1682192	-8621	-8621	0	1661243	0	0	862100	862100	0	1682.192	1682.192	0.000000	+0.001682	+0.001682
gov_staker_remaining_fee_accumulator_filetest.gno	Remaining gov fee accumulator repeat-1000 claim-507	execution-segment-repricing	10569666	12251858	1682192	-8621	-8621	0	1661243	0	0	862100	862100	0	1682.192	1682.192	0.000000	+0.001682	+0.001682
gov_staker_remaining_fee_accumulator_filetest.gno	Remaining gov fee accumulator repeat-1000 claim-508	execution-segment-repricing	10570153	12252345	1682192	-8621	-8621	0	1661243	0	0	862100	862100	0	1682.192	1682.192	0.000000	+0.001682	+0.001682
gov_staker_remaining_fee_accumulator_filetest.gno	Remaining gov fee accumulator repeat-1000 claim-509	execution-segment-repricing	10570153	12252345	1682192	-8621	-8621	0	1661243	0	0	862100	862100	0	1682.192	1682.192	0.000000	+0.001682	+0.001682
gov_staker_remaining_fee_accumulator_filetest.gno	Remaining gov fee accumulator repeat-1000 claim-510	execution-segment-repricing	10570153	12252345	1682192	-8621	-8621	0	1661243	0	0	862100	862100	0	1682.192	1682.192	0.000000	+0.001682	+0.001682
gov_staker_remaining_fee_accumulator_filetest.gno	Remaining gov fee accumulator repeat-1000 claim-511	execution-segment-repricing	10569666	12251858	1682192	-8621	-8621	0	1661243	0	0	862100	862100	0	1682.192	1682.192	0.000000	+0.001682	+0.001682
gov_staker_remaining_fee_accumulator_filetest.gno	Remaining gov fee accumulator repeat-1000 claim-512	execution-segment-repricing	10569666	12251858	1682192	-8621	-8621	0	1661243	0	0	862100	862100	0	1682.192	1682.192	0.000000	+0.001682	+0.001682
gov_staker_remaining_fee_accumulator_filetest.gno	Remaining gov fee accumulator repeat-1000 claim-513	execution-segment-repricing	10569666	12251858	1682192	-8621	-8621	0	1661243	0	0	862100	862100	0	1682.192	1682.192	0.000000	+0.001682	+0.001682
gov_staker_remaining_fee_accumulator_filetest.gno	Remaining gov fee accumulator repeat-1000 claim-514	execution-segment-repricing	10570153	12252345	1682192	-8621	-8621	0	1661243	0	0	862100	862100	0	1682.192	1682.192	0.000000	+0.001682	+0.001682
gov_staker_remaining_fee_accumulator_filetest.gno	Remaining gov fee accumulator repeat-1000 claim-515	execution-segment-repricing	10570640	12252832	1682192	-8621	-8621	0	1661243	0	0	862100	862100	0	1682.192	1682.192	0.000000	+0.001682	+0.001682
gov_staker_remaining_fee_accumulator_filetest.gno	Remaining gov fee accumulator repeat-1000 claim-516	execution-segment-repricing	10570153	12252345	1682192	-8621	-8621	0	1661243	0	0	862100	862100	0	1682.192	1682.192	0.000000	+0.001682	+0.001682
gov_staker_remaining_fee_accumulator_filetest.gno	Remaining gov fee accumulator repeat-1000 claim-517	execution-segment-repricing	10569666	12251858	1682192	-8621	-8621	0	1661243	0	0	862100	862100	0	1682.192	1682.192	0.000000	+0.001682	+0.001682
gov_staker_remaining_fee_accumulator_filetest.gno	Remaining gov fee accumulator repeat-1000 claim-518	execution-segment-repricing	10569666	12251858	1682192	-8621	-8621	0	1661243	0	0	862100	862100	0	1682.192	1682.192	0.000000	+0.001682	+0.001682
gov_staker_remaining_fee_accumulator_filetest.gno	Remaining gov fee accumulator repeat-1000 claim-519	execution-segment-repricing	10569179	12251371	1682192	-8621	-8621	0	1661243	0	0	862100	862100	0	1682.192	1682.192	0.000000	+0.001682	+0.001682
gov_staker_remaining_fee_accumulator_filetest.gno	Remaining gov fee accumulator repeat-1000 claim-520	execution-segment-repricing	10569666	12251858	1682192	-8621	-8621	0	1661243	0	0	862100	862100	0	1682.192	1682.192	0.000000	+0.001682	+0.001682
gov_staker_remaining_fee_accumulator_filetest.gno	Remaining gov fee accumulator repeat-1000 claim-521	execution-segment-repricing	10570153	12252345	1682192	-8621	-8621	0	1661243	0	0	862100	862100	0	1682.192	1682.192	0.000000	+0.001682	+0.001682
gov_staker_remaining_fee_accumulator_filetest.gno	Remaining gov fee accumulator repeat-1000 claim-522	execution-segment-repricing	10570153	12252345	1682192	-8621	-8621	0	1661243	0	0	862100	862100	0	1682.192	1682.192	0.000000	+0.001682	+0.001682
gov_staker_remaining_fee_accumulator_filetest.gno	Remaining gov fee accumulator repeat-1000 claim-523	execution-segment-repricing	10565791	12247983	1682192	-8621	-8621	0	1661243	0	0	862100	862100	0	1682.192	1682.192	0.000000	+0.001682	+0.001682
gov_staker_remaining_fee_accumulator_filetest.gno	Remaining gov fee accumulator repeat-1000 claim-524	execution-segment-repricing	10565304	12247496	1682192	-8621	-8621	0	1661243	0	0	862100	862100	0	1682.192	1682.192	0.000000	+0.001682	+0.001682
gov_staker_remaining_fee_accumulator_filetest.gno	Remaining gov fee accumulator repeat-1000 claim-525	execution-segment-repricing	10565304	12247496	1682192	-8621	-8621	0	1661243	0	0	862100	862100	0	1682.192	1682.192	0.000000	+0.001682	+0.001682
gov_staker_remaining_fee_accumulator_filetest.gno	Remaining gov fee accumulator repeat-1000 claim-526	execution-segment-repricing	10564817	12247009	1682192	-8621	-8621	0	1661243	0	0	862100	862100	0	1682.192	1682.192	0.000000	+0.001682	+0.001682
gov_staker_remaining_fee_accumulator_filetest.gno	Remaining gov fee accumulator repeat-1000 claim-527	execution-segment-repricing	10569666	12251858	1682192	-8621	-8621	0	1661243	0	0	862100	862100	0	1682.192	1682.192	0.000000	+0.001682	+0.001682
gov_staker_remaining_fee_accumulator_filetest.gno	Remaining gov fee accumulator repeat-1000 claim-528	execution-segment-repricing	10566371	12248563	1682192	-8621	-8621	0	1661243	0	0	862100	862100	0	1682.192	1682.192	0.000000	+0.001682	+0.001682
gov_staker_remaining_fee_accumulator_filetest.gno	Remaining gov fee accumulator repeat-1000 claim-529	execution-segment-repricing	10565884	12248076	1682192	-8621	-8621	0	1661243	0	0	862100	862100	0	1682.192	1682.192	0.000000	+0.001682	+0.001682
gov_staker_remaining_fee_accumulator_filetest.gno	Remaining gov fee accumulator repeat-1000 claim-530	execution-segment-repricing	10566371	12248563	1682192	-8621	-8621	0	1661243	0	0	862100	862100	0	1682.192	1682.192	0.000000	+0.001682	+0.001682
gov_staker_remaining_fee_accumulator_filetest.gno	Remaining gov fee accumulator repeat-1000 claim-531	execution-segment-repricing	10565884	12248076	1682192	-8621	-8621	0	1661243	0	0	862100	862100	0	1682.192	1682.192	0.000000	+0.001682	+0.001682
gov_staker_remaining_fee_accumulator_filetest.gno	Remaining gov fee accumulator repeat-1000 claim-532	execution-segment-repricing	10569666	12251858	1682192	-8621	-8621	0	1661243	0	0	862100	862100	0	1682.192	1682.192	0.000000	+0.001682	+0.001682
gov_staker_remaining_fee_accumulator_filetest.gno	Remaining gov fee accumulator repeat-1000 claim-533	execution-segment-repricing	10566371	12248563	1682192	-8621	-8621	0	1661243	0	0	862100	862100	0	1682.192	1682.192	0.000000	+0.001682	+0.001682
gov_staker_remaining_fee_accumulator_filetest.gno	Remaining gov fee accumulator repeat-1000 claim-534	execution-segment-repricing	10562589	12244781	1682192	-8621	-8621	0	1661243	0	0	862100	862100	0	1682.192	1682.192	0.000000	+0.001682	+0.001682
gov_staker_remaining_fee_accumulator_filetest.gno	Remaining gov fee accumulator repeat-1000 claim-535	execution-segment-repricing	10563076	12245268	1682192	-8621	-8621	0	1661243	0	0	862100	862100	0	1682.192	1682.192	0.000000	+0.001682	+0.001682
gov_staker_remaining_fee_accumulator_filetest.gno	Remaining gov fee accumulator repeat-1000 claim-536	execution-segment-repricing	10562589	12244781	1682192	-8621	-8621	0	1661243	0	0	862100	862100	0	1682.192	1682.192	0.000000	+0.001682	+0.001682
gov_staker_remaining_fee_accumulator_filetest.gno	Remaining gov fee accumulator repeat-1000 claim-537	execution-segment-repricing	10562589	12244781	1682192	-8621	-8621	0	1661243	0	0	862100	862100	0	1682.192	1682.192	0.000000	+0.001682	+0.001682
gov_staker_remaining_fee_accumulator_filetest.gno	Remaining gov fee accumulator repeat-1000 claim-538	execution-segment-repricing	10562589	12244781	1682192	-8621	-8621	0	1661243	0	0	862100	862100	0	1682.192	1682.192	0.000000	+0.001682	+0.001682
gov_staker_remaining_fee_accumulator_filetest.gno	Remaining gov fee accumulator repeat-1000 claim-539	execution-segment-repricing	10562589	12244781	1682192	-8621	-8621	0	1661243	0	0	862100	862100	0	1682.192	1682.192	0.000000	+0.001682	+0.001682
gov_staker_remaining_fee_accumulator_filetest.gno	Remaining gov fee accumulator repeat-1000 claim-540	execution-segment-repricing	10559294	12241486	1682192	-8621	-8621	0	1661243	0	0	862100	862100	0	1682.192	1682.192	0.000000	+0.001682	+0.001682
gov_staker_remaining_fee_accumulator_filetest.gno	Remaining gov fee accumulator repeat-1000 claim-541	execution-segment-repricing	10563076	12245268	1682192	-8621	-8621	0	1661243	0	0	862100	862100	0	1682.192	1682.192	0.000000	+0.001682	+0.001682
gov_staker_remaining_fee_accumulator_filetest.gno	Remaining gov fee accumulator repeat-1000 claim-542	execution-segment-repricing	10566371	12248563	1682192	-8621	-8621	0	1661243	0	0	862100	862100	0	1682.192	1682.192	0.000000	+0.001682	+0.001682
gov_staker_remaining_fee_accumulator_filetest.gno	Remaining gov fee accumulator repeat-1000 claim-543	execution-segment-repricing	10558807	12240999	1682192	-8621	-8621	0	1661243	0	0	862100	862100	0	1682.192	1682.192	0.000000	+0.001682	+0.001682
gov_staker_remaining_fee_accumulator_filetest.gno	Remaining gov fee accumulator repeat-1000 claim-544	execution-segment-repricing	10562102	12244294	1682192	-8621	-8621	0	1661243	0	0	862100	862100	0	1682.192	1682.192	0.000000	+0.001682	+0.001682
gov_staker_remaining_fee_accumulator_filetest.gno	Remaining gov fee accumulator repeat-1000 claim-545	execution-segment-repricing	10562102	12244294	1682192	-8621	-8621	0	1661243	0	0	862100	862100	0	1682.192	1682.192	0.000000	+0.001682	+0.001682
gov_staker_remaining_fee_accumulator_filetest.gno	Remaining gov fee accumulator repeat-1000 claim-546	execution-segment-repricing	10558807	12240999	1682192	-8621	-8621	0	1661243	0	0	862100	862100	0	1682.192	1682.192	0.000000	+0.001682	+0.001682
gov_staker_remaining_fee_accumulator_filetest.gno	Remaining gov fee accumulator repeat-1000 claim-547	execution-segment-repricing	10566371	12248563	1682192	-8621	-8621	0	1661243	0	0	862100	862100	0	1682.192	1682.192	0.000000	+0.001682	+0.001682
gov_staker_remaining_fee_accumulator_filetest.gno	Remaining gov fee accumulator repeat-1000 claim-548	execution-segment-repricing	10563563	12245755	1682192	-8621	-8621	0	1661243	0	0	862100	862100	0	1682.192	1682.192	0.000000	+0.001682	+0.001682
gov_staker_remaining_fee_accumulator_filetest.gno	Remaining gov fee accumulator repeat-1000 claim-549	execution-segment-repricing	10559294	12241486	1682192	-8621	-8621	0	1661243	0	0	862100	862100	0	1682.192	1682.192	0.000000	+0.001682	+0.001682
gov_staker_remaining_fee_accumulator_filetest.gno	Remaining gov fee accumulator repeat-1000 claim-550	execution-segment-repricing	10563076	12245268	1682192	-8621	-8621	0	1661243	0	0	862100	862100	0	1682.192	1682.192	0.000000	+0.001682	+0.001682
gov_staker_remaining_fee_accumulator_filetest.gno	Remaining gov fee accumulator repeat-1000 claim-551	execution-segment-repricing	10562589	12244781	1682192	-8621	-8621	0	1661243	0	0	862100	862100	0	1682.192	1682.192	0.000000	+0.001682	+0.001682
gov_staker_remaining_fee_accumulator_filetest.gno	Remaining gov fee accumulator repeat-1000 claim-552	execution-segment-repricing	10562589	12244781	1682192	-8621	-8621	0	1661243	0	0	862100	862100	0	1682.192	1682.192	0.000000	+0.001682	+0.001682
gov_staker_remaining_fee_accumulator_filetest.gno	Remaining gov fee accumulator repeat-1000 claim-553	execution-segment-repricing	10563076	12245268	1682192	-8621	-8621	0	1661243	0	0	862100	862100	0	1682.192	1682.192	0.000000	+0.001682	+0.001682
gov_staker_remaining_fee_accumulator_filetest.gno	Remaining gov fee accumulator repeat-1000 claim-554	execution-segment-repricing	10563076	12245268	1682192	-8621	-8621	0	1661243	0	0	862100	862100	0	1682.192	1682.192	0.000000	+0.001682	+0.001682
gov_staker_remaining_fee_accumulator_filetest.gno	Remaining gov fee accumulator repeat-1000 claim-555	execution-segment-repricing	10559781	12241973	1682192	-8621	-8621	0	1661243	0	0	862100	862100	0	1682.192	1682.192	0.000000	+0.001682	+0.001682
gov_staker_remaining_fee_accumulator_filetest.gno	Remaining gov fee accumulator repeat-1000 claim-556	execution-segment-repricing	10562589	12244781	1682192	-8621	-8621	0	1661243	0	0	862100	862100	0	1682.192	1682.192	0.000000	+0.001682	+0.001682
gov_staker_remaining_fee_accumulator_filetest.gno	Remaining gov fee accumulator repeat-1000 claim-557	execution-segment-repricing	10566371	12248563	1682192	-8621	-8621	0	1661243	0	0	862100	862100	0	1682.192	1682.192	0.000000	+0.001682	+0.001682
gov_staker_remaining_fee_accumulator_filetest.gno	Remaining gov fee accumulator repeat-1000 claim-558	execution-segment-repricing	10565884	12248076	1682192	-8621	-8621	0	1661243	0	0	862100	862100	0	1682.192	1682.192	0.000000	+0.001682	+0.001682
gov_staker_remaining_fee_accumulator_filetest.gno	Remaining gov fee accumulator repeat-1000 claim-559	execution-segment-repricing	10569666	12251858	1682192	-8621	-8621	0	1661243	0	0	862100	862100	0	1682.192	1682.192	0.000000	+0.001682	+0.001682
gov_staker_remaining_fee_accumulator_filetest.gno	Remaining gov fee accumulator repeat-1000 claim-560	execution-segment-repricing	10570153	12252345	1682192	-8621	-8621	0	1661243	0	0	862100	862100	0	1682.192	1682.192	0.000000	+0.001682	+0.001682
gov_staker_remaining_fee_accumulator_filetest.gno	Remaining gov fee accumulator repeat-1000 claim-561	execution-segment-repricing	10569179	12251371	1682192	-8621	-8621	0	1661243	0	0	862100	862100	0	1682.192	1682.192	0.000000	+0.001682	+0.001682
gov_staker_remaining_fee_accumulator_filetest.gno	Remaining gov fee accumulator repeat-1000 claim-562	execution-segment-repricing	10569179	12251371	1682192	-8621	-8621	0	1661243	0	0	862100	862100	0	1682.192	1682.192	0.000000	+0.001682	+0.001682
gov_staker_remaining_fee_accumulator_filetest.gno	Remaining gov fee accumulator repeat-1000 claim-563	execution-segment-repricing	10568692	12250884	1682192	-8621	-8621	0	1661243	0	0	862100	862100	0	1682.192	1682.192	0.000000	+0.001682	+0.001682
gov_staker_remaining_fee_accumulator_filetest.gno	Remaining gov fee accumulator repeat-1000 claim-564	execution-segment-repricing	10568692	12250884	1682192	-8621	-8621	0	1661243	0	0	862100	862100	0	1682.192	1682.192	0.000000	+0.001682	+0.001682
gov_staker_remaining_fee_accumulator_filetest.gno	Remaining gov fee accumulator repeat-1000 claim-565	execution-segment-repricing	10569666	12251858	1682192	-8621	-8621	0	1661243	0	0	862100	862100	0	1682.192	1682.192	0.000000	+0.001682	+0.001682
gov_staker_remaining_fee_accumulator_filetest.gno	Remaining gov fee accumulator repeat-1000 claim-566	execution-segment-repricing	10570153	12252345	1682192	-8621	-8621	0	1661243	0	0	862100	862100	0	1682.192	1682.192	0.000000	+0.001682	+0.001682
gov_staker_remaining_fee_accumulator_filetest.gno	Remaining gov fee accumulator repeat-1000 claim-567	execution-segment-repricing	10570640	12252832	1682192	-8621	-8621	0	1661243	0	0	862100	862100	0	1682.192	1682.192	0.000000	+0.001682	+0.001682
gov_staker_remaining_fee_accumulator_filetest.gno	Remaining gov fee accumulator repeat-1000 claim-568	execution-segment-repricing	10570153	12252345	1682192	-8621	-8621	0	1661243	0	0	862100	862100	0	1682.192	1682.192	0.000000	+0.001682	+0.001682
gov_staker_remaining_fee_accumulator_filetest.gno	Remaining gov fee accumulator repeat-1000 claim-569	execution-segment-repricing	10569666	12251858	1682192	-8621	-8621	0	1661243	0	0	862100	862100	0	1682.192	1682.192	0.000000	+0.001682	+0.001682
gov_staker_remaining_fee_accumulator_filetest.gno	Remaining gov fee accumulator repeat-1000 claim-570	execution-segment-repricing	10569666	12251858	1682192	-8621	-8621	0	1661243	0	0	862100	862100	0	1682.192	1682.192	0.000000	+0.001682	+0.001682
gov_staker_remaining_fee_accumulator_filetest.gno	Remaining gov fee accumulator repeat-1000 claim-571	execution-segment-repricing	10569179	12251371	1682192	-8621	-8621	0	1661243	0	0	862100	862100	0	1682.192	1682.192	0.000000	+0.001682	+0.001682
gov_staker_remaining_fee_accumulator_filetest.gno	Remaining gov fee accumulator repeat-1000 claim-572	execution-segment-repricing	10569666	12251858	1682192	-8621	-8621	0	1661243	0	0	862100	862100	0	1682.192	1682.192	0.000000	+0.001682	+0.001682
gov_staker_remaining_fee_accumulator_filetest.gno	Remaining gov fee accumulator repeat-1000 claim-573	execution-segment-repricing	10570153	12252345	1682192	-8621	-8621	0	1661243	0	0	862100	862100	0	1682.192	1682.192	0.000000	+0.001682	+0.001682
gov_staker_remaining_fee_accumulator_filetest.gno	Remaining gov fee accumulator repeat-1000 claim-574	execution-segment-repricing	10569666	12251858	1682192	-8621	-8621	0	1661243	0	0	862100	862100	0	1682.192	1682.192	0.000000	+0.001682	+0.001682
gov_staker_remaining_fee_accumulator_filetest.gno	Remaining gov fee accumulator repeat-1000 claim-575	execution-segment-repricing	10570153	12252345	1682192	-8621	-8621	0	1661243	0	0	862100	862100	0	1682.192	1682.192	0.000000	+0.001682	+0.001682
gov_staker_remaining_fee_accumulator_filetest.gno	Remaining gov fee accumulator repeat-1000 claim-576	execution-segment-repricing	10569666	12251858	1682192	-8621	-8621	0	1661243	0	0	862100	862100	0	1682.192	1682.192	0.000000	+0.001682	+0.001682
gov_staker_remaining_fee_accumulator_filetest.gno	Remaining gov fee accumulator repeat-1000 claim-577	execution-segment-repricing	10569666	12251858	1682192	-8621	-8621	0	1661243	0	0	862100	862100	0	1682.192	1682.192	0.000000	+0.001682	+0.001682
gov_staker_remaining_fee_accumulator_filetest.gno	Remaining gov fee accumulator repeat-1000 claim-578	execution-segment-repricing	10569666	12251858	1682192	-8621	-8621	0	1661243	0	0	862100	862100	0	1682.192	1682.192	0.000000	+0.001682	+0.001682
gov_staker_remaining_fee_accumulator_filetest.gno	Remaining gov fee accumulator repeat-1000 claim-579	execution-segment-repricing	10569666	12251858	1682192	-8621	-8621	0	1661243	0	0	862100	862100	0	1682.192	1682.192	0.000000	+0.001682	+0.001682
gov_staker_remaining_fee_accumulator_filetest.gno	Remaining gov fee accumulator repeat-1000 claim-580	execution-segment-repricing	10570153	12252345	1682192	-8621	-8621	0	1661243	0	0	862100	862100	0	1682.192	1682.192	0.000000	+0.001682	+0.001682
gov_staker_remaining_fee_accumulator_filetest.gno	Remaining gov fee accumulator repeat-1000 claim-581	execution-segment-repricing	10569666	12251858	1682192	-8621	-8621	0	1661243	0	0	862100	862100	0	1682.192	1682.192	0.000000	+0.001682	+0.001682
gov_staker_remaining_fee_accumulator_filetest.gno	Remaining gov fee accumulator repeat-1000 claim-582	execution-segment-repricing	10570153	12252345	1682192	-8621	-8621	0	1661243	0	0	862100	862100	0	1682.192	1682.192	0.000000	+0.001682	+0.001682
gov_staker_remaining_fee_accumulator_filetest.gno	Remaining gov fee accumulator repeat-1000 claim-583	execution-segment-repricing	10569666	12251858	1682192	-8621	-8621	0	1661243	0	0	862100	862100	0	1682.192	1682.192	0.000000	+0.001682	+0.001682
gov_staker_remaining_fee_accumulator_filetest.gno	Remaining gov fee accumulator repeat-1000 claim-584	execution-segment-repricing	10569666	12251858	1682192	-8621	-8621	0	1661243	0	0	862100	862100	0	1682.192	1682.192	0.000000	+0.001682	+0.001682
gov_staker_remaining_fee_accumulator_filetest.gno	Remaining gov fee accumulator repeat-1000 claim-585	execution-segment-repricing	10570153	12252345	1682192	-8621	-8621	0	1661243	0	0	862100	862100	0	1682.192	1682.192	0.000000	+0.001682	+0.001682
gov_staker_remaining_fee_accumulator_filetest.gno	Remaining gov fee accumulator repeat-1000 claim-586	execution-segment-repricing	10570153	12252345	1682192	-8621	-8621	0	1661243	0	0	862100	862100	0	1682.192	1682.192	0.000000	+0.001682	+0.001682
gov_staker_remaining_fee_accumulator_filetest.gno	Remaining gov fee accumulator repeat-1000 claim-587	execution-segment-repricing	10570153	12252345	1682192	-8621	-8621	0	1661243	0	0	862100	862100	0	1682.192	1682.192	0.000000	+0.001682	+0.001682
gov_staker_remaining_fee_accumulator_filetest.gno	Remaining gov fee accumulator repeat-1000 claim-588	execution-segment-repricing	10569666	12251858	1682192	-8621	-8621	0	1661243	0	0	862100	862100	0	1682.192	1682.192	0.000000	+0.001682	+0.001682
gov_staker_remaining_fee_accumulator_filetest.gno	Remaining gov fee accumulator repeat-1000 claim-589	execution-segment-repricing	10569666	12251858	1682192	-8621	-8621	0	1661243	0	0	862100	862100	0	1682.192	1682.192	0.000000	+0.001682	+0.001682
gov_staker_remaining_fee_accumulator_filetest.gno	Remaining gov fee accumulator repeat-1000 claim-590	execution-segment-repricing	10569666	12251858	1682192	-8621	-8621	0	1661243	0	0	862100	862100	0	1682.192	1682.192	0.000000	+0.001682	+0.001682
gov_staker_remaining_fee_accumulator_filetest.gno	Remaining gov fee accumulator repeat-1000 claim-591	execution-segment-repricing	10570153	12252345	1682192	-8621	-8621	0	1661243	0	0	862100	862100	0	1682.192	1682.192	0.000000	+0.001682	+0.001682
gov_staker_remaining_fee_accumulator_filetest.gno	Remaining gov fee accumulator repeat-1000 claim-592	execution-segment-repricing	10570640	12252832	1682192	-8621	-8621	0	1661243	0	0	862100	862100	0	1682.192	1682.192	0.000000	+0.001682	+0.001682
gov_staker_remaining_fee_accumulator_filetest.gno	Remaining gov fee accumulator repeat-1000 claim-593	execution-segment-repricing	10570640	12252832	1682192	-8621	-8621	0	1661243	0	0	862100	862100	0	1682.192	1682.192	0.000000	+0.001682	+0.001682
gov_staker_remaining_fee_accumulator_filetest.gno	Remaining gov fee accumulator repeat-1000 claim-594	execution-segment-repricing	10570153	12252345	1682192	-8621	-8621	0	1661243	0	0	862100	862100	0	1682.192	1682.192	0.000000	+0.001682	+0.001682
gov_staker_remaining_fee_accumulator_filetest.gno	Remaining gov fee accumulator repeat-1000 claim-595	execution-segment-repricing	10565304	12247496	1682192	-8621	-8621	0	1661243	0	0	862100	862100	0	1682.192	1682.192	0.000000	+0.001682	+0.001682
gov_staker_remaining_fee_accumulator_filetest.gno	Remaining gov fee accumulator repeat-1000 claim-596	execution-segment-repricing	10564817	12247009	1682192	-8621	-8621	0	1661243	0	0	862100	862100	0	1682.192	1682.192	0.000000	+0.001682	+0.001682
gov_staker_remaining_fee_accumulator_filetest.gno	Remaining gov fee accumulator repeat-1000 claim-597	execution-segment-repricing	10564817	12247009	1682192	-8621	-8621	0	1661243	0	0	862100	862100	0	1682.192	1682.192	0.000000	+0.001682	+0.001682
gov_staker_remaining_fee_accumulator_filetest.gno	Remaining gov fee accumulator repeat-1000 claim-598	execution-segment-repricing	10564817	12247009	1682192	-8621	-8621	0	1661243	0	0	862100	862100	0	1682.192	1682.192	0.000000	+0.001682	+0.001682
gov_staker_remaining_fee_accumulator_filetest.gno	Remaining gov fee accumulator repeat-1000 claim-599	execution-segment-repricing	10569666	12251858	1682192	-8621	-8621	0	1661243	0	0	862100	862100	0	1682.192	1682.192	0.000000	+0.001682	+0.001682
gov_staker_remaining_fee_accumulator_filetest.gno	Remaining gov fee accumulator repeat-1000 claim-600	execution-segment-repricing	10566371	12248563	1682192	-8621	-8621	0	1661243	0	0	862100	862100	0	1682.192	1682.192	0.000000	+0.001682	+0.001682
gov_staker_remaining_fee_accumulator_filetest.gno	Remaining gov fee accumulator repeat-1000 claim-601	execution-segment-repricing	10565884	12248076	1682192	-8621	-8621	0	1661243	0	0	862100	862100	0	1682.192	1682.192	0.000000	+0.001682	+0.001682
gov_staker_remaining_fee_accumulator_filetest.gno	Remaining gov fee accumulator repeat-1000 claim-602	execution-segment-repricing	10566371	12248563	1682192	-8621	-8621	0	1661243	0	0	862100	862100	0	1682.192	1682.192	0.000000	+0.001682	+0.001682
gov_staker_remaining_fee_accumulator_filetest.gno	Remaining gov fee accumulator repeat-1000 claim-603	execution-segment-repricing	10565884	12248076	1682192	-8621	-8621	0	1661243	0	0	862100	862100	0	1682.192	1682.192	0.000000	+0.001682	+0.001682
gov_staker_remaining_fee_accumulator_filetest.gno	Remaining gov fee accumulator repeat-1000 claim-604	execution-segment-repricing	10569666	12251858	1682192	-8621	-8621	0	1661243	0	0	862100	862100	0	1682.192	1682.192	0.000000	+0.001682	+0.001682
gov_staker_remaining_fee_accumulator_filetest.gno	Remaining gov fee accumulator repeat-1000 claim-605	execution-segment-repricing	10566371	12248563	1682192	-8621	-8621	0	1661243	0	0	862100	862100	0	1682.192	1682.192	0.000000	+0.001682	+0.001682
gov_staker_remaining_fee_accumulator_filetest.gno	Remaining gov fee accumulator repeat-1000 claim-606	execution-segment-repricing	10566371	12248563	1682192	-8621	-8621	0	1661243	0	0	862100	862100	0	1682.192	1682.192	0.000000	+0.001682	+0.001682
gov_staker_remaining_fee_accumulator_filetest.gno	Remaining gov fee accumulator repeat-1000 claim-607	execution-segment-repricing	10566858	12249050	1682192	-8621	-8621	0	1661243	0	0	862100	862100	0	1682.192	1682.192	0.000000	+0.001682	+0.001682
gov_staker_remaining_fee_accumulator_filetest.gno	Remaining gov fee accumulator repeat-1000 claim-608	execution-segment-repricing	10566371	12248563	1682192	-8621	-8621	0	1661243	0	0	862100	862100	0	1682.192	1682.192	0.000000	+0.001682	+0.001682
gov_staker_remaining_fee_accumulator_filetest.gno	Remaining gov fee accumulator repeat-1000 claim-609	execution-segment-repricing	10570153	12252345	1682192	-8621	-8621	0	1661243	0	0	862100	862100	0	1682.192	1682.192	0.000000	+0.001682	+0.001682
gov_staker_remaining_fee_accumulator_filetest.gno	Remaining gov fee accumulator repeat-1000 claim-610	execution-segment-repricing	10566371	12248563	1682192	-8621	-8621	0	1661243	0	0	862100	862100	0	1682.192	1682.192	0.000000	+0.001682	+0.001682
gov_staker_remaining_fee_accumulator_filetest.gno	Remaining gov fee accumulator repeat-1000 claim-611	execution-segment-repricing	10566371	12248563	1682192	-8621	-8621	0	1661243	0	0	862100	862100	0	1682.192	1682.192	0.000000	+0.001682	+0.001682
gov_staker_remaining_fee_accumulator_filetest.gno	Remaining gov fee accumulator repeat-1000 claim-612	execution-segment-repricing	10566858	12249050	1682192	-8621	-8621	0	1661243	0	0	862100	862100	0	1682.192	1682.192	0.000000	+0.001682	+0.001682
gov_staker_remaining_fee_accumulator_filetest.gno	Remaining gov fee accumulator repeat-1000 claim-613	execution-segment-repricing	10566371	12248563	1682192	-8621	-8621	0	1661243	0	0	862100	862100	0	1682.192	1682.192	0.000000	+0.001682	+0.001682
gov_staker_remaining_fee_accumulator_filetest.gno	Remaining gov fee accumulator repeat-1000 claim-614	execution-segment-repricing	10565304	12247496	1682192	-8621	-8621	0	1661243	0	0	862100	862100	0	1682.192	1682.192	0.000000	+0.001682	+0.001682
gov_staker_remaining_fee_accumulator_filetest.gno	Remaining gov fee accumulator repeat-1000 claim-615	execution-segment-repricing	10561522	12243714	1682192	-8621	-8621	0	1661243	0	0	862100	862100	0	1682.192	1682.192	0.000000	+0.001682	+0.001682
gov_staker_remaining_fee_accumulator_filetest.gno	Remaining gov fee accumulator repeat-1000 claim-616	execution-segment-repricing	10561522	12243714	1682192	-8621	-8621	0	1661243	0	0	862100	862100	0	1682.192	1682.192	0.000000	+0.001682	+0.001682
gov_staker_remaining_fee_accumulator_filetest.gno	Remaining gov fee accumulator repeat-1000 claim-617	execution-segment-repricing	10558227	12240419	1682192	-8621	-8621	0	1661243	0	0	862100	862100	0	1682.192	1682.192	0.000000	+0.001682	+0.001682
gov_staker_remaining_fee_accumulator_filetest.gno	Remaining gov fee accumulator repeat-1000 claim-618	execution-segment-repricing	10563076	12245268	1682192	-8621	-8621	0	1661243	0	0	862100	862100	0	1682.192	1682.192	0.000000	+0.001682	+0.001682
gov_staker_remaining_fee_accumulator_filetest.gno	Remaining gov fee accumulator repeat-1000 claim-619	execution-segment-repricing	10566371	12248563	1682192	-8621	-8621	0	1661243	0	0	862100	862100	0	1682.192	1682.192	0.000000	+0.001682	+0.001682
gov_staker_remaining_fee_accumulator_filetest.gno	Remaining gov fee accumulator repeat-1000 claim-620	execution-segment-repricing	10558807	12240999	1682192	-8621	-8621	0	1661243	0	0	862100	862100	0	1682.192	1682.192	0.000000	+0.001682	+0.001682
gov_staker_remaining_fee_accumulator_filetest.gno	Remaining gov fee accumulator repeat-1000 claim-621	execution-segment-repricing	10562102	12244294	1682192	-8621	-8621	0	1661243	0	0	862100	862100	0	1682.192	1682.192	0.000000	+0.001682	+0.001682
gov_staker_remaining_fee_accumulator_filetest.gno	Remaining gov fee accumulator repeat-1000 claim-622	execution-segment-repricing	10562102	12244294	1682192	-8621	-8621	0	1661243	0	0	862100	862100	0	1682.192	1682.192	0.000000	+0.001682	+0.001682
gov_staker_remaining_fee_accumulator_filetest.gno	Remaining gov fee accumulator repeat-1000 claim-623	execution-segment-repricing	10558320	12240512	1682192	-8621	-8621	0	1661243	0	0	862100	862100	0	1682.192	1682.192	0.000000	+0.001682	+0.001682
gov_staker_remaining_fee_accumulator_filetest.gno	Remaining gov fee accumulator repeat-1000 claim-624	execution-segment-repricing	10565884	12248076	1682192	-8621	-8621	0	1661243	0	0	862100	862100	0	1682.192	1682.192	0.000000	+0.001682	+0.001682
gov_staker_remaining_fee_accumulator_filetest.gno	Remaining gov fee accumulator repeat-1000 claim-625	execution-segment-repricing	10563076	12245268	1682192	-8621	-8621	0	1661243	0	0	862100	862100	0	1682.192	1682.192	0.000000	+0.001682	+0.001682
gov_staker_remaining_fee_accumulator_filetest.gno	Remaining gov fee accumulator repeat-1000 claim-626	execution-segment-repricing	10558807	12240999	1682192	-8621	-8621	0	1661243	0	0	862100	862100	0	1682.192	1682.192	0.000000	+0.001682	+0.001682
gov_staker_remaining_fee_accumulator_filetest.gno	Remaining gov fee accumulator repeat-1000 claim-627	execution-segment-repricing	10563076	12245268	1682192	-8621	-8621	0	1661243	0	0	862100	862100	0	1682.192	1682.192	0.000000	+0.001682	+0.001682
gov_staker_remaining_fee_accumulator_filetest.gno	Remaining gov fee accumulator repeat-1000 claim-628	execution-segment-repricing	10562589	12244781	1682192	-8621	-8621	0	1661243	0	0	862100	862100	0	1682.192	1682.192	0.000000	+0.001682	+0.001682
gov_staker_remaining_fee_accumulator_filetest.gno	Remaining gov fee accumulator repeat-1000 claim-629	execution-segment-repricing	10562102	12244294	1682192	-8621	-8621	0	1661243	0	0	862100	862100	0	1682.192	1682.192	0.000000	+0.001682	+0.001682
gov_staker_remaining_fee_accumulator_filetest.gno	Remaining gov fee accumulator repeat-1000 claim-630	execution-segment-repricing	10565884	12248076	1682192	-8621	-8621	0	1661243	0	0	862100	862100	0	1682.192	1682.192	0.000000	+0.001682	+0.001682
gov_staker_remaining_fee_accumulator_filetest.gno	Remaining gov fee accumulator repeat-1000 claim-631	execution-segment-repricing	10565884	12248076	1682192	-8621	-8621	0	1661243	0	0	862100	862100	0	1682.192	1682.192	0.000000	+0.001682	+0.001682
gov_staker_remaining_fee_accumulator_filetest.gno	Remaining gov fee accumulator repeat-1000 claim-632	execution-segment-repricing	10562589	12244781	1682192	-8621	-8621	0	1661243	0	0	862100	862100	0	1682.192	1682.192	0.000000	+0.001682	+0.001682
gov_staker_remaining_fee_accumulator_filetest.gno	Remaining gov fee accumulator repeat-1000 claim-633	execution-segment-repricing	10565884	12248076	1682192	-8621	-8621	0	1661243	0	0	862100	862100	0	1682.192	1682.192	0.000000	+0.001682	+0.001682
gov_staker_remaining_fee_accumulator_filetest.gno	Remaining gov fee accumulator repeat-1000 claim-634	execution-segment-repricing	10566371	12248563	1682192	-8621	-8621	0	1661243	0	0	862100	862100	0	1682.192	1682.192	0.000000	+0.001682	+0.001682
gov_staker_remaining_fee_accumulator_filetest.gno	Remaining gov fee accumulator repeat-1000 claim-635	execution-segment-repricing	10562589	12244781	1682192	-8621	-8621	0	1661243	0	0	862100	862100	0	1682.192	1682.192	0.000000	+0.001682	+0.001682
gov_staker_remaining_fee_accumulator_filetest.gno	Remaining gov fee accumulator repeat-1000 claim-636	execution-segment-repricing	10566371	12248563	1682192	-8621	-8621	0	1661243	0	0	862100	862100	0	1682.192	1682.192	0.000000	+0.001682	+0.001682
gov_staker_remaining_fee_accumulator_filetest.gno	Remaining gov fee accumulator repeat-1000 claim-637	execution-segment-repricing	10566858	12249050	1682192	-8621	-8621	0	1661243	0	0	862100	862100	0	1682.192	1682.192	0.000000	+0.001682	+0.001682
gov_staker_remaining_fee_accumulator_filetest.gno	Remaining gov fee accumulator repeat-1000 claim-638	execution-segment-repricing	10566858	12249050	1682192	-8621	-8621	0	1661243	0	0	862100	862100	0	1682.192	1682.192	0.000000	+0.001682	+0.001682
gov_staker_remaining_fee_accumulator_filetest.gno	Remaining gov fee accumulator repeat-1000 claim-639	execution-segment-repricing	10570153	12252345	1682192	-8621	-8621	0	1661243	0	0	862100	862100	0	1682.192	1682.192	0.000000	+0.001682	+0.001682
gov_staker_remaining_fee_accumulator_filetest.gno	Remaining gov fee accumulator repeat-1000 claim-640	execution-segment-repricing	10569666	12251858	1682192	-8621	-8621	0	1661243	0	0	862100	862100	0	1682.192	1682.192	0.000000	+0.001682	+0.001682
gov_staker_remaining_fee_accumulator_filetest.gno	Remaining gov fee accumulator repeat-1000 claim-641	execution-segment-repricing	10569666	12251858	1682192	-8621	-8621	0	1661243	0	0	862100	862100	0	1682.192	1682.192	0.000000	+0.001682	+0.001682
gov_staker_remaining_fee_accumulator_filetest.gno	Remaining gov fee accumulator repeat-1000 claim-642	execution-segment-repricing	10569666	12251858	1682192	-8621	-8621	0	1661243	0	0	862100	862100	0	1682.192	1682.192	0.000000	+0.001682	+0.001682
gov_staker_remaining_fee_accumulator_filetest.gno	Remaining gov fee accumulator repeat-1000 claim-643	execution-segment-repricing	10570153	12252345	1682192	-8621	-8621	0	1661243	0	0	862100	862100	0	1682.192	1682.192	0.000000	+0.001682	+0.001682
gov_staker_remaining_fee_accumulator_filetest.gno	Remaining gov fee accumulator repeat-1000 claim-644	execution-segment-repricing	10570640	12252832	1682192	-8621	-8621	0	1661243	0	0	862100	862100	0	1682.192	1682.192	0.000000	+0.001682	+0.001682
gov_staker_remaining_fee_accumulator_filetest.gno	Remaining gov fee accumulator repeat-1000 claim-645	execution-segment-repricing	10570153	12252345	1682192	-8621	-8621	0	1661243	0	0	862100	862100	0	1682.192	1682.192	0.000000	+0.001682	+0.001682
gov_staker_remaining_fee_accumulator_filetest.gno	Remaining gov fee accumulator repeat-1000 claim-646	execution-segment-repricing	10569666	12251858	1682192	-8621	-8621	0	1661243	0	0	862100	862100	0	1682.192	1682.192	0.000000	+0.001682	+0.001682
gov_staker_remaining_fee_accumulator_filetest.gno	Remaining gov fee accumulator repeat-1000 claim-647	execution-segment-repricing	10569666	12251858	1682192	-8621	-8621	0	1661243	0	0	862100	862100	0	1682.192	1682.192	0.000000	+0.001682	+0.001682
gov_staker_remaining_fee_accumulator_filetest.gno	Remaining gov fee accumulator repeat-1000 claim-648	execution-segment-repricing	10569179	12251371	1682192	-8621	-8621	0	1661243	0	0	862100	862100	0	1682.192	1682.192	0.000000	+0.001682	+0.001682
gov_staker_remaining_fee_accumulator_filetest.gno	Remaining gov fee accumulator repeat-1000 claim-649	execution-segment-repricing	10569666	12251858	1682192	-8621	-8621	0	1661243	0	0	862100	862100	0	1682.192	1682.192	0.000000	+0.001682	+0.001682
gov_staker_remaining_fee_accumulator_filetest.gno	Remaining gov fee accumulator repeat-1000 claim-650	execution-segment-repricing	10570153	12252345	1682192	-8621	-8621	0	1661243	0	0	862100	862100	0	1682.192	1682.192	0.000000	+0.001682	+0.001682
gov_staker_remaining_fee_accumulator_filetest.gno	Remaining gov fee accumulator repeat-1000 claim-651	execution-segment-repricing	10570153	12252345	1682192	-8621	-8621	0	1661243	0	0	862100	862100	0	1682.192	1682.192	0.000000	+0.001682	+0.001682
gov_staker_remaining_fee_accumulator_filetest.gno	Remaining gov fee accumulator repeat-1000 claim-652	execution-segment-repricing	10570640	12252832	1682192	-8621	-8621	0	1661243	0	0	862100	862100	0	1682.192	1682.192	0.000000	+0.001682	+0.001682
gov_staker_remaining_fee_accumulator_filetest.gno	Remaining gov fee accumulator repeat-1000 claim-653	execution-segment-repricing	10570153	12252345	1682192	-8621	-8621	0	1661243	0	0	862100	862100	0	1682.192	1682.192	0.000000	+0.001682	+0.001682
gov_staker_remaining_fee_accumulator_filetest.gno	Remaining gov fee accumulator repeat-1000 claim-654	execution-segment-repricing	10570153	12252345	1682192	-8621	-8621	0	1661243	0	0	862100	862100	0	1682.192	1682.192	0.000000	+0.001682	+0.001682
gov_staker_remaining_fee_accumulator_filetest.gno	Remaining gov fee accumulator repeat-1000 claim-655	execution-segment-repricing	10569666	12251858	1682192	-8621	-8621	0	1661243	0	0	862100	862100	0	1682.192	1682.192	0.000000	+0.001682	+0.001682
gov_staker_remaining_fee_accumulator_filetest.gno	Remaining gov fee accumulator repeat-1000 claim-656	execution-segment-repricing	10569666	12251858	1682192	-8621	-8621	0	1661243	0	0	862100	862100	0	1682.192	1682.192	0.000000	+0.001682	+0.001682
gov_staker_remaining_fee_accumulator_filetest.gno	Remaining gov fee accumulator repeat-1000 claim-657	execution-segment-repricing	10570153	12252345	1682192	-8621	-8621	0	1661243	0	0	862100	862100	0	1682.192	1682.192	0.000000	+0.001682	+0.001682
gov_staker_remaining_fee_accumulator_filetest.gno	Remaining gov fee accumulator repeat-1000 claim-658	execution-segment-repricing	10569666	12251858	1682192	-8621	-8621	0	1661243	0	0	862100	862100	0	1682.192	1682.192	0.000000	+0.001682	+0.001682
gov_staker_remaining_fee_accumulator_filetest.gno	Remaining gov fee accumulator repeat-1000 claim-659	execution-segment-repricing	10570153	12252345	1682192	-8621	-8621	0	1661243	0	0	862100	862100	0	1682.192	1682.192	0.000000	+0.001682	+0.001682
gov_staker_remaining_fee_accumulator_filetest.gno	Remaining gov fee accumulator repeat-1000 claim-660	execution-segment-repricing	10569666	12251858	1682192	-8621	-8621	0	1661243	0	0	862100	862100	0	1682.192	1682.192	0.000000	+0.001682	+0.001682
gov_staker_remaining_fee_accumulator_filetest.gno	Remaining gov fee accumulator repeat-1000 claim-661	execution-segment-repricing	10569666	12251858	1682192	-8621	-8621	0	1661243	0	0	862100	862100	0	1682.192	1682.192	0.000000	+0.001682	+0.001682
gov_staker_remaining_fee_accumulator_filetest.gno	Remaining gov fee accumulator repeat-1000 claim-662	execution-segment-repricing	10570153	12252345	1682192	-8621	-8621	0	1661243	0	0	862100	862100	0	1682.192	1682.192	0.000000	+0.001682	+0.001682
gov_staker_remaining_fee_accumulator_filetest.gno	Remaining gov fee accumulator repeat-1000 claim-663	execution-segment-repricing	10570153	12252345	1682192	-8621	-8621	0	1661243	0	0	862100	862100	0	1682.192	1682.192	0.000000	+0.001682	+0.001682
gov_staker_remaining_fee_accumulator_filetest.gno	Remaining gov fee accumulator repeat-1000 claim-664	execution-segment-repricing	10570640	12252832	1682192	-8621	-8621	0	1661243	0	0	862100	862100	0	1682.192	1682.192	0.000000	+0.001682	+0.001682
gov_staker_remaining_fee_accumulator_filetest.gno	Remaining gov fee accumulator repeat-1000 claim-665	execution-segment-repricing	10570153	12252345	1682192	-8621	-8621	0	1661243	0	0	862100	862100	0	1682.192	1682.192	0.000000	+0.001682	+0.001682
gov_staker_remaining_fee_accumulator_filetest.gno	Remaining gov fee accumulator repeat-1000 claim-666	execution-segment-repricing	10570153	12252345	1682192	-8621	-8621	0	1661243	0	0	862100	862100	0	1682.192	1682.192	0.000000	+0.001682	+0.001682
gov_staker_remaining_fee_accumulator_filetest.gno	Remaining gov fee accumulator repeat-1000 claim-667	execution-segment-repricing	10565304	12247496	1682192	-8621	-8621	0	1661243	0	0	862100	862100	0	1682.192	1682.192	0.000000	+0.001682	+0.001682
gov_staker_remaining_fee_accumulator_filetest.gno	Remaining gov fee accumulator repeat-1000 claim-668	execution-segment-repricing	10565304	12247496	1682192	-8621	-8621	0	1661243	0	0	862100	862100	0	1682.192	1682.192	0.000000	+0.001682	+0.001682
gov_staker_remaining_fee_accumulator_filetest.gno	Remaining gov fee accumulator repeat-1000 claim-669	execution-segment-repricing	10565791	12247983	1682192	-8621	-8621	0	1661243	0	0	862100	862100	0	1682.192	1682.192	0.000000	+0.001682	+0.001682
gov_staker_remaining_fee_accumulator_filetest.gno	Remaining gov fee accumulator repeat-1000 claim-670	execution-segment-repricing	10565791	12247983	1682192	-8621	-8621	0	1661243	0	0	862100	862100	0	1682.192	1682.192	0.000000	+0.001682	+0.001682
gov_staker_remaining_fee_accumulator_filetest.gno	Remaining gov fee accumulator repeat-1000 claim-671	execution-segment-repricing	10570153	12252345	1682192	-8621	-8621	0	1661243	0	0	862100	862100	0	1682.192	1682.192	0.000000	+0.001682	+0.001682
gov_staker_remaining_fee_accumulator_filetest.gno	Remaining gov fee accumulator repeat-1000 claim-672	execution-segment-repricing	10566371	12248563	1682192	-8621	-8621	0	1661243	0	0	862100	862100	0	1682.192	1682.192	0.000000	+0.001682	+0.001682
gov_staker_remaining_fee_accumulator_filetest.gno	Remaining gov fee accumulator repeat-1000 claim-673	execution-segment-repricing	10565884	12248076	1682192	-8621	-8621	0	1661243	0	0	862100	862100	0	1682.192	1682.192	0.000000	+0.001682	+0.001682
gov_staker_remaining_fee_accumulator_filetest.gno	Remaining gov fee accumulator repeat-1000 claim-674	execution-segment-repricing	10565884	12248076	1682192	-8621	-8621	0	1661243	0	0	862100	862100	0	1682.192	1682.192	0.000000	+0.001682	+0.001682
gov_staker_remaining_fee_accumulator_filetest.gno	Remaining gov fee accumulator repeat-1000 claim-675	execution-segment-repricing	10565884	12248076	1682192	-8621	-8621	0	1661243	0	0	862100	862100	0	1682.192	1682.192	0.000000	+0.001682	+0.001682
gov_staker_remaining_fee_accumulator_filetest.gno	Remaining gov fee accumulator repeat-1000 claim-676	execution-segment-repricing	10569666	12251858	1682192	-8621	-8621	0	1661243	0	0	862100	862100	0	1682.192	1682.192	0.000000	+0.001682	+0.001682
gov_staker_remaining_fee_accumulator_filetest.gno	Remaining gov fee accumulator repeat-1000 claim-677	execution-segment-repricing	10566371	12248563	1682192	-8621	-8621	0	1661243	0	0	862100	862100	0	1682.192	1682.192	0.000000	+0.001682	+0.001682
gov_staker_remaining_fee_accumulator_filetest.gno	Remaining gov fee accumulator repeat-1000 claim-678	execution-segment-repricing	10565884	12248076	1682192	-8621	-8621	0	1661243	0	0	862100	862100	0	1682.192	1682.192	0.000000	+0.001682	+0.001682
gov_staker_remaining_fee_accumulator_filetest.gno	Remaining gov fee accumulator repeat-1000 claim-679	execution-segment-repricing	10566371	12248563	1682192	-8621	-8621	0	1661243	0	0	862100	862100	0	1682.192	1682.192	0.000000	+0.001682	+0.001682
gov_staker_remaining_fee_accumulator_filetest.gno	Remaining gov fee accumulator repeat-1000 claim-680	execution-segment-repricing	10565884	12248076	1682192	-8621	-8621	0	1661243	0	0	862100	862100	0	1682.192	1682.192	0.000000	+0.001682	+0.001682
gov_staker_remaining_fee_accumulator_filetest.gno	Remaining gov fee accumulator repeat-1000 claim-681	execution-segment-repricing	10569666	12251858	1682192	-8621	-8621	0	1661243	0	0	862100	862100	0	1682.192	1682.192	0.000000	+0.001682	+0.001682
gov_staker_remaining_fee_accumulator_filetest.gno	Remaining gov fee accumulator repeat-1000 claim-682	execution-segment-repricing	10566371	12248563	1682192	-8621	-8621	0	1661243	0	0	862100	862100	0	1682.192	1682.192	0.000000	+0.001682	+0.001682
gov_staker_remaining_fee_accumulator_filetest.gno	Remaining gov fee accumulator repeat-1000 claim-683	execution-segment-repricing	10566371	12248563	1682192	-8621	-8621	0	1661243	0	0	862100	862100	0	1682.192	1682.192	0.000000	+0.001682	+0.001682
gov_staker_remaining_fee_accumulator_filetest.gno	Remaining gov fee accumulator repeat-1000 claim-684	execution-segment-repricing	10566858	12249050	1682192	-8621	-8621	0	1661243	0	0	862100	862100	0	1682.192	1682.192	0.000000	+0.001682	+0.001682
gov_staker_remaining_fee_accumulator_filetest.gno	Remaining gov fee accumulator repeat-1000 claim-685	execution-segment-repricing	10566371	12248563	1682192	-8621	-8621	0	1661243	0	0	862100	862100	0	1682.192	1682.192	0.000000	+0.001682	+0.001682
gov_staker_remaining_fee_accumulator_filetest.gno	Remaining gov fee accumulator repeat-1000 claim-686	execution-segment-repricing	10570153	12252345	1682192	-8621	-8621	0	1661243	0	0	862100	862100	0	1682.192	1682.192	0.000000	+0.001682	+0.001682
gov_staker_remaining_fee_accumulator_filetest.gno	Remaining gov fee accumulator repeat-1000 claim-687	execution-segment-repricing	10566371	12248563	1682192	-8621	-8621	0	1661243	0	0	862100	862100	0	1682.192	1682.192	0.000000	+0.001682	+0.001682
gov_staker_remaining_fee_accumulator_filetest.gno	Remaining gov fee accumulator repeat-1000 claim-688	execution-segment-repricing	10566371	12248563	1682192	-8621	-8621	0	1661243	0	0	862100	862100	0	1682.192	1682.192	0.000000	+0.001682	+0.001682
gov_staker_remaining_fee_accumulator_filetest.gno	Remaining gov fee accumulator repeat-1000 claim-689	execution-segment-repricing	10566858	12249050	1682192	-8621	-8621	0	1661243	0	0	862100	862100	0	1682.192	1682.192	0.000000	+0.001682	+0.001682
gov_staker_remaining_fee_accumulator_filetest.gno	Remaining gov fee accumulator repeat-1000 claim-690	execution-segment-repricing	10566371	12248563	1682192	-8621	-8621	0	1661243	0	0	862100	862100	0	1682.192	1682.192	0.000000	+0.001682	+0.001682
gov_staker_remaining_fee_accumulator_filetest.gno	Remaining gov fee accumulator repeat-1000 claim-691	execution-segment-repricing	10569666	12251858	1682192	-8621	-8621	0	1661243	0	0	862100	862100	0	1682.192	1682.192	0.000000	+0.001682	+0.001682
gov_staker_remaining_fee_accumulator_filetest.gno	Remaining gov fee accumulator repeat-1000 claim-692	execution-segment-repricing	10565884	12248076	1682192	-8621	-8621	0	1661243	0	0	862100	862100	0	1682.192	1682.192	0.000000	+0.001682	+0.001682
gov_staker_remaining_fee_accumulator_filetest.gno	Remaining gov fee accumulator repeat-1000 claim-693	execution-segment-repricing	10565884	12248076	1682192	-8621	-8621	0	1661243	0	0	862100	862100	0	1682.192	1682.192	0.000000	+0.001682	+0.001682
gov_staker_remaining_fee_accumulator_filetest.gno	Remaining gov fee accumulator repeat-1000 claim-694	execution-segment-repricing	10561522	12243714	1682192	-8621	-8621	0	1661243	0	0	862100	862100	0	1682.192	1682.192	0.000000	+0.001682	+0.001682
gov_staker_remaining_fee_accumulator_filetest.gno	Remaining gov fee accumulator repeat-1000 claim-695	execution-segment-repricing	10562009	12244201	1682192	-8621	-8621	0	1661243	0	0	862100	862100	0	1682.192	1682.192	0.000000	+0.001682	+0.001682
gov_staker_remaining_fee_accumulator_filetest.gno	Remaining gov fee accumulator repeat-1000 claim-696	execution-segment-repricing	10565791	12247983	1682192	-8621	-8621	0	1661243	0	0	862100	862100	0	1682.192	1682.192	0.000000	+0.001682	+0.001682
gov_staker_remaining_fee_accumulator_filetest.gno	Remaining gov fee accumulator repeat-1000 claim-697	execution-segment-repricing	10559037	12240419	1681382	-8603	-8621	-18	1661243	1800	0	862100	862100	-1800	1681.382	-118.618	-0.001800	+0.001681	-0.000119
gov_staker_remaining_fee_accumulator_filetest.gno	Remaining gov fee accumulator repeat-1000 claim-698	execution-segment-repricing	10563657	12244781	1681124	-8611	-8621	-10	1661243	1000	0	862100	862100	-1000	1681.124	681.124	-0.001000	+0.001681	+0.000681
gov_staker_remaining_fee_accumulator_filetest.gno	Remaining gov fee accumulator repeat-1000 claim-699	execution-segment-repricing	10563657	12244781	1681124	-8621	-8621	0	1661243	0	0	862100	862100	0	1681.124	1681.124	0.000000	+0.001681	+0.001681
gov_staker_remaining_fee_accumulator_filetest.gno	Remaining gov fee accumulator repeat-1000 claim-700	execution-segment-repricing	10559388	12240512	1681124	-8621	-8621	0	1661243	0	0	862100	862100	0	1681.124	1681.124	0.000000	+0.001681	+0.001681
gov_staker_remaining_fee_accumulator_filetest.gno	Remaining gov fee accumulator repeat-1000 claim-701	execution-segment-repricing	10566952	12248076	1681124	-8621	-8621	0	1661243	0	0	862100	862100	0	1681.124	1681.124	0.000000	+0.001681	+0.001681
gov_staker_remaining_fee_accumulator_filetest.gno	Remaining gov fee accumulator repeat-1000 claim-702	execution-segment-repricing	10567439	12248563	1681124	-8621	-8621	0	1661243	0	0	862100	862100	0	1681.124	1681.124	0.000000	+0.001681	+0.001681
gov_staker_remaining_fee_accumulator_filetest.gno	Remaining gov fee accumulator repeat-1000 claim-703	execution-segment-repricing	10563170	12244294	1681124	-8621	-8621	0	1661243	0	0	862100	862100	0	1681.124	1681.124	0.000000	+0.001681	+0.001681
gov_staker_remaining_fee_accumulator_filetest.gno	Remaining gov fee accumulator repeat-1000 claim-704	execution-segment-repricing	10567439	12248563	1681124	-8621	-8621	0	1661243	0	0	862100	862100	0	1681.124	1681.124	0.000000	+0.001681	+0.001681
gov_staker_remaining_fee_accumulator_filetest.gno	Remaining gov fee accumulator repeat-1000 claim-705	execution-segment-repricing	10566952	12248076	1681124	-8621	-8621	0	1661243	0	0	862100	862100	0	1681.124	1681.124	0.000000	+0.001681	+0.001681
gov_staker_remaining_fee_accumulator_filetest.gno	Remaining gov fee accumulator repeat-1000 claim-706	execution-segment-repricing	10563170	12244294	1681124	-8621	-8621	0	1661243	0	0	862100	862100	0	1681.124	1681.124	0.000000	+0.001681	+0.001681
gov_staker_remaining_fee_accumulator_filetest.gno	Remaining gov fee accumulator repeat-1000 claim-707	execution-segment-repricing	10566952	12248076	1681124	-8621	-8621	0	1661243	0	0	862100	862100	0	1681.124	1681.124	0.000000	+0.001681	+0.001681
gov_staker_remaining_fee_accumulator_filetest.gno	Remaining gov fee accumulator repeat-1000 claim-708	execution-segment-repricing	10566952	12248076	1681124	-8621	-8621	0	1661243	0	0	862100	862100	0	1681.124	1681.124	0.000000	+0.001681	+0.001681
gov_staker_remaining_fee_accumulator_filetest.gno	Remaining gov fee accumulator repeat-1000 claim-709	execution-segment-repricing	10564144	12245268	1681124	-8621	-8621	0	1661243	0	0	862100	862100	0	1681.124	1681.124	0.000000	+0.001681	+0.001681
gov_staker_remaining_fee_accumulator_filetest.gno	Remaining gov fee accumulator repeat-1000 claim-710	execution-segment-repricing	10567439	12248563	1681124	-8621	-8621	0	1661243	0	0	862100	862100	0	1681.124	1681.124	0.000000	+0.001681	+0.001681
gov_staker_remaining_fee_accumulator_filetest.gno	Remaining gov fee accumulator repeat-1000 claim-711	execution-segment-repricing	10567926	12249050	1681124	-8621	-8621	0	1661243	0	0	862100	862100	0	1681.124	1681.124	0.000000	+0.001681	+0.001681
gov_staker_remaining_fee_accumulator_filetest.gno	Remaining gov fee accumulator repeat-1000 claim-712	execution-segment-repricing	10563669	12244793	1681124	-8620	-8620	0	1661243	0	0	862000	862000	0	1681.124	1681.124	0.000000	+0.001681	+0.001681
gov_staker_remaining_fee_accumulator_filetest.gno	Remaining gov fee accumulator repeat-1000 claim-713	execution-segment-repricing	10566964	12248088	1681124	-8620	-8620	0	1661243	0	0	862000	862000	0	1681.124	1681.124	0.000000	+0.001681	+0.001681
gov_staker_remaining_fee_accumulator_filetest.gno	Remaining gov fee accumulator repeat-1000 claim-714	execution-segment-repricing	10567451	12248575	1681124	-8620	-8620	0	1661243	0	0	862000	862000	0	1681.124	1681.124	0.000000	+0.001681	+0.001681
gov_staker_remaining_fee_accumulator_filetest.gno	Remaining gov fee accumulator repeat-1000 claim-715	execution-segment-repricing	10564156	12245280	1681124	-8620	-8620	0	1661243	0	0	862000	862000	0	1681.124	1681.124	0.000000	+0.001681	+0.001681
gov_staker_remaining_fee_accumulator_filetest.gno	Remaining gov fee accumulator repeat-1000 claim-716	execution-segment-repricing	10567938	12249062	1681124	-8620	-8620	0	1661243	0	0	862000	862000	0	1681.124	1681.124	0.000000	+0.001681	+0.001681
gov_staker_remaining_fee_accumulator_filetest.gno	Remaining gov fee accumulator repeat-1000 claim-717	execution-segment-repricing	10567451	12248575	1681124	-8620	-8620	0	1661243	0	0	862000	862000	0	1681.124	1681.124	0.000000	+0.001681	+0.001681
gov_staker_remaining_fee_accumulator_filetest.gno	Remaining gov fee accumulator repeat-1000 claim-718	execution-segment-repricing	10566964	12248088	1681124	-8620	-8620	0	1661243	0	0	862000	862000	0	1681.124	1681.124	0.000000	+0.001681	+0.001681
gov_staker_remaining_fee_accumulator_filetest.gno	Remaining gov fee accumulator repeat-1000 claim-719	execution-segment-repricing	10570259	12251383	1681124	-8620	-8620	0	1661243	0	0	862000	862000	0	1681.124	1681.124	0.000000	+0.001681	+0.001681
gov_staker_remaining_fee_accumulator_filetest.gno	Remaining gov fee accumulator repeat-1000 claim-720	execution-segment-repricing	10570746	12251870	1681124	-8620	-8620	0	1661243	0	0	862000	862000	0	1681.124	1681.124	0.000000	+0.001681	+0.001681
gov_staker_remaining_fee_accumulator_filetest.gno	Remaining gov fee accumulator repeat-1000 claim-721	execution-segment-repricing	10571233	12252357	1681124	-8620	-8620	0	1661243	0	0	862000	862000	0	1681.124	1681.124	0.000000	+0.001681	+0.001681
gov_staker_remaining_fee_accumulator_filetest.gno	Remaining gov fee accumulator repeat-1000 claim-722	execution-segment-repricing	10571233	12252357	1681124	-8620	-8620	0	1661243	0	0	862000	862000	0	1681.124	1681.124	0.000000	+0.001681	+0.001681
gov_staker_remaining_fee_accumulator_filetest.gno	Remaining gov fee accumulator repeat-1000 claim-723	execution-segment-repricing	10570746	12251870	1681124	-8620	-8620	0	1661243	0	0	862000	862000	0	1681.124	1681.124	0.000000	+0.001681	+0.001681
gov_staker_remaining_fee_accumulator_filetest.gno	Remaining gov fee accumulator repeat-1000 claim-724	execution-segment-repricing	10570746	12251870	1681124	-8620	-8620	0	1661243	0	0	862000	862000	0	1681.124	1681.124	0.000000	+0.001681	+0.001681
gov_staker_remaining_fee_accumulator_filetest.gno	Remaining gov fee accumulator repeat-1000 claim-725	execution-segment-repricing	10570259	12251383	1681124	-8620	-8620	0	1661243	0	0	862000	862000	0	1681.124	1681.124	0.000000	+0.001681	+0.001681
gov_staker_remaining_fee_accumulator_filetest.gno	Remaining gov fee accumulator repeat-1000 claim-726	execution-segment-repricing	10570746	12251870	1681124	-8620	-8620	0	1661243	0	0	862000	862000	0	1681.124	1681.124	0.000000	+0.001681	+0.001681
gov_staker_remaining_fee_accumulator_filetest.gno	Remaining gov fee accumulator repeat-1000 claim-727	execution-segment-repricing	10570746	12251870	1681124	-8620	-8620	0	1661243	0	0	862000	862000	0	1681.124	1681.124	0.000000	+0.001681	+0.001681
gov_staker_remaining_fee_accumulator_filetest.gno	Remaining gov fee accumulator repeat-1000 claim-728	execution-segment-repricing	10570746	12251870	1681124	-8620	-8620	0	1661243	0	0	862000	862000	0	1681.124	1681.124	0.000000	+0.001681	+0.001681
gov_staker_remaining_fee_accumulator_filetest.gno	Remaining gov fee accumulator repeat-1000 claim-729	execution-segment-repricing	10571233	12252357	1681124	-8620	-8620	0	1661243	0	0	862000	862000	0	1681.124	1681.124	0.000000	+0.001681	+0.001681
gov_staker_remaining_fee_accumulator_filetest.gno	Remaining gov fee accumulator repeat-1000 claim-730	execution-segment-repricing	10570746	12251870	1681124	-8620	-8620	0	1661243	0	0	862000	862000	0	1681.124	1681.124	0.000000	+0.001681	+0.001681
gov_staker_remaining_fee_accumulator_filetest.gno	Remaining gov fee accumulator repeat-1000 claim-731	execution-segment-repricing	10571233	12252357	1681124	-8620	-8620	0	1661243	0	0	862000	862000	0	1681.124	1681.124	0.000000	+0.001681	+0.001681
gov_staker_remaining_fee_accumulator_filetest.gno	Remaining gov fee accumulator repeat-1000 claim-732	execution-segment-repricing	10570746	12251870	1681124	-8620	-8620	0	1661243	0	0	862000	862000	0	1681.124	1681.124	0.000000	+0.001681	+0.001681
gov_staker_remaining_fee_accumulator_filetest.gno	Remaining gov fee accumulator repeat-1000 claim-733	execution-segment-repricing	10570746	12251870	1681124	-8620	-8620	0	1661243	0	0	862000	862000	0	1681.124	1681.124	0.000000	+0.001681	+0.001681
gov_staker_remaining_fee_accumulator_filetest.gno	Remaining gov fee accumulator repeat-1000 claim-734	execution-segment-repricing	10571233	12252357	1681124	-8620	-8620	0	1661243	0	0	862000	862000	0	1681.124	1681.124	0.000000	+0.001681	+0.001681
gov_staker_remaining_fee_accumulator_filetest.gno	Remaining gov fee accumulator repeat-1000 claim-735	execution-segment-repricing	10570746	12251870	1681124	-8620	-8620	0	1661243	0	0	862000	862000	0	1681.124	1681.124	0.000000	+0.001681	+0.001681
gov_staker_remaining_fee_accumulator_filetest.gno	Remaining gov fee accumulator repeat-1000 claim-736	execution-segment-repricing	10571233	12252357	1681124	-8620	-8620	0	1661243	0	0	862000	862000	0	1681.124	1681.124	0.000000	+0.001681	+0.001681
gov_staker_remaining_fee_accumulator_filetest.gno	Remaining gov fee accumulator repeat-1000 claim-737	execution-segment-repricing	10570746	12251870	1681124	-8620	-8620	0	1661243	0	0	862000	862000	0	1681.124	1681.124	0.000000	+0.001681	+0.001681
gov_staker_remaining_fee_accumulator_filetest.gno	Remaining gov fee accumulator repeat-1000 claim-738	execution-segment-repricing	10570746	12251870	1681124	-8620	-8620	0	1661243	0	0	862000	862000	0	1681.124	1681.124	0.000000	+0.001681	+0.001681
gov_staker_remaining_fee_accumulator_filetest.gno	Remaining gov fee accumulator repeat-1000 claim-739	execution-segment-repricing	10567451	12248575	1681124	-8620	-8620	0	1661243	0	0	862000	862000	0	1681.124	1681.124	0.000000	+0.001681	+0.001681
gov_staker_remaining_fee_accumulator_filetest.gno	Remaining gov fee accumulator repeat-1000 claim-740	execution-segment-repricing	10567451	12248575	1681124	-8620	-8620	0	1661243	0	0	862000	862000	0	1681.124	1681.124	0.000000	+0.001681	+0.001681
gov_staker_remaining_fee_accumulator_filetest.gno	Remaining gov fee accumulator repeat-1000 claim-741	execution-segment-repricing	10567938	12249062	1681124	-8620	-8620	0	1661243	0	0	862000	862000	0	1681.124	1681.124	0.000000	+0.001681	+0.001681
gov_staker_remaining_fee_accumulator_filetest.gno	Remaining gov fee accumulator repeat-1000 claim-742	execution-segment-repricing	10567451	12248575	1681124	-8620	-8620	0	1661243	0	0	862000	862000	0	1681.124	1681.124	0.000000	+0.001681	+0.001681
gov_staker_remaining_fee_accumulator_filetest.gno	Remaining gov fee accumulator repeat-1000 claim-743	execution-segment-repricing	10571233	12252357	1681124	-8620	-8620	0	1661243	0	0	862000	862000	0	1681.124	1681.124	0.000000	+0.001681	+0.001681
gov_staker_remaining_fee_accumulator_filetest.gno	Remaining gov fee accumulator repeat-1000 claim-744	execution-segment-repricing	10567451	12248575	1681124	-8620	-8620	0	1661243	0	0	862000	862000	0	1681.124	1681.124	0.000000	+0.001681	+0.001681
gov_staker_remaining_fee_accumulator_filetest.gno	Remaining gov fee accumulator repeat-1000 claim-745	execution-segment-repricing	10567451	12248575	1681124	-8620	-8620	0	1661243	0	0	862000	862000	0	1681.124	1681.124	0.000000	+0.001681	+0.001681
gov_staker_remaining_fee_accumulator_filetest.gno	Remaining gov fee accumulator repeat-1000 claim-746	execution-segment-repricing	10567938	12249062	1681124	-8620	-8620	0	1661243	0	0	862000	862000	0	1681.124	1681.124	0.000000	+0.001681	+0.001681
gov_staker_remaining_fee_accumulator_filetest.gno	Remaining gov fee accumulator repeat-1000 claim-747	execution-segment-repricing	10567938	12249062	1681124	-8620	-8620	0	1661243	0	0	862000	862000	0	1681.124	1681.124	0.000000	+0.001681	+0.001681
gov_staker_remaining_fee_accumulator_filetest.gno	Remaining gov fee accumulator repeat-1000 claim-748	execution-segment-repricing	10571233	12252357	1681124	-8620	-8620	0	1661243	0	0	862000	862000	0	1681.124	1681.124	0.000000	+0.001681	+0.001681
gov_staker_remaining_fee_accumulator_filetest.gno	Remaining gov fee accumulator repeat-1000 claim-749	execution-segment-repricing	10567451	12248575	1681124	-8620	-8620	0	1661243	0	0	862000	862000	0	1681.124	1681.124	0.000000	+0.001681	+0.001681
gov_staker_remaining_fee_accumulator_filetest.gno	Remaining gov fee accumulator repeat-1000 claim-750	execution-segment-repricing	10566964	12248088	1681124	-8620	-8620	0	1661243	0	0	862000	862000	0	1681.124	1681.124	0.000000	+0.001681	+0.001681
gov_staker_remaining_fee_accumulator_filetest.gno	Remaining gov fee accumulator repeat-1000 claim-751	execution-segment-repricing	10566964	12248088	1681124	-8620	-8620	0	1661243	0	0	862000	862000	0	1681.124	1681.124	0.000000	+0.001681	+0.001681
gov_staker_remaining_fee_accumulator_filetest.gno	Remaining gov fee accumulator repeat-1000 claim-752	execution-segment-repricing	10566964	12248088	1681124	-8620	-8620	0	1661243	0	0	862000	862000	0	1681.124	1681.124	0.000000	+0.001681	+0.001681
gov_staker_remaining_fee_accumulator_filetest.gno	Remaining gov fee accumulator repeat-1000 claim-753	execution-segment-repricing	10570746	12251870	1681124	-8620	-8620	0	1661243	0	0	862000	862000	0	1681.124	1681.124	0.000000	+0.001681	+0.001681
gov_staker_remaining_fee_accumulator_filetest.gno	Remaining gov fee accumulator repeat-1000 claim-754	execution-segment-repricing	10567938	12249062	1681124	-8620	-8620	0	1661243	0	0	862000	862000	0	1681.124	1681.124	0.000000	+0.001681	+0.001681
gov_staker_remaining_fee_accumulator_filetest.gno	Remaining gov fee accumulator repeat-1000 claim-755	execution-segment-repricing	10567451	12248575	1681124	-8620	-8620	0	1661243	0	0	862000	862000	0	1681.124	1681.124	0.000000	+0.001681	+0.001681
gov_staker_remaining_fee_accumulator_filetest.gno	Remaining gov fee accumulator repeat-1000 claim-756	execution-segment-repricing	10567938	12249062	1681124	-8620	-8620	0	1661243	0	0	862000	862000	0	1681.124	1681.124	0.000000	+0.001681	+0.001681
gov_staker_remaining_fee_accumulator_filetest.gno	Remaining gov fee accumulator repeat-1000 claim-757	execution-segment-repricing	10567451	12248575	1681124	-8620	-8620	0	1661243	0	0	862000	862000	0	1681.124	1681.124	0.000000	+0.001681	+0.001681
gov_staker_remaining_fee_accumulator_filetest.gno	Remaining gov fee accumulator repeat-1000 claim-758	execution-segment-repricing	10570746	12251870	1681124	-8620	-8620	0	1661243	0	0	862000	862000	0	1681.124	1681.124	0.000000	+0.001681	+0.001681
gov_staker_remaining_fee_accumulator_filetest.gno	Remaining gov fee accumulator repeat-1000 claim-759	execution-segment-repricing	10567451	12248575	1681124	-8620	-8620	0	1661243	0	0	862000	862000	0	1681.124	1681.124	0.000000	+0.001681	+0.001681
gov_staker_remaining_fee_accumulator_filetest.gno	Remaining gov fee accumulator repeat-1000 claim-760	execution-segment-repricing	10567451	12248575	1681124	-8620	-8620	0	1661243	0	0	862000	862000	0	1681.124	1681.124	0.000000	+0.001681	+0.001681
gov_staker_remaining_fee_accumulator_filetest.gno	Remaining gov fee accumulator repeat-1000 claim-761	execution-segment-repricing	10567938	12249062	1681124	-8620	-8620	0	1661243	0	0	862000	862000	0	1681.124	1681.124	0.000000	+0.001681	+0.001681
gov_staker_remaining_fee_accumulator_filetest.gno	Remaining gov fee accumulator repeat-1000 claim-762	execution-segment-repricing	10567451	12248575	1681124	-8620	-8620	0	1661243	0	0	862000	862000	0	1681.124	1681.124	0.000000	+0.001681	+0.001681
gov_staker_remaining_fee_accumulator_filetest.gno	Remaining gov fee accumulator repeat-1000 claim-763	execution-segment-repricing	10571233	12252357	1681124	-8620	-8620	0	1661243	0	0	862000	862000	0	1681.124	1681.124	0.000000	+0.001681	+0.001681
gov_staker_remaining_fee_accumulator_filetest.gno	Remaining gov fee accumulator repeat-1000 claim-764	execution-segment-repricing	10567451	12248575	1681124	-8620	-8620	0	1661243	0	0	862000	862000	0	1681.124	1681.124	0.000000	+0.001681	+0.001681
gov_staker_remaining_fee_accumulator_filetest.gno	Remaining gov fee accumulator repeat-1000 claim-765	execution-segment-repricing	10567451	12248575	1681124	-8620	-8620	0	1661243	0	0	862000	862000	0	1681.124	1681.124	0.000000	+0.001681	+0.001681
gov_staker_remaining_fee_accumulator_filetest.gno	Remaining gov fee accumulator repeat-1000 claim-766	execution-segment-repricing	10567938	12249062	1681124	-8620	-8620	0	1661243	0	0	862000	862000	0	1681.124	1681.124	0.000000	+0.001681	+0.001681
gov_staker_remaining_fee_accumulator_filetest.gno	Remaining gov fee accumulator repeat-1000 claim-767	execution-segment-repricing	10567938	12249062	1681124	-8620	-8620	0	1661243	0	0	862000	862000	0	1681.124	1681.124	0.000000	+0.001681	+0.001681
gov_staker_remaining_fee_accumulator_filetest.gno	Remaining gov fee accumulator repeat-1000 claim-768	execution-segment-repricing	10571233	12252357	1681124	-8620	-8620	0	1661243	0	0	862000	862000	0	1681.124	1681.124	0.000000	+0.001681	+0.001681
gov_staker_remaining_fee_accumulator_filetest.gno	Remaining gov fee accumulator repeat-1000 claim-769	execution-segment-repricing	10567451	12248575	1681124	-8620	-8620	0	1661243	0	0	862000	862000	0	1681.124	1681.124	0.000000	+0.001681	+0.001681
gov_staker_remaining_fee_accumulator_filetest.gno	Remaining gov fee accumulator repeat-1000 claim-770	execution-segment-repricing	10567451	12248575	1681124	-8620	-8620	0	1661243	0	0	862000	862000	0	1681.124	1681.124	0.000000	+0.001681	+0.001681
gov_staker_remaining_fee_accumulator_filetest.gno	Remaining gov fee accumulator repeat-1000 claim-771	execution-segment-repricing	10567451	12248575	1681124	-8620	-8620	0	1661243	0	0	862000	862000	0	1681.124	1681.124	0.000000	+0.001681	+0.001681
gov_staker_remaining_fee_accumulator_filetest.gno	Remaining gov fee accumulator repeat-1000 claim-772	execution-segment-repricing	10567938	12249062	1681124	-8620	-8620	0	1661243	0	0	862000	862000	0	1681.124	1681.124	0.000000	+0.001681	+0.001681
gov_staker_remaining_fee_accumulator_filetest.gno	Remaining gov fee accumulator repeat-1000 claim-773	execution-segment-repricing	10571720	12252844	1681124	-8620	-8620	0	1661243	0	0	862000	862000	0	1681.124	1681.124	0.000000	+0.001681	+0.001681
gov_staker_remaining_fee_accumulator_filetest.gno	Remaining gov fee accumulator repeat-1000 claim-774	execution-segment-repricing	10566384	12247508	1681124	-8620	-8620	0	1661243	0	0	862000	862000	0	1681.124	1681.124	0.000000	+0.001681	+0.001681
gov_staker_remaining_fee_accumulator_filetest.gno	Remaining gov fee accumulator repeat-1000 claim-775	execution-segment-repricing	10565897	12247021	1681124	-8620	-8620	0	1661243	0	0	862000	862000	0	1681.124	1681.124	0.000000	+0.001681	+0.001681
gov_staker_remaining_fee_accumulator_filetest.gno	Remaining gov fee accumulator repeat-1000 claim-776	execution-segment-repricing	10565897	12247021	1681124	-8620	-8620	0	1661243	0	0	862000	862000	0	1681.124	1681.124	0.000000	+0.001681	+0.001681
gov_staker_remaining_fee_accumulator_filetest.gno	Remaining gov fee accumulator repeat-1000 claim-777	execution-segment-repricing	10561628	12242752	1681124	-8620	-8620	0	1661243	0	0	862000	862000	0	1681.124	1681.124	0.000000	+0.001681	+0.001681
gov_staker_remaining_fee_accumulator_filetest.gno	Remaining gov fee accumulator repeat-1000 claim-778	execution-segment-repricing	10566964	12248088	1681124	-8620	-8620	0	1661243	0	0	862000	862000	0	1681.124	1681.124	0.000000	+0.001681	+0.001681
gov_staker_remaining_fee_accumulator_filetest.gno	Remaining gov fee accumulator repeat-1000 claim-779	execution-segment-repricing	10567451	12248575	1681124	-8620	-8620	0	1661243	0	0	862000	862000	0	1681.124	1681.124	0.000000	+0.001681	+0.001681
gov_staker_remaining_fee_accumulator_filetest.gno	Remaining gov fee accumulator repeat-1000 claim-780	execution-segment-repricing	10563182	12244306	1681124	-8620	-8620	0	1661243	0	0	862000	862000	0	1681.124	1681.124	0.000000	+0.001681	+0.001681
gov_staker_remaining_fee_accumulator_filetest.gno	Remaining gov fee accumulator repeat-1000 claim-781	execution-segment-repricing	10567451	12248575	1681124	-8620	-8620	0	1661243	0	0	862000	862000	0	1681.124	1681.124	0.000000	+0.001681	+0.001681
gov_staker_remaining_fee_accumulator_filetest.gno	Remaining gov fee accumulator repeat-1000 claim-782	execution-segment-repricing	10566964	12248088	1681124	-8620	-8620	0	1661243	0	0	862000	862000	0	1681.124	1681.124	0.000000	+0.001681	+0.001681
gov_staker_remaining_fee_accumulator_filetest.gno	Remaining gov fee accumulator repeat-1000 claim-783	execution-segment-repricing	10563182	12244306	1681124	-8620	-8620	0	1661243	0	0	862000	862000	0	1681.124	1681.124	0.000000	+0.001681	+0.001681
gov_staker_remaining_fee_accumulator_filetest.gno	Remaining gov fee accumulator repeat-1000 claim-784	execution-segment-repricing	10566964	12248088	1681124	-8620	-8620	0	1661243	0	0	862000	862000	0	1681.124	1681.124	0.000000	+0.001681	+0.001681
gov_staker_remaining_fee_accumulator_filetest.gno	Remaining gov fee accumulator repeat-1000 claim-785	execution-segment-repricing	10566964	12248088	1681124	-8620	-8620	0	1661243	0	0	862000	862000	0	1681.124	1681.124	0.000000	+0.001681	+0.001681
gov_staker_remaining_fee_accumulator_filetest.gno	Remaining gov fee accumulator repeat-1000 claim-786	execution-segment-repricing	10564156	12245280	1681124	-8620	-8620	0	1661243	0	0	862000	862000	0	1681.124	1681.124	0.000000	+0.001681	+0.001681
gov_staker_remaining_fee_accumulator_filetest.gno	Remaining gov fee accumulator repeat-1000 claim-787	execution-segment-repricing	10567451	12248575	1681124	-8620	-8620	0	1661243	0	0	862000	862000	0	1681.124	1681.124	0.000000	+0.001681	+0.001681
gov_staker_remaining_fee_accumulator_filetest.gno	Remaining gov fee accumulator repeat-1000 claim-788	execution-segment-repricing	10567938	12249062	1681124	-8620	-8620	0	1661243	0	0	862000	862000	0	1681.124	1681.124	0.000000	+0.001681	+0.001681
gov_staker_remaining_fee_accumulator_filetest.gno	Remaining gov fee accumulator repeat-1000 claim-789	execution-segment-repricing	10563669	12244793	1681124	-8620	-8620	0	1661243	0	0	862000	862000	0	1681.124	1681.124	0.000000	+0.001681	+0.001681
gov_staker_remaining_fee_accumulator_filetest.gno	Remaining gov fee accumulator repeat-1000 claim-790	execution-segment-repricing	10566964	12248088	1681124	-8620	-8620	0	1661243	0	0	862000	862000	0	1681.124	1681.124	0.000000	+0.001681	+0.001681
gov_staker_remaining_fee_accumulator_filetest.gno	Remaining gov fee accumulator repeat-1000 claim-791	execution-segment-repricing	10567451	12248575	1681124	-8620	-8620	0	1661243	0	0	862000	862000	0	1681.124	1681.124	0.000000	+0.001681	+0.001681
gov_staker_remaining_fee_accumulator_filetest.gno	Remaining gov fee accumulator repeat-1000 claim-792	execution-segment-repricing	10564156	12245280	1681124	-8620	-8620	0	1661243	0	0	862000	862000	0	1681.124	1681.124	0.000000	+0.001681	+0.001681
gov_staker_remaining_fee_accumulator_filetest.gno	Remaining gov fee accumulator repeat-1000 claim-793	execution-segment-repricing	10567938	12249062	1681124	-8620	-8620	0	1661243	0	0	862000	862000	0	1681.124	1681.124	0.000000	+0.001681	+0.001681
gov_staker_remaining_fee_accumulator_filetest.gno	Remaining gov fee accumulator repeat-1000 claim-794	execution-segment-repricing	10567451	12248575	1681124	-8620	-8620	0	1661243	0	0	862000	862000	0	1681.124	1681.124	0.000000	+0.001681	+0.001681
gov_staker_remaining_fee_accumulator_filetest.gno	Remaining gov fee accumulator repeat-1000 claim-795	execution-segment-repricing	10563669	12244793	1681124	-8620	-8620	0	1661243	0	0	862000	862000	0	1681.124	1681.124	0.000000	+0.001681	+0.001681
gov_staker_remaining_fee_accumulator_filetest.gno	Remaining gov fee accumulator repeat-1000 claim-796	execution-segment-repricing	10566964	12248088	1681124	-8620	-8620	0	1661243	0	0	862000	862000	0	1681.124	1681.124	0.000000	+0.001681	+0.001681
gov_staker_remaining_fee_accumulator_filetest.gno	Remaining gov fee accumulator repeat-1000 claim-797	execution-segment-repricing	10567451	12248575	1681124	-8620	-8620	0	1661243	0	0	862000	862000	0	1681.124	1681.124	0.000000	+0.001681	+0.001681
gov_staker_remaining_fee_accumulator_filetest.gno	Remaining gov fee accumulator repeat-1000 claim-798	execution-segment-repricing	10567938	12249062	1681124	-8620	-8620	0	1661243	0	0	862000	862000	0	1681.124	1681.124	0.000000	+0.001681	+0.001681
gov_staker_remaining_fee_accumulator_filetest.gno	Remaining gov fee accumulator repeat-1000 claim-799	execution-segment-repricing	10571720	12252844	1681124	-8620	-8620	0	1661243	0	0	862000	862000	0	1681.124	1681.124	0.000000	+0.001681	+0.001681
gov_staker_remaining_fee_accumulator_filetest.gno	Remaining gov fee accumulator repeat-1000 claim-800	execution-segment-repricing	10571233	12252357	1681124	-8620	-8620	0	1661243	0	0	862000	862000	0	1681.124	1681.124	0.000000	+0.001681	+0.001681
gov_staker_remaining_fee_accumulator_filetest.gno	Remaining gov fee accumulator repeat-1000 claim-801	execution-segment-repricing	10570746	12251870	1681124	-8620	-8620	0	1661243	0	0	862000	862000	0	1681.124	1681.124	0.000000	+0.001681	+0.001681
gov_staker_remaining_fee_accumulator_filetest.gno	Remaining gov fee accumulator repeat-1000 claim-802	execution-segment-repricing	10570259	12251383	1681124	-8620	-8620	0	1661243	0	0	862000	862000	0	1681.124	1681.124	0.000000	+0.001681	+0.001681
gov_staker_remaining_fee_accumulator_filetest.gno	Remaining gov fee accumulator repeat-1000 claim-803	execution-segment-repricing	10570259	12251383	1681124	-8620	-8620	0	1661243	0	0	862000	862000	0	1681.124	1681.124	0.000000	+0.001681	+0.001681
gov_staker_remaining_fee_accumulator_filetest.gno	Remaining gov fee accumulator repeat-1000 claim-804	execution-segment-repricing	10570259	12251383	1681124	-8620	-8620	0	1661243	0	0	862000	862000	0	1681.124	1681.124	0.000000	+0.001681	+0.001681
gov_staker_remaining_fee_accumulator_filetest.gno	Remaining gov fee accumulator repeat-1000 claim-805	execution-segment-repricing	10570746	12251870	1681124	-8620	-8620	0	1661243	0	0	862000	862000	0	1681.124	1681.124	0.000000	+0.001681	+0.001681
gov_staker_remaining_fee_accumulator_filetest.gno	Remaining gov fee accumulator repeat-1000 claim-806	execution-segment-repricing	10563089	12244213	1681124	-8620	-8620	0	1661243	0	0	862000	862000	0	1681.124	1681.124	0.000000	+0.001681	+0.001681
gov_staker_remaining_fee_accumulator_filetest.gno	Remaining gov fee accumulator repeat-1000 claim-807	execution-segment-repricing	10562115	12243239	1681124	-8620	-8620	0	1661243	0	0	862000	862000	0	1681.124	1681.124	0.000000	+0.001681	+0.001681
gov_staker_remaining_fee_accumulator_filetest.gno	Remaining gov fee accumulator repeat-1000 claim-808	execution-segment-repricing	10562602	12243726	1681124	-8620	-8620	0	1661243	0	0	862000	862000	0	1681.124	1681.124	0.000000	+0.001681	+0.001681
gov_staker_remaining_fee_accumulator_filetest.gno	Remaining gov fee accumulator repeat-1000 claim-809	execution-segment-repricing	10562115	12243239	1681124	-8620	-8620	0	1661243	0	0	862000	862000	0	1681.124	1681.124	0.000000	+0.001681	+0.001681
gov_staker_remaining_fee_accumulator_filetest.gno	Remaining gov fee accumulator repeat-1000 claim-810	execution-segment-repricing	10570259	12251383	1681124	-8620	-8620	0	1661243	0	0	862000	862000	0	1681.124	1681.124	0.000000	+0.001681	+0.001681
gov_staker_remaining_fee_accumulator_filetest.gno	Remaining gov fee accumulator repeat-1000 claim-811	execution-segment-repricing	10567451	12248575	1681124	-8620	-8620	0	1661243	0	0	862000	862000	0	1681.124	1681.124	0.000000	+0.001681	+0.001681
gov_staker_remaining_fee_accumulator_filetest.gno	Remaining gov fee accumulator repeat-1000 claim-812	execution-segment-repricing	10567451	12248575	1681124	-8620	-8620	0	1661243	0	0	862000	862000	0	1681.124	1681.124	0.000000	+0.001681	+0.001681
gov_staker_remaining_fee_accumulator_filetest.gno	Remaining gov fee accumulator repeat-1000 claim-813	execution-segment-repricing	10567938	12249062	1681124	-8620	-8620	0	1661243	0	0	862000	862000	0	1681.124	1681.124	0.000000	+0.001681	+0.001681
gov_staker_remaining_fee_accumulator_filetest.gno	Remaining gov fee accumulator repeat-1000 claim-814	execution-segment-repricing	10567451	12248575	1681124	-8620	-8620	0	1661243	0	0	862000	862000	0	1681.124	1681.124	0.000000	+0.001681	+0.001681
gov_staker_remaining_fee_accumulator_filetest.gno	Remaining gov fee accumulator repeat-1000 claim-815	execution-segment-repricing	10571233	12252357	1681124	-8620	-8620	0	1661243	0	0	862000	862000	0	1681.124	1681.124	0.000000	+0.001681	+0.001681
gov_staker_remaining_fee_accumulator_filetest.gno	Remaining gov fee accumulator repeat-1000 claim-816	execution-segment-repricing	10567451	12248575	1681124	-8620	-8620	0	1661243	0	0	862000	862000	0	1681.124	1681.124	0.000000	+0.001681	+0.001681
gov_staker_remaining_fee_accumulator_filetest.gno	Remaining gov fee accumulator repeat-1000 claim-817	execution-segment-repricing	10567451	12248575	1681124	-8620	-8620	0	1661243	0	0	862000	862000	0	1681.124	1681.124	0.000000	+0.001681	+0.001681
gov_staker_remaining_fee_accumulator_filetest.gno	Remaining gov fee accumulator repeat-1000 claim-818	execution-segment-repricing	10567938	12249062	1681124	-8620	-8620	0	1661243	0	0	862000	862000	0	1681.124	1681.124	0.000000	+0.001681	+0.001681
gov_staker_remaining_fee_accumulator_filetest.gno	Remaining gov fee accumulator repeat-1000 claim-819	execution-segment-repricing	10567451	12248575	1681124	-8620	-8620	0	1661243	0	0	862000	862000	0	1681.124	1681.124	0.000000	+0.001681	+0.001681
gov_staker_remaining_fee_accumulator_filetest.gno	Remaining gov fee accumulator repeat-1000 claim-820	execution-segment-repricing	10570746	12251870	1681124	-8620	-8620	0	1661243	0	0	862000	862000	0	1681.124	1681.124	0.000000	+0.001681	+0.001681
gov_staker_remaining_fee_accumulator_filetest.gno	Remaining gov fee accumulator repeat-1000 claim-821	execution-segment-repricing	10566964	12248088	1681124	-8620	-8620	0	1661243	0	0	862000	862000	0	1681.124	1681.124	0.000000	+0.001681	+0.001681
gov_staker_remaining_fee_accumulator_filetest.gno	Remaining gov fee accumulator repeat-1000 claim-822	execution-segment-repricing	10566964	12248088	1681124	-8620	-8620	0	1661243	0	0	862000	862000	0	1681.124	1681.124	0.000000	+0.001681	+0.001681
gov_staker_remaining_fee_accumulator_filetest.gno	Remaining gov fee accumulator repeat-1000 claim-823	execution-segment-repricing	10567451	12248575	1681124	-8620	-8620	0	1661243	0	0	862000	862000	0	1681.124	1681.124	0.000000	+0.001681	+0.001681
gov_staker_remaining_fee_accumulator_filetest.gno	Remaining gov fee accumulator repeat-1000 claim-824	execution-segment-repricing	10567938	12249062	1681124	-8620	-8620	0	1661243	0	0	862000	862000	0	1681.124	1681.124	0.000000	+0.001681	+0.001681
gov_staker_remaining_fee_accumulator_filetest.gno	Remaining gov fee accumulator repeat-1000 claim-825	execution-segment-repricing	10571233	12252357	1681124	-8620	-8620	0	1661243	0	0	862000	862000	0	1681.124	1681.124	0.000000	+0.001681	+0.001681
gov_staker_remaining_fee_accumulator_filetest.gno	Remaining gov fee accumulator repeat-1000 claim-826	execution-segment-repricing	10567451	12248575	1681124	-8620	-8620	0	1661243	0	0	862000	862000	0	1681.124	1681.124	0.000000	+0.001681	+0.001681
gov_staker_remaining_fee_accumulator_filetest.gno	Remaining gov fee accumulator repeat-1000 claim-827	execution-segment-repricing	10566964	12248088	1681124	-8620	-8620	0	1661243	0	0	862000	862000	0	1681.124	1681.124	0.000000	+0.001681	+0.001681
gov_staker_remaining_fee_accumulator_filetest.gno	Remaining gov fee accumulator repeat-1000 claim-828	execution-segment-repricing	10566964	12248088	1681124	-8620	-8620	0	1661243	0	0	862000	862000	0	1681.124	1681.124	0.000000	+0.001681	+0.001681
gov_staker_remaining_fee_accumulator_filetest.gno	Remaining gov fee accumulator repeat-1000 claim-829	execution-segment-repricing	10566964	12248088	1681124	-8620	-8620	0	1661243	0	0	862000	862000	0	1681.124	1681.124	0.000000	+0.001681	+0.001681
gov_staker_remaining_fee_accumulator_filetest.gno	Remaining gov fee accumulator repeat-1000 claim-830	execution-segment-repricing	10570746	12251870	1681124	-8620	-8620	0	1661243	0	0	862000	862000	0	1681.124	1681.124	0.000000	+0.001681	+0.001681
gov_staker_remaining_fee_accumulator_filetest.gno	Remaining gov fee accumulator repeat-1000 claim-831	execution-segment-repricing	10567938	12249062	1681124	-8620	-8620	0	1661243	0	0	862000	862000	0	1681.124	1681.124	0.000000	+0.001681	+0.001681
gov_staker_remaining_fee_accumulator_filetest.gno	Remaining gov fee accumulator repeat-1000 claim-832	execution-segment-repricing	10567451	12248575	1681124	-8620	-8620	0	1661243	0	0	862000	862000	0	1681.124	1681.124	0.000000	+0.001681	+0.001681
gov_staker_remaining_fee_accumulator_filetest.gno	Remaining gov fee accumulator repeat-1000 claim-833	execution-segment-repricing	10567938	12249062	1681124	-8620	-8620	0	1661243	0	0	862000	862000	0	1681.124	1681.124	0.000000	+0.001681	+0.001681
gov_staker_remaining_fee_accumulator_filetest.gno	Remaining gov fee accumulator repeat-1000 claim-834	execution-segment-repricing	10567451	12248575	1681124	-8620	-8620	0	1661243	0	0	862000	862000	0	1681.124	1681.124	0.000000	+0.001681	+0.001681
gov_staker_remaining_fee_accumulator_filetest.gno	Remaining gov fee accumulator repeat-1000 claim-835	execution-segment-repricing	10570746	12251870	1681124	-8620	-8620	0	1661243	0	0	862000	862000	0	1681.124	1681.124	0.000000	+0.001681	+0.001681
gov_staker_remaining_fee_accumulator_filetest.gno	Remaining gov fee accumulator repeat-1000 claim-836	execution-segment-repricing	10567451	12248575	1681124	-8620	-8620	0	1661243	0	0	862000	862000	0	1681.124	1681.124	0.000000	+0.001681	+0.001681
gov_staker_remaining_fee_accumulator_filetest.gno	Remaining gov fee accumulator repeat-1000 claim-837	execution-segment-repricing	10567451	12248575	1681124	-8620	-8620	0	1661243	0	0	862000	862000	0	1681.124	1681.124	0.000000	+0.001681	+0.001681
gov_staker_remaining_fee_accumulator_filetest.gno	Remaining gov fee accumulator repeat-1000 claim-838	execution-segment-repricing	10567938	12249062	1681124	-8620	-8620	0	1661243	0	0	862000	862000	0	1681.124	1681.124	0.000000	+0.001681	+0.001681
gov_staker_remaining_fee_accumulator_filetest.gno	Remaining gov fee accumulator repeat-1000 claim-839	execution-segment-repricing	10567451	12248575	1681124	-8620	-8620	0	1661243	0	0	862000	862000	0	1681.124	1681.124	0.000000	+0.001681	+0.001681
gov_staker_remaining_fee_accumulator_filetest.gno	Remaining gov fee accumulator repeat-1000 claim-840	execution-segment-repricing	10571233	12252357	1681124	-8620	-8620	0	1661243	0	0	862000	862000	0	1681.124	1681.124	0.000000	+0.001681	+0.001681
gov_staker_remaining_fee_accumulator_filetest.gno	Remaining gov fee accumulator repeat-1000 claim-841	execution-segment-repricing	10567451	12248575	1681124	-8620	-8620	0	1661243	0	0	862000	862000	0	1681.124	1681.124	0.000000	+0.001681	+0.001681
gov_staker_remaining_fee_accumulator_filetest.gno	Remaining gov fee accumulator repeat-1000 claim-842	execution-segment-repricing	10567451	12248575	1681124	-8620	-8620	0	1661243	0	0	862000	862000	0	1681.124	1681.124	0.000000	+0.001681	+0.001681
gov_staker_remaining_fee_accumulator_filetest.gno	Remaining gov fee accumulator repeat-1000 claim-843	execution-segment-repricing	10567938	12249062	1681124	-8620	-8620	0	1661243	0	0	862000	862000	0	1681.124	1681.124	0.000000	+0.001681	+0.001681
gov_staker_remaining_fee_accumulator_filetest.gno	Remaining gov fee accumulator repeat-1000 claim-844	execution-segment-repricing	10567938	12249062	1681124	-8620	-8620	0	1661243	0	0	862000	862000	0	1681.124	1681.124	0.000000	+0.001681	+0.001681
gov_staker_remaining_fee_accumulator_filetest.gno	Remaining gov fee accumulator repeat-1000 claim-845	execution-segment-repricing	10571233	12252357	1681124	-8620	-8620	0	1661243	0	0	862000	862000	0	1681.124	1681.124	0.000000	+0.001681	+0.001681
gov_staker_remaining_fee_accumulator_filetest.gno	Remaining gov fee accumulator repeat-1000 claim-846	execution-segment-repricing	10570746	12251870	1681124	-8620	-8620	0	1661243	0	0	862000	862000	0	1681.124	1681.124	0.000000	+0.001681	+0.001681
gov_staker_remaining_fee_accumulator_filetest.gno	Remaining gov fee accumulator repeat-1000 claim-847	execution-segment-repricing	10570746	12251870	1681124	-8620	-8620	0	1661243	0	0	862000	862000	0	1681.124	1681.124	0.000000	+0.001681	+0.001681
gov_staker_remaining_fee_accumulator_filetest.gno	Remaining gov fee accumulator repeat-1000 claim-848	execution-segment-repricing	10570746	12251870	1681124	-8620	-8620	0	1661243	0	0	862000	862000	0	1681.124	1681.124	0.000000	+0.001681	+0.001681
gov_staker_remaining_fee_accumulator_filetest.gno	Remaining gov fee accumulator repeat-1000 claim-849	execution-segment-repricing	10571233	12252357	1681124	-8620	-8620	0	1661243	0	0	862000	862000	0	1681.124	1681.124	0.000000	+0.001681	+0.001681
gov_staker_remaining_fee_accumulator_filetest.gno	Remaining gov fee accumulator repeat-1000 claim-850	execution-segment-repricing	10571720	12252844	1681124	-8620	-8620	0	1661243	0	0	862000	862000	0	1681.124	1681.124	0.000000	+0.001681	+0.001681
gov_staker_remaining_fee_accumulator_filetest.gno	Remaining gov fee accumulator repeat-1000 claim-851	execution-segment-repricing	10571233	12252357	1681124	-8620	-8620	0	1661243	0	0	862000	862000	0	1681.124	1681.124	0.000000	+0.001681	+0.001681
gov_staker_remaining_fee_accumulator_filetest.gno	Remaining gov fee accumulator repeat-1000 claim-852	execution-segment-repricing	10570746	12251870	1681124	-8620	-8620	0	1661243	0	0	862000	862000	0	1681.124	1681.124	0.000000	+0.001681	+0.001681
gov_staker_remaining_fee_accumulator_filetest.gno	Remaining gov fee accumulator repeat-1000 claim-853	execution-segment-repricing	10570746	12251870	1681124	-8620	-8620	0	1661243	0	0	862000	862000	0	1681.124	1681.124	0.000000	+0.001681	+0.001681
gov_staker_remaining_fee_accumulator_filetest.gno	Remaining gov fee accumulator repeat-1000 claim-854	execution-segment-repricing	10570259	12251383	1681124	-8620	-8620	0	1661243	0	0	862000	862000	0	1681.124	1681.124	0.000000	+0.001681	+0.001681
gov_staker_remaining_fee_accumulator_filetest.gno	Remaining gov fee accumulator repeat-1000 claim-855	execution-segment-repricing	10570746	12251870	1681124	-8620	-8620	0	1661243	0	0	862000	862000	0	1681.124	1681.124	0.000000	+0.001681	+0.001681
gov_staker_remaining_fee_accumulator_filetest.gno	Remaining gov fee accumulator repeat-1000 claim-856	execution-segment-repricing	10570746	12251870	1681124	-8620	-8620	0	1661243	0	0	862000	862000	0	1681.124	1681.124	0.000000	+0.001681	+0.001681
gov_staker_remaining_fee_accumulator_filetest.gno	Remaining gov fee accumulator repeat-1000 claim-857	execution-segment-repricing	10567451	12248575	1681124	-8620	-8620	0	1661243	0	0	862000	862000	0	1681.124	1681.124	0.000000	+0.001681	+0.001681
gov_staker_remaining_fee_accumulator_filetest.gno	Remaining gov fee accumulator repeat-1000 claim-858	execution-segment-repricing	10567938	12249062	1681124	-8620	-8620	0	1661243	0	0	862000	862000	0	1681.124	1681.124	0.000000	+0.001681	+0.001681
gov_staker_remaining_fee_accumulator_filetest.gno	Remaining gov fee accumulator repeat-1000 claim-859	execution-segment-repricing	10567451	12248575	1681124	-8620	-8620	0	1661243	0	0	862000	862000	0	1681.124	1681.124	0.000000	+0.001681	+0.001681
gov_staker_remaining_fee_accumulator_filetest.gno	Remaining gov fee accumulator repeat-1000 claim-860	execution-segment-repricing	10564156	12245280	1681124	-8620	-8620	0	1661243	0	0	862000	862000	0	1681.124	1681.124	0.000000	+0.001681	+0.001681
gov_staker_remaining_fee_accumulator_filetest.gno	Remaining gov fee accumulator repeat-1000 claim-861	execution-segment-repricing	10566964	12248088	1681124	-8620	-8620	0	1661243	0	0	862000	862000	0	1681.124	1681.124	0.000000	+0.001681	+0.001681
gov_staker_remaining_fee_accumulator_filetest.gno	Remaining gov fee accumulator repeat-1000 claim-862	execution-segment-repricing	10566964	12248088	1681124	-8620	-8620	0	1661243	0	0	862000	862000	0	1681.124	1681.124	0.000000	+0.001681	+0.001681
gov_staker_remaining_fee_accumulator_filetest.gno	Remaining gov fee accumulator repeat-1000 claim-863	execution-segment-repricing	10564156	12245280	1681124	-8620	-8620	0	1661243	0	0	862000	862000	0	1681.124	1681.124	0.000000	+0.001681	+0.001681
gov_staker_remaining_fee_accumulator_filetest.gno	Remaining gov fee accumulator repeat-1000 claim-864	execution-segment-repricing	10567451	12248575	1681124	-8620	-8620	0	1661243	0	0	862000	862000	0	1681.124	1681.124	0.000000	+0.001681	+0.001681
gov_staker_remaining_fee_accumulator_filetest.gno	Remaining gov fee accumulator repeat-1000 claim-865	execution-segment-repricing	10567938	12249062	1681124	-8620	-8620	0	1661243	0	0	862000	862000	0	1681.124	1681.124	0.000000	+0.001681	+0.001681
gov_staker_remaining_fee_accumulator_filetest.gno	Remaining gov fee accumulator repeat-1000 claim-866	execution-segment-repricing	10563669	12244793	1681124	-8620	-8620	0	1661243	0	0	862000	862000	0	1681.124	1681.124	0.000000	+0.001681	+0.001681
gov_staker_remaining_fee_accumulator_filetest.gno	Remaining gov fee accumulator repeat-1000 claim-867	execution-segment-repricing	10566964	12248088	1681124	-8620	-8620	0	1661243	0	0	862000	862000	0	1681.124	1681.124	0.000000	+0.001681	+0.001681
gov_staker_remaining_fee_accumulator_filetest.gno	Remaining gov fee accumulator repeat-1000 claim-868	execution-segment-repricing	10567451	12248575	1681124	-8620	-8620	0	1661243	0	0	862000	862000	0	1681.124	1681.124	0.000000	+0.001681	+0.001681
gov_staker_remaining_fee_accumulator_filetest.gno	Remaining gov fee accumulator repeat-1000 claim-869	execution-segment-repricing	10564156	12245358	1681202	-8620	-8600	20	1661243	0	2000	862000	862000	2000	1681.202	3681.202	+0.002000	+0.001681	+0.003681
gov_staker_remaining_fee_accumulator_filetest.gno	Remaining gov fee accumulator repeat-1000 claim-870	execution-segment-repricing	10568425	12249669	1681244	-8620	-8615	5	1661243	0	500	862000	862000	500	1681.244	2181.244	+0.000500	+0.001681	+0.002181
gov_staker_remaining_fee_accumulator_filetest.gno	Remaining gov fee accumulator repeat-1000 claim-871	execution-segment-repricing	10567938	12249182	1681244	-8620	-8620	0	1661243	0	0	862000	862000	0	1681.244	1681.244	0.000000	+0.001681	+0.001681
gov_staker_remaining_fee_accumulator_filetest.gno	Remaining gov fee accumulator repeat-1000 claim-872	execution-segment-repricing	10564156	12245400	1681244	-8620	-8620	0	1661243	0	0	862000	862000	0	1681.244	1681.244	0.000000	+0.001681	+0.001681
gov_staker_remaining_fee_accumulator_filetest.gno	Remaining gov fee accumulator repeat-1000 claim-873	execution-segment-repricing	10567451	12248695	1681244	-8620	-8620	0	1661243	0	0	862000	862000	0	1681.244	1681.244	0.000000	+0.001681	+0.001681
gov_staker_remaining_fee_accumulator_filetest.gno	Remaining gov fee accumulator repeat-1000 claim-874	execution-segment-repricing	10567451	12248695	1681244	-8620	-8620	0	1661243	0	0	862000	862000	0	1681.244	1681.244	0.000000	+0.001681	+0.001681
gov_staker_remaining_fee_accumulator_filetest.gno	Remaining gov fee accumulator repeat-1000 claim-875	execution-segment-repricing	10564643	12245887	1681244	-8620	-8620	0	1661243	0	0	862000	862000	0	1681.244	1681.244	0.000000	+0.001681	+0.001681
gov_staker_remaining_fee_accumulator_filetest.gno	Remaining gov fee accumulator repeat-1000 claim-876	execution-segment-repricing	10568425	12249669	1681244	-8620	-8620	0	1661243	0	0	862000	862000	0	1681.244	1681.244	0.000000	+0.001681	+0.001681
gov_staker_remaining_fee_accumulator_filetest.gno	Remaining gov fee accumulator repeat-1000 claim-877	execution-segment-repricing	10567938	12249182	1681244	-8620	-8620	0	1661243	0	0	862000	862000	0	1681.244	1681.244	0.000000	+0.001681	+0.001681
gov_staker_remaining_fee_accumulator_filetest.gno	Remaining gov fee accumulator repeat-1000 claim-878	execution-segment-repricing	10559307	12240551	1681244	-8620	-8620	0	1661243	0	0	862000	862000	0	1681.244	1681.244	0.000000	+0.001681	+0.001681
gov_staker_remaining_fee_accumulator_filetest.gno	Remaining gov fee accumulator repeat-1000 claim-879	execution-segment-repricing	10562115	12243359	1681244	-8620	-8620	0	1661243	0	0	862000	862000	0	1681.244	1681.244	0.000000	+0.001681	+0.001681
gov_staker_remaining_fee_accumulator_filetest.gno	Remaining gov fee accumulator repeat-1000 claim-880	execution-segment-repricing	10562115	12243359	1681244	-8620	-8620	0	1661243	0	0	862000	862000	0	1681.244	1681.244	0.000000	+0.001681	+0.001681
gov_staker_remaining_fee_accumulator_filetest.gno	Remaining gov fee accumulator repeat-1000 claim-881	execution-segment-repricing	10562115	12243359	1681244	-8620	-8620	0	1661243	0	0	862000	862000	0	1681.244	1681.244	0.000000	+0.001681	+0.001681
gov_staker_remaining_fee_accumulator_filetest.gno	Remaining gov fee accumulator repeat-1000 claim-882	execution-segment-repricing	10570746	12251990	1681244	-8620	-8620	0	1661243	0	0	862000	862000	0	1681.244	1681.244	0.000000	+0.001681	+0.001681
gov_staker_remaining_fee_accumulator_filetest.gno	Remaining gov fee accumulator repeat-1000 claim-883	execution-segment-repricing	10567451	12248695	1681244	-8620	-8620	0	1661243	0	0	862000	862000	0	1681.244	1681.244	0.000000	+0.001681	+0.001681
gov_staker_remaining_fee_accumulator_filetest.gno	Remaining gov fee accumulator repeat-1000 claim-884	execution-segment-repricing	10566477	12247721	1681244	-8620	-8620	0	1661243	0	0	862000	862000	0	1681.244	1681.244	0.000000	+0.001681	+0.001681
gov_staker_remaining_fee_accumulator_filetest.gno	Remaining gov fee accumulator repeat-1000 claim-885	execution-segment-repricing	10567987	12249231	1681244	-8620	-8620	0	1661243	0	0	862000	862000	0	1681.244	1681.244	0.000000	+0.001681	+0.001681
gov_staker_remaining_fee_accumulator_filetest.gno	Remaining gov fee accumulator repeat-1000 claim-886	execution-segment-repricing	10568523	12249767	1681244	-8620	-8620	0	1661243	0	0	862000	862000	0	1681.244	1681.244	0.000000	+0.001681	+0.001681
gov_staker_remaining_fee_accumulator_filetest.gno	Remaining gov fee accumulator repeat-1000 claim-887	execution-segment-repricing	10573328	12254572	1681244	-8620	-8620	0	1661243	0	0	862000	862000	0	1681.244	1681.244	0.000000	+0.001681	+0.001681
gov_staker_remaining_fee_accumulator_filetest.gno	Remaining gov fee accumulator repeat-1000 claim-888	execution-segment-repricing	10571543	12252787	1681244	-8620	-8620	0	1661243	0	0	862000	862000	0	1681.244	1681.244	0.000000	+0.001681	+0.001681
gov_staker_remaining_fee_accumulator_filetest.gno	Remaining gov fee accumulator repeat-1000 claim-889	execution-segment-repricing	10571543	12252787	1681244	-8620	-8620	0	1661243	0	0	862000	862000	0	1681.244	1681.244	0.000000	+0.001681	+0.001681
gov_staker_remaining_fee_accumulator_filetest.gno	Remaining gov fee accumulator repeat-1000 claim-890	execution-segment-repricing	10571543	12252787	1681244	-8620	-8620	0	1661243	0	0	862000	862000	0	1681.244	1681.244	0.000000	+0.001681	+0.001681
gov_staker_remaining_fee_accumulator_filetest.gno	Remaining gov fee accumulator repeat-1000 claim-891	execution-segment-repricing	10571056	12252300	1681244	-8620	-8620	0	1661243	0	0	862000	862000	0	1681.244	1681.244	0.000000	+0.001681	+0.001681
gov_staker_remaining_fee_accumulator_filetest.gno	Remaining gov fee accumulator repeat-1000 claim-892	execution-segment-repricing	10574838	12256082	1681244	-8620	-8620	0	1661243	0	0	862000	862000	0	1681.244	1681.244	0.000000	+0.001681	+0.001681
gov_staker_remaining_fee_accumulator_filetest.gno	Remaining gov fee accumulator repeat-1000 claim-893	execution-segment-repricing	10571056	12252300	1681244	-8620	-8620	0	1661243	0	0	862000	862000	0	1681.244	1681.244	0.000000	+0.001681	+0.001681
gov_staker_remaining_fee_accumulator_filetest.gno	Remaining gov fee accumulator repeat-1000 claim-894	execution-segment-repricing	10571543	12252787	1681244	-8620	-8620	0	1661243	0	0	862000	862000	0	1681.244	1681.244	0.000000	+0.001681	+0.001681
gov_staker_remaining_fee_accumulator_filetest.gno	Remaining gov fee accumulator repeat-1000 claim-895	execution-segment-repricing	10572030	12253274	1681244	-8620	-8620	0	1661243	0	0	862000	862000	0	1681.244	1681.244	0.000000	+0.001681	+0.001681
gov_staker_remaining_fee_accumulator_filetest.gno	Remaining gov fee accumulator repeat-1000 claim-896	execution-segment-repricing	10571056	12252300	1681244	-8620	-8620	0	1661243	0	0	862000	862000	0	1681.244	1681.244	0.000000	+0.001681	+0.001681
gov_staker_remaining_fee_accumulator_filetest.gno	Remaining gov fee accumulator repeat-1000 claim-897	execution-segment-repricing	10574351	12255595	1681244	-8620	-8620	0	1661243	0	0	862000	862000	0	1681.244	1681.244	0.000000	+0.001681	+0.001681
gov_staker_remaining_fee_accumulator_filetest.gno	Remaining gov fee accumulator repeat-1000 claim-898	execution-segment-repricing	10570569	12251813	1681244	-8620	-8620	0	1661243	0	0	862000	862000	0	1681.244	1681.244	0.000000	+0.001681	+0.001681
gov_staker_remaining_fee_accumulator_filetest.gno	Remaining gov fee accumulator repeat-1000 claim-899	execution-segment-repricing	10570569	12251813	1681244	-8620	-8620	0	1661243	0	0	862000	862000	0	1681.244	1681.244	0.000000	+0.001681	+0.001681
gov_staker_remaining_fee_accumulator_filetest.gno	Remaining gov fee accumulator repeat-1000 claim-900	execution-segment-repricing	10571543	12252787	1681244	-8620	-8620	0	1661243	0	0	862000	862000	0	1681.244	1681.244	0.000000	+0.001681	+0.001681
gov_staker_remaining_fee_accumulator_filetest.gno	Remaining gov fee accumulator repeat-1000 claim-901	execution-segment-repricing	10572030	12253274	1681244	-8620	-8620	0	1661243	0	0	862000	862000	0	1681.244	1681.244	0.000000	+0.001681	+0.001681
gov_staker_remaining_fee_accumulator_filetest.gno	Remaining gov fee accumulator repeat-1000 claim-902	execution-segment-repricing	10575812	12257056	1681244	-8620	-8620	0	1661243	0	0	862000	862000	0	1681.244	1681.244	0.000000	+0.001681	+0.001681
gov_staker_remaining_fee_accumulator_filetest.gno	Remaining gov fee accumulator repeat-1000 claim-903	execution-segment-repricing	10572030	12253274	1681244	-8620	-8620	0	1661243	0	0	862000	862000	0	1681.244	1681.244	0.000000	+0.001681	+0.001681
gov_staker_remaining_fee_accumulator_filetest.gno	Remaining gov fee accumulator repeat-1000 claim-904	execution-segment-repricing	10571543	12252787	1681244	-8620	-8620	0	1661243	0	0	862000	862000	0	1681.244	1681.244	0.000000	+0.001681	+0.001681
gov_staker_remaining_fee_accumulator_filetest.gno	Remaining gov fee accumulator repeat-1000 claim-905	execution-segment-repricing	10571543	12252787	1681244	-8620	-8620	0	1661243	0	0	862000	862000	0	1681.244	1681.244	0.000000	+0.001681	+0.001681
gov_staker_remaining_fee_accumulator_filetest.gno	Remaining gov fee accumulator repeat-1000 claim-906	execution-segment-repricing	10571056	12252300	1681244	-8620	-8620	0	1661243	0	0	862000	862000	0	1681.244	1681.244	0.000000	+0.001681	+0.001681
gov_staker_remaining_fee_accumulator_filetest.gno	Remaining gov fee accumulator repeat-1000 claim-907	execution-segment-repricing	10574838	12256082	1681244	-8620	-8620	0	1661243	0	0	862000	862000	0	1681.244	1681.244	0.000000	+0.001681	+0.001681
gov_staker_remaining_fee_accumulator_filetest.gno	Remaining gov fee accumulator repeat-1000 claim-908	execution-segment-repricing	10572030	12253274	1681244	-8620	-8620	0	1661243	0	0	862000	862000	0	1681.244	1681.244	0.000000	+0.001681	+0.001681
gov_staker_remaining_fee_accumulator_filetest.gno	Remaining gov fee accumulator repeat-1000 claim-909	execution-segment-repricing	10571543	12252787	1681244	-8620	-8620	0	1661243	0	0	862000	862000	0	1681.244	1681.244	0.000000	+0.001681	+0.001681
gov_staker_remaining_fee_accumulator_filetest.gno	Remaining gov fee accumulator repeat-1000 claim-910	execution-segment-repricing	10572030	12253274	1681244	-8620	-8620	0	1661243	0	0	862000	862000	0	1681.244	1681.244	0.000000	+0.001681	+0.001681
gov_staker_remaining_fee_accumulator_filetest.gno	Remaining gov fee accumulator repeat-1000 claim-911	execution-segment-repricing	10571543	12252787	1681244	-8620	-8620	0	1661243	0	0	862000	862000	0	1681.244	1681.244	0.000000	+0.001681	+0.001681
gov_staker_remaining_fee_accumulator_filetest.gno	Remaining gov fee accumulator repeat-1000 claim-912	execution-segment-repricing	10574838	12256082	1681244	-8620	-8620	0	1661243	0	0	862000	862000	0	1681.244	1681.244	0.000000	+0.001681	+0.001681
gov_staker_remaining_fee_accumulator_filetest.gno	Remaining gov fee accumulator repeat-1000 claim-913	execution-segment-repricing	10574838	12256082	1681244	-8620	-8620	0	1661243	0	0	862000	862000	0	1681.244	1681.244	0.000000	+0.001681	+0.001681
gov_staker_remaining_fee_accumulator_filetest.gno	Remaining gov fee accumulator repeat-1000 claim-914	execution-segment-repricing	10574838	12256082	1681244	-8620	-8620	0	1661243	0	0	862000	862000	0	1681.244	1681.244	0.000000	+0.001681	+0.001681
gov_staker_remaining_fee_accumulator_filetest.gno	Remaining gov fee accumulator repeat-1000 claim-915	execution-segment-repricing	10575325	12256569	1681244	-8620	-8620	0	1661243	0	0	862000	862000	0	1681.244	1681.244	0.000000	+0.001681	+0.001681
gov_staker_remaining_fee_accumulator_filetest.gno	Remaining gov fee accumulator repeat-1000 claim-916	execution-segment-repricing	10574838	12256082	1681244	-8620	-8620	0	1661243	0	0	862000	862000	0	1681.244	1681.244	0.000000	+0.001681	+0.001681
gov_staker_remaining_fee_accumulator_filetest.gno	Remaining gov fee accumulator repeat-1000 claim-917	execution-segment-repricing	10575325	12256569	1681244	-8620	-8620	0	1661243	0	0	862000	862000	0	1681.244	1681.244	0.000000	+0.001681	+0.001681
gov_staker_remaining_fee_accumulator_filetest.gno	Remaining gov fee accumulator repeat-1000 claim-918	execution-segment-repricing	10574838	12256082	1681244	-8620	-8620	0	1661243	0	0	862000	862000	0	1681.244	1681.244	0.000000	+0.001681	+0.001681
gov_staker_remaining_fee_accumulator_filetest.gno	Remaining gov fee accumulator repeat-1000 claim-919	execution-segment-repricing	10574838	12256082	1681244	-8620	-8620	0	1661243	0	0	862000	862000	0	1681.244	1681.244	0.000000	+0.001681	+0.001681
gov_staker_remaining_fee_accumulator_filetest.gno	Remaining gov fee accumulator repeat-1000 claim-920	execution-segment-repricing	10575325	12256569	1681244	-8620	-8620	0	1661243	0	0	862000	862000	0	1681.244	1681.244	0.000000	+0.001681	+0.001681
gov_staker_remaining_fee_accumulator_filetest.gno	Remaining gov fee accumulator repeat-1000 claim-921	execution-segment-repricing	10575325	12256569	1681244	-8620	-8620	0	1661243	0	0	862000	862000	0	1681.244	1681.244	0.000000	+0.001681	+0.001681
gov_staker_remaining_fee_accumulator_filetest.gno	Remaining gov fee accumulator repeat-1000 claim-922	execution-segment-repricing	10575325	12256569	1681244	-8620	-8620	0	1661243	0	0	862000	862000	0	1681.244	1681.244	0.000000	+0.001681	+0.001681
gov_staker_remaining_fee_accumulator_filetest.gno	Remaining gov fee accumulator repeat-1000 claim-923	execution-segment-repricing	10574838	12256082	1681244	-8620	-8620	0	1661243	0	0	862000	862000	0	1681.244	1681.244	0.000000	+0.001681	+0.001681
gov_staker_remaining_fee_accumulator_filetest.gno	Remaining gov fee accumulator repeat-1000 claim-924	execution-segment-repricing	10574838	12256082	1681244	-8620	-8620	0	1661243	0	0	862000	862000	0	1681.244	1681.244	0.000000	+0.001681	+0.001681
gov_staker_remaining_fee_accumulator_filetest.gno	Remaining gov fee accumulator repeat-1000 claim-925	execution-segment-repricing	10574838	12256082	1681244	-8620	-8620	0	1661243	0	0	862000	862000	0	1681.244	1681.244	0.000000	+0.001681	+0.001681
gov_staker_remaining_fee_accumulator_filetest.gno	Remaining gov fee accumulator repeat-1000 claim-926	execution-segment-repricing	10575325	12256569	1681244	-8620	-8620	0	1661243	0	0	862000	862000	0	1681.244	1681.244	0.000000	+0.001681	+0.001681
gov_staker_remaining_fee_accumulator_filetest.gno	Remaining gov fee accumulator repeat-1000 claim-927	execution-segment-repricing	10575812	12257056	1681244	-8620	-8620	0	1661243	0	0	862000	862000	0	1681.244	1681.244	0.000000	+0.001681	+0.001681
gov_staker_remaining_fee_accumulator_filetest.gno	Remaining gov fee accumulator repeat-1000 claim-928	execution-segment-repricing	10575325	12256569	1681244	-8620	-8620	0	1661243	0	0	862000	862000	0	1681.244	1681.244	0.000000	+0.001681	+0.001681
gov_staker_remaining_fee_accumulator_filetest.gno	Remaining gov fee accumulator repeat-1000 claim-929	execution-segment-repricing	10574838	12256082	1681244	-8620	-8620	0	1661243	0	0	862000	862000	0	1681.244	1681.244	0.000000	+0.001681	+0.001681
gov_staker_remaining_fee_accumulator_filetest.gno	Remaining gov fee accumulator repeat-1000 claim-930	execution-segment-repricing	10574838	12256082	1681244	-8620	-8620	0	1661243	0	0	862000	862000	0	1681.244	1681.244	0.000000	+0.001681	+0.001681
gov_staker_remaining_fee_accumulator_filetest.gno	Remaining gov fee accumulator repeat-1000 claim-931	execution-segment-repricing	10574351	12255595	1681244	-8620	-8620	0	1661243	0	0	862000	862000	0	1681.244	1681.244	0.000000	+0.001681	+0.001681
gov_staker_remaining_fee_accumulator_filetest.gno	Remaining gov fee accumulator repeat-1000 claim-932	execution-segment-repricing	10574838	12256082	1681244	-8620	-8620	0	1661243	0	0	862000	862000	0	1681.244	1681.244	0.000000	+0.001681	+0.001681
gov_staker_remaining_fee_accumulator_filetest.gno	Remaining gov fee accumulator repeat-1000 claim-933	execution-segment-repricing	10574838	12256082	1681244	-8620	-8620	0	1661243	0	0	862000	862000	0	1681.244	1681.244	0.000000	+0.001681	+0.001681
gov_staker_remaining_fee_accumulator_filetest.gno	Remaining gov fee accumulator repeat-1000 claim-934	execution-segment-repricing	10574838	12256082	1681244	-8620	-8620	0	1661243	0	0	862000	862000	0	1681.244	1681.244	0.000000	+0.001681	+0.001681
gov_staker_remaining_fee_accumulator_filetest.gno	Remaining gov fee accumulator repeat-1000 claim-935	execution-segment-repricing	10575325	12256569	1681244	-8620	-8620	0	1661243	0	0	862000	862000	0	1681.244	1681.244	0.000000	+0.001681	+0.001681
gov_staker_remaining_fee_accumulator_filetest.gno	Remaining gov fee accumulator repeat-1000 claim-936	execution-segment-repricing	10574838	12256082	1681244	-8620	-8620	0	1661243	0	0	862000	862000	0	1681.244	1681.244	0.000000	+0.001681	+0.001681
gov_staker_remaining_fee_accumulator_filetest.gno	Remaining gov fee accumulator repeat-1000 claim-937	execution-segment-repricing	10570476	12251720	1681244	-8620	-8620	0	1661243	0	0	862000	862000	0	1681.244	1681.244	0.000000	+0.001681	+0.001681
gov_staker_remaining_fee_accumulator_filetest.gno	Remaining gov fee accumulator repeat-1000 claim-938	execution-segment-repricing	10569989	12251233	1681244	-8620	-8620	0	1661243	0	0	862000	862000	0	1681.244	1681.244	0.000000	+0.001681	+0.001681
gov_staker_remaining_fee_accumulator_filetest.gno	Remaining gov fee accumulator repeat-1000 claim-939	execution-segment-repricing	10569989	12251233	1681244	-8620	-8620	0	1661243	0	0	862000	862000	0	1681.244	1681.244	0.000000	+0.001681	+0.001681
gov_staker_remaining_fee_accumulator_filetest.gno	Remaining gov fee accumulator repeat-1000 claim-940	execution-segment-repricing	10566694	12247938	1681244	-8620	-8620	0	1661243	0	0	862000	862000	0	1681.244	1681.244	0.000000	+0.001681	+0.001681
gov_staker_remaining_fee_accumulator_filetest.gno	Remaining gov fee accumulator repeat-1000 claim-941	execution-segment-repricing	10571056	12252300	1681244	-8620	-8620	0	1661243	0	0	862000	862000	0	1681.244	1681.244	0.000000	+0.001681	+0.001681
gov_staker_remaining_fee_accumulator_filetest.gno	Remaining gov fee accumulator repeat-1000 claim-942	execution-segment-repricing	10571543	12252787	1681244	-8620	-8620	0	1661243	0	0	862000	862000	0	1681.244	1681.244	0.000000	+0.001681	+0.001681
gov_staker_remaining_fee_accumulator_filetest.gno	Remaining gov fee accumulator repeat-1000 claim-943	execution-segment-repricing	10567274	12248518	1681244	-8620	-8620	0	1661243	0	0	862000	862000	0	1681.244	1681.244	0.000000	+0.001681	+0.001681
gov_staker_remaining_fee_accumulator_filetest.gno	Remaining gov fee accumulator repeat-1000 claim-944	execution-segment-repricing	10571056	12252300	1681244	-8620	-8620	0	1661243	0	0	862000	862000	0	1681.244	1681.244	0.000000	+0.001681	+0.001681
gov_staker_remaining_fee_accumulator_filetest.gno	Remaining gov fee accumulator repeat-1000 claim-945	execution-segment-repricing	10571543	12252787	1681244	-8620	-8620	0	1661243	0	0	862000	862000	0	1681.244	1681.244	0.000000	+0.001681	+0.001681
gov_staker_remaining_fee_accumulator_filetest.gno	Remaining gov fee accumulator repeat-1000 claim-946	execution-segment-repricing	10568248	12249492	1681244	-8620	-8620	0	1661243	0	0	862000	862000	0	1681.244	1681.244	0.000000	+0.001681	+0.001681
gov_staker_remaining_fee_accumulator_filetest.gno	Remaining gov fee accumulator repeat-1000 claim-947	execution-segment-repricing	10572517	12253761	1681244	-8620	-8620	0	1661243	0	0	862000	862000	0	1681.244	1681.244	0.000000	+0.001681	+0.001681
gov_staker_remaining_fee_accumulator_filetest.gno	Remaining gov fee accumulator repeat-1000 claim-948	execution-segment-repricing	10572030	12253274	1681244	-8620	-8620	0	1661243	0	0	862000	862000	0	1681.244	1681.244	0.000000	+0.001681	+0.001681
gov_staker_remaining_fee_accumulator_filetest.gno	Remaining gov fee accumulator repeat-1000 claim-949	execution-segment-repricing	10567761	12249005	1681244	-8620	-8620	0	1661243	0	0	862000	862000	0	1681.244	1681.244	0.000000	+0.001681	+0.001681
gov_staker_remaining_fee_accumulator_filetest.gno	Remaining gov fee accumulator repeat-1000 claim-950	execution-segment-repricing	10566207	12247451	1681244	-8620	-8620	0	1661243	0	0	862000	862000	0	1681.244	1681.244	0.000000	+0.001681	+0.001681
gov_staker_remaining_fee_accumulator_filetest.gno	Remaining gov fee accumulator repeat-1000 claim-951	execution-segment-repricing	10566207	12247451	1681244	-8620	-8620	0	1661243	0	0	862000	862000	0	1681.244	1681.244	0.000000	+0.001681	+0.001681
gov_staker_remaining_fee_accumulator_filetest.gno	Remaining gov fee accumulator repeat-1000 claim-952	execution-segment-repricing	10563399	12244643	1681244	-8620	-8620	0	1661243	0	0	862000	862000	0	1681.244	1681.244	0.000000	+0.001681	+0.001681
gov_staker_remaining_fee_accumulator_filetest.gno	Remaining gov fee accumulator repeat-1000 claim-953	execution-segment-repricing	10567668	12248912	1681244	-8620	-8620	0	1661243	0	0	862000	862000	0	1681.244	1681.244	0.000000	+0.001681	+0.001681
gov_staker_remaining_fee_accumulator_filetest.gno	Remaining gov fee accumulator repeat-1000 claim-954	execution-segment-repricing	10572030	12253274	1681244	-8620	-8620	0	1661243	0	0	862000	862000	0	1681.244	1681.244	0.000000	+0.001681	+0.001681
gov_staker_remaining_fee_accumulator_filetest.gno	Remaining gov fee accumulator repeat-1000 claim-955	execution-segment-repricing	10564466	12245710	1681244	-8620	-8620	0	1661243	0	0	862000	862000	0	1681.244	1681.244	0.000000	+0.001681	+0.001681
gov_staker_remaining_fee_accumulator_filetest.gno	Remaining gov fee accumulator repeat-1000 claim-956	execution-segment-repricing	10567274	12248518	1681244	-8620	-8620	0	1661243	0	0	862000	862000	0	1681.244	1681.244	0.000000	+0.001681	+0.001681
gov_staker_remaining_fee_accumulator_filetest.gno	Remaining gov fee accumulator repeat-1000 claim-957	execution-segment-repricing	10567274	12248518	1681244	-8620	-8620	0	1661243	0	0	862000	862000	0	1681.244	1681.244	0.000000	+0.001681	+0.001681
gov_staker_remaining_fee_accumulator_filetest.gno	Remaining gov fee accumulator repeat-1000 claim-958	execution-segment-repricing	10563979	12245223	1681244	-8620	-8620	0	1661243	0	0	862000	862000	0	1681.244	1681.244	0.000000	+0.001681	+0.001681
gov_staker_remaining_fee_accumulator_filetest.gno	Remaining gov fee accumulator repeat-1000 claim-959	execution-segment-repricing	10571543	12252787	1681244	-8620	-8620	0	1661243	0	0	862000	862000	0	1681.244	1681.244	0.000000	+0.001681	+0.001681
gov_staker_remaining_fee_accumulator_filetest.gno	Remaining gov fee accumulator repeat-1000 claim-960	execution-segment-repricing	10568735	12249979	1681244	-8620	-8620	0	1661243	0	0	862000	862000	0	1681.244	1681.244	0.000000	+0.001681	+0.001681
gov_staker_remaining_fee_accumulator_filetest.gno	Remaining gov fee accumulator repeat-1000 claim-961	execution-segment-repricing	10567761	12249005	1681244	-8620	-8620	0	1661243	0	0	862000	862000	0	1681.244	1681.244	0.000000	+0.001681	+0.001681
gov_staker_remaining_fee_accumulator_filetest.gno	Remaining gov fee accumulator repeat-1000 claim-962	execution-segment-repricing	10571543	12252787	1681244	-8620	-8620	0	1661243	0	0	862000	862000	0	1681.244	1681.244	0.000000	+0.001681	+0.001681
gov_staker_remaining_fee_accumulator_filetest.gno	Remaining gov fee accumulator repeat-1000 claim-963	execution-segment-repricing	10571056	12252300	1681244	-8620	-8620	0	1661243	0	0	862000	862000	0	1681.244	1681.244	0.000000	+0.001681	+0.001681
gov_staker_remaining_fee_accumulator_filetest.gno	Remaining gov fee accumulator repeat-1000 claim-964	execution-segment-repricing	10574351	12255595	1681244	-8620	-8620	0	1661243	0	0	862000	862000	0	1681.244	1681.244	0.000000	+0.001681	+0.001681
gov_staker_remaining_fee_accumulator_filetest.gno	Remaining gov fee accumulator repeat-1000 claim-965	execution-segment-repricing	10571543	12252787	1681244	-8620	-8620	0	1661243	0	0	862000	862000	0	1681.244	1681.244	0.000000	+0.001681	+0.001681
gov_staker_remaining_fee_accumulator_filetest.gno	Remaining gov fee accumulator repeat-1000 claim-966	execution-segment-repricing	10571543	12252787	1681244	-8620	-8620	0	1661243	0	0	862000	862000	0	1681.244	1681.244	0.000000	+0.001681	+0.001681
gov_staker_remaining_fee_accumulator_filetest.gno	Remaining gov fee accumulator repeat-1000 claim-967	execution-segment-repricing	10571543	12252787	1681244	-8620	-8620	0	1661243	0	0	862000	862000	0	1681.244	1681.244	0.000000	+0.001681	+0.001681
gov_staker_remaining_fee_accumulator_filetest.gno	Remaining gov fee accumulator repeat-1000 claim-968	execution-segment-repricing	10571056	12252300	1681244	-8620	-8620	0	1661243	0	0	862000	862000	0	1681.244	1681.244	0.000000	+0.001681	+0.001681
gov_staker_remaining_fee_accumulator_filetest.gno	Remaining gov fee accumulator repeat-1000 claim-969	execution-segment-repricing	10574838	12256082	1681244	-8620	-8620	0	1661243	0	0	862000	862000	0	1681.244	1681.244	0.000000	+0.001681	+0.001681
gov_staker_remaining_fee_accumulator_filetest.gno	Remaining gov fee accumulator repeat-1000 claim-970	execution-segment-repricing	10571056	12252300	1681244	-8620	-8620	0	1661243	0	0	862000	862000	0	1681.244	1681.244	0.000000	+0.001681	+0.001681
gov_staker_remaining_fee_accumulator_filetest.gno	Remaining gov fee accumulator repeat-1000 claim-971	execution-segment-repricing	10571543	12252787	1681244	-8620	-8620	0	1661243	0	0	862000	862000	0	1681.244	1681.244	0.000000	+0.001681	+0.001681
gov_staker_remaining_fee_accumulator_filetest.gno	Remaining gov fee accumulator repeat-1000 claim-972	execution-segment-repricing	10572030	12253274	1681244	-8620	-8620	0	1661243	0	0	862000	862000	0	1681.244	1681.244	0.000000	+0.001681	+0.001681
gov_staker_remaining_fee_accumulator_filetest.gno	Remaining gov fee accumulator repeat-1000 claim-973	execution-segment-repricing	10572030	12253274	1681244	-8620	-8620	0	1661243	0	0	862000	862000	0	1681.244	1681.244	0.000000	+0.001681	+0.001681
gov_staker_remaining_fee_accumulator_filetest.gno	Remaining gov fee accumulator repeat-1000 claim-974	execution-segment-repricing	10575325	12256569	1681244	-8620	-8620	0	1661243	0	0	862000	862000	0	1681.244	1681.244	0.000000	+0.001681	+0.001681
gov_staker_remaining_fee_accumulator_filetest.gno	Remaining gov fee accumulator repeat-1000 claim-975	execution-segment-repricing	10571543	12252787	1681244	-8620	-8620	0	1661243	0	0	862000	862000	0	1681.244	1681.244	0.000000	+0.001681	+0.001681
gov_staker_remaining_fee_accumulator_filetest.gno	Remaining gov fee accumulator repeat-1000 claim-976	execution-segment-repricing	10571543	12252787	1681244	-8620	-8620	0	1661243	0	0	862000	862000	0	1681.244	1681.244	0.000000	+0.001681	+0.001681
gov_staker_remaining_fee_accumulator_filetest.gno	Remaining gov fee accumulator repeat-1000 claim-977	execution-segment-repricing	10571543	12252787	1681244	-8620	-8620	0	1661243	0	0	862000	862000	0	1681.244	1681.244	0.000000	+0.001681	+0.001681
gov_staker_remaining_fee_accumulator_filetest.gno	Remaining gov fee accumulator repeat-1000 claim-978	execution-segment-repricing	10572030	12253274	1681244	-8620	-8620	0	1661243	0	0	862000	862000	0	1681.244	1681.244	0.000000	+0.001681	+0.001681
gov_staker_remaining_fee_accumulator_filetest.gno	Remaining gov fee accumulator repeat-1000 claim-979	execution-segment-repricing	10575812	12257056	1681244	-8620	-8620	0	1661243	0	0	862000	862000	0	1681.244	1681.244	0.000000	+0.001681	+0.001681
gov_staker_remaining_fee_accumulator_filetest.gno	Remaining gov fee accumulator repeat-1000 claim-980	execution-segment-repricing	10572030	12253274	1681244	-8620	-8620	0	1661243	0	0	862000	862000	0	1681.244	1681.244	0.000000	+0.001681	+0.001681
gov_staker_remaining_fee_accumulator_filetest.gno	Remaining gov fee accumulator repeat-1000 claim-981	execution-segment-repricing	10571543	12252787	1681244	-8620	-8620	0	1661243	0	0	862000	862000	0	1681.244	1681.244	0.000000	+0.001681	+0.001681
gov_staker_remaining_fee_accumulator_filetest.gno	Remaining gov fee accumulator repeat-1000 claim-982	execution-segment-repricing	10571543	12252787	1681244	-8620	-8620	0	1661243	0	0	862000	862000	0	1681.244	1681.244	0.000000	+0.001681	+0.001681
gov_staker_remaining_fee_accumulator_filetest.gno	Remaining gov fee accumulator repeat-1000 claim-983	execution-segment-repricing	10571056	12252300	1681244	-8620	-8620	0	1661243	0	0	862000	862000	0	1681.244	1681.244	0.000000	+0.001681	+0.001681
gov_staker_remaining_fee_accumulator_filetest.gno	Remaining gov fee accumulator repeat-1000 claim-984	execution-segment-repricing	10574838	12256082	1681244	-8620	-8620	0	1661243	0	0	862000	862000	0	1681.244	1681.244	0.000000	+0.001681	+0.001681
gov_staker_remaining_fee_accumulator_filetest.gno	Remaining gov fee accumulator repeat-1000 claim-985	execution-segment-repricing	10574838	12256082	1681244	-8620	-8620	0	1661243	0	0	862000	862000	0	1681.244	1681.244	0.000000	+0.001681	+0.001681
gov_staker_remaining_fee_accumulator_filetest.gno	Remaining gov fee accumulator repeat-1000 claim-986	execution-segment-repricing	10574351	12255595	1681244	-8620	-8620	0	1661243	0	0	862000	862000	0	1681.244	1681.244	0.000000	+0.001681	+0.001681
gov_staker_remaining_fee_accumulator_filetest.gno	Remaining gov fee accumulator repeat-1000 claim-987	execution-segment-repricing	10574838	12256082	1681244	-8620	-8620	0	1661243	0	0	862000	862000	0	1681.244	1681.244	0.000000	+0.001681	+0.001681
gov_staker_remaining_fee_accumulator_filetest.gno	Remaining gov fee accumulator repeat-1000 claim-988	execution-segment-repricing	10574351	12255595	1681244	-8620	-8620	0	1661243	0	0	862000	862000	0	1681.244	1681.244	0.000000	+0.001681	+0.001681
gov_staker_remaining_fee_accumulator_filetest.gno	Remaining gov fee accumulator repeat-1000 claim-989	execution-segment-repricing	10574838	12256082	1681244	-8620	-8620	0	1661243	0	0	862000	862000	0	1681.244	1681.244	0.000000	+0.001681	+0.001681
gov_staker_remaining_fee_accumulator_filetest.gno	Remaining gov fee accumulator repeat-1000 claim-990	execution-segment-repricing	10574838	12256082	1681244	-8620	-8620	0	1661243	0	0	862000	862000	0	1681.244	1681.244	0.000000	+0.001681	+0.001681
gov_staker_remaining_fee_accumulator_filetest.gno	Remaining gov fee accumulator repeat-1000 claim-991	execution-segment-repricing	10574838	12256082	1681244	-8620	-8620	0	1661243	0	0	862000	862000	0	1681.244	1681.244	0.000000	+0.001681	+0.001681
gov_staker_remaining_fee_accumulator_filetest.gno	Remaining gov fee accumulator repeat-1000 claim-992	execution-segment-repricing	10575325	12256569	1681244	-8620	-8620	0	1661243	0	0	862000	862000	0	1681.244	1681.244	0.000000	+0.001681	+0.001681
gov_staker_remaining_fee_accumulator_filetest.gno	Remaining gov fee accumulator repeat-1000 claim-993	execution-segment-repricing	10574838	12256082	1681244	-8620	-8620	0	1661243	0	0	862000	862000	0	1681.244	1681.244	0.000000	+0.001681	+0.001681
gov_staker_remaining_fee_accumulator_filetest.gno	Remaining gov fee accumulator repeat-1000 claim-994	execution-segment-repricing	10575325	12256569	1681244	-8620	-8620	0	1661243	0	0	862000	862000	0	1681.244	1681.244	0.000000	+0.001681	+0.001681
gov_staker_remaining_fee_accumulator_filetest.gno	Remaining gov fee accumulator repeat-1000 claim-995	execution-segment-repricing	10574838	12256082	1681244	-8620	-8620	0	1661243	0	0	862000	862000	0	1681.244	1681.244	0.000000	+0.001681	+0.001681
gov_staker_remaining_fee_accumulator_filetest.gno	Remaining gov fee accumulator repeat-1000 claim-996	execution-segment-repricing	10574838	12256082	1681244	-8620	-8620	0	1661243	0	0	862000	862000	0	1681.244	1681.244	0.000000	+0.001681	+0.001681
gov_staker_remaining_fee_accumulator_filetest.gno	Remaining gov fee accumulator repeat-1000 claim-997	execution-segment-repricing	10575325	12256569	1681244	-8620	-8620	0	1661243	0	0	862000	862000	0	1681.244	1681.244	0.000000	+0.001681	+0.001681
gov_staker_remaining_fee_accumulator_filetest.gno	Remaining gov fee accumulator repeat-1000 claim-998	execution-segment-repricing	10575325	12256569	1681244	-8620	-8620	0	1661243	0	0	862000	862000	0	1681.244	1681.244	0.000000	+0.001681	+0.001681
gov_staker_remaining_fee_accumulator_filetest.gno	Remaining gov fee accumulator repeat-1000 claim-999	execution-segment-repricing	10575325	12256569	1681244	-8620	-8620	0	1661243	0	0	862000	862000	0	1681.244	1681.244	0.000000	+0.001681	+0.001681
gov_staker_remaining_fee_accumulator_filetest.gno	Remaining gov fee accumulator repeat-1000 claim-1000	execution-segment-repricing	10574838	12256082	1681244	-8620	-8620	0	1661243	0	0	862000	862000	0	1681.244	1681.244	0.000000	+0.001681	+0.001681
gov_staker_remaining_fee_accumulator_filetest.gno	Remaining gov fee accumulator no-new-reward claim	execution-segment-repricing	1411378	1994166	582788	0	0	0	571703	0	0	0	0	0	582.788	582.788	0.000000	+0.000583	+0.000583
gov_staker_remaining_fee_accumulator_filetest.gno	Remaining gov fee accumulator lifecycle undelegate	execution-segment-repricing	2497274	3078724	581450	1631	1609	-22	571703	163100	160900	0	0	-2200	581.45	-1618.55	-0.002200	+0.000581	-0.001619
gov_staker_remaining_fee_accumulator_filetest.gno	Remaining gov fee accumulator lifecycle withdraw	execution-segment-repricing	1547767	1547491	-276	-8703	-8712	-9	0	0	0	870300	871200	-900	-0.276	-900.276	-0.000900	0.000000	-0.000900
gov_staker_remaining_fee_accumulator_filetest.gno	Remaining gov fee accumulator lifecycle restake	execution-segment-repricing	3059751	3641192	581441	8932	8930	-2	571703	893200	893000	0	0	-200	581.441	381.441	-0.000200	+0.000581	+0.000381
gov_staker_undelegate_many_delegatees_filetest.gno	Undelegate (50 delegatees, large AVL traversal)	execution-segment-repricing	2459149	2734633	275484	708	708	0	274072	70800	70800	0	0	0	275.484	275.484	0.000000	+0.000275	+0.000275
launchpad_collect_deposit_gns_accumulation_filetest.gno	CollectDepositGns (deposit 1/5, remaining 4)	execution-segment-repricing	7714112	7989596	275484	1850	1850	0	274072	407700	407700	222700	222700	0	275.484	275.484	0.000000	+0.000275	+0.000275
launchpad_collect_deposit_gns_accumulation_filetest.gno	CollectDepositGns (deposit 2/5, remaining 3)	execution-segment-repricing	7372603	7648087	275484	-2257	-2257	0	274072	0	0	225700	225700	0	275.484	275.484	0.000000	+0.000275	+0.000275
launchpad_collect_deposit_gns_accumulation_filetest.gno	CollectDepositGns (deposit 3/5, remaining 2)	execution-segment-repricing	7346223	7621707	275484	-2257	-2257	0	274072	0	0	225700	225700	0	275.484	275.484	0.000000	+0.000275	+0.000275
launchpad_collect_deposit_gns_accumulation_filetest.gno	CollectDepositGns (deposit 4/5, remaining 1)	execution-segment-repricing	7351669	7627153	275484	-2257	-2257	0	274072	0	0	225700	225700	0	275.484	275.484	0.000000	+0.000275	+0.000275
launchpad_collect_deposit_gns_accumulation_filetest.gno	CollectDepositGns (deposit 5/5, remaining 0)	execution-segment-repricing	7224026	7499510	275484	-8456	-8456	0	274072	0	0	845600	845600	0	275.484	275.484	0.000000	+0.000275	+0.000275
launchpad_collect_deposit_gns_filetest.gno	Launchpad CollectDepositGns	execution-segment-repricing	7581354	7856838	275484	-4155	-4155	0	274072	213000	213000	628500	628500	0	275.484	275.484	0.000000	+0.000275	+0.000275
launchpad_collect_protocol_fee_1_token_filetest.gno	CollectProtocolFee (1 token)	execution-segment-repricing	3608805	4085262	476457	4426	3611	-815	473084	451800	370300	9200	9200	-81500	476.457	-81023.543	-0.081500	+0.000476	-0.081024
launchpad_collect_protocol_fee_2_tokens_filetest.gno	CollectProtocolFee (2 tokens)	execution-segment-repricing	5670124	6347117	676993	8750	7120	-1630	672169	892900	729900	17900	17900	-163000	676.993	-162323.007	-0.163000	+0.000677	-0.162323
launchpad_collect_protocol_fee_5_tokens_filetest.gno	CollectProtocolFee (5 tokens)	execution-segment-repricing	11893565	13169952	1276387	21724	17649	-4075	1269424	2216200	1808700	43800	43800	-407500	1276.387	-406223.613	-0.407500	+0.001276	-0.406224
launchpad_collect_protocol_fee_filetest.gno	Launchpad CollectProtocolFee (tokens: 10)	execution-segment-repricing	22346834	24614868	2268034	43713	35563	-8150	2264849	4467700	3652700	96400	96400	-815000	2268.034	-812731.966	-0.815000	+0.002268	-0.812732
launchpad_collect_reward_filetest.gno	Launchpad CollectRewardByDepositId	execution-segment-repricing	3300520	3300520	0	2070	2070	0	0	207000	207000	0	0	0	0	0	0.000000	0.000000	0.000000
launchpad_create_project_filetest.gno	Create Launchpad Project	execution-segment-repricing	8585740	8587297	1557	33729	33729	0	0	3372900	3372900	0	0	0	1.557	1.557	0.000000	+0.000002	+0.000002
launchpad_deposit_gns_filetest.gno	Launchpad DepositGns	execution-segment-repricing	6420331	6779140	358809	24246	24247	1	281330	2531000	2531100	106400	106400	100	358.809	458.809	+0.000100	+0.000359	+0.000459
launchpad_transfer_left_from_project_filetest.gno	Launchpad TransferLeftFromProjectByAdmin	execution-segment-repricing	1260660	1260660	0	41	41	0	0	4100	4100	0	0	0	0	0	0.000000	0.000000	0.000000
pool_create_and_mint_filetest.gno	CreatePool	execution-segment-repricing	6717948	6718455	507	25361	25361	0	0	2536100	2536100	0	0	0	0.507	0.507	0.000000	+0.000001	+0.000001
pool_create_and_mint_filetest.gno	Mint (fee:3000, wide range)	execution-segment-repricing	31555797	31555800	3	22702	22702	0	0	2270200	2270200	0	0	0	0.003	0.003	0.000000	0.000000	0.000000
pool_swap_wugnot_gns_filetest.gno	Swap (gns -> wugnot, fee:500)	execution-segment-repricing	47051045	47051048	3	0	0	0	0	600	600	600	600	0	0.003	0.003	0.000000	0.000000	0.000000
position_decrease_liquidity_filetest.gno	DecreaseLiquidity	execution-segment-repricing	25630642	25630642	0	18	18	0	0	1800	1800	0	0	0	0	0	0.000000	0.000000	0.000000
position_increase_liquidity_filetest.gno	IncreaseLiquidity	execution-segment-repricing	23148004	23148004	0	-2084	-2084	0	0	5600	5600	214000	214000	0	0	0	0.000000	0.000000	0.000000
position_mint_filetest.gno	Mint (bar:foo:500)	execution-segment-repricing	29749968	29749971	3	22689	22689	0	0	2268900	2268900	0	0	0	0.003	0.003	0.000000	0.000000	0.000000
position_mint_with_gnot_filetest.gno	CollectFee (with unwrap)	execution-segment-repricing	7921566	7921569	3	44	44	0	0	4400	4400	0	0	0	0.003	0.003	0.000000	0.000000	0.000000
position_reposition_filetest.gno	DecreaseLiquidity (w. Remove)	execution-segment-repricing	22338548	22338551	3	62	62	0	0	6200	6200	0	0	0	0.003	0.003	0.000000	0.000000	0.000000
position_reposition_filetest.gno	Mint (reposition)	execution-segment-repricing	30576495	30576495	0	8619	8619	0	0	861900	861900	0	0	0	0	0	0.000000	0.000000	0.000000
position_stake_position_filetest.gno	SetPoolTier (tier 1)	execution-segment-repricing	4030471	4030471	0	47025	47025	0	0	4702500	4702500	0	0	0	0	0	0.000000	0.000000	0.000000
position_stake_position_filetest.gno	StakeToken	execution-segment-repricing	10617929	10617932	3	23393	23393	0	0	2445400	2445400	106100	106100	0	0.003	0.003	0.000000	0.000000	0.000000
raw_uint_tree_key_magnitude_filetest.gno	UintTree Set (0)	execution-segment-repricing	73225	75277	2052	0	0	0	0	0	0	0	0	0	2.052	2.052	0.000000	+0.000002	+0.000002
raw_uint_tree_key_magnitude_filetest.gno	UintTree Get (0)	execution-segment-repricing	56128	56128	0	0	0	0	0	0	0	0	0	0	0	0	0.000000	0.000000	0.000000
raw_uint_tree_key_magnitude_filetest.gno	UintTree Set (1)	execution-segment-repricing	57310	57310	0	0	0	0	0	0	0	0	0	0	0	0	0.000000	0.000000	0.000000
raw_uint_tree_key_magnitude_filetest.gno	UintTree Get (1)	execution-segment-repricing	56128	56128	0	0	0	0	0	0	0	0	0	0	0	0	0.000000	0.000000	0.000000
raw_uint_tree_key_magnitude_filetest.gno	UintTree Set (255)	execution-segment-repricing	57310	57310	0	0	0	0	0	0	0	0	0	0	0	0	0.000000	0.000000	0.000000
raw_uint_tree_key_magnitude_filetest.gno	UintTree Get (255)	execution-segment-repricing	56128	56128	0	0	0	0	0	0	0	0	0	0	0	0	0.000000	0.000000	0.000000
raw_uint_tree_key_magnitude_filetest.gno	UintTree Set (256)	execution-segment-repricing	57310	57310	0	0	0	0	0	0	0	0	0	0	0	0	0.000000	0.000000	0.000000
raw_uint_tree_key_magnitude_filetest.gno	UintTree Get (256)	execution-segment-repricing	56128	56128	0	0	0	0	0	0	0	0	0	0	0	0	0.000000	0.000000	0.000000
raw_uint_tree_key_magnitude_filetest.gno	UintTree Set (65535)	execution-segment-repricing	57310	57310	0	0	0	0	0	0	0	0	0	0	0	0	0.000000	0.000000	0.000000
raw_uint_tree_key_magnitude_filetest.gno	UintTree Get (65535)	execution-segment-repricing	56128	56128	0	0	0	0	0	0	0	0	0	0	0	0	0.000000	0.000000	0.000000
raw_uint_tree_key_magnitude_filetest.gno	UintTree Set (4294967295)	execution-segment-repricing	57310	57310	0	0	0	0	0	0	0	0	0	0	0	0	0.000000	0.000000	0.000000
raw_uint_tree_key_magnitude_filetest.gno	UintTree Get (4294967295)	execution-segment-repricing	56128	56128	0	0	0	0	0	0	0	0	0	0	0	0	0.000000	0.000000	0.000000
raw_uint_tree_key_magnitude_filetest.gno	UintTree Set (9223372036854775807)	execution-segment-repricing	57310	57310	0	0	0	0	0	0	0	0	0	0	0	0	0.000000	0.000000	0.000000
raw_uint_tree_key_magnitude_filetest.gno	UintTree Get (9223372036854775807)	execution-segment-repricing	56128	56128	0	0	0	0	0	0	0	0	0	0	0	0	0.000000	0.000000	0.000000
remaining_gov_manager_allocation_filetest.gno	Remaining gov allocation factory fee manager	execution-segment-repricing	876509	876397	-112	2396	2349	-47	-184	239600	234900	0	0	-4700	-0.112	-4700.112	-0.004700	0.000000	-0.004700
remaining_gov_manager_allocation_filetest.gno	Remaining gov allocation factory emission manager	execution-segment-repricing	54438	118285	63847	2550	1735	-815	49525	255000	173500	0	0	-81500	63.847	-81436.153	-0.081500	+0.000064	-0.081436
router_exact_in_single_swap_route_grc20_fee10000_filetest.gno	ExactInSingleSwapRoute(grc20) - fee:10000	execution-segment-repricing	26973783	26973789	6	9054	9054	0	0	906000	906000	600	600	0	0.006	0.006	0.000000	0.000000	0.000000
router_exact_in_single_swap_route_grc20_fee100_filetest.gno	ExactInSingleSwapRoute(grc20) - fee:100	execution-segment-repricing	31564503	31564509	6	9054	9054	0	0	906000	906000	600	600	0	0.006	0.006	0.000000	0.000000	0.000000
router_exact_in_single_swap_route_grc20_fee3000_filetest.gno	ExactInSingleSwapRoute(grc20) - fee:3000	execution-segment-repricing	27038120	27038126	6	9054	9054	0	0	906000	906000	600	600	0	0.006	0.006	0.000000	0.000000	0.000000
router_exact_in_single_swap_route_grc20_fee500_filetest.gno	ExactInSingleSwapRoute(grc20) - fee:500	execution-segment-repricing	26900357	26900363	6	9054	9054	0	0	906000	906000	600	600	0	0.006	0.006	0.000000	0.000000	0.000000
router_exact_in_swap_route_grc20_fee10000_filetest.gno	ExactInSwapRoute(grc20) - fee:10000	execution-segment-repricing	26212253	26212259	6	9054	9054	0	0	906000	906000	600	600	0	0.006	0.006	0.000000	0.000000	0.000000
router_exact_in_swap_route_grc20_fee100_filetest.gno	ExactInSwapRoute(grc20) - fee:100	execution-segment-repricing	30820277	30820283	6	9054	9054	0	0	906000	906000	600	600	0	0.006	0.006	0.000000	0.000000	0.000000
router_exact_in_swap_route_grc20_fee3000_filetest.gno	ExactInSwapRoute(grc20) - fee:3000	execution-segment-repricing	26285242	26285248	6	9054	9054	0	0	906000	906000	600	600	0	0.006	0.006	0.000000	0.000000	0.000000
router_exact_in_swap_route_grc20_fee500_filetest.gno	ExactInSwapRoute(grc20) - fee:500	execution-segment-repricing	26156131	26156137	6	9054	9054	0	0	906000	906000	600	600	0	0.006	0.006	0.000000	0.000000	0.000000
router_exact_out_single_swap_route_grc20_fee10000_filetest.gno	ExactOutSingleSwapRoute(grc20) - fee:10000	execution-segment-repricing	28806784	28806790	6	9054	9054	0	0	906000	906000	600	600	0	0.006	0.006	0.000000	0.000000	0.000000
router_exact_out_single_swap_route_grc20_fee100_filetest.gno	ExactOutSingleSwapRoute(grc20) - fee:100	execution-segment-repricing	33248280	33248286	6	9054	9054	0	0	906000	906000	600	600	0	0.006	0.006	0.000000	0.000000	0.000000
router_exact_out_single_swap_route_grc20_fee3000_filetest.gno	ExactOutSingleSwapRoute(grc20) - fee:3000	execution-segment-repricing	28747137	28747143	6	9054	9054	0	0	906000	906000	600	600	0	0.006	0.006	0.000000	0.000000	0.000000
router_exact_out_single_swap_route_grc20_fee500_filetest.gno	ExactOutSingleSwapRoute(grc20) - fee:500	execution-segment-repricing	28642922	28642928	6	9054	9054	0	0	906000	906000	600	600	0	0.006	0.006	0.000000	0.000000	0.000000
router_exact_out_swap_route_grc20_fee10000_filetest.gno	ExactOutSwapRoute(grc20) - fee:10000	execution-segment-repricing	28068289	28068295	6	9054	9054	0	0	906000	906000	600	600	0	0.006	0.006	0.000000	0.000000	0.000000
router_exact_out_swap_route_grc20_fee100_filetest.gno	ExactOutSwapRoute(grc20) - fee:100	execution-segment-repricing	32527089	32527095	6	9054	9054	0	0	906000	906000	600	600	0	0.006	0.006	0.000000	0.000000	0.000000
router_exact_out_swap_route_grc20_fee3000_filetest.gno	ExactOutSwapRoute(grc20) - fee:3000	execution-segment-repricing	28017294	28017300	6	9054	9054	0	0	906000	906000	600	600	0	0.006	0.006	0.000000	0.000000	0.000000
router_exact_out_swap_route_grc20_fee500_filetest.gno	ExactOutSwapRoute(grc20) - fee:500	execution-segment-repricing	27921731	27921737	6	9054	9054	0	0	906000	906000	600	600	0	0.006	0.006	0.000000	0.000000	0.000000
router_single_hop_route_filetest.gno	BuildSingleHopRoutePath	execution-segment-repricing	202459	204013	1554	0	0	0	0	0	0	0	0	0	1.554	1.554	0.000000	+0.000002	+0.000002
router_swap_multi_hop_filetest.gno	MultiHop ExactIn (2 hops)	execution-segment-repricing	52601164	52601170	6	9061	9061	0	0	907300	907300	1200	1200	0	0.006	0.006	0.000000	0.000000	0.000000
router_swap_multi_hop_filetest.gno	MultiHop ExactOut (2 hops)	execution-segment-repricing	73049772	73049772	0	76	76	0	0	7600	7600	0	0	0	0	0	0.000000	0.000000	0.000000
router_swap_multi_hop_filetest.gno	MultiHop ExactIn (3 hops)	execution-segment-repricing	72263997	72263997	0	33	33	0	0	4500	4500	1200	1200	0	0	0	0.000000	0.000000	0.000000
router_swap_multi_hop_filetest.gno	MultiHop ExactOut (3 hops)	execution-segment-repricing	110815904	110815904	0	0	0	0	0	0	0	0	0	0	0	0	0.000000	0.000000	0.000000
router_swap_multi_hop_filetest.gno	MultiRoute ExactIn (50:50 split)	execution-segment-repricing	71546462	71546462	0	0	0	0	0	600	600	600	600	0	0	0	0.000000	0.000000	0.000000
router_swap_multi_hop_filetest.gno	MultiRoute ExactOut (50:50 split)	execution-segment-repricing	96915876	96915876	0	4	4	0	0	400	400	0	0	0	0	0	0.000000	0.000000	0.000000
staker_collect_reward_filetest.gno	CollectReward (only Internal Reward)	execution-segment-repricing	13997436	13997436	0	11137	11137	0	0	1113700	1113700	0	0	0	0	0	0.000000	0.000000	0.000000
staker_collect_reward_filetest.gno	CollectReward 2nd (only Internal Reward)	execution-segment-repricing	13778829	13778829	0	40	40	0	0	4000	4000	0	0	0	0	0	0.000000	0.000000	0.000000
staker_collect_reward_incentive_token_count_filetest.gno	staker CollectReward (1 external-incentive token)	execution-segment-repricing	13600151	13600151	0	10026	10026	0	0	1002600	1002600	0	0	0	0	0	0.000000	0.000000	0.000000
staker_collect_reward_incentive_token_count_filetest.gno	staker CollectReward (2 external-incentive tokens)	execution-segment-repricing	20923028	20923028	0	4069	4069	0	0	406900	406900	0	0	0	0	0	0.000000	0.000000	0.000000
staker_collect_reward_incentive_token_count_filetest.gno	staker CollectReward (3 external-incentive tokens)	execution-segment-repricing	28559396	28559396	0	4502	4502	0	0	450200	450200	0	0	0	0	0	0.000000	0.000000	0.000000
staker_collect_reward_incentive_token_count_filetest.gno	staker CollectReward (4 external-incentive tokens)	execution-segment-repricing	36432228	36432228	0	5046	5046	0	0	504600	504600	0	0	0	0	0	0.000000	0.000000	0.000000
staker_collect_reward_position_growth_filetest.gno	storage growth: CollectReward 20 staked positions	execution-segment-repricing	15322696	15322696	0	62	62	0	0	6200	6200	0	0	0	0	0	0.000000	0.000000	0.000000
staker_collect_reward_position_growth_filetest.gno	storage growth: CollectReward 40 staked positions	execution-segment-repricing	15785075	15785075	0	0	0	0	0	0	0	0	0	0	0	0	0.000000	0.000000	0.000000
staker_collect_reward_position_growth_filetest.gno	storage growth: CollectReward 60 staked positions	execution-segment-repricing	15787565	15787565	0	0	0	0	0	0	0	0	0	0	0	0	0.000000	0.000000	0.000000
staker_collect_reward_position_growth_filetest.gno	storage growth: CollectReward 80 staked positions	execution-segment-repricing	15918842	15918842	0	0	0	0	0	0	0	0	0	0	0	0	0.000000	0.000000	0.000000
staker_collect_reward_position_growth_filetest.gno	storage growth: CollectReward 100 staked positions	execution-segment-repricing	15904573	15904573	0	0	0	0	0	0	0	0	0	0	0	0	0.000000	0.000000	0.000000
staker_collect_reward_with_external_rewards_1_filetest.gno	CollectReward With External Rewards (1 incentives)	execution-segment-repricing	22044914	22044914	0	14734	14734	0	0	1473400	1473400	0	0	0	0	0	0.000000	0.000000	0.000000
staker_collect_reward_with_external_rewards_1_filetest.gno	CollectReward With External Rewards 2nd (1 incentives)	execution-segment-repricing	21448920	21448920	0	31	31	0	0	3100	3100	0	0	0	0	0	0.000000	0.000000	0.000000
staker_collect_reward_with_external_rewards_5_filetest.gno	CollectReward With External Rewards (5 incentives)	execution-segment-repricing	52986713	52986713	0	28757	28757	0	0	2875700	2875700	0	0	0	0	0	0.000000	0.000000	0.000000
staker_collect_reward_with_external_rewards_5_filetest.gno	CollectReward With External Rewards 2nd (5 incentives)	execution-segment-repricing	51234359	51234359	0	52	52	0	0	5200	5200	0	0	0	0	0	0.000000	0.000000	0.000000
staker_collect_reward_with_warmup_range_filetest.gno	CollectReward with Warmup Range (30% ~ 30%)	execution-segment-repricing	14035432	14035432	0	11119	11119	0	0	1111900	1111900	0	0	0	0	0	0.000000	0.000000	0.000000
staker_collect_reward_with_warmup_range_filetest.gno	CollectReward with Warmup Range (30% ~ 50%)	execution-segment-repricing	16054351	16054351	0	58	58	0	0	5800	5800	0	0	0	0	0	0.000000	0.000000	0.000000
staker_collect_reward_with_warmup_range_filetest.gno	CollectReward with Warmup Range (30% ~ 70%)	execution-segment-repricing	18359217	18359217	0	18	18	0	0	1800	1800	0	0	0	0	0	0.000000	0.000000	0.000000
staker_collect_reward_with_warmup_range_filetest.gno	CollectReward with Warmup Range (30% ~ 100%)	execution-segment-repricing	20688010	20688010	0	18	18	0	0	1800	1800	0	0	0	0	0	0.000000	0.000000	0.000000
staker_collect_reward_with_warmup_range_filetest.gno	CollectReward with Warmup Range (100% ~)	execution-segment-repricing	13453680	13453680	0	-6	-6	0	0	0	0	600	600	0	0	0	0.000000	0.000000	0.000000
staker_collect_reward_with_warmup_range_filetest.gno	CollectReward with Warmup Range 2nd (100% ~)	execution-segment-repricing	13338327	13338327	0	0	0	0	0	0	0	0	0	0	0	0	0.000000	0.000000	0.000000
staker_create_external_incentive_filetest.gno	CreateExternalIncentive	execution-segment-repricing	3863402	3863402	0	66634	66634	0	0	6663400	6663400	0	0	0	0	0	0.000000	0.000000	0.000000
staker_end_external_incentive_filetest.gno	EndExternalIncentive	execution-segment-repricing	2328061	2328061	0	-1979	-1979	0	0	4500	4500	202400	202400	0	0	0	0.000000	0.000000	0.000000
staker_end_external_incentive_unclaimable100_filetest.gno	EndExternalIncentive (unclaimablePeriods=100)	execution-segment-repricing	2367973	2367973	0	147	147	0	0	14700	14700	0	0	0	0	0	0.000000	0.000000	0.000000
staker_end_external_incentive_unclaimable10_filetest.gno	EndExternalIncentive (unclaimablePeriods=10)	execution-segment-repricing	2317676	2317676	0	141	141	0	0	14100	14100	0	0	0	0	0	0.000000	0.000000	0.000000
staker_end_external_incentive_unclaimable50_filetest.gno	EndExternalIncentive (unclaimablePeriods=50)	execution-segment-repricing	2330106	2330106	0	141	141	0	0	14100	14100	0	0	0	0	0	0.000000	0.000000	0.000000
staker_halving_tick_cross_batch_10_filetest.gno	Swap (halving, 10 staked tick-crosses)	execution-segment-repricing	106388093	106388093	0	3729	3729	0	0	373500	373500	600	600	0	0	0	0.000000	0.000000	0.000000
staker_halving_tick_cross_batch_1_filetest.gno	Swap (halving, 1 staked tick-cross)	execution-segment-repricing	32181955	32181955	0	2813	2813	0	0	281900	281900	600	600	0	0	0	0.000000	0.000000	0.000000
staker_halving_tick_cross_batch_50_filetest.gno	Swap (halving, 50 staked tick-crosses)	execution-segment-repricing	445327990	445327990	0	7260	7260	0	0	726600	726600	600	600	0	0	0	0.000000	0.000000	0.000000
staker_tick_cross_batch_no_halving_10_filetest.gno	Swap (no halving, 10 staked tick-crosses)	execution-segment-repricing	94213213	94213213	0	-7110	-7110	0	0	40300	40300	751300	751300	0	0	0	0.000000	0.000000	0.000000
staker_tick_cross_batch_no_halving_1_filetest.gno	Swap (no halving, 1 staked tick-cross)	execution-segment-repricing	25986288	25986288	0	-7684	-7684	0	0	4500	4500	772900	772900	0	0	0	0.000000	0.000000	0.000000
staker_tick_cross_batch_no_halving_50_filetest.gno	Swap (no halving, 50 staked tick-crosses)	execution-segment-repricing	406578788	406578788	0	-5108	-5108	0	0	174600	174600	685400	685400	0	0	0	0.000000	0.000000	0.000000
staker_tick_cross_long_history_10_filetest.gno	Long-history accumulated-reward Swap (10 staked tick-crosses, visit 1)	execution-segment-repricing	110296622	110296622	0	34722	34722	0	0	3472800	3472800	600	600	0	0	0	0.000000	0.000000	0.000000
staker_tick_cross_long_history_10_filetest.gno	Long-history accumulated-reward Reverse swap (10 staked tick-crosses, visit 2)	execution-segment-repricing	131638181	131638181	0	15195	15195	0	0	1519500	1519500	0	0	0	0	0	0.000000	0.000000	0.000000
staker_tick_cross_long_history_10_filetest.gno	Long-history accumulated-reward Swap (10 staked tick-crosses, visit 3)	execution-segment-repricing	132484479	132484479	0	14651	14651	0	0	1465100	1465100	0	0	0	0	0	0.000000	0.000000	0.000000
staker_tick_cross_long_history_10_filetest.gno	Long-history accumulated-reward Reverse swap (10 staked tick-crosses, visit 4)	execution-segment-repricing	136732513	136732513	0	14630	14630	0	0	1463200	1463200	200	200	0	0	0	0.000000	0.000000	0.000000
staker_tick_cross_long_history_10_filetest.gno	Long-history accumulated-reward Swap (10 staked tick-crosses, visit 5)	execution-segment-repricing	133896154	133896154	0	57364	57364	0	0	5736400	5736400	0	0	0	0	0	0.000000	0.000000	0.000000
staker_tick_cross_long_history_10_filetest.gno	Long-history accumulated-reward Reverse swap (10 staked tick-crosses, visit 6)	execution-segment-repricing	137362627	137362627	0	15207	15207	0	0	1521100	1521100	400	400	0	0	0	0.000000	0.000000	0.000000
staker_tick_cross_long_history_10_filetest.gno	Long-history accumulated-reward Swap (10 staked tick-crosses, visit 7)	execution-segment-repricing	133436591	133436591	0	14738	14738	0	0	1473800	1473800	0	0	0	0	0	0.000000	0.000000	0.000000
staker_tick_cross_long_history_10_filetest.gno	Long-history accumulated-reward Reverse swap (10 staked tick-crosses, visit 8)	execution-segment-repricing	138521177	138521177	0	35401	35401	0	0	3540300	3540300	200	200	0	0	0	0.000000	0.000000	0.000000
staker_tick_cross_long_history_10_filetest.gno	Long-history accumulated-reward Swap (10 staked tick-crosses, visit 9)	execution-segment-repricing	133442184	133442184	0	14981	14981	0	0	1498100	1498100	0	0	0	0	0	0.000000	0.000000	0.000000
staker_tick_cross_long_history_10_filetest.gno	Long-history accumulated-reward Reverse swap (10 staked tick-crosses, visit 10)	execution-segment-repricing	137579270	137579270	0	14736	14736	0	0	1474000	1474000	400	400	0	0	0	0.000000	0.000000	0.000000
staker_tick_cross_long_history_10_filetest.gno	Long-history accumulated-reward Swap (10 staked tick-crosses, visit 11)	execution-segment-repricing	134623902	134623902	0	35354	35354	0	0	3535400	3535400	0	0	0	0	0	0.000000	0.000000	0.000000
staker_tick_cross_long_history_10_filetest.gno	Long-history accumulated-reward Reverse swap (10 staked tick-crosses, visit 12)	execution-segment-repricing	137708220	137708220	0	14970	14970	0	0	1497500	1497500	500	500	0	0	0	0.000000	0.000000	0.000000
staker_tick_cross_long_history_10_filetest.gno	Long-history accumulated-reward Swap (10 staked tick-crosses, visit 13)	execution-segment-repricing	133761194	133761194	0	14742	14742	0	0	1474200	1474200	0	0	0	0	0	0.000000	0.000000	0.000000
staker_tick_cross_long_history_10_filetest.gno	Long-history accumulated-reward Reverse swap (10 staked tick-crosses, visit 14)	execution-segment-repricing	140251575	140251575	0	80768	80768	0	0	8077300	8077300	500	500	0	0	0	0.000000	0.000000	0.000000
staker_tick_cross_long_history_10_filetest.gno	Long-history accumulated-reward Swap (10 staked tick-crosses, visit 15)	execution-segment-repricing	134258468	134258468	0	15463	15463	0	0	1546300	1546300	0	0	0	0	0	0.000000	0.000000	0.000000
staker_tick_cross_long_history_10_filetest.gno	Long-history accumulated-reward Reverse swap (10 staked tick-crosses, visit 16)	execution-segment-repricing	138364807	138364807	0	14731	14731	0	0	1473600	1473600	500	500	0	0	0	0.000000	0.000000	0.000000
staker_tick_cross_long_history_10_filetest.gno	Long-history accumulated-reward Swap (10 staked tick-crosses, visit 17)	execution-segment-repricing	135406988	135406988	0	35401	35401	0	0	3540100	3540100	0	0	0	0	0	0.000000	0.000000	0.000000
staker_tick_cross_long_history_10_filetest.gno	Long-history accumulated-reward Reverse swap (10 staked tick-crosses, visit 18)	execution-segment-repricing	138417736	138417736	0	14970	14970	0	0	1497500	1497500	500	500	0	0	0	0.000000	0.000000	0.000000
staker_tick_cross_long_history_10_filetest.gno	Long-history accumulated-reward Swap (10 staked tick-crosses, visit 19)	execution-segment-repricing	134407192	134407192	0	14751	14751	0	0	1475100	1475100	0	0	0	0	0	0.000000	0.000000	0.000000
staker_tick_cross_long_history_10_filetest.gno	Long-history accumulated-reward Reverse swap (10 staked tick-crosses, visit 20)	execution-segment-repricing	140978686	140978686	0	58739	58739	0	0	5875500	5875500	1600	1600	0	0	0	0.000000	0.000000	0.000000
staker_tick_cross_long_history_10_filetest.gno	Long-history accumulated-reward Swap (10 staked tick-crosses, visit 21)	execution-segment-repricing	134322022	134322022	0	15232	15232	0	0	1523200	1523200	0	0	0	0	0	0.000000	0.000000	0.000000
staker_tick_cross_long_history_10_filetest.gno	Long-history accumulated-reward Reverse swap (10 staked tick-crosses, visit 22)	execution-segment-repricing	138536184	138536184	0	14719	14719	0	0	1473500	1473500	1600	1600	0	0	0	0.000000	0.000000	0.000000
staker_tick_cross_long_history_10_filetest.gno	Long-history accumulated-reward Swap (10 staked tick-crosses, visit 23)	execution-segment-repricing	135474463	135474463	0	35412	35412	0	0	3541200	3541200	0	0	0	0	0	0.000000	0.000000	0.000000
staker_tick_cross_long_history_10_filetest.gno	Long-history accumulated-reward Reverse swap (10 staked tick-crosses, visit 24)	execution-segment-repricing	138609476	138609476	0	14969	14969	0	0	1497500	1497500	600	600	0	0	0	0.000000	0.000000	0.000000
staker_tick_cross_long_history_10_filetest.gno	Long-history accumulated-reward Swap (10 staked tick-crosses, visit 25)	execution-segment-repricing	134637169	134637169	0	14741	14741	0	0	1474100	1474100	0	0	0	0	0	0.000000	0.000000	0.000000
staker_tick_cross_long_history_10_filetest.gno	Long-history accumulated-reward Reverse swap (10 staked tick-crosses, visit 26)	execution-segment-repricing	141078218	141078218	0	58689	58689	0	0	5869500	5869500	600	600	0	0	0	0.000000	0.000000	0.000000
staker_tick_cross_long_history_10_filetest.gno	Long-history accumulated-reward Swap (10 staked tick-crosses, visit 27)	execution-segment-repricing	134558786	134558786	0	15221	15221	0	0	1522100	1522100	0	0	0	0	0	0.000000	0.000000	0.000000
staker_tick_cross_long_history_10_filetest.gno	Long-history accumulated-reward Reverse swap (10 staked tick-crosses, visit 28)	execution-segment-repricing	138679898	138679898	0	14729	14729	0	0	1473500	1473500	600	600	0	0	0	0.000000	0.000000	0.000000
staker_tick_cross_long_history_10_filetest.gno	Long-history accumulated-reward Swap (10 staked tick-crosses, visit 29)	execution-segment-repricing	135718611	135718611	0	35401	35401	0	0	3540100	3540100	0	0	0	0	0	0.000000	0.000000	0.000000
staker_tick_cross_long_history_10_filetest.gno	Long-history accumulated-reward Reverse swap (10 staked tick-crosses, visit 30)	execution-segment-repricing	138712958	138712958	0	14969	14969	0	0	1497500	1497500	600	600	0	0	0	0.000000	0.000000	0.000000
staker_tick_cross_long_history_10_filetest.gno	Long-history accumulated-reward Swap (10 staked tick-crosses, visit 31)	execution-segment-repricing	134773470	134773470	0	14741	14741	0	0	1474100	1474100	0	0	0	0	0	0.000000	0.000000	0.000000
staker_tick_cross_long_history_10_filetest.gno	Long-history accumulated-reward Reverse swap (10 staked tick-crosses, visit 32)	execution-segment-repricing	142618820	142618820	0	104110	104110	0	0	10411500	10411500	500	500	0	0	0	0.000000	0.000000	0.000000
staker_tick_cross_long_history_10_filetest.gno	Long-history accumulated-reward Swap (10 staked tick-crosses, visit 33)	execution-segment-repricing	135148639	135148639	0	15715	15715	0	0	1571500	1571500	0	0	0	0	0	0.000000	0.000000	0.000000
staker_tick_cross_revisit_10_filetest.gno	Accumulated-reward Swap (10 staked tick-crosses, first visit)	execution-segment-repricing	110296096	110296096	0	34722	34722	0	0	3472800	3472800	600	600	0	0	0	0.000000	0.000000	0.000000
staker_tick_cross_revisit_10_filetest.gno	Accumulated-reward Reverse swap (10 staked tick-crosses, reverse visit)	execution-segment-repricing	131638181	131638181	0	15195	15195	0	0	1519500	1519500	0	0	0	0	0	0.000000	0.000000	0.000000
staker_tick_cross_revisit_10_filetest.gno	Accumulated-reward Swap (10 staked tick-crosses, third visit)	execution-segment-repricing	132484479	132484479	0	14651	14651	0	0	1465100	1465100	0	0	0	0	0	0.000000	0.000000	0.000000
staker_tick_cross_revisit_1_filetest.gno	Accumulated-reward Swap (1 staked tick-cross, first visit)	execution-segment-repricing	31616303	31616303	0	5456	5456	0	0	546200	546200	600	600	0	0	0	0.000000	0.000000	0.000000
staker_tick_cross_revisit_1_filetest.gno	Accumulated-reward Reverse swap (1 staked tick-cross, reverse visit)	execution-segment-repricing	33533429	33533429	0	3390	3390	0	0	339000	339000	0	0	0	0	0	0.000000	0.000000	0.000000
staker_tick_cross_revisit_1_filetest.gno	Accumulated-reward Swap (1 staked tick-cross, third visit)	execution-segment-repricing	35457442	35457442	0	3341	3341	0	0	334100	334100	0	0	0	0	0	0.000000	0.000000	0.000000
staker_tick_cross_revisit_50_filetest.gno	Accumulated-reward Swap (50 staked tick-crosses, first visit)	execution-segment-repricing	468192431	468192431	0	165281	165281	0	0	16528700	16528700	600	600	0	0	0	0.000000	0.000000	0.000000
staker_tick_cross_revisit_50_filetest.gno	Accumulated-reward Reverse swap (50 staked tick-crosses, reverse visit)	execution-segment-repricing	576773420	576773420	0	68151	68151	0	0	6815100	6815100	0	0	0	0	0	0.000000	0.000000	0.000000
staker_tick_cross_revisit_50_filetest.gno	Accumulated-reward Swap (50 staked tick-crosses, third visit)	execution-segment-repricing	573705050	573705050	0	65368	65368	0	0	6536800	6536800	0	0	0	0	0	0.000000	0.000000	0.000000
staker_tick_no_cross_false_filetest.gno	No-cross control (boundary staked=false)	execution-segment-repricing	15213815	15213818	3	0	0	0	0	600	600	600	600	0	0.003	0.003	0.000000	0.000000	0.000000
staker_tick_no_cross_true_filetest.gno	No-cross control (boundary staked=true)	execution-segment-repricing	15398645	15398645	0	0	0	0	0	600	600	600	600	0	0	0	0.000000	0.000000	0.000000
version_manager_filetest.gno	RegisterInitializer (v1)	execution-segment-repricing	71548	71548	0	0	0	0	0	0	0	0	0	0	0	0	0.000000	0.000000	0.000000
version_manager_filetest.gno	RegisterInitializer (v2)	execution-segment-repricing	55268	55268	0	0	0	0	0	0	0	0	0	0	0	0	0.000000	0.000000	0.000000
