fixture	label	scope	baseline_gas	candidate_gas	gas_delta	baseline_net_bytes	candidate_net_bytes	storage_delta_bytes	cpu_delta	baseline_deposits_ugnot	candidate_deposits_ugnot	baseline_refunds_ugnot	candidate_refunds_ugnot	storage_delta_ugnot	gas_fee_delta_ugnot	net_delta_ugnot	storage_delta_gnot	gas_fee_delta_gnot	net_delta_gnot
common_filetest.gno	TickMathGetSqrtRatioAtTick (minTick)	execution-segment-repricing	1689865	1689865	0	0	0	0	0	0	0	0	0	0	0	0	0.000000	0.000000	0.000000
common_filetest.gno	TickMathGetSqrtRatioAtTick (maxTick)	execution-segment-repricing	2058854	2058854	0	0	0	0	0	0	0	0	0	0	0	0	0.000000	0.000000	0.000000
common_filetest.gno	TickMathGetSqrtRatioAtTick (zero)	execution-segment-repricing	334802	334802	0	0	0	0	0	0	0	0	0	0	0	0	0.000000	0.000000	0.000000
common_filetest.gno	TickMathGetSqrtRatioAtTick	execution-segment-repricing	1527883	1527883	0	0	0	0	0	0	0	0	0	0	0	0	0.000000	0.000000	0.000000
common_filetest.gno	TickMathGetTickAtSqrtRatio	execution-segment-repricing	3863554	3863554	0	0	0	0	0	0	0	0	0	0	0	0	0.000000	0.000000	0.000000
common_filetest.gno	GetLiquidityForAmounts	execution-segment-repricing	3211535	3211535	0	0	0	0	0	0	0	0	0	0	0	0	0.000000	0.000000	0.000000
common_filetest.gno	GetAmountsForLiquidity	execution-segment-repricing	2981525	2981525	0	0	0	0	0	0	0	0	0	0	0	0	0.000000	0.000000	0.000000
common_filetest.gno	LiquidityMathAddDelta (positive)	execution-segment-repricing	449547	449547	0	0	0	0	0	0	0	0	0	0	0	0	0.000000	0.000000	0.000000
common_filetest.gno	LiquidityMathAddDelta (negative)	execution-segment-repricing	471588	471588	0	0	0	0	0	0	0	0	0	0	0	0	0.000000	0.000000	0.000000
common_filetest.gno	LiquidityMathAddDelta	execution-segment-repricing	437865	437865	0	0	0	0	0	0	0	0	0	0	0	0	0.000000	0.000000	0.000000
gnsmath_filetest.gno	GetAmount0Delta	execution-segment-repricing	3631434	3631434	0	0	0	0	0	0	0	0	0	0	0	0	0.000000	0.000000	0.000000
gnsmath_filetest.gno	GetAmount1Delta	execution-segment-repricing	2329750	2329750	0	0	0	0	0	0	0	0	0	0	0	0	0.000000	0.000000	0.000000
gnsmath_filetest.gno	SwapMathComputeSwapStep	execution-segment-repricing	4232740	4232740	0	0	0	0	0	0	0	0	0	0	0	0	0.000000	0.000000	0.000000
gov_governance_propose_community_pool_spend_filetest.gno	Propose Community Pool Spend	execution-segment-repricing	2446348	2446348	0	20560	20560	0	0	2056000	2056000	0	0	0	0	0	0.000000	0.000000	0.000000
gov_governance_propose_parameter_change_filetest.gno	Propose Parameter Change	execution-segment-repricing	2992330	2992330	0	19532	19532	0	0	1953200	1953200	0	0	0	0	0	0.000000	0.000000	0.000000
gov_governance_propose_parameter_change_filetest.gno	Vote	execution-segment-repricing	1020769	1020769	0	4488	4488	0	0	448800	448800	0	0	0	0	0	0.000000	0.000000	0.000000
gov_governance_propose_parameter_change_filetest.gno	Execute	execution-segment-repricing	2528088	2528088	0	76	76	0	0	7600	7600	0	0	0	0	0	0.000000	0.000000	0.000000
gov_governance_propose_text_filetest.gno	Propose Text	execution-segment-repricing	1931909	1931909	0	18333	18333	0	0	1833300	1833300	0	0	0	0	0	0.000000	0.000000	0.000000
gov_governance_propose_text_with_incative_proposals_filetest.gno	Propose Text with Inactive: 100	execution-segment-repricing	2347937	2347937	0	8501	8501	0	0	850100	850100	0	0	0	0	0	0.000000	0.000000	0.000000
gov_staker_collect_gns_delegation100_withdraw1_filetest.gno	CollectUndelegatedGns (100 delegations, 1 withdraws)	execution-segment-repricing	25137447	25137447	0	0	0	0	0	0	0	0	0	0	0	0	0.000000	0.000000	0.000000
gov_staker_collect_gns_delegation10_withdraw10_filetest.gno	CollectUndelegatedGns (10 delegations, 10 withdraws)	execution-segment-repricing	4375919	4375919	0	0	0	0	0	0	0	0	0	0	0	0	0.000000	0.000000	0.000000
gov_staker_collect_gns_delegation10_withdraw1_filetest.gno	CollectUndelegatedGns (10 delegations, 1 withdraws)	execution-segment-repricing	2337329	2337329	0	0	0	0	0	0	0	0	0	0	0	0	0.000000	0.000000	0.000000
gov_staker_collect_gns_delegation10_withdraw50_filetest.gno	CollectUndelegatedGns (10 delegations, 50 withdraws)	execution-segment-repricing	13436619	13436619	0	18	18	0	0	1800	1800	0	0	0	0	0	0.000000	0.000000	0.000000
gov_staker_collect_gns_delegation10_withdraw5_filetest.gno	CollectUndelegatedGns (10 delegations, 5 withdraws)	execution-segment-repricing	3243369	3243369	0	0	0	0	0	0	0	0	0	0	0	0	0.000000	0.000000	0.000000
gov_staker_collect_gns_delegation1_withdraw10_filetest.gno	CollectUndelegatedGns (1 delegation, 10 withdraws)	execution-segment-repricing	611432	611432	0	0	0	0	0	0	0	0	0	0	0	0	0.000000	0.000000	0.000000
gov_staker_collect_gns_delegation1_withdraw1_filetest.gno	CollectUndelegatedGns (1 delegation, 1 withdraws)	execution-segment-repricing	407573	407573	0	0	0	0	0	0	0	0	0	0	0	0	0.000000	0.000000	0.000000
gov_staker_collect_gns_delegation1_withdraw50_filetest.gno	CollectUndelegatedGns (1 delegation, 50 withdraws)	execution-segment-repricing	1517472	1517472	0	0	0	0	0	0	0	0	0	0	0	0	0.000000	0.000000	0.000000
gov_staker_collect_gns_delegation1_withdraw5_filetest.gno	CollectUndelegatedGns (1 delegation, 5 withdraws)	execution-segment-repricing	498177	498177	0	0	0	0	0	0	0	0	0	0	0	0	0.000000	0.000000	0.000000
gov_staker_collect_reward_delegation100_withdraw1_filetest.gno	CollectReward (100 delegations, 1 withdraws)	execution-segment-repricing	3457355	3457355	0	2333	2333	0	0	243200	243200	9900	9900	0	0	0	0.000000	0.000000	0.000000
gov_staker_collect_reward_delegation10_withdraw10_filetest.gno	CollectReward (10 delegations, 10 withdraws)	execution-segment-repricing	3457265	3457265	0	2323	2323	0	0	242200	242200	9900	9900	0	0	0	0.000000	0.000000	0.000000
gov_staker_collect_reward_delegation10_withdraw1_filetest.gno	CollectReward (10 delegations, 1 withdraws)	execution-segment-repricing	3453477	3453477	0	2323	2323	0	0	242200	242200	9900	9900	0	0	0	0.000000	0.000000	0.000000
gov_staker_collect_reward_delegation10_withdraw50_filetest.gno	CollectReward (10 delegations, 50 withdraws)	execution-segment-repricing	3456198	3456198	0	2323	2323	0	0	242200	242200	9900	9900	0	0	0	0.000000	0.000000	0.000000
gov_staker_collect_reward_delegation10_withdraw5_filetest.gno	CollectReward (10 delegations, 5 withdraws)	execution-segment-repricing	3450274	3450274	0	2323	2323	0	0	242200	242200	9900	9900	0	0	0	0.000000	0.000000	0.000000
gov_staker_collect_reward_delegation1_withdraw10_filetest.gno	CollectReward (1 delegation, 10 withdraws)	execution-segment-repricing	3527397	3527397	0	2395	2395	0	0	249400	249400	9900	9900	0	0	0	0.000000	0.000000	0.000000
gov_staker_collect_reward_delegation1_withdraw1_filetest.gno	CollectReward (1 delegation, 1 withdraws)	execution-segment-repricing	3702983	3702983	0	2395	2395	0	0	249400	249400	9900	9900	0	0	0	0.000000	0.000000	0.000000
gov_staker_collect_reward_delegation1_withdraw50_filetest.gno	CollectReward (1 delegation, 50 withdraws)	execution-segment-repricing	3524194	3524194	0	2395	2395	0	0	249400	249400	9900	9900	0	0	0	0.000000	0.000000	0.000000
gov_staker_collect_reward_delegation1_withdraw5_filetest.gno	CollectReward (1 delegation, 5 withdraws)	execution-segment-repricing	3525351	3525351	0	2395	2395	0	0	249400	249400	9900	9900	0	0	0	0.000000	0.000000	0.000000
gov_staker_collect_reward_pf_token_count_filetest.gno	gov/staker CollectReward (1 protocol-fee tokens)	execution-segment-repricing	3710276	3710276	0	368	368	0	0	248900	248900	212100	212100	0	0	0	0.000000	0.000000	0.000000
gov_staker_collect_reward_pf_token_count_filetest.gno	gov/staker CollectReward (2 protocol-fee tokens)	execution-segment-repricing	5888205	5888205	0	-1860	-1860	0	0	238200	238200	424200	424200	0	0	0	0.000000	0.000000	0.000000
gov_staker_collect_reward_pf_token_count_filetest.gno	gov/staker CollectReward (3 protocol-fee tokens)	execution-segment-repricing	8186417	8186417	0	-3992	-3992	0	0	238200	238200	637400	637400	0	0	0	0.000000	0.000000	0.000000
gov_staker_collect_reward_pf_token_count_filetest.gno	gov/staker CollectReward (4 protocol-fee tokens)	execution-segment-repricing	10495832	10495832	0	-6122	-6122	0	0	238200	238200	850400	850400	0	0	0	0.000000	0.000000	0.000000
gov_staker_collect_reward_pf_token_count_filetest.gno	gov/staker CollectReward (4 protocol-fee tokens but zero amount)	execution-segment-repricing	1701190	1701190	0	0	0	0	0	0	0	0	0	0	0	0	0.000000	0.000000	0.000000
gov_staker_delegate_undelegate_filetest.gno	Delegate	execution-segment-repricing	4989756	4991820	2064	38285	38285	0	0	3828500	3828500	0	0	0	2.064	2.064	0.000000	+0.000002	+0.000002
gov_staker_delegate_undelegate_filetest.gno	Undelegate	execution-segment-repricing	2279200	2279200	0	840	840	0	0	84000	84000	0	0	0	0	0	0.000000	0.000000	0.000000
gov_staker_optimizations_filetest.gno	Undelegate (5 delegations, cached external calls)	execution-segment-repricing	9705646	9705646	0	3510	3510	0	0	351000	351000	0	0	0	0	0	0.000000	0.000000	0.000000
gov_staker_optimizations_filetest.gno	Delegate (cached external calls)	execution-segment-repricing	3046853	3046853	0	3210	3210	0	0	321000	321000	0	0	0	0	0	0.000000	0.000000	0.000000
gov_staker_optimizations_filetest.gno	Undelegate (early exit, 3 of 10 delegations)	execution-segment-repricing	6656620	6656620	0	2088	2088	0	0	208800	208800	0	0	0	0	0	0.000000	0.000000	0.000000
gov_staker_redelegate_filetest.gno	Redelegate	execution-segment-repricing	4363314	4363314	0	1423	1423	0	0	142300	142300	0	0	0	0	0	0.000000	0.000000	0.000000
gov_staker_redelegate_many_delegations_filetest.gno	Redelegate (50 of 100 delegations, optimized)	execution-segment-repricing	123363976	123363976	0	-118826	-118826	0	0	0	0	11882600	11882600	0	0	0	0.000000	0.000000	0.000000
gov_staker_undelegate_many_delegatees_filetest.gno	Undelegate (50 delegatees, large AVL traversal)	execution-segment-repricing	2459149	2459149	0	708	708	0	0	70800	70800	0	0	0	0	0	0.000000	0.000000	0.000000
launchpad_collect_deposit_gns_accumulation_filetest.gno	CollectDepositGns (deposit 1/5, remaining 4)	execution-segment-repricing	7721509	7703551	-17958	1850	1850	0	-12084	407700	407700	222700	222700	0	-17.958	-17.958	0.000000	-0.000018	-0.000018
launchpad_collect_deposit_gns_accumulation_filetest.gno	CollectDepositGns (deposit 2/5, remaining 3)	execution-segment-repricing	7380514	7362556	-17958	-2257	-2257	0	-12084	0	0	225700	225700	0	-17.958	-17.958	0.000000	-0.000018	-0.000018
launchpad_collect_deposit_gns_accumulation_filetest.gno	CollectDepositGns (deposit 3/5, remaining 2)	execution-segment-repricing	7354134	7336176	-17958	-2257	-2257	0	-12084	0	0	225700	225700	0	-17.958	-17.958	0.000000	-0.000018	-0.000018
launchpad_collect_deposit_gns_accumulation_filetest.gno	CollectDepositGns (deposit 4/5, remaining 1)	execution-segment-repricing	7359580	7341622	-17958	-2257	-2257	0	-12084	0	0	225700	225700	0	-17.958	-17.958	0.000000	-0.000018	-0.000018
launchpad_collect_deposit_gns_accumulation_filetest.gno	CollectDepositGns (deposit 5/5, remaining 0)	execution-segment-repricing	7231937	7213979	-17958	-8456	-8456	0	-12084	0	0	845600	845600	0	-17.958	-17.958	0.000000	-0.000018	-0.000018
launchpad_collect_deposit_gns_filetest.gno	Launchpad CollectDepositGns	execution-segment-repricing	7588751	7570793	-17958	-4155	-4155	0	-12084	213000	213000	628500	628500	0	-17.958	-17.958	0.000000	-0.000018	-0.000018
launchpad_collect_protocol_fee_1_token_filetest.gno	CollectProtocolFee (1 token)	execution-segment-repricing	3584812	3584812	0	4426	4426	0	0	451800	451800	9200	9200	0	0	0	0.000000	0.000000	0.000000
launchpad_collect_protocol_fee_2_tokens_filetest.gno	CollectProtocolFee (2 tokens)	execution-segment-repricing	5670124	5670124	0	8750	8750	0	0	892900	892900	17900	17900	0	0	0	0.000000	0.000000	0.000000
launchpad_collect_protocol_fee_5_tokens_filetest.gno	CollectProtocolFee (5 tokens)	execution-segment-repricing	11964755	11964755	0	21724	21724	0	0	2216200	2216200	43800	43800	0	0	0	0.000000	0.000000	0.000000
launchpad_collect_protocol_fee_filetest.gno	Launchpad CollectProtocolFee (tokens: 10)	execution-segment-repricing	22358495	22358495	0	43713	43713	0	0	4467700	4467700	96400	96400	0	0	0	0.000000	0.000000	0.000000
launchpad_collect_reward_filetest.gno	Launchpad CollectRewardByDepositId	execution-segment-repricing	3308430	3299451	-8979	2070	2070	0	-6042	207000	207000	0	0	0	-8.979	-8.979	0.000000	-0.000009	-0.000009
launchpad_create_project_filetest.gno	Create Launchpad Project	execution-segment-repricing	8550023	8820950	270927	33729	31284	-2445	266721	3372900	3128400	0	0	-244500	270.927	-244229.073	-0.244500	+0.000271	-0.244229
launchpad_deposit_gns_filetest.gno	Launchpad DepositGns	execution-segment-repricing	6420331	6411352	-8979	24246	24246	0	-6042	2531000	2531000	106400	106400	0	-8.979	-8.979	0.000000	-0.000009	-0.000009
launchpad_remaining_public_100_filetest.gno	Remaining launch allocation n=100	execution-segment-repricing	6263679	6531042	267363	32749	30304	-2445	266721	3274900	3030400	0	0	-244500	267.363	-244232.637	-0.244500	+0.000267	-0.244233
launchpad_remaining_public_100_filetest.gno	Remaining launch deposit seed n=100	execution-segment-repricing	9217364	9208385	-8979	25327	25327	0	-6042	2532700	2532700	0	0	0	-8.979	-8.979	0.000000	-0.000009	-0.000009
launchpad_remaining_public_100_filetest.gno	Remaining launch deposit index=0 n=100	execution-segment-repricing	8677665	8668686	-8979	2027	2027	0	-6042	407000	407000	204300	204300	0	-8.979	-8.979	0.000000	-0.000009	-0.000009
launchpad_remaining_public_100_filetest.gno	Remaining launch deposit index=1 n=100	execution-segment-repricing	8671945	8662966	-8979	1883	1883	0	-6042	392600	392600	204300	204300	0	-8.979	-8.979	0.000000	-0.000009	-0.000009
launchpad_remaining_public_100_filetest.gno	Remaining launch deposit index=2 n=100	execution-segment-repricing	8678846	8669867	-8979	1883	1883	0	-6042	392600	392600	204300	204300	0	-8.979	-8.979	0.000000	-0.000009	-0.000009
launchpad_remaining_public_100_filetest.gno	Remaining launch deposit index=3 n=100	execution-segment-repricing	8679301	8670322	-8979	1883	1883	0	-6042	392600	392600	204300	204300	0	-8.979	-8.979	0.000000	-0.000009	-0.000009
launchpad_remaining_public_100_filetest.gno	Remaining launch deposit index=4 n=100	execution-segment-repricing	8684286	8675307	-8979	1883	1883	0	-6042	392600	392600	204300	204300	0	-8.979	-8.979	0.000000	-0.000009	-0.000009
launchpad_remaining_public_100_filetest.gno	Remaining launch deposit index=5 n=100	execution-segment-repricing	8685228	8676249	-8979	1883	1883	0	-6042	392600	392600	204300	204300	0	-8.979	-8.979	0.000000	-0.000009	-0.000009
launchpad_remaining_public_100_filetest.gno	Remaining launch deposit index=6 n=100	execution-segment-repricing	8692616	8683637	-8979	1883	1883	0	-6042	392600	392600	204300	204300	0	-8.979	-8.979	0.000000	-0.000009	-0.000009
launchpad_remaining_public_100_filetest.gno	Remaining launch deposit index=7 n=100	execution-segment-repricing	8693071	8684092	-8979	1883	1883	0	-6042	392600	392600	204300	204300	0	-8.979	-8.979	0.000000	-0.000009	-0.000009
launchpad_remaining_public_100_filetest.gno	Remaining launch deposit index=8 n=100	execution-segment-repricing	8722638	8713659	-8979	1982	1982	0	-6042	402500	402500	204300	204300	0	-8.979	-8.979	0.000000	-0.000009	-0.000009
launchpad_remaining_public_100_filetest.gno	Remaining launch deposit index=9 n=100	execution-segment-repricing	8717724	8708745	-8979	1886	1886	0	-6042	392900	392900	204300	204300	0	-8.979	-8.979	0.000000	-0.000009	-0.000009
launchpad_remaining_public_100_filetest.gno	Remaining launch deposit index=10 n=100	execution-segment-repricing	8720359	8711380	-8979	1886	1886	0	-6042	392900	392900	204300	204300	0	-8.979	-8.979	0.000000	-0.000009	-0.000009
launchpad_remaining_public_100_filetest.gno	Remaining launch deposit index=11 n=100	execution-segment-repricing	8725798	8716819	-8979	1944	1944	0	-6042	392900	392900	198500	198500	0	-8.979	-8.979	0.000000	-0.000009	-0.000009
launchpad_remaining_public_100_filetest.gno	Remaining launch deposit index=12 n=100	execution-segment-repricing	8727664	8718685	-8979	1880	1880	0	-6042	392900	392900	204900	204900	0	-8.979	-8.979	0.000000	-0.000009	-0.000009
launchpad_remaining_public_100_filetest.gno	Remaining launch deposit index=13 n=100	execution-segment-repricing	8729099	8720120	-8979	1874	1874	0	-6042	392900	392900	205500	205500	0	-8.979	-8.979	0.000000	-0.000009	-0.000009
launchpad_remaining_public_100_filetest.gno	Remaining launch deposit index=14 n=100	execution-segment-repricing	8730052	8721073	-8979	1874	1874	0	-6042	392900	392900	205500	205500	0	-8.979	-8.979	0.000000	-0.000009	-0.000009
launchpad_remaining_public_100_filetest.gno	Remaining launch deposit index=15 n=100	execution-segment-repricing	9018399	9009420	-8979	15048	15048	0	-6042	1710300	1710300	205500	205500	0	-8.979	-8.979	0.000000	-0.000009	-0.000009
launchpad_remaining_public_100_filetest.gno	Remaining launch deposit index=16 n=100	execution-segment-repricing	8778392	8769413	-8979	1970	1970	0	-6042	402500	402500	205500	205500	0	-8.979	-8.979	0.000000	-0.000009	-0.000009
launchpad_remaining_public_100_filetest.gno	Remaining launch deposit index=17 n=100	execution-segment-repricing	8773384	8764405	-8979	1874	1874	0	-6042	392900	392900	205500	205500	0	-8.979	-8.979	0.000000	-0.000009	-0.000009
launchpad_remaining_public_100_filetest.gno	Remaining launch deposit index=18 n=100	execution-segment-repricing	8777292	8768313	-8979	1874	1874	0	-6042	392900	392900	205500	205500	0	-8.979	-8.979	0.000000	-0.000009	-0.000009
launchpad_remaining_public_100_filetest.gno	Remaining launch deposit index=19 n=100	execution-segment-repricing	8779214	8770235	-8979	1874	1874	0	-6042	392900	392900	205500	205500	0	-8.979	-8.979	0.000000	-0.000009	-0.000009
launchpad_remaining_public_100_filetest.gno	Remaining launch deposit index=20 n=100	execution-segment-repricing	8773719	8764740	-8979	1874	1874	0	-6042	392900	392900	205500	205500	0	-8.979	-8.979	0.000000	-0.000009	-0.000009
launchpad_remaining_public_100_filetest.gno	Remaining launch deposit index=21 n=100	execution-segment-repricing	8781602	8772623	-8979	1874	1874	0	-6042	392900	392900	205500	205500	0	-8.979	-8.979	0.000000	-0.000009	-0.000009
launchpad_remaining_public_100_filetest.gno	Remaining launch deposit index=22 n=100	execution-segment-repricing	8781568	8772589	-8979	1874	1874	0	-6042	392900	392900	205500	205500	0	-8.979	-8.979	0.000000	-0.000009	-0.000009
launchpad_remaining_public_100_filetest.gno	Remaining launch deposit index=23 n=100	execution-segment-repricing	9084234	9075255	-8979	8566	8566	0	-6042	1062100	1062100	205500	205500	0	-8.979	-8.979	0.000000	-0.000009	-0.000009
launchpad_remaining_public_100_filetest.gno	Remaining launch deposit index=24 n=100	execution-segment-repricing	8771653	8762674	-8979	1922	1922	0	-6042	397700	397700	205500	205500	0	-8.979	-8.979	0.000000	-0.000009	-0.000009
launchpad_remaining_public_100_filetest.gno	Remaining launch deposit index=25 n=100	execution-segment-repricing	8777583	8768604	-8979	1874	1874	0	-6042	392900	392900	205500	205500	0	-8.979	-8.979	0.000000	-0.000009	-0.000009
launchpad_remaining_public_100_filetest.gno	Remaining launch deposit index=26 n=100	execution-segment-repricing	8779510	8770531	-8979	1874	1874	0	-6042	392900	392900	205500	205500	0	-8.979	-8.979	0.000000	-0.000009	-0.000009
launchpad_remaining_public_100_filetest.gno	Remaining launch deposit index=27 n=100	execution-segment-repricing	8780458	8771479	-8979	1874	1874	0	-6042	392900	392900	205500	205500	0	-8.979	-8.979	0.000000	-0.000009	-0.000009
launchpad_remaining_public_100_filetest.gno	Remaining launch deposit index=28 n=100	execution-segment-repricing	8778400	8769421	-8979	1874	1874	0	-6042	392900	392900	205500	205500	0	-8.979	-8.979	0.000000	-0.000009	-0.000009
launchpad_remaining_public_100_filetest.gno	Remaining launch deposit index=29 n=100	execution-segment-repricing	8779350	8770371	-8979	1874	1874	0	-6042	392900	392900	205500	205500	0	-8.979	-8.979	0.000000	-0.000009	-0.000009
launchpad_remaining_public_100_filetest.gno	Remaining launch deposit index=30 n=100	execution-segment-repricing	8777495	8768516	-8979	1874	1874	0	-6042	392900	392900	205500	205500	0	-8.979	-8.979	0.000000	-0.000009	-0.000009
launchpad_remaining_public_100_filetest.gno	Remaining launch deposit index=31 n=100	execution-segment-repricing	9085964	9076985	-8979	8554	8554	0	-6042	1060900	1060900	205500	205500	0	-8.979	-8.979	0.000000	-0.000009	-0.000009
launchpad_remaining_public_100_filetest.gno	Remaining launch deposit index=32 n=100	execution-segment-repricing	8776829	8767850	-8979	1922	1922	0	-6042	397700	397700	205500	205500	0	-8.979	-8.979	0.000000	-0.000009	-0.000009
launchpad_remaining_public_100_filetest.gno	Remaining launch deposit index=33 n=100	execution-segment-repricing	8784225	8775246	-8979	1874	1874	0	-6042	392900	392900	205500	205500	0	-8.979	-8.979	0.000000	-0.000009	-0.000009
launchpad_remaining_public_100_filetest.gno	Remaining launch deposit index=34 n=100	execution-segment-repricing	8778730	8769751	-8979	1874	1874	0	-6042	392900	392900	205500	205500	0	-8.979	-8.979	0.000000	-0.000009	-0.000009
launchpad_remaining_public_100_filetest.gno	Remaining launch deposit index=35 n=100	execution-segment-repricing	8779678	8770699	-8979	1874	1874	0	-6042	392900	392900	205500	205500	0	-8.979	-8.979	0.000000	-0.000009	-0.000009
launchpad_remaining_public_100_filetest.gno	Remaining launch deposit index=36 n=100	execution-segment-repricing	8785603	8776624	-8979	1874	1874	0	-6042	392900	392900	205500	205500	0	-8.979	-8.979	0.000000	-0.000009	-0.000009
launchpad_remaining_public_100_filetest.gno	Remaining launch deposit index=37 n=100	execution-segment-repricing	8786569	8777590	-8979	1880	1880	0	-6042	393500	393500	205500	205500	0	-8.979	-8.979	0.000000	-0.000009	-0.000009
launchpad_remaining_public_100_filetest.gno	Remaining launch deposit index=38 n=100	execution-segment-repricing	8785982	8777003	-8979	1874	1874	0	-6042	392900	392900	205500	205500	0	-8.979	-8.979	0.000000	-0.000009	-0.000009
launchpad_remaining_public_100_filetest.gno	Remaining launch deposit index=39 n=100	execution-segment-repricing	9093179	9084200	-8979	8554	8554	0	-6042	1060900	1060900	205500	205500	0	-8.979	-8.979	0.000000	-0.000009	-0.000009
launchpad_remaining_public_100_filetest.gno	Remaining launch deposit index=40 n=100	execution-segment-repricing	8776063	8767084	-8979	1922	1922	0	-6042	397700	397700	205500	205500	0	-8.979	-8.979	0.000000	-0.000009	-0.000009
launchpad_remaining_public_100_filetest.gno	Remaining launch deposit index=41 n=100	execution-segment-repricing	8777011	8768032	-8979	1874	1874	0	-6042	392900	392900	205500	205500	0	-8.979	-8.979	0.000000	-0.000009	-0.000009
launchpad_remaining_public_100_filetest.gno	Remaining launch deposit index=42 n=100	execution-segment-repricing	8782936	8773957	-8979	1874	1874	0	-6042	392900	392900	205500	205500	0	-8.979	-8.979	0.000000	-0.000009	-0.000009
launchpad_remaining_public_100_filetest.gno	Remaining launch deposit index=43 n=100	execution-segment-repricing	8783397	8774418	-8979	1874	1874	0	-6042	392900	392900	205500	205500	0	-8.979	-8.979	0.000000	-0.000009	-0.000009
launchpad_remaining_public_100_filetest.gno	Remaining launch deposit index=44 n=100	execution-segment-repricing	8785324	8776345	-8979	1874	1874	0	-6042	392900	392900	205500	205500	0	-8.979	-8.979	0.000000	-0.000009	-0.000009
launchpad_remaining_public_100_filetest.gno	Remaining launch deposit index=45 n=100	execution-segment-repricing	8786272	8777293	-8979	1874	1874	0	-6042	392900	392900	205500	205500	0	-8.979	-8.979	0.000000	-0.000009	-0.000009
launchpad_remaining_public_100_filetest.gno	Remaining launch deposit index=46 n=100	execution-segment-repricing	8787259	8778241	-9018	1887	1874	-13	-6042	394200	392900	205500	205500	-1300	-9.018	-1309.018	-0.001300	-0.000009	-0.001309
launchpad_remaining_public_100_filetest.gno	Remaining launch deposit index=47 n=100	execution-segment-repricing	9095298	9086079	-9219	8618	8554	-64	-6042	1067300	1060900	205500	205500	-6400	-9.219	-6409.219	-0.006400	-0.000009	-0.006409
launchpad_remaining_public_100_filetest.gno	Remaining launch deposit index=48 n=100	execution-segment-repricing	8779512	8770302	-9210	1946	1922	-24	-6042	400100	397700	205500	205500	-2400	-9.21	-2409.21	-0.002400	-0.000009	-0.002409
launchpad_remaining_public_100_filetest.gno	Remaining launch deposit index=49 n=100	execution-segment-repricing	8791198	8781982	-9216	1898	1874	-24	-6042	395300	392900	205500	205500	-2400	-9.216	-2409.216	-0.002400	-0.000009	-0.002409
launchpad_remaining_public_100_filetest.gno	Remaining launch deposit index=50 n=100	execution-segment-repricing	8792644	8783422	-9222	1898	1874	-24	-6042	395300	392900	205500	205500	-2400	-9.222	-2409.222	-0.002400	-0.000009	-0.002409
launchpad_remaining_public_100_filetest.gno	Remaining launch deposit index=51 n=100	execution-segment-repricing	8793604	8784376	-9228	1899	1875	-24	-6042	395400	393000	205500	205500	-2400	-9.228	-2409.228	-0.002400	-0.000009	-0.002409
launchpad_remaining_public_100_filetest.gno	Remaining launch deposit index=52 n=100	execution-segment-repricing	8794077	8784843	-9234	1900	1876	-24	-6042	395500	393100	205500	205500	-2400	-9.234	-2409.234	-0.002400	-0.000009	-0.002409
launchpad_remaining_public_100_filetest.gno	Remaining launch deposit index=53 n=100	execution-segment-repricing	8795031	8785908	-9123	1898	1908	10	-6042	395300	396300	205500	205500	1000	-9.123	990.877	+0.001000	-0.000009	+0.000991
launchpad_remaining_public_100_filetest.gno	Remaining launch deposit index=54 n=100	execution-segment-repricing	8796964	8787856	-9108	1898	1896	-2	-6042	395300	395100	205500	205500	-200	-9.108	-209.108	-0.000200	-0.000009	-0.000209
launchpad_remaining_public_100_filetest.gno	Remaining launch deposit index=55 n=100	execution-segment-repricing	9107039	9097838	-9201	8600	8608	8	-6042	1065500	1066300	205500	205500	800	-9.201	790.799	+0.000800	-0.000009	+0.000791
launchpad_remaining_public_100_filetest.gno	Remaining launch deposit index=56 n=100	execution-segment-repricing	8791041	8782023	-9018	1946	1946	0	-6042	400100	400100	205500	205500	0	-9.018	-9.018	0.000000	-0.000009	-0.000009
launchpad_remaining_public_100_filetest.gno	Remaining launch deposit index=57 n=100	execution-segment-repricing	8792482	8783464	-9018	1898	1898	0	-6042	395300	395300	205500	205500	0	-9.018	-9.018	0.000000	-0.000009	-0.000009
launchpad_remaining_public_100_filetest.gno	Remaining launch deposit index=58 n=100	execution-segment-repricing	8785458	8776440	-9018	1898	1898	0	-6042	395300	395300	205500	205500	0	-9.018	-9.018	0.000000	-0.000009	-0.000009
launchpad_remaining_public_100_filetest.gno	Remaining launch deposit index=59 n=100	execution-segment-repricing	8785927	8776909	-9018	1898	1898	0	-6042	395300	395300	205500	205500	0	-9.018	-9.018	0.000000	-0.000009	-0.000009
launchpad_remaining_public_100_filetest.gno	Remaining launch deposit index=60 n=100	execution-segment-repricing	8793329	8784311	-9018	1898	1898	0	-6042	395300	395300	205500	205500	0	-9.018	-9.018	0.000000	-0.000009	-0.000009
launchpad_remaining_public_100_filetest.gno	Remaining launch deposit index=61 n=100	execution-segment-repricing	8794768	8785750	-9018	1898	1898	0	-6042	395300	395300	205500	205500	0	-9.018	-9.018	0.000000	-0.000009	-0.000009
launchpad_remaining_public_100_filetest.gno	Remaining launch deposit index=62 n=100	execution-segment-repricing	8795230	8786212	-9018	1898	1898	0	-6042	395300	395300	205500	205500	0	-9.018	-9.018	0.000000	-0.000009	-0.000009
launchpad_remaining_public_100_filetest.gno	Remaining launch deposit index=63 n=100	execution-segment-repricing	9108374	9099305	-9069	8600	8600	0	-6042	1065500	1065500	205500	205500	0	-9.069	-9.069	0.000000	-0.000009	-0.000009
launchpad_remaining_public_100_filetest.gno	Remaining launch deposit index=64 n=100	execution-segment-repricing	8797208	8788205	-9003	1946	1946	0	-6042	400100	400100	205500	205500	0	-9.003	-9.003	0.000000	-0.000009	-0.000009
launchpad_remaining_public_100_filetest.gno	Remaining launch deposit index=65 n=100	execution-segment-repricing	8798162	8789159	-9003	1898	1898	0	-6042	395300	395300	205500	205500	0	-9.003	-9.003	0.000000	-0.000009	-0.000009
launchpad_remaining_public_100_filetest.gno	Remaining launch deposit index=66 n=100	execution-segment-repricing	8792673	8783670	-9003	1898	1898	0	-6042	395300	395300	205500	205500	0	-9.003	-9.003	0.000000	-0.000009	-0.000009
launchpad_remaining_public_100_filetest.gno	Remaining launch deposit index=67 n=100	execution-segment-repricing	8793627	8784624	-9003	1898	1898	0	-6042	395300	395300	205500	205500	0	-9.003	-9.003	0.000000	-0.000009	-0.000009
launchpad_remaining_public_100_filetest.gno	Remaining launch deposit index=68 n=100	execution-segment-repricing	8797536	8788533	-9003	1898	1898	0	-6042	395300	395300	205500	205500	0	-9.003	-9.003	0.000000	-0.000009	-0.000009
launchpad_remaining_public_100_filetest.gno	Remaining launch deposit index=69 n=100	execution-segment-repricing	8798492	8789489	-9003	1898	1898	0	-6042	395300	395300	205500	205500	0	-9.003	-9.003	0.000000	-0.000009	-0.000009
launchpad_remaining_public_100_filetest.gno	Remaining launch deposit index=70 n=100	execution-segment-repricing	8799938	8790935	-9003	1898	1898	0	-6042	395300	395300	205500	205500	0	-9.003	-9.003	0.000000	-0.000009	-0.000009
launchpad_remaining_public_100_filetest.gno	Remaining launch deposit index=71 n=100	execution-segment-repricing	9115606	9106603	-9003	8600	8600	0	-6042	1065500	1065500	205500	205500	0	-9.003	-9.003	0.000000	-0.000009	-0.000009
launchpad_remaining_public_100_filetest.gno	Remaining launch deposit index=72 n=100	execution-segment-repricing	8789008	8780005	-9003	1946	1946	0	-6042	400100	400100	205500	205500	0	-9.003	-9.003	0.000000	-0.000009	-0.000009
launchpad_remaining_public_100_filetest.gno	Remaining launch deposit index=73 n=100	execution-segment-repricing	8789475	8780472	-9003	1898	1898	0	-6042	395300	395300	205500	205500	0	-9.003	-9.003	0.000000	-0.000009	-0.000009
launchpad_remaining_public_100_filetest.gno	Remaining launch deposit index=74 n=100	execution-segment-repricing	8797359	8788356	-9003	1898	1898	0	-6042	395300	395300	205500	205500	0	-9.003	-9.003	0.000000	-0.000009	-0.000009
launchpad_remaining_public_100_filetest.gno	Remaining launch deposit index=75 n=100	execution-segment-repricing	8794531	8785528	-9003	1898	1898	0	-6042	395300	395300	205500	205500	0	-9.003	-9.003	0.000000	-0.000009	-0.000009
launchpad_remaining_public_100_filetest.gno	Remaining launch deposit index=76 n=100	execution-segment-repricing	8799267	8790264	-9003	1898	1898	0	-6042	395300	395300	205500	205500	0	-9.003	-9.003	0.000000	-0.000009	-0.000009
launchpad_remaining_public_100_filetest.gno	Remaining launch deposit index=77 n=100	execution-segment-repricing	8799734	8790731	-9003	1898	1898	0	-6042	395300	395300	205500	205500	0	-9.003	-9.003	0.000000	-0.000009	-0.000009
launchpad_remaining_public_100_filetest.gno	Remaining launch deposit index=78 n=100	execution-segment-repricing	8798666	8789663	-9003	1898	1898	0	-6042	395300	395300	205500	205500	0	-9.003	-9.003	0.000000	-0.000009	-0.000009
launchpad_remaining_public_100_filetest.gno	Remaining launch deposit index=79 n=100	execution-segment-repricing	9117331	9108328	-9003	8600	8600	0	-6042	1065500	1065500	205500	205500	0	-9.003	-9.003	0.000000	-0.000009	-0.000009
launchpad_remaining_public_100_filetest.gno	Remaining launch deposit index=80 n=100	execution-segment-repricing	8788724	8779721	-9003	1946	1946	0	-6042	400100	400100	205500	205500	0	-9.003	-9.003	0.000000	-0.000009	-0.000009
launchpad_remaining_public_100_filetest.gno	Remaining launch deposit index=81 n=100	execution-segment-repricing	8788215	8779212	-9003	1898	1898	0	-6042	395300	395300	205500	205500	0	-9.003	-9.003	0.000000	-0.000009	-0.000009
launchpad_remaining_public_100_filetest.gno	Remaining launch deposit index=82 n=100	execution-segment-repricing	8796104	8787101	-9003	1898	1898	0	-6042	395300	395300	205500	205500	0	-9.003	-9.003	0.000000	-0.000009	-0.000009
launchpad_remaining_public_100_filetest.gno	Remaining launch deposit index=83 n=100	execution-segment-repricing	8798034	8789031	-9003	1898	1898	0	-6042	395300	395300	205500	205500	0	-9.003	-9.003	0.000000	-0.000009	-0.000009
launchpad_remaining_public_100_filetest.gno	Remaining launch deposit index=84 n=100	execution-segment-repricing	8798501	8789498	-9003	1898	1898	0	-6042	395300	395300	205500	205500	0	-9.003	-9.003	0.000000	-0.000009	-0.000009
launchpad_remaining_public_100_filetest.gno	Remaining launch deposit index=85 n=100	execution-segment-repricing	8796160	8787157	-9003	1898	1898	0	-6042	395300	395300	205500	205500	0	-9.003	-9.003	0.000000	-0.000009	-0.000009
launchpad_remaining_public_100_filetest.gno	Remaining launch deposit index=86 n=100	execution-segment-repricing	8800409	8791406	-9003	1898	1898	0	-6042	395300	395300	205500	205500	0	-9.003	-9.003	0.000000	-0.000009	-0.000009
launchpad_remaining_public_100_filetest.gno	Remaining launch deposit index=87 n=100	execution-segment-repricing	9118272	9109269	-9003	8600	8600	0	-6042	1065500	1065500	205500	205500	0	-9.003	-9.003	0.000000	-0.000009	-0.000009
launchpad_remaining_public_100_filetest.gno	Remaining launch deposit index=88 n=100	execution-segment-repricing	8783917	8774914	-9003	1946	1946	0	-6042	400100	400100	205500	205500	0	-9.003	-9.003	0.000000	-0.000009	-0.000009
launchpad_remaining_public_100_filetest.gno	Remaining launch deposit index=89 n=100	execution-segment-repricing	8785845	8776842	-9003	1898	1898	0	-6042	395300	395300	205500	205500	0	-9.003	-9.003	0.000000	-0.000009	-0.000009
launchpad_remaining_public_100_filetest.gno	Remaining launch deposit index=90 n=100	execution-segment-repricing	8787286	8778283	-9003	1898	1898	0	-6042	395300	395300	205500	205500	0	-9.003	-9.003	0.000000	-0.000009	-0.000009
launchpad_remaining_public_100_filetest.gno	Remaining launch deposit index=91 n=100	execution-segment-repricing	8787268	8778265	-9003	1898	1898	0	-6042	395300	395300	205500	205500	0	-9.003	-9.003	0.000000	-0.000009	-0.000009
launchpad_remaining_public_100_filetest.gno	Remaining launch deposit index=92 n=100	execution-segment-repricing	8788709	8779706	-9003	1898	1898	0	-6042	395300	395300	205500	205500	0	-9.003	-9.003	0.000000	-0.000009	-0.000009
launchpad_remaining_public_100_filetest.gno	Remaining launch deposit index=93 n=100	execution-segment-repricing	8789663	8780660	-9003	1898	1898	0	-6042	395300	395300	205500	205500	0	-9.003	-9.003	0.000000	-0.000009	-0.000009
launchpad_remaining_public_100_filetest.gno	Remaining launch deposit index=94 n=100	execution-segment-repricing	8797552	8788549	-9003	1898	1898	0	-6042	395300	395300	205500	205500	0	-9.003	-9.003	0.000000	-0.000009	-0.000009
launchpad_remaining_public_100_filetest.gno	Remaining launch deposit index=95 n=100	execution-segment-repricing	9046123	9037120	-9003	8320	8320	0	-6042	1037500	1037500	205500	205500	0	-9.003	-9.003	0.000000	-0.000009	-0.000009
launchpad_remaining_public_100_filetest.gno	Remaining launch deposit index=96 n=100	execution-segment-repricing	8762211	8753208	-9003	1946	1946	0	-6042	400100	400100	205500	205500	0	-9.003	-9.003	0.000000	-0.000009	-0.000009
launchpad_remaining_public_100_filetest.gno	Remaining launch deposit index=97 n=100	execution-segment-repricing	8774462	8765459	-9003	1898	1898	0	-6042	395300	395300	205500	205500	0	-9.003	-9.003	0.000000	-0.000009	-0.000009
launchpad_remaining_public_100_filetest.gno	Remaining launch deposit index=98 n=100	execution-segment-repricing	8827433	8818430	-9003	1883	1883	0	-6042	393800	393800	205500	205500	0	-9.003	-9.003	0.000000	-0.000009	-0.000009
launchpad_remaining_public_100_filetest.gno	Remaining launch deposit index=99 n=100	execution-segment-repricing	8827788	8818785	-9003	1859	1859	0	-6042	391400	391400	205500	205500	0	-9.003	-9.003	0.000000	-0.000009	-0.000009
launchpad_remaining_public_100_filetest.gno	Remaining launch query getters n=100	query-computation-only	14114020	14254590	140570	0	0	0	67801	0	0	0	0	0	0	0	0.000000	0.000000	0.000000
launchpad_remaining_public_100_filetest.gno	Remaining launch claim index=0 n=100	execution-segment-repricing	3144572	3135575	-8997	2046	2046	0	-6042	204600	204600	0	0	0	-8.997	-8.997	0.000000	-0.000009	-0.000009
launchpad_remaining_public_100_filetest.gno	Remaining launch claim index=1 n=100	execution-segment-repricing	2777030	2768033	-8997	12	12	0	-6042	1200	1200	0	0	0	-8.997	-8.997	0.000000	-0.000009	-0.000009
launchpad_remaining_public_100_filetest.gno	Remaining launch claim index=2 n=100	execution-segment-repricing	2800850	2791853	-8997	12	12	0	-6042	1200	1200	0	0	0	-8.997	-8.997	0.000000	-0.000009	-0.000009
launchpad_remaining_public_100_filetest.gno	Remaining launch claim index=3 n=100	execution-segment-repricing	2778010	2769013	-8997	12	12	0	-6042	1200	1200	0	0	0	-8.997	-8.997	0.000000	-0.000009	-0.000009
launchpad_remaining_public_100_filetest.gno	Remaining launch claim index=4 n=100	execution-segment-repricing	2788938	2779941	-8997	12	12	0	-6042	1200	1200	0	0	0	-8.997	-8.997	0.000000	-0.000009	-0.000009
launchpad_remaining_public_100_filetest.gno	Remaining launch claim index=5 n=100	execution-segment-repricing	2777030	2768033	-8997	12	12	0	-6042	1200	1200	0	0	0	-8.997	-8.997	0.000000	-0.000009	-0.000009
launchpad_remaining_public_100_filetest.gno	Remaining launch claim index=6 n=100	execution-segment-repricing	2788938	2779941	-8997	12	12	0	-6042	1200	1200	0	0	0	-8.997	-8.997	0.000000	-0.000009	-0.000009
launchpad_remaining_public_100_filetest.gno	Remaining launch claim index=7 n=100	execution-segment-repricing	2801887	2792890	-8997	31	31	0	-6042	3100	3100	0	0	0	-8.997	-8.997	0.000000	-0.000009	-0.000009
launchpad_remaining_public_100_filetest.gno	Remaining launch claim index=8 n=100	execution-segment-repricing	2799003	2790006	-8997	20	20	0	-6042	2000	2000	0	0	0	-8.997	-8.997	0.000000	-0.000009	-0.000009
launchpad_remaining_public_100_filetest.gno	Remaining launch claim index=9 n=100	execution-segment-repricing	2799987	2790990	-8997	12	12	0	-6042	1200	1200	0	0	0	-8.997	-8.997	0.000000	-0.000009	-0.000009
launchpad_remaining_public_100_filetest.gno	Remaining launch claim index=10 n=100	execution-segment-repricing	2788080	2779083	-8997	14	14	0	-6042	1400	1400	0	0	0	-8.997	-8.997	0.000000	-0.000009	-0.000009
launchpad_remaining_public_100_filetest.gno	Remaining launch claim index=11 n=100	execution-segment-repricing	2799022	2790025	-8997	14	14	0	-6042	1400	1400	0	0	0	-8.997	-8.997	0.000000	-0.000009	-0.000009
launchpad_remaining_public_100_filetest.gno	Remaining launch claim index=12 n=100	execution-segment-repricing	2800002	2791005	-8997	12	12	0	-6042	1200	1200	0	0	0	-8.997	-8.997	0.000000	-0.000009	-0.000009
launchpad_remaining_public_100_filetest.gno	Remaining launch claim index=13 n=100	execution-segment-repricing	2788086	2779089	-8997	12	12	0	-6042	1200	1200	0	0	0	-8.997	-8.997	0.000000	-0.000009	-0.000009
launchpad_remaining_public_100_filetest.gno	Remaining launch claim index=14 n=100	execution-segment-repricing	2788086	2779089	-8997	12	12	0	-6042	1200	1200	0	0	0	-8.997	-8.997	0.000000	-0.000009	-0.000009
launchpad_remaining_public_100_filetest.gno	Remaining launch claim index=15 n=100	execution-segment-repricing	2799022	2790025	-8997	12	12	0	-6042	1200	1200	0	0	0	-8.997	-8.997	0.000000	-0.000009	-0.000009
launchpad_remaining_public_100_filetest.gno	Remaining launch claim index=16 n=100	execution-segment-repricing	2800002	2791005	-8997	12	12	0	-6042	1200	1200	0	0	0	-8.997	-8.997	0.000000	-0.000009	-0.000009
launchpad_remaining_public_100_filetest.gno	Remaining launch claim index=17 n=100	execution-segment-repricing	2788086	2779089	-8997	12	12	0	-6042	1200	1200	0	0	0	-8.997	-8.997	0.000000	-0.000009	-0.000009
launchpad_remaining_public_100_filetest.gno	Remaining launch claim index=18 n=100	execution-segment-repricing	2789062	2780065	-8997	12	12	0	-6042	1200	1200	0	0	0	-8.997	-8.997	0.000000	-0.000009	-0.000009
launchpad_remaining_public_100_filetest.gno	Remaining launch claim index=19 n=100	execution-segment-repricing	2788086	2779089	-8997	12	12	0	-6042	1200	1200	0	0	0	-8.997	-8.997	0.000000	-0.000009	-0.000009
launchpad_remaining_public_100_filetest.gno	Remaining launch claim index=20 n=100	execution-segment-repricing	2789066	2780069	-8997	12	12	0	-6042	1200	1200	0	0	0	-8.997	-8.997	0.000000	-0.000009	-0.000009
launchpad_remaining_public_100_filetest.gno	Remaining launch claim index=21 n=100	execution-segment-repricing	2789066	2780069	-8997	12	12	0	-6042	1200	1200	0	0	0	-8.997	-8.997	0.000000	-0.000009	-0.000009
launchpad_remaining_public_100_filetest.gno	Remaining launch claim index=22 n=100	execution-segment-repricing	2787110	2778113	-8997	12	12	0	-6042	1200	1200	0	0	0	-8.997	-8.997	0.000000	-0.000009	-0.000009
launchpad_remaining_public_100_filetest.gno	Remaining launch claim index=23 n=100	execution-segment-repricing	2788090	2779093	-8997	12	12	0	-6042	1200	1200	0	0	0	-8.997	-8.997	0.000000	-0.000009	-0.000009
launchpad_remaining_public_100_filetest.gno	Remaining launch claim index=24 n=100	execution-segment-repricing	2776174	2767177	-8997	12	12	0	-6042	1200	1200	0	0	0	-8.997	-8.997	0.000000	-0.000009	-0.000009
launchpad_remaining_public_100_filetest.gno	Remaining launch claim index=25 n=100	execution-segment-repricing	2776174	2767177	-8997	12	12	0	-6042	1200	1200	0	0	0	-8.997	-8.997	0.000000	-0.000009	-0.000009
launchpad_remaining_public_100_filetest.gno	Remaining launch claim index=26 n=100	execution-segment-repricing	2777154	2768157	-8997	12	12	0	-6042	1200	1200	0	0	0	-8.997	-8.997	0.000000	-0.000009	-0.000009
launchpad_remaining_public_100_filetest.gno	Remaining launch claim index=27 n=100	execution-segment-repricing	2776170	2767173	-8997	12	12	0	-6042	1200	1200	0	0	0	-8.997	-8.997	0.000000	-0.000009	-0.000009
launchpad_remaining_public_100_filetest.gno	Remaining launch claim index=28 n=100	execution-segment-repricing	2777150	2768153	-8997	12	12	0	-6042	1200	1200	0	0	0	-8.997	-8.997	0.000000	-0.000009	-0.000009
launchpad_remaining_public_100_filetest.gno	Remaining launch claim index=29 n=100	execution-segment-repricing	2799022	2790025	-8997	12	12	0	-6042	1200	1200	0	0	0	-8.997	-8.997	0.000000	-0.000009	-0.000009
launchpad_remaining_public_100_filetest.gno	Remaining launch claim index=30 n=100	execution-segment-repricing	2800002	2791005	-8997	12	12	0	-6042	1200	1200	0	0	0	-8.997	-8.997	0.000000	-0.000009	-0.000009
launchpad_remaining_public_100_filetest.gno	Remaining launch claim index=31 n=100	execution-segment-repricing	2788086	2779089	-8997	12	12	0	-6042	1200	1200	0	0	0	-8.997	-8.997	0.000000	-0.000009	-0.000009
launchpad_remaining_public_100_filetest.gno	Remaining launch claim index=32 n=100	execution-segment-repricing	2788086	2779089	-8997	12	12	0	-6042	1200	1200	0	0	0	-8.997	-8.997	0.000000	-0.000009	-0.000009
launchpad_remaining_public_100_filetest.gno	Remaining launch claim index=33 n=100	execution-segment-repricing	2789066	2780069	-8997	12	12	0	-6042	1200	1200	0	0	0	-8.997	-8.997	0.000000	-0.000009	-0.000009
launchpad_remaining_public_100_filetest.gno	Remaining launch claim index=34 n=100	execution-segment-repricing	2788086	2779089	-8997	12	12	0	-6042	1200	1200	0	0	0	-8.997	-8.997	0.000000	-0.000009	-0.000009
launchpad_remaining_public_100_filetest.gno	Remaining launch claim index=35 n=100	execution-segment-repricing	2789066	2780069	-8997	12	12	0	-6042	1200	1200	0	0	0	-8.997	-8.997	0.000000	-0.000009	-0.000009
launchpad_remaining_public_100_filetest.gno	Remaining launch claim index=36 n=100	execution-segment-repricing	2789066	2780069	-8997	12	12	0	-6042	1200	1200	0	0	0	-8.997	-8.997	0.000000	-0.000009	-0.000009
launchpad_remaining_public_100_filetest.gno	Remaining launch claim index=37 n=100	execution-segment-repricing	2799998	2791001	-8997	12	12	0	-6042	1200	1200	0	0	0	-8.997	-8.997	0.000000	-0.000009	-0.000009
launchpad_remaining_public_100_filetest.gno	Remaining launch claim index=38 n=100	execution-segment-repricing	2789062	2780065	-8997	12	12	0	-6042	1200	1200	0	0	0	-8.997	-8.997	0.000000	-0.000009	-0.000009
launchpad_remaining_public_100_filetest.gno	Remaining launch claim index=39 n=100	execution-segment-repricing	2789066	2780069	-8997	12	12	0	-6042	1200	1200	0	0	0	-8.997	-8.997	0.000000	-0.000009	-0.000009
launchpad_remaining_public_100_filetest.gno	Remaining launch claim index=40 n=100	execution-segment-repricing	2790046	2781049	-8997	12	12	0	-6042	1200	1200	0	0	0	-8.997	-8.997	0.000000	-0.000009	-0.000009
launchpad_remaining_public_100_filetest.gno	Remaining launch claim index=41 n=100	execution-segment-repricing	2789066	2780069	-8997	12	12	0	-6042	1200	1200	0	0	0	-8.997	-8.997	0.000000	-0.000009	-0.000009
launchpad_remaining_public_100_filetest.gno	Remaining launch claim index=42 n=100	execution-segment-repricing	2790046	2781049	-8997	12	12	0	-6042	1200	1200	0	0	0	-8.997	-8.997	0.000000	-0.000009	-0.000009
launchpad_remaining_public_100_filetest.gno	Remaining launch claim index=43 n=100	execution-segment-repricing	2790046	2781049	-8997	12	12	0	-6042	1200	1200	0	0	0	-8.997	-8.997	0.000000	-0.000009	-0.000009
launchpad_remaining_public_100_filetest.gno	Remaining launch claim index=44 n=100	execution-segment-repricing	2788086	2779089	-8997	12	12	0	-6042	1200	1200	0	0	0	-8.997	-8.997	0.000000	-0.000009	-0.000009
launchpad_remaining_public_100_filetest.gno	Remaining launch claim index=45 n=100	execution-segment-repricing	2789066	2780069	-8997	12	12	0	-6042	1200	1200	0	0	0	-8.997	-8.997	0.000000	-0.000009	-0.000009
launchpad_remaining_public_100_filetest.gno	Remaining launch claim index=46 n=100	execution-segment-repricing	2777150	2768153	-8997	12	12	0	-6042	1200	1200	0	0	0	-8.997	-8.997	0.000000	-0.000009	-0.000009
launchpad_remaining_public_100_filetest.gno	Remaining launch claim index=47 n=100	execution-segment-repricing	2777195	2768153	-9042	12	12	0	-6042	1200	1200	0	0	0	-9.042	-9.042	0.000000	-0.000009	-0.000009
launchpad_remaining_public_100_filetest.gno	Remaining launch claim index=48 n=100	execution-segment-repricing	2777195	2768153	-9042	12	12	0	-6042	1200	1200	0	0	0	-9.042	-9.042	0.000000	-0.000009	-0.000009
launchpad_remaining_public_100_filetest.gno	Remaining launch claim index=49 n=100	execution-segment-repricing	2778175	2769133	-9042	12	12	0	-6042	1200	1200	0	0	0	-9.042	-9.042	0.000000	-0.000009	-0.000009
launchpad_remaining_public_100_filetest.gno	Remaining launch claim index=50 n=100	execution-segment-repricing	2778175	2769133	-9042	12	12	0	-6042	1200	1200	0	0	0	-9.042	-9.042	0.000000	-0.000009	-0.000009
launchpad_remaining_public_100_filetest.gno	Remaining launch claim index=51 n=100	execution-segment-repricing	2799067	2790025	-9042	12	12	0	-6042	1200	1200	0	0	0	-9.042	-9.042	0.000000	-0.000009	-0.000009
launchpad_remaining_public_100_filetest.gno	Remaining launch claim index=52 n=100	execution-segment-repricing	2800047	2791005	-9042	12	12	0	-6042	1200	1200	0	0	0	-9.042	-9.042	0.000000	-0.000009	-0.000009
launchpad_remaining_public_100_filetest.gno	Remaining launch claim index=53 n=100	execution-segment-repricing	2788131	2779128	-9003	12	12	0	-6042	1200	1200	0	0	0	-9.003	-9.003	0.000000	-0.000009	-0.000009
launchpad_remaining_public_100_filetest.gno	Remaining launch claim index=54 n=100	execution-segment-repricing	2788131	2779128	-9003	12	12	0	-6042	1200	1200	0	0	0	-9.003	-9.003	0.000000	-0.000009	-0.000009
launchpad_remaining_public_100_filetest.gno	Remaining launch claim index=55 n=100	execution-segment-repricing	2789111	2780114	-8997	12	12	0	-6042	1200	1200	0	0	0	-8.997	-8.997	0.000000	-0.000009	-0.000009
launchpad_remaining_public_100_filetest.gno	Remaining launch claim index=56 n=100	execution-segment-repricing	2788131	2779134	-8997	12	12	0	-6042	1200	1200	0	0	0	-8.997	-8.997	0.000000	-0.000009	-0.000009
launchpad_remaining_public_100_filetest.gno	Remaining launch claim index=57 n=100	execution-segment-repricing	2789111	2780114	-8997	12	12	0	-6042	1200	1200	0	0	0	-8.997	-8.997	0.000000	-0.000009	-0.000009
launchpad_remaining_public_100_filetest.gno	Remaining launch claim index=58 n=100	execution-segment-repricing	2800047	2791050	-8997	12	12	0	-6042	1200	1200	0	0	0	-8.997	-8.997	0.000000	-0.000009	-0.000009
launchpad_remaining_public_100_filetest.gno	Remaining launch claim index=59 n=100	execution-segment-repricing	2801027	2792030	-8997	12	12	0	-6042	1200	1200	0	0	0	-8.997	-8.997	0.000000	-0.000009	-0.000009
launchpad_remaining_public_100_filetest.gno	Remaining launch claim index=60 n=100	execution-segment-repricing	2789111	2780114	-8997	12	12	0	-6042	1200	1200	0	0	0	-8.997	-8.997	0.000000	-0.000009	-0.000009
launchpad_remaining_public_100_filetest.gno	Remaining launch claim index=61 n=100	execution-segment-repricing	2789111	2780114	-8997	12	12	0	-6042	1200	1200	0	0	0	-8.997	-8.997	0.000000	-0.000009	-0.000009
launchpad_remaining_public_100_filetest.gno	Remaining launch claim index=62 n=100	execution-segment-repricing	2790091	2781094	-8997	12	12	0	-6042	1200	1200	0	0	0	-8.997	-8.997	0.000000	-0.000009	-0.000009
launchpad_remaining_public_100_filetest.gno	Remaining launch claim index=63 n=100	execution-segment-repricing	2789111	2780114	-8997	12	12	0	-6042	1200	1200	0	0	0	-8.997	-8.997	0.000000	-0.000009	-0.000009
launchpad_remaining_public_100_filetest.gno	Remaining launch claim index=64 n=100	execution-segment-repricing	2790091	2781094	-8997	12	12	0	-6042	1200	1200	0	0	0	-8.997	-8.997	0.000000	-0.000009	-0.000009
launchpad_remaining_public_100_filetest.gno	Remaining launch claim index=65 n=100	execution-segment-repricing	2790091	2781094	-8997	12	12	0	-6042	1200	1200	0	0	0	-8.997	-8.997	0.000000	-0.000009	-0.000009
launchpad_remaining_public_100_filetest.gno	Remaining launch claim index=66 n=100	execution-segment-repricing	2788131	2779134	-8997	12	12	0	-6042	1200	1200	0	0	0	-8.997	-8.997	0.000000	-0.000009	-0.000009
launchpad_remaining_public_100_filetest.gno	Remaining launch claim index=67 n=100	execution-segment-repricing	2789111	2780114	-8997	12	12	0	-6042	1200	1200	0	0	0	-8.997	-8.997	0.000000	-0.000009	-0.000009
launchpad_remaining_public_100_filetest.gno	Remaining launch claim index=68 n=100	execution-segment-repricing	2777195	2768198	-8997	12	12	0	-6042	1200	1200	0	0	0	-8.997	-8.997	0.000000	-0.000009	-0.000009
launchpad_remaining_public_100_filetest.gno	Remaining launch claim index=69 n=100	execution-segment-repricing	2778175	2769178	-8997	12	12	0	-6042	1200	1200	0	0	0	-8.997	-8.997	0.000000	-0.000009	-0.000009
launchpad_remaining_public_100_filetest.gno	Remaining launch claim index=70 n=100	execution-segment-repricing	2777199	2768202	-8997	12	12	0	-6042	1200	1200	0	0	0	-8.997	-8.997	0.000000	-0.000009	-0.000009
launchpad_remaining_public_100_filetest.gno	Remaining launch claim index=71 n=100	execution-segment-repricing	2778179	2769182	-8997	12	12	0	-6042	1200	1200	0	0	0	-8.997	-8.997	0.000000	-0.000009	-0.000009
launchpad_remaining_public_100_filetest.gno	Remaining launch claim index=72 n=100	execution-segment-repricing	2778179	2769182	-8997	12	12	0	-6042	1200	1200	0	0	0	-8.997	-8.997	0.000000	-0.000009	-0.000009
launchpad_remaining_public_100_filetest.gno	Remaining launch claim index=73 n=100	execution-segment-repricing	2800047	2791050	-8997	12	12	0	-6042	1200	1200	0	0	0	-8.997	-8.997	0.000000	-0.000009	-0.000009
launchpad_remaining_public_100_filetest.gno	Remaining launch claim index=74 n=100	execution-segment-repricing	2801027	2792030	-8997	12	12	0	-6042	1200	1200	0	0	0	-8.997	-8.997	0.000000	-0.000009	-0.000009
launchpad_remaining_public_100_filetest.gno	Remaining launch claim index=75 n=100	execution-segment-repricing	2789111	2780114	-8997	12	12	0	-6042	1200	1200	0	0	0	-8.997	-8.997	0.000000	-0.000009	-0.000009
launchpad_remaining_public_100_filetest.gno	Remaining launch claim index=76 n=100	execution-segment-repricing	2789111	2780114	-8997	12	12	0	-6042	1200	1200	0	0	0	-8.997	-8.997	0.000000	-0.000009	-0.000009
launchpad_remaining_public_100_filetest.gno	Remaining launch claim index=77 n=100	execution-segment-repricing	2790091	2781094	-8997	12	12	0	-6042	1200	1200	0	0	0	-8.997	-8.997	0.000000	-0.000009	-0.000009
launchpad_remaining_public_100_filetest.gno	Remaining launch claim index=78 n=100	execution-segment-repricing	2790087	2781090	-8997	12	12	0	-6042	1200	1200	0	0	0	-8.997	-8.997	0.000000	-0.000009	-0.000009
launchpad_remaining_public_100_filetest.gno	Remaining launch claim index=79 n=100	execution-segment-repricing	2790091	2781094	-8997	12	12	0	-6042	1200	1200	0	0	0	-8.997	-8.997	0.000000	-0.000009	-0.000009
launchpad_remaining_public_100_filetest.gno	Remaining launch claim index=80 n=100	execution-segment-repricing	2801027	2792030	-8997	12	12	0	-6042	1200	1200	0	0	0	-8.997	-8.997	0.000000	-0.000009	-0.000009
launchpad_remaining_public_100_filetest.gno	Remaining launch claim index=81 n=100	execution-segment-repricing	2802007	2793010	-8997	12	12	0	-6042	1200	1200	0	0	0	-8.997	-8.997	0.000000	-0.000009	-0.000009
launchpad_remaining_public_100_filetest.gno	Remaining launch claim index=82 n=100	execution-segment-repricing	2802007	2793010	-8997	12	12	0	-6042	1200	1200	0	0	0	-8.997	-8.997	0.000000	-0.000009	-0.000009
launchpad_remaining_public_100_filetest.gno	Remaining launch claim index=83 n=100	execution-segment-repricing	2802987	2793990	-8997	12	12	0	-6042	1200	1200	0	0	0	-8.997	-8.997	0.000000	-0.000009	-0.000009
launchpad_remaining_public_100_filetest.gno	Remaining launch claim index=84 n=100	execution-segment-repricing	2802007	2793010	-8997	12	12	0	-6042	1200	1200	0	0	0	-8.997	-8.997	0.000000	-0.000009	-0.000009
launchpad_remaining_public_100_filetest.gno	Remaining launch claim index=85 n=100	execution-segment-repricing	2802987	2793990	-8997	12	12	0	-6042	1200	1200	0	0	0	-8.997	-8.997	0.000000	-0.000009	-0.000009
launchpad_remaining_public_100_filetest.gno	Remaining launch claim index=86 n=100	execution-segment-repricing	2802987	2793990	-8997	12	12	0	-6042	1200	1200	0	0	0	-8.997	-8.997	0.000000	-0.000009	-0.000009
launchpad_remaining_public_100_filetest.gno	Remaining launch claim index=87 n=100	execution-segment-repricing	2803967	2794970	-8997	12	12	0	-6042	1200	1200	0	0	0	-8.997	-8.997	0.000000	-0.000009	-0.000009
launchpad_remaining_public_100_filetest.gno	Remaining launch claim index=88 n=100	execution-segment-repricing	2802983	2793986	-8997	12	12	0	-6042	1200	1200	0	0	0	-8.997	-8.997	0.000000	-0.000009	-0.000009
launchpad_remaining_public_100_filetest.gno	Remaining launch claim index=89 n=100	execution-segment-repricing	2802987	2793990	-8997	12	12	0	-6042	1200	1200	0	0	0	-8.997	-8.997	0.000000	-0.000009	-0.000009
launchpad_remaining_public_100_filetest.gno	Remaining launch claim index=90 n=100	execution-segment-repricing	2803967	2794970	-8997	12	12	0	-6042	1200	1200	0	0	0	-8.997	-8.997	0.000000	-0.000009	-0.000009
launchpad_remaining_public_100_filetest.gno	Remaining launch claim index=91 n=100	execution-segment-repricing	2802987	2793990	-8997	12	12	0	-6042	1200	1200	0	0	0	-8.997	-8.997	0.000000	-0.000009	-0.000009
launchpad_remaining_public_100_filetest.gno	Remaining launch claim index=92 n=100	execution-segment-repricing	2803967	2794970	-8997	12	12	0	-6042	1200	1200	0	0	0	-8.997	-8.997	0.000000	-0.000009	-0.000009
launchpad_remaining_public_100_filetest.gno	Remaining launch claim index=93 n=100	execution-segment-repricing	2803967	2794970	-8997	12	12	0	-6042	1200	1200	0	0	0	-8.997	-8.997	0.000000	-0.000009	-0.000009
launchpad_remaining_public_100_filetest.gno	Remaining launch claim index=94 n=100	execution-segment-repricing	2777199	2768202	-8997	12	12	0	-6042	1200	1200	0	0	0	-8.997	-8.997	0.000000	-0.000009	-0.000009
launchpad_remaining_public_100_filetest.gno	Remaining launch claim index=95 n=100	execution-segment-repricing	2869655	2860652	-9003	18	18	0	-6042	1800	1800	0	0	0	-9.003	-9.003	0.000000	-0.000009	-0.000009
launchpad_remaining_public_100_filetest.gno	Remaining launch claim index=96 n=100	execution-segment-repricing	2857739	2848736	-9003	18	18	0	-6042	1800	1800	0	0	0	-9.003	-9.003	0.000000	-0.000009	-0.000009
launchpad_remaining_public_100_filetest.gno	Remaining launch claim index=97 n=100	execution-segment-repricing	2857739	2848736	-9003	18	18	0	-6042	1800	1800	0	0	0	-9.003	-9.003	0.000000	-0.000009	-0.000009
launchpad_remaining_public_100_filetest.gno	Remaining launch claim index=98 n=100	execution-segment-repricing	2883657	2874654	-9003	18	18	0	-6042	1800	1800	0	0	0	-9.003	-9.003	0.000000	-0.000009	-0.000009
launchpad_remaining_public_100_filetest.gno	Remaining launch claim index=99 n=100	execution-segment-repricing	2895577	2886574	-9003	18	18	0	-6042	1800	1800	0	0	0	-9.003	-9.003	0.000000	-0.000009	-0.000009
launchpad_remaining_public_100_filetest.gno	Remaining launch claim repeated-accrued n=100	execution-segment-repricing	3117187	3108190	-8997	0	0	0	-6042	0	0	0	0	0	-8.997	-8.997	0.000000	-0.000009	-0.000009
launchpad_remaining_public_100_filetest.gno	Remaining launch claim repeated-zero-time n=100	execution-segment-repricing	2217186	2210532	-6654	0	0	0	-6042	0	0	0	0	0	-6.654	-6.654	0.000000	-0.000007	-0.000007
launchpad_remaining_public_100_filetest.gno	Remaining launch refund before-withdraw n=100	execution-segment-repricing	6407182	6313651	-93531	2070	2058	-12	-78546	207000	205800	0	0	-1200	-93.531	-1293.531	-0.001200	-0.000094	-0.001294
launchpad_remaining_public_100_filetest.gno	Remaining launch withdraw index=0 n=100	execution-segment-repricing	7836513	7818516	-17997	-202	-202	0	-12084	205500	205500	225700	225700	0	-17.997	-17.997	0.000000	-0.000018	-0.000018
launchpad_remaining_public_100_filetest.gno	Remaining launch withdraw index=1 n=100	execution-segment-repricing	7655148	7637145	-18003	-5725	-5725	0	-12084	600	600	573100	573100	0	-18.003	-18.003	0.000000	-0.000018	-0.000018
launchpad_remaining_public_100_filetest.gno	Remaining launch withdraw index=2 n=100	execution-segment-repricing	7691276	7673273	-18003	-5723	-5719	4	-12084	0	0	572300	571900	400	-18.003	381.997	+0.000400	-0.000018	+0.000382
launchpad_remaining_public_100_filetest.gno	Remaining launch withdraw index=3 n=100	execution-segment-repricing	7639046	7620983	-18063	-2263	-2263	0	-12084	0	0	226300	226300	0	-18.063	-18.063	0.000000	-0.000018	-0.000018
launchpad_remaining_public_100_filetest.gno	Remaining launch withdraw index=4 n=100	execution-segment-repricing	7657197	7639140	-18057	-5742	-5742	0	-12084	0	0	574200	574200	0	-18.057	-18.057	0.000000	-0.000018	-0.000018
launchpad_remaining_public_100_filetest.gno	Remaining launch withdraw index=5 n=100	execution-segment-repricing	7643787	7625790	-17997	-5730	-5730	0	-12084	0	0	573000	573000	0	-17.997	-17.997	0.000000	-0.000018	-0.000018
launchpad_remaining_public_100_filetest.gno	Remaining launch withdraw index=6 n=100	execution-segment-repricing	7646004	7628007	-17997	-2263	-2263	0	-12084	0	0	226300	226300	0	-17.997	-17.997	0.000000	-0.000018	-0.000018
launchpad_remaining_public_100_filetest.gno	Remaining launch withdraw index=7 n=100	execution-segment-repricing	7571721	7553724	-17997	-2263	-2263	0	-12084	0	0	226300	226300	0	-17.997	-17.997	0.000000	-0.000018	-0.000018
launchpad_remaining_public_100_filetest.gno	Remaining launch withdraw index=8 n=100	execution-segment-repricing	7566287	7548290	-17997	-2276	-2276	0	-12084	0	0	227600	227600	0	-17.997	-17.997	0.000000	-0.000018	-0.000018
launchpad_remaining_public_100_filetest.gno	Remaining launch withdraw index=9 n=100	execution-segment-repricing	7669296	7651299	-17997	-2276	-2276	0	-12084	0	0	227600	227600	0	-17.997	-17.997	0.000000	-0.000018	-0.000018
launchpad_remaining_public_100_filetest.gno	Remaining launch withdraw index=10 n=100	execution-segment-repricing	7658683	7640686	-17997	-2276	-2276	0	-12084	0	0	227600	227600	0	-17.997	-17.997	0.000000	-0.000018	-0.000018
launchpad_remaining_public_100_filetest.gno	Remaining launch withdraw index=11 n=100	execution-segment-repricing	7665209	7647212	-17997	-2276	-2276	0	-12084	0	0	227600	227600	0	-17.997	-17.997	0.000000	-0.000018	-0.000018
launchpad_remaining_public_100_filetest.gno	Remaining launch withdraw index=12 n=100	execution-segment-repricing	7664268	7646271	-17997	-2276	-2276	0	-12084	0	0	227600	227600	0	-17.997	-17.997	0.000000	-0.000018	-0.000018
launchpad_remaining_public_100_filetest.gno	Remaining launch withdraw index=13 n=100	execution-segment-repricing	7653655	7635658	-17997	-2276	-2276	0	-12084	0	0	227600	227600	0	-17.997	-17.997	0.000000	-0.000018	-0.000018
launchpad_remaining_public_100_filetest.gno	Remaining launch withdraw index=14 n=100	execution-segment-repricing	7652066	7634069	-17997	-2247	-2247	0	-12084	2900	2900	227600	227600	0	-17.997	-17.997	0.000000	-0.000018	-0.000018
launchpad_remaining_public_100_filetest.gno	Remaining launch withdraw index=15 n=100	execution-segment-repricing	7658592	7640595	-17997	-2276	-2276	0	-12084	0	0	227600	227600	0	-17.997	-17.997	0.000000	-0.000018	-0.000018
launchpad_remaining_public_100_filetest.gno	Remaining launch withdraw index=16 n=100	execution-segment-repricing	7663660	7645657	-18003	-5744	-5744	0	-12084	0	0	574400	574400	0	-18.003	-18.003	0.000000	-0.000018	-0.000018
launchpad_remaining_public_100_filetest.gno	Remaining launch withdraw index=17 n=100	execution-segment-repricing	7566061	7548064	-17997	-2276	-2276	0	-12084	0	0	227600	227600	0	-17.997	-17.997	0.000000	-0.000018	-0.000018
launchpad_remaining_public_100_filetest.gno	Remaining launch withdraw index=18 n=100	execution-segment-repricing	7565117	7547120	-17997	-2276	-2276	0	-12084	0	0	227600	227600	0	-17.997	-17.997	0.000000	-0.000018	-0.000018
launchpad_remaining_public_100_filetest.gno	Remaining launch withdraw index=19 n=100	execution-segment-repricing	7562709	7544712	-17997	-2276	-2276	0	-12084	0	0	227600	227600	0	-17.997	-17.997	0.000000	-0.000018	-0.000018
launchpad_remaining_public_100_filetest.gno	Remaining launch withdraw index=20 n=100	execution-segment-repricing	7561768	7543771	-17997	-2276	-2276	0	-12084	0	0	227600	227600	0	-17.997	-17.997	0.000000	-0.000018	-0.000018
launchpad_remaining_public_100_filetest.gno	Remaining launch withdraw index=21 n=100	execution-segment-repricing	7559112	7541115	-17997	-2276	-2276	0	-12084	0	0	227600	227600	0	-17.997	-17.997	0.000000	-0.000018	-0.000018
launchpad_remaining_public_100_filetest.gno	Remaining launch withdraw index=22 n=100	execution-segment-repricing	7555969	7537972	-17997	-2276	-2276	0	-12084	0	0	227600	227600	0	-17.997	-17.997	0.000000	-0.000018	-0.000018
launchpad_remaining_public_100_filetest.gno	Remaining launch withdraw index=23 n=100	execution-segment-repricing	7543112	7525115	-17997	-2276	-2276	0	-12084	0	0	227600	227600	0	-17.997	-17.997	0.000000	-0.000018	-0.000018
launchpad_remaining_public_100_filetest.gno	Remaining launch withdraw index=24 n=100	execution-segment-repricing	7649200	7631203	-17997	-2276	-2276	0	-12084	0	0	227600	227600	0	-17.997	-17.997	0.000000	-0.000018	-0.000018
launchpad_remaining_public_100_filetest.gno	Remaining launch withdraw index=25 n=100	execution-segment-repricing	7647524	7629527	-17997	-2276	-2276	0	-12084	0	0	227600	227600	0	-17.997	-17.997	0.000000	-0.000018	-0.000018
launchpad_remaining_public_100_filetest.gno	Remaining launch withdraw index=26 n=100	execution-segment-repricing	7646583	7628586	-17997	-2276	-2276	0	-12084	0	0	227600	227600	0	-17.997	-17.997	0.000000	-0.000018	-0.000018
launchpad_remaining_public_100_filetest.gno	Remaining launch withdraw index=27 n=100	execution-segment-repricing	7644169	7626172	-17997	-2276	-2276	0	-12084	0	0	227600	227600	0	-17.997	-17.997	0.000000	-0.000018	-0.000018
launchpad_remaining_public_100_filetest.gno	Remaining launch withdraw index=28 n=100	execution-segment-repricing	7643228	7625231	-17997	-2276	-2276	0	-12084	0	0	227600	227600	0	-17.997	-17.997	0.000000	-0.000018	-0.000018
launchpad_remaining_public_100_filetest.gno	Remaining launch withdraw index=29 n=100	execution-segment-repricing	7657956	7639959	-17997	-2276	-2276	0	-12084	0	0	227600	227600	0	-17.997	-17.997	0.000000	-0.000018	-0.000018
launchpad_remaining_public_100_filetest.gno	Remaining launch withdraw index=30 n=100	execution-segment-repricing	7661884	7643881	-18003	-5744	-5744	0	-12084	0	0	574400	574400	0	-18.003	-18.003	0.000000	-0.000018	-0.000018
launchpad_remaining_public_100_filetest.gno	Remaining launch withdraw index=31 n=100	execution-segment-repricing	7565443	7547446	-17997	-2276	-2276	0	-12084	0	0	227600	227600	0	-17.997	-17.997	0.000000	-0.000018	-0.000018
launchpad_remaining_public_100_filetest.gno	Remaining launch withdraw index=32 n=100	execution-segment-repricing	7563767	7545770	-17997	-2276	-2276	0	-12084	0	0	227600	227600	0	-17.997	-17.997	0.000000	-0.000018	-0.000018
launchpad_remaining_public_100_filetest.gno	Remaining launch withdraw index=33 n=100	execution-segment-repricing	7562826	7544829	-17997	-2276	-2276	0	-12084	0	0	227600	227600	0	-17.997	-17.997	0.000000	-0.000018	-0.000018
launchpad_remaining_public_100_filetest.gno	Remaining launch withdraw index=34 n=100	execution-segment-repricing	7560415	7542418	-17997	-2276	-2276	0	-12084	0	0	227600	227600	0	-17.997	-17.997	0.000000	-0.000018	-0.000018
launchpad_remaining_public_100_filetest.gno	Remaining launch withdraw index=35 n=100	execution-segment-repricing	7558494	7540497	-17997	-2276	-2276	0	-12084	0	0	227600	227600	0	-17.997	-17.997	0.000000	-0.000018	-0.000018
launchpad_remaining_public_100_filetest.gno	Remaining launch withdraw index=36 n=100	execution-segment-repricing	7556818	7538821	-17997	-2276	-2276	0	-12084	0	0	227600	227600	0	-17.997	-17.997	0.000000	-0.000018	-0.000018
launchpad_remaining_public_100_filetest.gno	Remaining launch withdraw index=37 n=100	execution-segment-repricing	7551425	7533428	-17997	-2276	-2276	0	-12084	0	0	227600	227600	0	-17.997	-17.997	0.000000	-0.000018	-0.000018
launchpad_remaining_public_100_filetest.gno	Remaining launch withdraw index=38 n=100	execution-segment-repricing	7660068	7641975	-18093	-2276	-2276	0	-12084	0	0	227600	227600	0	-18.093	-18.093	0.000000	-0.000018	-0.000018
launchpad_remaining_public_100_filetest.gno	Remaining launch withdraw index=39 n=100	execution-segment-repricing	7658395	7640302	-18093	-2276	-2276	0	-12084	0	0	227600	227600	0	-18.093	-18.093	0.000000	-0.000018	-0.000018
launchpad_remaining_public_100_filetest.gno	Remaining launch withdraw index=40 n=100	execution-segment-repricing	7657454	7639361	-18093	-2276	-2276	0	-12084	0	0	227600	227600	0	-18.093	-18.093	0.000000	-0.000018	-0.000018
launchpad_remaining_public_100_filetest.gno	Remaining launch withdraw index=41 n=100	execution-segment-repricing	7655043	7636950	-18093	-2276	-2276	0	-12084	0	0	227600	227600	0	-18.093	-18.093	0.000000	-0.000018	-0.000018
launchpad_remaining_public_100_filetest.gno	Remaining launch withdraw index=42 n=100	execution-segment-repricing	7654102	7636009	-18093	-2276	-2276	0	-12084	0	0	227600	227600	0	-18.093	-18.093	0.000000	-0.000018	-0.000018
launchpad_remaining_public_100_filetest.gno	Remaining launch withdraw index=43 n=100	execution-segment-repricing	7652426	7634333	-18093	-2276	-2276	0	-12084	0	0	227600	227600	0	-18.093	-18.093	0.000000	-0.000018	-0.000018
launchpad_remaining_public_100_filetest.gno	Remaining launch withdraw index=44 n=100	execution-segment-repricing	7649280	7631187	-18093	-2276	-2276	0	-12084	0	0	227600	227600	0	-18.093	-18.093	0.000000	-0.000018	-0.000018
launchpad_remaining_public_100_filetest.gno	Remaining launch withdraw index=45 n=100	execution-segment-repricing	7652029	7633957	-18072	-5755	-5748	7	-12084	0	0	575500	574800	700	-18.072	681.928	+0.000700	-0.000018	+0.000682
launchpad_remaining_public_100_filetest.gno	Remaining launch withdraw index=46 n=100	execution-segment-repricing	7556752	7538680	-18072	-2278	-2276	2	-12084	0	0	227800	227600	200	-18.072	181.928	+0.000200	-0.000018	+0.000182
launchpad_remaining_public_100_filetest.gno	Remaining launch withdraw index=47 n=100	execution-segment-repricing	7555175	7537004	-18171	-2291	-2276	15	-12084	0	0	229100	227600	1500	-18.171	1481.829	+0.001500	-0.000018	+0.001482
launchpad_remaining_public_100_filetest.gno	Remaining launch withdraw index=48 n=100	execution-segment-repricing	7553487	7535328	-18159	-2291	-2276	15	-12084	0	0	229100	227600	1500	-18.159	1481.841	+0.001500	-0.000018	+0.001482
launchpad_remaining_public_100_filetest.gno	Remaining launch withdraw index=49 n=100	execution-segment-repricing	7552534	7534387	-18147	-2291	-2276	15	-12084	0	0	229100	227600	1500	-18.147	1481.853	+0.001500	-0.000018	+0.001482
launchpad_remaining_public_100_filetest.gno	Remaining launch refund after-withdraw n=100	execution-segment-repricing	3155780	3062249	-93531	0	0	0	-78546	600	600	600	600	0	-93.531	-93.531	0.000000	-0.000094	-0.000094
launchpad_remaining_public_100_filetest.gno	Remaining launch withdraw index=50 n=100	execution-segment-repricing	7540122	7521987	-18135	-2285	-2270	15	-12084	0	0	228500	227000	1500	-18.135	1481.865	+0.001500	-0.000018	+0.001482
launchpad_remaining_public_100_filetest.gno	Remaining launch withdraw index=51 n=100	execution-segment-repricing	7550851	7532728	-18123	-2291	-2276	15	-12084	0	0	229100	227600	1500	-18.123	1481.877	+0.001500	-0.000018	+0.001482
launchpad_remaining_public_100_filetest.gno	Remaining launch withdraw index=52 n=100	execution-segment-repricing	7537982	7519871	-18111	-2291	-2276	15	-12084	0	0	229100	227600	1500	-18.111	1481.889	+0.001500	-0.000018	+0.001482
launchpad_remaining_public_100_filetest.gno	Remaining launch withdraw index=53 n=100	execution-segment-repricing	7644220	7626190	-18030	-2291	-2290	1	-12084	0	0	229100	229000	100	-18.03	81.97	+0.000100	-0.000018	+0.000082
launchpad_remaining_public_100_filetest.gno	Remaining launch withdraw index=54 n=100	execution-segment-repricing	7642532	7624523	-18009	-2291	-2290	1	-12084	0	0	229100	229000	100	-18.009	81.991	+0.000100	-0.000018	+0.000082
launchpad_remaining_public_100_filetest.gno	Remaining launch withdraw index=55 n=100	execution-segment-repricing	7641579	7623585	-17994	-2291	-2291	0	-12084	0	0	229100	229100	0	-17.994	-17.994	0.000000	-0.000018	-0.000018
launchpad_remaining_public_100_filetest.gno	Remaining launch withdraw index=56 n=100	execution-segment-repricing	7639156	7621162	-17994	-2291	-2291	0	-12084	0	0	229100	229100	0	-17.994	-17.994	0.000000	-0.000018	-0.000018
launchpad_remaining_public_100_filetest.gno	Remaining launch withdraw index=57 n=100	execution-segment-repricing	7638203	7620209	-17994	-2291	-2291	0	-12084	0	0	229100	229100	0	-17.994	-17.994	0.000000	-0.000018	-0.000018
launchpad_remaining_public_100_filetest.gno	Remaining launch withdraw index=58 n=100	execution-segment-repricing	7644717	7626723	-17994	-2291	-2291	0	-12084	0	0	229100	229100	0	-17.994	-17.994	0.000000	-0.000018	-0.000018
launchpad_remaining_public_100_filetest.gno	Remaining launch withdraw index=59 n=100	execution-segment-repricing	7646308	7628314	-17994	-5770	-5770	0	-12084	0	0	577000	577000	0	-17.994	-17.994	0.000000	-0.000018	-0.000018
launchpad_remaining_public_100_filetest.gno	Remaining launch withdraw index=60 n=100	execution-segment-repricing	7540271	7522277	-17994	-2291	-2291	0	-12084	0	0	229100	229100	0	-17.994	-17.994	0.000000	-0.000018	-0.000018
launchpad_remaining_public_100_filetest.gno	Remaining launch withdraw index=61 n=100	execution-segment-repricing	7538583	7520589	-17994	-2291	-2291	0	-12084	0	0	229100	229100	0	-17.994	-17.994	0.000000	-0.000018	-0.000018
launchpad_remaining_public_100_filetest.gno	Remaining launch withdraw index=62 n=100	execution-segment-repricing	7537630	7519636	-17994	-2291	-2291	0	-12084	0	0	229100	229100	0	-17.994	-17.994	0.000000	-0.000018	-0.000018
launchpad_remaining_public_100_filetest.gno	Remaining launch withdraw index=63 n=100	execution-segment-repricing	7535207	7517213	-17994	-2291	-2291	0	-12084	0	0	229100	229100	0	-17.994	-17.994	0.000000	-0.000018	-0.000018
launchpad_remaining_public_100_filetest.gno	Remaining launch withdraw index=64 n=100	execution-segment-repricing	7533274	7515280	-17994	-2291	-2291	0	-12084	0	0	229100	229100	0	-17.994	-17.994	0.000000	-0.000018	-0.000018
launchpad_remaining_public_100_filetest.gno	Remaining launch withdraw index=65 n=100	execution-segment-repricing	7531586	7513592	-17994	-2291	-2291	0	-12084	0	0	229100	229100	0	-17.994	-17.994	0.000000	-0.000018	-0.000018
launchpad_remaining_public_100_filetest.gno	Remaining launch withdraw index=66 n=100	execution-segment-repricing	7516512	7498518	-17994	-2291	-2291	0	-12084	0	0	229100	229100	0	-17.994	-17.994	0.000000	-0.000018	-0.000018
launchpad_remaining_public_100_filetest.gno	Remaining launch withdraw index=67 n=100	execution-segment-repricing	7623674	7605680	-17994	-5770	-5770	0	-12084	0	0	577000	577000	0	-17.994	-17.994	0.000000	-0.000018	-0.000018
launchpad_remaining_public_100_filetest.gno	Remaining launch withdraw index=68 n=100	execution-segment-repricing	7530713	7512719	-17994	-2291	-2291	0	-12084	0	0	229100	229100	0	-17.994	-17.994	0.000000	-0.000018	-0.000018
launchpad_remaining_public_100_filetest.gno	Remaining launch withdraw index=69 n=100	execution-segment-repricing	7529760	7511766	-17994	-2291	-2291	0	-12084	0	0	229100	229100	0	-17.994	-17.994	0.000000	-0.000018	-0.000018
launchpad_remaining_public_100_filetest.gno	Remaining launch withdraw index=70 n=100	execution-segment-repricing	7527340	7509346	-17994	-2291	-2291	0	-12084	0	0	229100	229100	0	-17.994	-17.994	0.000000	-0.000018	-0.000018
launchpad_remaining_public_100_filetest.gno	Remaining launch withdraw index=71 n=100	execution-segment-repricing	7526387	7508393	-17994	-2291	-2291	0	-12084	0	0	229100	229100	0	-17.994	-17.994	0.000000	-0.000018	-0.000018
launchpad_remaining_public_100_filetest.gno	Remaining launch withdraw index=72 n=100	execution-segment-repricing	7523719	7505725	-17994	-2291	-2291	0	-12084	0	0	229100	229100	0	-17.994	-17.994	0.000000	-0.000018	-0.000018
launchpad_remaining_public_100_filetest.gno	Remaining launch withdraw index=73 n=100	execution-segment-repricing	7538432	7520438	-17994	-2291	-2291	0	-12084	0	0	229100	229100	0	-17.994	-17.994	0.000000	-0.000018	-0.000018
launchpad_remaining_public_100_filetest.gno	Remaining launch withdraw index=74 n=100	execution-segment-repricing	7525563	7507569	-17994	-2291	-2291	0	-12084	0	0	229100	229100	0	-17.994	-17.994	0.000000	-0.000018	-0.000018
launchpad_remaining_public_100_filetest.gno	Remaining launch withdraw index=75 n=100	execution-segment-repricing	7631765	7613771	-17994	-2291	-2291	0	-12084	0	0	229100	229100	0	-17.994	-17.994	0.000000	-0.000018	-0.000018
launchpad_remaining_public_100_filetest.gno	Remaining launch withdraw index=76 n=100	execution-segment-repricing	7630077	7612083	-17994	-2291	-2291	0	-12084	0	0	229100	229100	0	-17.994	-17.994	0.000000	-0.000018	-0.000018
launchpad_remaining_public_100_filetest.gno	Remaining launch withdraw index=77 n=100	execution-segment-repricing	7629124	7611130	-17994	-2291	-2291	0	-12084	0	0	229100	229100	0	-17.994	-17.994	0.000000	-0.000018	-0.000018
launchpad_remaining_public_100_filetest.gno	Remaining launch withdraw index=78 n=100	execution-segment-repricing	7627433	7609439	-17994	-2291	-2291	0	-12084	0	0	229100	229100	0	-17.994	-17.994	0.000000	-0.000018	-0.000018
launchpad_remaining_public_100_filetest.gno	Remaining launch withdraw index=79 n=100	execution-segment-repricing	7625748	7607754	-17994	-2291	-2291	0	-12084	0	0	229100	229100	0	-17.994	-17.994	0.000000	-0.000018	-0.000018
launchpad_remaining_public_100_filetest.gno	Remaining launch withdraw index=80 n=100	execution-segment-repricing	7632262	7614268	-17994	-2291	-2291	0	-12084	0	0	229100	229100	0	-17.994	-17.994	0.000000	-0.000018	-0.000018
launchpad_remaining_public_100_filetest.gno	Remaining launch withdraw index=81 n=100	execution-segment-repricing	7631561	7613567	-17994	-5770	-5770	0	-12084	0	0	577000	577000	0	-17.994	-17.994	0.000000	-0.000018	-0.000018
launchpad_remaining_public_100_filetest.gno	Remaining launch withdraw index=82 n=100	execution-segment-repricing	7536789	7518795	-17994	-2291	-2291	0	-12084	0	0	229100	229100	0	-17.994	-17.994	0.000000	-0.000018	-0.000018
launchpad_remaining_public_100_filetest.gno	Remaining launch withdraw index=83 n=100	execution-segment-repricing	7535836	7517842	-17994	-2291	-2291	0	-12084	0	0	229100	229100	0	-17.994	-17.994	0.000000	-0.000018	-0.000018
launchpad_remaining_public_100_filetest.gno	Remaining launch withdraw index=84 n=100	execution-segment-repricing	7533413	7515419	-17994	-2291	-2291	0	-12084	0	0	229100	229100	0	-17.994	-17.994	0.000000	-0.000018	-0.000018
launchpad_remaining_public_100_filetest.gno	Remaining launch withdraw index=85 n=100	execution-segment-repricing	7532460	7514466	-17994	-2291	-2291	0	-12084	0	0	229100	229100	0	-17.994	-17.994	0.000000	-0.000018	-0.000018
launchpad_remaining_public_100_filetest.gno	Remaining launch withdraw index=86 n=100	execution-segment-repricing	7529792	7511798	-17994	-2291	-2291	0	-12084	0	0	229100	229100	0	-17.994	-17.994	0.000000	-0.000018	-0.000018
launchpad_remaining_public_100_filetest.gno	Remaining launch withdraw index=87 n=100	execution-segment-repricing	7528839	7510845	-17994	-2291	-2291	0	-12084	0	0	229100	229100	0	-17.994	-17.994	0.000000	-0.000018	-0.000018
launchpad_remaining_public_100_filetest.gno	Remaining launch withdraw index=88 n=100	execution-segment-repricing	7514497	7496503	-17994	-2291	-2291	0	-12084	0	0	229100	229100	0	-17.994	-17.994	0.000000	-0.000018	-0.000018
launchpad_remaining_public_100_filetest.gno	Remaining launch withdraw index=89 n=100	execution-segment-repricing	7602614	7584620	-17994	-8913	-8913	0	-12084	0	0	891300	891300	0	-17.994	-17.994	0.000000	-0.000018	-0.000018
launchpad_remaining_public_100_filetest.gno	Remaining launch withdraw index=90 n=100	execution-segment-repricing	7458273	7440279	-17994	-2291	-2291	0	-12084	0	0	229100	229100	0	-17.994	-17.994	0.000000	-0.000018	-0.000018
launchpad_remaining_public_100_filetest.gno	Remaining launch withdraw index=91 n=100	execution-segment-repricing	7455850	7437856	-17994	-2291	-2291	0	-12084	0	0	229100	229100	0	-17.994	-17.994	0.000000	-0.000018	-0.000018
launchpad_remaining_public_100_filetest.gno	Remaining launch withdraw index=92 n=100	execution-segment-repricing	7442981	7424987	-17994	-2291	-2291	0	-12084	0	0	229100	229100	0	-17.994	-17.994	0.000000	-0.000018	-0.000018
launchpad_remaining_public_100_filetest.gno	Remaining launch withdraw index=93 n=100	execution-segment-repricing	7441293	7423299	-17994	-2291	-2291	0	-12084	0	0	229100	229100	0	-17.994	-17.994	0.000000	-0.000018	-0.000018
launchpad_remaining_public_100_filetest.gno	Remaining launch withdraw index=94 n=100	execution-segment-repricing	7420509	7402515	-17994	-2291	-2291	0	-12084	0	0	229100	229100	0	-17.994	-17.994	0.000000	-0.000018	-0.000018
launchpad_remaining_public_100_filetest.gno	Remaining launch withdraw index=95 n=100	execution-segment-repricing	7506046	7488043	-18003	-2285	-2285	0	-12084	0	0	228500	228500	0	-18.003	-18.003	0.000000	-0.000018	-0.000018
launchpad_remaining_public_100_filetest.gno	Remaining launch withdraw index=96 n=100	execution-segment-repricing	7493418	7475415	-18003	-2285	-2285	0	-12084	0	0	228500	228500	0	-18.003	-18.003	0.000000	-0.000018	-0.000018
launchpad_remaining_public_100_filetest.gno	Remaining launch withdraw index=97 n=100	execution-segment-repricing	7479814	7461811	-18003	-2285	-2285	0	-12084	0	0	228500	228500	0	-18.003	-18.003	0.000000	-0.000018	-0.000018
launchpad_remaining_public_100_filetest.gno	Remaining launch withdraw index=98 n=100	execution-segment-repricing	7518409	7500406	-18003	-2285	-2285	0	-12084	0	0	228500	228500	0	-18.003	-18.003	0.000000	-0.000018	-0.000018
launchpad_remaining_public_100_filetest.gno	Remaining launch withdraw index=99 n=100	execution-segment-repricing	7524863	7506860	-18003	-2285	-2285	0	-12084	0	0	228500	228500	0	-18.003	-18.003	0.000000	-0.000018	-0.000018
launchpad_remaining_public_100_filetest.gno	Remaining launch withdraw seed n=100	execution-segment-repricing	7285633	7267639	-17994	-8814	-8814	0	-12084	0	0	881400	881400	0	-17.994	-17.994	0.000000	-0.000018	-0.000018
launchpad_remaining_public_10_filetest.gno	Remaining launch allocation n=10	execution-segment-repricing	6263679	6531042	267363	32749	30304	-2445	266721	3274900	3030400	0	0	-244500	267.363	-244232.637	-0.244500	+0.000267	-0.244233
launchpad_remaining_public_10_filetest.gno	Remaining launch deposit seed n=10	execution-segment-repricing	9217364	9208385	-8979	25327	25327	0	-6042	2532700	2532700	0	0	0	-8.979	-8.979	0.000000	-0.000009	-0.000009
launchpad_remaining_public_10_filetest.gno	Remaining launch deposit index=0 n=10	execution-segment-repricing	8677665	8668686	-8979	2027	2027	0	-6042	407000	407000	204300	204300	0	-8.979	-8.979	0.000000	-0.000009	-0.000009
launchpad_remaining_public_10_filetest.gno	Remaining launch deposit index=1 n=10	execution-segment-repricing	8671945	8662966	-8979	1883	1883	0	-6042	392600	392600	204300	204300	0	-8.979	-8.979	0.000000	-0.000009	-0.000009
launchpad_remaining_public_10_filetest.gno	Remaining launch deposit index=2 n=10	execution-segment-repricing	8678846	8669867	-8979	1883	1883	0	-6042	392600	392600	204300	204300	0	-8.979	-8.979	0.000000	-0.000009	-0.000009
launchpad_remaining_public_10_filetest.gno	Remaining launch deposit index=3 n=10	execution-segment-repricing	8679301	8670322	-8979	1883	1883	0	-6042	392600	392600	204300	204300	0	-8.979	-8.979	0.000000	-0.000009	-0.000009
launchpad_remaining_public_10_filetest.gno	Remaining launch deposit index=4 n=10	execution-segment-repricing	8684286	8675307	-8979	1883	1883	0	-6042	392600	392600	204300	204300	0	-8.979	-8.979	0.000000	-0.000009	-0.000009
launchpad_remaining_public_10_filetest.gno	Remaining launch deposit index=5 n=10	execution-segment-repricing	8685228	8676249	-8979	1883	1883	0	-6042	392600	392600	204300	204300	0	-8.979	-8.979	0.000000	-0.000009	-0.000009
launchpad_remaining_public_10_filetest.gno	Remaining launch deposit index=6 n=10	execution-segment-repricing	8692616	8683637	-8979	1883	1883	0	-6042	392600	392600	204300	204300	0	-8.979	-8.979	0.000000	-0.000009	-0.000009
launchpad_remaining_public_10_filetest.gno	Remaining launch deposit index=7 n=10	execution-segment-repricing	8693071	8684092	-8979	1883	1883	0	-6042	392600	392600	204300	204300	0	-8.979	-8.979	0.000000	-0.000009	-0.000009
launchpad_remaining_public_10_filetest.gno	Remaining launch deposit index=8 n=10	execution-segment-repricing	8722638	8713659	-8979	1982	1982	0	-6042	402500	402500	204300	204300	0	-8.979	-8.979	0.000000	-0.000009	-0.000009
launchpad_remaining_public_10_filetest.gno	Remaining launch deposit index=9 n=10	execution-segment-repricing	8717724	8708745	-8979	1886	1886	0	-6042	392900	392900	204300	204300	0	-8.979	-8.979	0.000000	-0.000009	-0.000009
launchpad_remaining_public_10_filetest.gno	Remaining launch query getters n=10	query-computation-only	4663169	4803739	140570	0	0	0	67801	0	0	0	0	0	0	0	0.000000	0.000000	0.000000
launchpad_remaining_public_10_filetest.gno	Remaining launch claim index=0 n=10	execution-segment-repricing	3351933	3342954	-8979	2046	2046	0	-6042	204600	204600	0	0	0	-8.979	-8.979	0.000000	-0.000009	-0.000009
launchpad_remaining_public_10_filetest.gno	Remaining launch claim index=1 n=10	execution-segment-repricing	2997297	2988318	-8979	12	12	0	-6042	1200	1200	0	0	0	-8.979	-8.979	0.000000	-0.000009	-0.000009
launchpad_remaining_public_10_filetest.gno	Remaining launch claim index=2 n=10	execution-segment-repricing	2985385	2976406	-8979	12	12	0	-6042	1200	1200	0	0	0	-8.979	-8.979	0.000000	-0.000009	-0.000009
launchpad_remaining_public_10_filetest.gno	Remaining launch claim index=3 n=10	execution-segment-repricing	2996317	2987338	-8979	12	12	0	-6042	1200	1200	0	0	0	-8.979	-8.979	0.000000	-0.000009	-0.000009
launchpad_remaining_public_10_filetest.gno	Remaining launch claim index=4 n=10	execution-segment-repricing	2997297	2988318	-8979	12	12	0	-6042	1200	1200	0	0	0	-8.979	-8.979	0.000000	-0.000009	-0.000009
launchpad_remaining_public_10_filetest.gno	Remaining launch claim index=5 n=10	execution-segment-repricing	2985385	2976406	-8979	12	12	0	-6042	1200	1200	0	0	0	-8.979	-8.979	0.000000	-0.000009	-0.000009
launchpad_remaining_public_10_filetest.gno	Remaining launch claim index=6 n=10	execution-segment-repricing	2997297	2988318	-8979	12	12	0	-6042	1200	1200	0	0	0	-8.979	-8.979	0.000000	-0.000009	-0.000009
launchpad_remaining_public_10_filetest.gno	Remaining launch claim index=7 n=10	execution-segment-repricing	2998334	2989355	-8979	31	31	0	-6042	3100	3100	0	0	0	-8.979	-8.979	0.000000	-0.000009	-0.000009
launchpad_remaining_public_10_filetest.gno	Remaining launch claim index=8 n=10	execution-segment-repricing	2996410	2987431	-8979	26	26	0	-6042	2600	2600	0	0	0	-8.979	-8.979	0.000000	-0.000009	-0.000009
launchpad_remaining_public_10_filetest.gno	Remaining launch claim index=9 n=10	execution-segment-repricing	2984498	2975519	-8979	18	18	0	-6042	1800	1800	0	0	0	-8.979	-8.979	0.000000	-0.000009	-0.000009
launchpad_remaining_public_10_filetest.gno	Remaining launch claim repeated-accrued n=10	execution-segment-repricing	3320575	3311596	-8979	2	2	0	-6042	200	200	0	0	0	-8.979	-8.979	0.000000	-0.000009	-0.000009
launchpad_remaining_public_10_filetest.gno	Remaining launch claim repeated-zero-time n=10	execution-segment-repricing	2369716	2363062	-6654	0	0	0	-6042	0	0	0	0	0	-6.654	-6.654	0.000000	-0.000007	-0.000007
launchpad_remaining_public_10_filetest.gno	Remaining launch refund before-withdraw n=10	execution-segment-repricing	6398185	6304708	-93477	2045	2045	0	-78546	205100	205100	600	600	0	-93.477	-93.477	0.000000	-0.000093	-0.000093
launchpad_remaining_public_10_filetest.gno	Remaining launch withdraw index=0 n=10	execution-segment-repricing	7695652	7677694	-17958	-226	-226	0	-12084	204300	204300	226900	226900	0	-17.958	-17.958	0.000000	-0.000018	-0.000018
launchpad_remaining_public_10_filetest.gno	Remaining launch withdraw index=1 n=10	execution-segment-repricing	7514087	7496129	-17958	-2269	-2269	0	-12084	600	600	227500	227500	0	-17.958	-17.958	0.000000	-0.000018	-0.000018
launchpad_remaining_public_10_filetest.gno	Remaining launch withdraw index=2 n=10	execution-segment-repricing	7490776	7472818	-17958	-2275	-2275	0	-12084	0	0	227500	227500	0	-17.958	-17.958	0.000000	-0.000018	-0.000018
launchpad_remaining_public_10_filetest.gno	Remaining launch withdraw index=3 n=10	execution-segment-repricing	7496510	7478552	-17958	-2275	-2275	0	-12084	0	0	227500	227500	0	-17.958	-17.958	0.000000	-0.000018	-0.000018
launchpad_remaining_public_10_filetest.gno	Remaining launch withdraw index=4 n=10	execution-segment-repricing	7495760	7477802	-17958	-2275	-2275	0	-12084	0	0	227500	227500	0	-17.958	-17.958	0.000000	-0.000018	-0.000018
launchpad_remaining_public_10_filetest.gno	Remaining launch refund after-withdraw n=10	execution-segment-repricing	3145839	3052362	-93477	-6	-6	0	-78546	0	0	600	600	0	-93.477	-93.477	0.000000	-0.000093	-0.000093
launchpad_remaining_public_10_filetest.gno	Remaining launch withdraw index=5 n=10	execution-segment-repricing	7481292	7463334	-17958	-2269	-2269	0	-12084	0	0	226900	226900	0	-17.958	-17.958	0.000000	-0.000018	-0.000018
launchpad_remaining_public_10_filetest.gno	Remaining launch withdraw index=6 n=10	execution-segment-repricing	7485800	7467842	-17958	-2261	-2261	0	-12084	1400	1400	227500	227500	0	-17.958	-17.958	0.000000	-0.000018	-0.000018
launchpad_remaining_public_10_filetest.gno	Remaining launch withdraw index=7 n=10	execution-segment-repricing	7472203	7454245	-17958	-2260	-2260	0	-12084	1500	1500	227500	227500	0	-17.958	-17.958	0.000000	-0.000018	-0.000018
launchpad_remaining_public_10_filetest.gno	Remaining launch withdraw index=8 n=10	execution-segment-repricing	7470812	7452854	-17958	-2270	-2270	0	-12084	0	0	227000	227000	0	-17.958	-17.958	0.000000	-0.000018	-0.000018
launchpad_remaining_public_10_filetest.gno	Remaining launch withdraw index=9 n=10	execution-segment-repricing	7459410	7441452	-17958	-2270	-2270	0	-12084	0	0	227000	227000	0	-17.958	-17.958	0.000000	-0.000018	-0.000018
launchpad_remaining_public_10_filetest.gno	Remaining launch withdraw seed n=10	execution-segment-repricing	7339963	7322005	-17958	-8582	-8582	0	-12084	0	0	858200	858200	0	-17.958	-17.958	0.000000	-0.000018	-0.000018
launchpad_remaining_public_1_filetest.gno	Remaining launch allocation n=1	execution-segment-repricing	6263679	6531042	267363	32749	30304	-2445	266721	3274900	3030400	0	0	-244500	267.363	-244232.637	-0.244500	+0.000267	-0.244233
launchpad_remaining_public_1_filetest.gno	Remaining launch deposit seed n=1	execution-segment-repricing	9217364	9208385	-8979	25327	25327	0	-6042	2532700	2532700	0	0	0	-8.979	-8.979	0.000000	-0.000009	-0.000009
launchpad_remaining_public_1_filetest.gno	Remaining launch deposit index=0 n=1	execution-segment-repricing	8677665	8668686	-8979	2027	2027	0	-6042	407000	407000	204300	204300	0	-8.979	-8.979	0.000000	-0.000009	-0.000009
launchpad_remaining_public_1_filetest.gno	Remaining launch query getters n=1	query-computation-only	3992091	4132661	140570	0	0	0	67801	0	0	0	0	0	0	0	0.000000	0.000000	0.000000
launchpad_remaining_public_1_filetest.gno	Remaining launch claim index=0 n=1	execution-segment-repricing	3319628	3310649	-8979	2052	2052	0	-6042	205200	205200	0	0	0	-8.979	-8.979	0.000000	-0.000009	-0.000009
launchpad_remaining_public_1_filetest.gno	Remaining launch claim repeated-accrued n=1	execution-segment-repricing	3292149	3283170	-8979	0	0	0	-6042	0	0	0	0	0	-8.979	-8.979	0.000000	-0.000009	-0.000009
launchpad_remaining_public_1_filetest.gno	Remaining launch claim repeated-zero-time n=1	execution-segment-repricing	2348054	2341400	-6654	0	0	0	-6042	0	0	0	0	0	-6.654	-6.654	0.000000	-0.000007	-0.000007
launchpad_remaining_public_1_filetest.gno	Remaining launch refund before-withdraw n=1	execution-segment-repricing	6416061	6322584	-93477	2028	2028	0	-78546	203400	203400	600	600	0	-93.477	-93.477	0.000000	-0.000093	-0.000093
launchpad_remaining_public_1_filetest.gno	Remaining launch withdraw index=0 n=1	execution-segment-repricing	7666610	7648652	-17958	-220	-220	0	-12084	204300	204300	226300	226300	0	-17.958	-17.958	0.000000	-0.000018	-0.000018
launchpad_remaining_public_1_filetest.gno	Remaining launch refund after-withdraw n=1	execution-segment-repricing	2768168	2701628	-66540	0	0	0	-60420	0	0	0	0	0	-66.54	-66.54	0.000000	-0.000067	-0.000067
launchpad_remaining_public_1_filetest.gno	Remaining launch withdraw seed n=1	execution-segment-repricing	7372252	7354294	-17958	-10413	-10413	0	-12084	0	0	1041300	1041300	0	-17.958	-17.958	0.000000	-0.000018	-0.000018
launchpad_transfer_left_from_project_filetest.gno	Launchpad TransferLeftFromProjectByAdmin	execution-segment-repricing	1268570	1175093	-93477	41	41	0	-78546	4100	4100	0	0	0	-93.477	-93.477	0.000000	-0.000093	-0.000093
pool_create_and_mint_filetest.gno	CreatePool	execution-segment-repricing	6718031	6718538	507	25361	25361	0	0	2536100	2536100	0	0	0	0.507	0.507	0.000000	+0.000001	+0.000001
pool_create_and_mint_filetest.gno	Mint (fee:3000, wide range)	execution-segment-repricing	31555821	31555824	3	22702	22702	0	0	2270200	2270200	0	0	0	0.003	0.003	0.000000	0.000000	0.000000
pool_swap_wugnot_gns_filetest.gno	Swap (gns -> wugnot, fee:500)	execution-segment-repricing	47051055	47051058	3	0	0	0	0	600	600	600	600	0	0.003	0.003	0.000000	0.000000	0.000000
position_decrease_liquidity_filetest.gno	DecreaseLiquidity	execution-segment-repricing	25630642	25630642	0	18	18	0	0	1800	1800	0	0	0	0	0	0.000000	0.000000	0.000000
position_increase_liquidity_filetest.gno	IncreaseLiquidity	execution-segment-repricing	23148004	23148004	0	-2084	-2084	0	0	5600	5600	214000	214000	0	0	0	0.000000	0.000000	0.000000
position_mint_filetest.gno	Mint (bar:foo:500)	execution-segment-repricing	29749968	29749971	3	22689	22689	0	0	2268900	2268900	0	0	0	0.003	0.003	0.000000	0.000000	0.000000
position_mint_with_gnot_filetest.gno	CollectFee (with unwrap)	execution-segment-repricing	7921566	7921569	3	44	44	0	0	4400	4400	0	0	0	0.003	0.003	0.000000	0.000000	0.000000
position_reposition_filetest.gno	DecreaseLiquidity (w. Remove)	execution-segment-repricing	22338548	22338551	3	62	62	0	0	6200	6200	0	0	0	0.003	0.003	0.000000	0.000000	0.000000
position_reposition_filetest.gno	Mint (reposition)	execution-segment-repricing	30576495	30576495	0	8619	8619	0	0	861900	861900	0	0	0	0	0	0.000000	0.000000	0.000000
position_stake_position_filetest.gno	SetPoolTier (tier 1)	execution-segment-repricing	4030471	4030471	0	47025	47025	0	0	4702500	4702500	0	0	0	0	0	0.000000	0.000000	0.000000
position_stake_position_filetest.gno	StakeToken	execution-segment-repricing	10617929	10617932	3	23393	23393	0	0	2445400	2445400	106100	106100	0	0.003	0.003	0.000000	0.000000	0.000000
raw_uint_tree_key_magnitude_filetest.gno	UintTree Set (0)	execution-segment-repricing	73225	75277	2052	0	0	0	0	0	0	0	0	0	2.052	2.052	0.000000	+0.000002	+0.000002
raw_uint_tree_key_magnitude_filetest.gno	UintTree Get (0)	execution-segment-repricing	56128	56128	0	0	0	0	0	0	0	0	0	0	0	0	0.000000	0.000000	0.000000
raw_uint_tree_key_magnitude_filetest.gno	UintTree Set (1)	execution-segment-repricing	57310	57310	0	0	0	0	0	0	0	0	0	0	0	0	0.000000	0.000000	0.000000
raw_uint_tree_key_magnitude_filetest.gno	UintTree Get (1)	execution-segment-repricing	56128	56128	0	0	0	0	0	0	0	0	0	0	0	0	0.000000	0.000000	0.000000
raw_uint_tree_key_magnitude_filetest.gno	UintTree Set (255)	execution-segment-repricing	57310	57310	0	0	0	0	0	0	0	0	0	0	0	0	0.000000	0.000000	0.000000
raw_uint_tree_key_magnitude_filetest.gno	UintTree Get (255)	execution-segment-repricing	56128	56128	0	0	0	0	0	0	0	0	0	0	0	0	0.000000	0.000000	0.000000
raw_uint_tree_key_magnitude_filetest.gno	UintTree Set (256)	execution-segment-repricing	57310	57310	0	0	0	0	0	0	0	0	0	0	0	0	0.000000	0.000000	0.000000
raw_uint_tree_key_magnitude_filetest.gno	UintTree Get (256)	execution-segment-repricing	56128	56128	0	0	0	0	0	0	0	0	0	0	0	0	0.000000	0.000000	0.000000
raw_uint_tree_key_magnitude_filetest.gno	UintTree Set (65535)	execution-segment-repricing	57310	57310	0	0	0	0	0	0	0	0	0	0	0	0	0.000000	0.000000	0.000000
raw_uint_tree_key_magnitude_filetest.gno	UintTree Get (65535)	execution-segment-repricing	56128	56128	0	0	0	0	0	0	0	0	0	0	0	0	0.000000	0.000000	0.000000
raw_uint_tree_key_magnitude_filetest.gno	UintTree Set (4294967295)	execution-segment-repricing	57310	57310	0	0	0	0	0	0	0	0	0	0	0	0	0.000000	0.000000	0.000000
raw_uint_tree_key_magnitude_filetest.gno	UintTree Get (4294967295)	execution-segment-repricing	56128	56128	0	0	0	0	0	0	0	0	0	0	0	0	0.000000	0.000000	0.000000
raw_uint_tree_key_magnitude_filetest.gno	UintTree Set (9223372036854775807)	execution-segment-repricing	57310	57310	0	0	0	0	0	0	0	0	0	0	0	0	0.000000	0.000000	0.000000
raw_uint_tree_key_magnitude_filetest.gno	UintTree Get (9223372036854775807)	execution-segment-repricing	56128	56128	0	0	0	0	0	0	0	0	0	0	0	0	0.000000	0.000000	0.000000
router_exact_in_single_swap_route_grc20_fee10000_filetest.gno	ExactInSingleSwapRoute(grc20) - fee:10000	execution-segment-repricing	26973823	26973829	6	9054	9054	0	0	906000	906000	600	600	0	0.006	0.006	0.000000	0.000000	0.000000
router_exact_in_single_swap_route_grc20_fee100_filetest.gno	ExactInSingleSwapRoute(grc20) - fee:100	execution-segment-repricing	31564543	31564549	6	9054	9054	0	0	906000	906000	600	600	0	0.006	0.006	0.000000	0.000000	0.000000
router_exact_in_single_swap_route_grc20_fee3000_filetest.gno	ExactInSingleSwapRoute(grc20) - fee:3000	execution-segment-repricing	27038160	27038166	6	9054	9054	0	0	906000	906000	600	600	0	0.006	0.006	0.000000	0.000000	0.000000
router_exact_in_single_swap_route_grc20_fee500_filetest.gno	ExactInSingleSwapRoute(grc20) - fee:500	execution-segment-repricing	26900397	26900403	6	9054	9054	0	0	906000	906000	600	600	0	0.006	0.006	0.000000	0.000000	0.000000
router_exact_in_swap_route_grc20_fee10000_filetest.gno	ExactInSwapRoute(grc20) - fee:10000	execution-segment-repricing	26212293	26212299	6	9054	9054	0	0	906000	906000	600	600	0	0.006	0.006	0.000000	0.000000	0.000000
router_exact_in_swap_route_grc20_fee100_filetest.gno	ExactInSwapRoute(grc20) - fee:100	execution-segment-repricing	30820317	30820323	6	9054	9054	0	0	906000	906000	600	600	0	0.006	0.006	0.000000	0.000000	0.000000
router_exact_in_swap_route_grc20_fee3000_filetest.gno	ExactInSwapRoute(grc20) - fee:3000	execution-segment-repricing	26285282	26285288	6	9054	9054	0	0	906000	906000	600	600	0	0.006	0.006	0.000000	0.000000	0.000000
router_exact_in_swap_route_grc20_fee500_filetest.gno	ExactInSwapRoute(grc20) - fee:500	execution-segment-repricing	26156171	26156177	6	9054	9054	0	0	906000	906000	600	600	0	0.006	0.006	0.000000	0.000000	0.000000
router_exact_out_single_swap_route_grc20_fee10000_filetest.gno	ExactOutSingleSwapRoute(grc20) - fee:10000	execution-segment-repricing	28806824	28806830	6	9054	9054	0	0	906000	906000	600	600	0	0.006	0.006	0.000000	0.000000	0.000000
router_exact_out_single_swap_route_grc20_fee100_filetest.gno	ExactOutSingleSwapRoute(grc20) - fee:100	execution-segment-repricing	33248320	33248326	6	9054	9054	0	0	906000	906000	600	600	0	0.006	0.006	0.000000	0.000000	0.000000
router_exact_out_single_swap_route_grc20_fee3000_filetest.gno	ExactOutSingleSwapRoute(grc20) - fee:3000	execution-segment-repricing	28747177	28747183	6	9054	9054	0	0	906000	906000	600	600	0	0.006	0.006	0.000000	0.000000	0.000000
router_exact_out_single_swap_route_grc20_fee500_filetest.gno	ExactOutSingleSwapRoute(grc20) - fee:500	execution-segment-repricing	28642962	28642968	6	9054	9054	0	0	906000	906000	600	600	0	0.006	0.006	0.000000	0.000000	0.000000
router_exact_out_swap_route_grc20_fee10000_filetest.gno	ExactOutSwapRoute(grc20) - fee:10000	execution-segment-repricing	28068329	28068335	6	9054	9054	0	0	906000	906000	600	600	0	0.006	0.006	0.000000	0.000000	0.000000
router_exact_out_swap_route_grc20_fee100_filetest.gno	ExactOutSwapRoute(grc20) - fee:100	execution-segment-repricing	32527129	32527135	6	9054	9054	0	0	906000	906000	600	600	0	0.006	0.006	0.000000	0.000000	0.000000
router_exact_out_swap_route_grc20_fee3000_filetest.gno	ExactOutSwapRoute(grc20) - fee:3000	execution-segment-repricing	28017334	28017340	6	9054	9054	0	0	906000	906000	600	600	0	0.006	0.006	0.000000	0.000000	0.000000
router_exact_out_swap_route_grc20_fee500_filetest.gno	ExactOutSwapRoute(grc20) - fee:500	execution-segment-repricing	27921771	27921777	6	9054	9054	0	0	906000	906000	600	600	0	0.006	0.006	0.000000	0.000000	0.000000
router_single_hop_route_filetest.gno	BuildSingleHopRoutePath	execution-segment-repricing	202459	204013	1554	0	0	0	0	0	0	0	0	0	1.554	1.554	0.000000	+0.000002	+0.000002
router_swap_multi_hop_filetest.gno	MultiHop ExactIn (2 hops)	execution-segment-repricing	52640746	52640752	6	9061	9061	0	0	907300	907300	1200	1200	0	0.006	0.006	0.000000	0.000000	0.000000
router_swap_multi_hop_filetest.gno	MultiHop ExactOut (2 hops)	execution-segment-repricing	73105182	73105182	0	76	76	0	0	7600	7600	0	0	0	0	0	0.000000	0.000000	0.000000
router_swap_multi_hop_filetest.gno	MultiHop ExactIn (3 hops)	execution-segment-repricing	72264029	72264029	0	33	33	0	0	4500	4500	1200	1200	0	0	0	0.000000	0.000000	0.000000
router_swap_multi_hop_filetest.gno	MultiHop ExactOut (3 hops)	execution-segment-repricing	110815944	110815944	0	0	0	0	0	0	0	0	0	0	0	0	0.000000	0.000000	0.000000
router_swap_multi_hop_filetest.gno	MultiRoute ExactIn (50:50 split)	execution-segment-repricing	71586063	71586063	0	0	0	0	0	600	600	600	600	0	0	0	0.000000	0.000000	0.000000
router_swap_multi_hop_filetest.gno	MultiRoute ExactOut (50:50 split)	execution-segment-repricing	96971305	96971305	0	4	4	0	0	400	400	0	0	0	0	0	0.000000	0.000000	0.000000
staker_collect_reward_filetest.gno	CollectReward (only Internal Reward)	execution-segment-repricing	13997438	13997438	0	11137	11137	0	0	1113700	1113700	0	0	0	0	0	0.000000	0.000000	0.000000
staker_collect_reward_filetest.gno	CollectReward 2nd (only Internal Reward)	execution-segment-repricing	13778831	13778831	0	40	40	0	0	4000	4000	0	0	0	0	0	0.000000	0.000000	0.000000
staker_collect_reward_incentive_token_count_filetest.gno	staker CollectReward (1 external-incentive token)	execution-segment-repricing	13624670	13624670	0	10026	10026	0	0	1002600	1002600	0	0	0	0	0	0.000000	0.000000	0.000000
staker_collect_reward_incentive_token_count_filetest.gno	staker CollectReward (2 external-incentive tokens)	execution-segment-repricing	20970488	20970488	0	4069	4069	0	0	406900	406900	0	0	0	0	0	0.000000	0.000000	0.000000
staker_collect_reward_incentive_token_count_filetest.gno	staker CollectReward (3 external-incentive tokens)	execution-segment-repricing	28630586	28630586	0	4502	4502	0	0	450200	450200	0	0	0	0	0	0.000000	0.000000	0.000000
staker_collect_reward_incentive_token_count_filetest.gno	staker CollectReward (4 external-incentive tokens)	execution-segment-repricing	36478899	36478899	0	5046	5046	0	0	504600	504600	0	0	0	0	0	0.000000	0.000000	0.000000
staker_collect_reward_position_growth_filetest.gno	storage growth: CollectReward 20 staked positions	execution-segment-repricing	15322698	15322698	0	62	62	0	0	6200	6200	0	0	0	0	0	0.000000	0.000000	0.000000
staker_collect_reward_position_growth_filetest.gno	storage growth: CollectReward 40 staked positions	execution-segment-repricing	15785077	15785077	0	0	0	0	0	0	0	0	0	0	0	0	0.000000	0.000000	0.000000
staker_collect_reward_position_growth_filetest.gno	storage growth: CollectReward 60 staked positions	execution-segment-repricing	15787567	15787567	0	0	0	0	0	0	0	0	0	0	0	0	0.000000	0.000000	0.000000
staker_collect_reward_position_growth_filetest.gno	storage growth: CollectReward 80 staked positions	execution-segment-repricing	15918844	15918844	0	0	0	0	0	0	0	0	0	0	0	0	0.000000	0.000000	0.000000
staker_collect_reward_position_growth_filetest.gno	storage growth: CollectReward 100 staked positions	execution-segment-repricing	15904575	15904575	0	0	0	0	0	0	0	0	0	0	0	0	0.000000	0.000000	0.000000
staker_collect_reward_with_external_rewards_1_filetest.gno	CollectReward With External Rewards (1 incentives)	execution-segment-repricing	22021186	22021186	0	14734	14734	0	0	1473400	1473400	0	0	0	0	0	0.000000	0.000000	0.000000
staker_collect_reward_with_external_rewards_1_filetest.gno	CollectReward With External Rewards 2nd (1 incentives)	execution-segment-repricing	21425192	21425192	0	31	31	0	0	3100	3100	0	0	0	0	0	0.000000	0.000000	0.000000
staker_collect_reward_with_external_rewards_5_filetest.gno	CollectReward With External Rewards (5 incentives)	execution-segment-repricing	53057905	53057905	0	28757	28757	0	0	2875700	2875700	0	0	0	0	0	0.000000	0.000000	0.000000
staker_collect_reward_with_external_rewards_5_filetest.gno	CollectReward With External Rewards 2nd (5 incentives)	execution-segment-repricing	51305551	51305551	0	52	52	0	0	5200	5200	0	0	0	0	0	0.000000	0.000000	0.000000
staker_collect_reward_with_warmup_range_filetest.gno	CollectReward with Warmup Range (30% ~ 30%)	execution-segment-repricing	14035434	14035434	0	11119	11119	0	0	1111900	1111900	0	0	0	0	0	0.000000	0.000000	0.000000
staker_collect_reward_with_warmup_range_filetest.gno	CollectReward with Warmup Range (30% ~ 50%)	execution-segment-repricing	16054353	16054353	0	58	58	0	0	5800	5800	0	0	0	0	0	0.000000	0.000000	0.000000
staker_collect_reward_with_warmup_range_filetest.gno	CollectReward with Warmup Range (30% ~ 70%)	execution-segment-repricing	18359219	18359219	0	18	18	0	0	1800	1800	0	0	0	0	0	0.000000	0.000000	0.000000
staker_collect_reward_with_warmup_range_filetest.gno	CollectReward with Warmup Range (30% ~ 100%)	execution-segment-repricing	20688012	20688012	0	18	18	0	0	1800	1800	0	0	0	0	0	0.000000	0.000000	0.000000
staker_collect_reward_with_warmup_range_filetest.gno	CollectReward with Warmup Range (100% ~)	execution-segment-repricing	13453682	13453682	0	-6	-6	0	0	0	0	600	600	0	0	0	0.000000	0.000000	0.000000
staker_collect_reward_with_warmup_range_filetest.gno	CollectReward with Warmup Range 2nd (100% ~)	execution-segment-repricing	13338329	13338329	0	0	0	0	0	0	0	0	0	0	0	0	0.000000	0.000000	0.000000
staker_create_external_incentive_filetest.gno	CreateExternalIncentive	execution-segment-repricing	3858805	3858805	0	66634	66634	0	0	6663400	6663400	0	0	0	0	0	0.000000	0.000000	0.000000
staker_end_external_incentive_filetest.gno	EndExternalIncentive	execution-segment-repricing	2312242	2312242	0	-1979	-1979	0	0	4500	4500	202400	202400	0	0	0	0.000000	0.000000	0.000000
staker_end_external_incentive_unclaimable100_filetest.gno	EndExternalIncentive (unclaimablePeriods=100)	execution-segment-repricing	2352154	2352154	0	147	147	0	0	14700	14700	0	0	0	0	0	0.000000	0.000000	0.000000
staker_end_external_incentive_unclaimable10_filetest.gno	EndExternalIncentive (unclaimablePeriods=10)	execution-segment-repricing	2301857	2301857	0	141	141	0	0	14100	14100	0	0	0	0	0	0.000000	0.000000	0.000000
staker_end_external_incentive_unclaimable50_filetest.gno	EndExternalIncentive (unclaimablePeriods=50)	execution-segment-repricing	2314287	2314287	0	141	141	0	0	14100	14100	0	0	0	0	0	0.000000	0.000000	0.000000
staker_halving_tick_cross_batch_10_filetest.gno	Swap (halving, 10 staked tick-crosses)	execution-segment-repricing	106403913	106403913	0	3729	3729	0	0	373500	373500	600	600	0	0	0	0.000000	0.000000	0.000000
staker_halving_tick_cross_batch_1_filetest.gno	Swap (halving, 1 staked tick-cross)	execution-segment-repricing	32197775	32197775	0	2813	2813	0	0	281900	281900	600	600	0	0	0	0.000000	0.000000	0.000000
staker_halving_tick_cross_batch_50_filetest.gno	Swap (halving, 50 staked tick-crosses)	execution-segment-repricing	445343810	445343810	0	7260	7260	0	0	726600	726600	600	600	0	0	0	0.000000	0.000000	0.000000
staker_tick_cross_batch_no_halving_10_filetest.gno	Swap (no halving, 10 staked tick-crosses)	execution-segment-repricing	94229033	94229033	0	-7110	-7110	0	0	40300	40300	751300	751300	0	0	0	0.000000	0.000000	0.000000
staker_tick_cross_batch_no_halving_1_filetest.gno	Swap (no halving, 1 staked tick-cross)	execution-segment-repricing	26002108	26002108	0	-7684	-7684	0	0	4500	4500	772900	772900	0	0	0	0.000000	0.000000	0.000000
staker_tick_cross_batch_no_halving_50_filetest.gno	Swap (no halving, 50 staked tick-crosses)	execution-segment-repricing	406594608	406594608	0	-5108	-5108	0	0	174600	174600	685400	685400	0	0	0	0.000000	0.000000	0.000000
version_manager_filetest.gno	RegisterInitializer (v1)	execution-segment-repricing	71548	71548	0	0	0	0	0	0	0	0	0	0	0	0	0.000000	0.000000	0.000000
version_manager_filetest.gno	RegisterInitializer (v2)	execution-segment-repricing	55268	55268	0	0	0	0	0	0	0	0	0	0	0	0	0.000000	0.000000	0.000000
