fixture	label	scope	baseline_gas	candidate_gas	gas_delta	baseline_net_bytes	candidate_net_bytes	storage_delta_bytes	cpu_delta	baseline_deposits_ugnot	candidate_deposits_ugnot	baseline_refunds_ugnot	candidate_refunds_ugnot	storage_delta_ugnot	gas_fee_delta_ugnot	net_delta_ugnot	storage_delta_gnot	gas_fee_delta_gnot	net_delta_gnot
common_filetest.gno	TickMathGetSqrtRatioAtTick (minTick)	execution-segment-repricing	1689865	1689865	0	0	0	0	0	0	0	0	0	0	0	0	0.000000	0.000000	0.000000
common_filetest.gno	TickMathGetSqrtRatioAtTick (maxTick)	execution-segment-repricing	2058854	2058854	0	0	0	0	0	0	0	0	0	0	0	0	0.000000	0.000000	0.000000
common_filetest.gno	TickMathGetSqrtRatioAtTick (zero)	execution-segment-repricing	334802	334802	0	0	0	0	0	0	0	0	0	0	0	0	0.000000	0.000000	0.000000
common_filetest.gno	TickMathGetSqrtRatioAtTick	execution-segment-repricing	1527883	1527883	0	0	0	0	0	0	0	0	0	0	0	0	0.000000	0.000000	0.000000
common_filetest.gno	TickMathGetTickAtSqrtRatio	execution-segment-repricing	3863554	3863554	0	0	0	0	0	0	0	0	0	0	0	0	0.000000	0.000000	0.000000
common_filetest.gno	GetLiquidityForAmounts	execution-segment-repricing	3211535	3211535	0	0	0	0	0	0	0	0	0	0	0	0	0.000000	0.000000	0.000000
common_filetest.gno	GetAmountsForLiquidity	execution-segment-repricing	2981525	2981525	0	0	0	0	0	0	0	0	0	0	0	0	0.000000	0.000000	0.000000
common_filetest.gno	LiquidityMathAddDelta (positive)	execution-segment-repricing	449547	449547	0	0	0	0	0	0	0	0	0	0	0	0	0.000000	0.000000	0.000000
common_filetest.gno	LiquidityMathAddDelta (negative)	execution-segment-repricing	471588	471588	0	0	0	0	0	0	0	0	0	0	0	0	0.000000	0.000000	0.000000
common_filetest.gno	LiquidityMathAddDelta	execution-segment-repricing	437865	437865	0	0	0	0	0	0	0	0	0	0	0	0	0.000000	0.000000	0.000000
gnsmath_filetest.gno	GetAmount0Delta	execution-segment-repricing	3631434	3631434	0	0	0	0	0	0	0	0	0	0	0	0	0.000000	0.000000	0.000000
gnsmath_filetest.gno	GetAmount1Delta	execution-segment-repricing	2329750	2329750	0	0	0	0	0	0	0	0	0	0	0	0	0.000000	0.000000	0.000000
gnsmath_filetest.gno	SwapMathComputeSwapStep	execution-segment-repricing	4232740	4232740	0	0	0	0	0	0	0	0	0	0	0	0	0.000000	0.000000	0.000000
gov_governance_propose_community_pool_spend_filetest.gno	Propose Community Pool Spend	execution-segment-repricing	2446348	2446348	0	20560	20560	0	0	2056000	2056000	0	0	0	0	0	0.000000	0.000000	0.000000
gov_governance_propose_parameter_change_filetest.gno	Propose Parameter Change	execution-segment-repricing	2992330	2992330	0	19532	19532	0	0	1953200	1953200	0	0	0	0	0	0.000000	0.000000	0.000000
gov_governance_propose_parameter_change_filetest.gno	Vote	execution-segment-repricing	1020769	1020769	0	4488	4488	0	0	448800	448800	0	0	0	0	0	0.000000	0.000000	0.000000
gov_governance_propose_parameter_change_filetest.gno	Execute	execution-segment-repricing	2528088	2528088	0	76	76	0	0	7600	7600	0	0	0	0	0	0.000000	0.000000	0.000000
gov_governance_propose_text_filetest.gno	Propose Text	execution-segment-repricing	1931909	1931909	0	18333	18333	0	0	1833300	1833300	0	0	0	0	0	0.000000	0.000000	0.000000
gov_governance_propose_text_with_incative_proposals_filetest.gno	Propose Text with Inactive: 100	execution-segment-repricing	2347937	2347937	0	8501	8501	0	0	850100	850100	0	0	0	0	0	0.000000	0.000000	0.000000
gov_staker_collect_gns_delegation100_withdraw1_filetest.gno	CollectUndelegatedGns (100 delegations, 1 withdraws)	execution-segment-repricing	25137447	25137447	0	0	0	0	0	0	0	0	0	0	0	0	0.000000	0.000000	0.000000
gov_staker_collect_gns_delegation10_withdraw10_filetest.gno	CollectUndelegatedGns (10 delegations, 10 withdraws)	execution-segment-repricing	4375919	4375919	0	0	0	0	0	0	0	0	0	0	0	0	0.000000	0.000000	0.000000
gov_staker_collect_gns_delegation10_withdraw1_filetest.gno	CollectUndelegatedGns (10 delegations, 1 withdraws)	execution-segment-repricing	2337329	2337329	0	0	0	0	0	0	0	0	0	0	0	0	0.000000	0.000000	0.000000
gov_staker_collect_gns_delegation10_withdraw50_filetest.gno	CollectUndelegatedGns (10 delegations, 50 withdraws)	execution-segment-repricing	13436619	13436619	0	18	18	0	0	1800	1800	0	0	0	0	0	0.000000	0.000000	0.000000
gov_staker_collect_gns_delegation10_withdraw5_filetest.gno	CollectUndelegatedGns (10 delegations, 5 withdraws)	execution-segment-repricing	3243369	3243369	0	0	0	0	0	0	0	0	0	0	0	0	0.000000	0.000000	0.000000
gov_staker_collect_gns_delegation1_withdraw10_filetest.gno	CollectUndelegatedGns (1 delegation, 10 withdraws)	execution-segment-repricing	611432	611432	0	0	0	0	0	0	0	0	0	0	0	0	0.000000	0.000000	0.000000
gov_staker_collect_gns_delegation1_withdraw1_filetest.gno	CollectUndelegatedGns (1 delegation, 1 withdraws)	execution-segment-repricing	407573	407573	0	0	0	0	0	0	0	0	0	0	0	0	0.000000	0.000000	0.000000
gov_staker_collect_gns_delegation1_withdraw50_filetest.gno	CollectUndelegatedGns (1 delegation, 50 withdraws)	execution-segment-repricing	1517472	1517472	0	0	0	0	0	0	0	0	0	0	0	0	0.000000	0.000000	0.000000
gov_staker_collect_gns_delegation1_withdraw5_filetest.gno	CollectUndelegatedGns (1 delegation, 5 withdraws)	execution-segment-repricing	498177	498177	0	0	0	0	0	0	0	0	0	0	0	0	0.000000	0.000000	0.000000
gov_staker_collect_reward_delegation100_withdraw1_filetest.gno	CollectReward (100 delegations, 1 withdraws)	execution-segment-repricing	3457355	3457355	0	2333	2333	0	0	243200	243200	9900	9900	0	0	0	0.000000	0.000000	0.000000
gov_staker_collect_reward_delegation10_withdraw10_filetest.gno	CollectReward (10 delegations, 10 withdraws)	execution-segment-repricing	3457265	3457265	0	2323	2323	0	0	242200	242200	9900	9900	0	0	0	0.000000	0.000000	0.000000
gov_staker_collect_reward_delegation10_withdraw1_filetest.gno	CollectReward (10 delegations, 1 withdraws)	execution-segment-repricing	3453477	3453477	0	2323	2323	0	0	242200	242200	9900	9900	0	0	0	0.000000	0.000000	0.000000
gov_staker_collect_reward_delegation10_withdraw50_filetest.gno	CollectReward (10 delegations, 50 withdraws)	execution-segment-repricing	3456198	3456198	0	2323	2323	0	0	242200	242200	9900	9900	0	0	0	0.000000	0.000000	0.000000
gov_staker_collect_reward_delegation10_withdraw5_filetest.gno	CollectReward (10 delegations, 5 withdraws)	execution-segment-repricing	3450274	3450274	0	2323	2323	0	0	242200	242200	9900	9900	0	0	0	0.000000	0.000000	0.000000
gov_staker_collect_reward_delegation1_withdraw10_filetest.gno	CollectReward (1 delegation, 10 withdraws)	execution-segment-repricing	3527397	3527397	0	2395	2395	0	0	249400	249400	9900	9900	0	0	0	0.000000	0.000000	0.000000
gov_staker_collect_reward_delegation1_withdraw1_filetest.gno	CollectReward (1 delegation, 1 withdraws)	execution-segment-repricing	3702983	3702983	0	2395	2395	0	0	249400	249400	9900	9900	0	0	0	0.000000	0.000000	0.000000
gov_staker_collect_reward_delegation1_withdraw50_filetest.gno	CollectReward (1 delegation, 50 withdraws)	execution-segment-repricing	3524194	3524194	0	2395	2395	0	0	249400	249400	9900	9900	0	0	0	0.000000	0.000000	0.000000
gov_staker_collect_reward_delegation1_withdraw5_filetest.gno	CollectReward (1 delegation, 5 withdraws)	execution-segment-repricing	3525351	3525351	0	2395	2395	0	0	249400	249400	9900	9900	0	0	0	0.000000	0.000000	0.000000
gov_staker_collect_reward_pf_token_count_filetest.gno	gov/staker CollectReward (1 protocol-fee tokens)	execution-segment-repricing	3710276	3710276	0	368	368	0	0	248900	248900	212100	212100	0	0	0	0.000000	0.000000	0.000000
gov_staker_collect_reward_pf_token_count_filetest.gno	gov/staker CollectReward (2 protocol-fee tokens)	execution-segment-repricing	5888205	5888205	0	-1860	-1860	0	0	238200	238200	424200	424200	0	0	0	0.000000	0.000000	0.000000
gov_staker_collect_reward_pf_token_count_filetest.gno	gov/staker CollectReward (3 protocol-fee tokens)	execution-segment-repricing	8186417	8186417	0	-3992	-3992	0	0	238200	238200	637400	637400	0	0	0	0.000000	0.000000	0.000000
gov_staker_collect_reward_pf_token_count_filetest.gno	gov/staker CollectReward (4 protocol-fee tokens)	execution-segment-repricing	10495832	10495832	0	-6122	-6122	0	0	238200	238200	850400	850400	0	0	0	0.000000	0.000000	0.000000
gov_staker_collect_reward_pf_token_count_filetest.gno	gov/staker CollectReward (4 protocol-fee tokens but zero amount)	execution-segment-repricing	1701190	1701190	0	0	0	0	0	0	0	0	0	0	0	0	0.000000	0.000000	0.000000
gov_staker_delegate_undelegate_filetest.gno	Delegate	execution-segment-repricing	4989756	4991820	2064	38285	38285	0	0	3828500	3828500	0	0	0	2.064	2.064	0.000000	+0.000002	+0.000002
gov_staker_delegate_undelegate_filetest.gno	Undelegate	execution-segment-repricing	2279200	2279200	0	840	840	0	0	84000	84000	0	0	0	0	0	0.000000	0.000000	0.000000
gov_staker_optimizations_filetest.gno	Undelegate (5 delegations, cached external calls)	execution-segment-repricing	9705646	9705646	0	3510	3510	0	0	351000	351000	0	0	0	0	0	0.000000	0.000000	0.000000
gov_staker_optimizations_filetest.gno	Delegate (cached external calls)	execution-segment-repricing	3046853	3046853	0	3210	3210	0	0	321000	321000	0	0	0	0	0	0.000000	0.000000	0.000000
gov_staker_optimizations_filetest.gno	Undelegate (early exit, 3 of 10 delegations)	execution-segment-repricing	6656620	6656620	0	2088	2088	0	0	208800	208800	0	0	0	0	0	0.000000	0.000000	0.000000
gov_staker_redelegate_filetest.gno	Redelegate	execution-segment-repricing	4363314	4363314	0	1423	1423	0	0	142300	142300	0	0	0	0	0	0.000000	0.000000	0.000000
gov_staker_redelegate_many_delegations_filetest.gno	Redelegate (50 of 100 delegations, optimized)	execution-segment-repricing	123363976	123363976	0	-118826	-118826	0	0	0	0	11882600	11882600	0	0	0	0.000000	0.000000	0.000000
gov_staker_undelegate_many_delegatees_filetest.gno	Undelegate (50 delegatees, large AVL traversal)	execution-segment-repricing	2459149	2459149	0	708	708	0	0	70800	70800	0	0	0	0	0	0.000000	0.000000	0.000000
launchpad_collect_deposit_gns_accumulation_filetest.gno	CollectDepositGns (deposit 1/5, remaining 4)	execution-segment-repricing	7721509	7721509	0	1850	1850	0	0	407700	407700	222700	222700	0	0	0	0.000000	0.000000	0.000000
launchpad_collect_deposit_gns_accumulation_filetest.gno	CollectDepositGns (deposit 2/5, remaining 3)	execution-segment-repricing	7380514	7380514	0	-2257	-2257	0	0	0	0	225700	225700	0	0	0	0.000000	0.000000	0.000000
launchpad_collect_deposit_gns_accumulation_filetest.gno	CollectDepositGns (deposit 3/5, remaining 2)	execution-segment-repricing	7354134	7354134	0	-2257	-2257	0	0	0	0	225700	225700	0	0	0	0.000000	0.000000	0.000000
launchpad_collect_deposit_gns_accumulation_filetest.gno	CollectDepositGns (deposit 4/5, remaining 1)	execution-segment-repricing	7359580	7359580	0	-2257	-2257	0	0	0	0	225700	225700	0	0	0	0.000000	0.000000	0.000000
launchpad_collect_deposit_gns_accumulation_filetest.gno	CollectDepositGns (deposit 5/5, remaining 0)	execution-segment-repricing	7231937	7231937	0	-8456	-8456	0	0	0	0	845600	845600	0	0	0	0.000000	0.000000	0.000000
launchpad_collect_deposit_gns_filetest.gno	Launchpad CollectDepositGns	execution-segment-repricing	7588751	7588751	0	-4155	-4155	0	0	213000	213000	628500	628500	0	0	0	0.000000	0.000000	0.000000
launchpad_collect_protocol_fee_1_token_filetest.gno	CollectProtocolFee (1 token)	execution-segment-repricing	3584812	3584812	0	4426	4426	0	0	451800	451800	9200	9200	0	0	0	0.000000	0.000000	0.000000
launchpad_collect_protocol_fee_2_tokens_filetest.gno	CollectProtocolFee (2 tokens)	execution-segment-repricing	5670124	5670124	0	8750	8750	0	0	892900	892900	17900	17900	0	0	0	0.000000	0.000000	0.000000
launchpad_collect_protocol_fee_5_tokens_filetest.gno	CollectProtocolFee (5 tokens)	execution-segment-repricing	11964755	11964755	0	21724	21724	0	0	2216200	2216200	43800	43800	0	0	0	0.000000	0.000000	0.000000
launchpad_collect_protocol_fee_filetest.gno	Launchpad CollectProtocolFee (tokens: 10)	execution-segment-repricing	22358495	22358495	0	43713	43713	0	0	4467700	4467700	96400	96400	0	0	0	0.000000	0.000000	0.000000
launchpad_collect_reward_filetest.gno	Launchpad CollectRewardByDepositId	execution-segment-repricing	3308430	3308430	0	2070	2070	0	0	207000	207000	0	0	0	0	0	0.000000	0.000000	0.000000
launchpad_create_project_filetest.gno	Create Launchpad Project	execution-segment-repricing	8550023	8551580	1557	33729	33729	0	0	3372900	3372900	0	0	0	1.557	1.557	0.000000	+0.000002	+0.000002
launchpad_deposit_gns_filetest.gno	Launchpad DepositGns	execution-segment-repricing	6420331	6420331	0	24246	24246	0	0	2531000	2531000	106400	106400	0	0	0	0.000000	0.000000	0.000000
launchpad_transfer_left_from_project_filetest.gno	Launchpad TransferLeftFromProjectByAdmin	execution-segment-repricing	1268570	1268570	0	41	41	0	0	4100	4100	0	0	0	0	0	0.000000	0.000000	0.000000
pool_create_and_mint_filetest.gno	CreatePool	execution-segment-repricing	6718031	6718538	507	25361	25361	0	0	2536100	2536100	0	0	0	0.507	0.507	0.000000	+0.000001	+0.000001
pool_create_and_mint_filetest.gno	Mint (fee:3000, wide range)	execution-segment-repricing	31555821	31555824	3	22702	22702	0	0	2270200	2270200	0	0	0	0.003	0.003	0.000000	0.000000	0.000000
pool_swap_wugnot_gns_filetest.gno	Swap (gns -> wugnot, fee:500)	execution-segment-repricing	47051055	47050920	-135	0	0	0	0	600	600	600	600	0	-0.135	-0.135	0.000000	0.000000	0.000000
position_decrease_liquidity_filetest.gno	DecreaseLiquidity	execution-segment-repricing	25630642	25630642	0	18	18	0	0	1800	1800	0	0	0	0	0	0.000000	0.000000	0.000000
position_increase_liquidity_filetest.gno	IncreaseLiquidity	execution-segment-repricing	23148004	23148004	0	-2084	-2084	0	0	5600	5600	214000	214000	0	0	0	0.000000	0.000000	0.000000
position_mint_filetest.gno	Mint (bar:foo:500)	execution-segment-repricing	29749968	29749971	3	22689	22689	0	0	2268900	2268900	0	0	0	0.003	0.003	0.000000	0.000000	0.000000
position_mint_with_gnot_filetest.gno	CollectFee (with unwrap)	execution-segment-repricing	7921566	7921431	-135	44	44	0	0	4400	4400	0	0	0	-0.135	-0.135	0.000000	0.000000	0.000000
position_reposition_filetest.gno	DecreaseLiquidity (w. Remove)	execution-segment-repricing	22338548	22338413	-135	62	62	0	0	6200	6200	0	0	0	-0.135	-0.135	0.000000	0.000000	0.000000
position_reposition_filetest.gno	Mint (reposition)	execution-segment-repricing	30576495	30576495	0	8619	8619	0	0	861900	861900	0	0	0	0	0	0.000000	0.000000	0.000000
position_stake_position_filetest.gno	SetPoolTier (tier 1)	execution-segment-repricing	4030471	4030333	-138	47025	47025	0	0	4702500	4702500	0	0	0	-0.138	-0.138	0.000000	0.000000	0.000000
position_stake_position_filetest.gno	StakeToken	execution-segment-repricing	10617929	10668652	50723	23393	22578	-815	49664	2445400	2363900	106100	106100	-81500	50.723	-81449.277	-0.081500	+0.000051	-0.081449
raw_uint_tree_key_magnitude_filetest.gno	UintTree Set (0)	execution-segment-repricing	73225	75277	2052	0	0	0	0	0	0	0	0	0	2.052	2.052	0.000000	+0.000002	+0.000002
raw_uint_tree_key_magnitude_filetest.gno	UintTree Get (0)	execution-segment-repricing	56128	56128	0	0	0	0	0	0	0	0	0	0	0	0	0.000000	0.000000	0.000000
raw_uint_tree_key_magnitude_filetest.gno	UintTree Set (1)	execution-segment-repricing	57310	57310	0	0	0	0	0	0	0	0	0	0	0	0	0.000000	0.000000	0.000000
raw_uint_tree_key_magnitude_filetest.gno	UintTree Get (1)	execution-segment-repricing	56128	56128	0	0	0	0	0	0	0	0	0	0	0	0	0.000000	0.000000	0.000000
raw_uint_tree_key_magnitude_filetest.gno	UintTree Set (255)	execution-segment-repricing	57310	57310	0	0	0	0	0	0	0	0	0	0	0	0	0.000000	0.000000	0.000000
raw_uint_tree_key_magnitude_filetest.gno	UintTree Get (255)	execution-segment-repricing	56128	56128	0	0	0	0	0	0	0	0	0	0	0	0	0.000000	0.000000	0.000000
raw_uint_tree_key_magnitude_filetest.gno	UintTree Set (256)	execution-segment-repricing	57310	57310	0	0	0	0	0	0	0	0	0	0	0	0	0.000000	0.000000	0.000000
raw_uint_tree_key_magnitude_filetest.gno	UintTree Get (256)	execution-segment-repricing	56128	56128	0	0	0	0	0	0	0	0	0	0	0	0	0.000000	0.000000	0.000000
raw_uint_tree_key_magnitude_filetest.gno	UintTree Set (65535)	execution-segment-repricing	57310	57310	0	0	0	0	0	0	0	0	0	0	0	0	0.000000	0.000000	0.000000
raw_uint_tree_key_magnitude_filetest.gno	UintTree Get (65535)	execution-segment-repricing	56128	56128	0	0	0	0	0	0	0	0	0	0	0	0	0.000000	0.000000	0.000000
raw_uint_tree_key_magnitude_filetest.gno	UintTree Set (4294967295)	execution-segment-repricing	57310	57310	0	0	0	0	0	0	0	0	0	0	0	0	0.000000	0.000000	0.000000
raw_uint_tree_key_magnitude_filetest.gno	UintTree Get (4294967295)	execution-segment-repricing	56128	56128	0	0	0	0	0	0	0	0	0	0	0	0	0.000000	0.000000	0.000000
raw_uint_tree_key_magnitude_filetest.gno	UintTree Set (9223372036854775807)	execution-segment-repricing	57310	57310	0	0	0	0	0	0	0	0	0	0	0	0	0.000000	0.000000	0.000000
raw_uint_tree_key_magnitude_filetest.gno	UintTree Get (9223372036854775807)	execution-segment-repricing	56128	56128	0	0	0	0	0	0	0	0	0	0	0	0	0.000000	0.000000	0.000000
remaining_staker_deposit_liquidity_filetest.gno	Remaining staker deposit liquidity allocation StakeToken	execution-segment-repricing	10675743	10726466	50723	23375	22560	-815	49664	2443600	2362100	106100	106100	-81500	50.723	-81449.277	-0.081500	+0.000051	-0.081449
remaining_staker_deposit_liquidity_filetest.gno	Remaining staker deposit liquidity repeat zero reward 1	execution-segment-repricing	2280074	2280074	0	30	30	0	0	3000	3000	0	0	0	0	0	0.000000	0.000000	0.000000
remaining_staker_deposit_liquidity_filetest.gno	Remaining staker deposit liquidity repeat accrued 1 call 1	execution-segment-repricing	13869873	14015621	145748	9060	9060	0	73843	906000	906000	0	0	0	145.748	145.748	0.000000	+0.000146	+0.000146
remaining_staker_deposit_liquidity_filetest.gno	Remaining staker deposit liquidity repeat accrued 10 call 1	execution-segment-repricing	13762917	13837400	74483	40	40	0	73843	4000	4000	0	0	0	74.483	74.483	0.000000	+0.000074	+0.000074
remaining_staker_deposit_liquidity_filetest.gno	Remaining staker deposit liquidity repeat accrued 10 call 2	execution-segment-repricing	13762654	13837137	74483	0	0	0	73843	0	0	0	0	0	74.483	74.483	0.000000	+0.000074	+0.000074
remaining_staker_deposit_liquidity_filetest.gno	Remaining staker deposit liquidity repeat accrued 10 call 3	execution-segment-repricing	13763141	13837624	74483	0	0	0	73843	0	0	0	0	0	74.483	74.483	0.000000	+0.000074	+0.000074
remaining_staker_deposit_liquidity_filetest.gno	Remaining staker deposit liquidity repeat accrued 10 call 4	execution-segment-repricing	13761680	13836163	74483	0	0	0	73843	0	0	0	0	0	74.483	74.483	0.000000	+0.000074	+0.000074
remaining_staker_deposit_liquidity_filetest.gno	Remaining staker deposit liquidity repeat accrued 10 call 5	execution-segment-repricing	13762167	13836650	74483	0	0	0	73843	0	0	0	0	0	74.483	74.483	0.000000	+0.000074	+0.000074
remaining_staker_deposit_liquidity_filetest.gno	Remaining staker deposit liquidity repeat accrued 10 call 6	execution-segment-repricing	13763141	13837624	74483	0	0	0	73843	0	0	0	0	0	74.483	74.483	0.000000	+0.000074	+0.000074
remaining_staker_deposit_liquidity_filetest.gno	Remaining staker deposit liquidity repeat accrued 10 call 7	execution-segment-repricing	13763141	13837624	74483	0	0	0	73843	0	0	0	0	0	74.483	74.483	0.000000	+0.000074	+0.000074
remaining_staker_deposit_liquidity_filetest.gno	Remaining staker deposit liquidity repeat accrued 10 call 8	execution-segment-repricing	13761680	13836163	74483	0	0	0	73843	0	0	0	0	0	74.483	74.483	0.000000	+0.000074	+0.000074
remaining_staker_deposit_liquidity_filetest.gno	Remaining staker deposit liquidity repeat accrued 10 call 9	execution-segment-repricing	13764976	13839459	74483	0	0	0	73843	0	0	0	0	0	74.483	74.483	0.000000	+0.000074	+0.000074
remaining_staker_deposit_liquidity_filetest.gno	Remaining staker deposit liquidity repeat accrued 10 call 10	execution-segment-repricing	13788934	13863417	74483	68	68	0	73843	6800	6800	0	0	0	74.483	74.483	0.000000	+0.000074	+0.000074
remaining_staker_deposit_liquidity_filetest.gno	Remaining staker deposit liquidity repeat accrued 100 call 1	execution-segment-repricing	13767630	13842113	74483	4	4	0	73843	400	400	0	0	0	74.483	74.483	0.000000	+0.000074	+0.000074
remaining_staker_deposit_liquidity_filetest.gno	Remaining staker deposit liquidity repeat accrued 100 call 2	execution-segment-repricing	13767385	13841868	74483	0	0	0	73843	0	0	0	0	0	74.483	74.483	0.000000	+0.000074	+0.000074
remaining_staker_deposit_liquidity_filetest.gno	Remaining staker deposit liquidity repeat accrued 100 call 3	execution-segment-repricing	13767385	13841868	74483	0	0	0	73843	0	0	0	0	0	74.483	74.483	0.000000	+0.000074	+0.000074
remaining_staker_deposit_liquidity_filetest.gno	Remaining staker deposit liquidity repeat accrued 100 call 4	execution-segment-repricing	13767385	13841868	74483	0	0	0	73843	0	0	0	0	0	74.483	74.483	0.000000	+0.000074	+0.000074
remaining_staker_deposit_liquidity_filetest.gno	Remaining staker deposit liquidity repeat accrued 100 call 5	execution-segment-repricing	13767385	13841868	74483	0	0	0	73843	0	0	0	0	0	74.483	74.483	0.000000	+0.000074	+0.000074
remaining_staker_deposit_liquidity_filetest.gno	Remaining staker deposit liquidity repeat accrued 100 call 6	execution-segment-repricing	13762629	13837112	74483	0	0	0	73843	0	0	0	0	0	74.483	74.483	0.000000	+0.000074	+0.000074
remaining_staker_deposit_liquidity_filetest.gno	Remaining staker deposit liquidity repeat accrued 100 call 7	execution-segment-repricing	13762142	13836625	74483	0	0	0	73843	0	0	0	0	0	74.483	74.483	0.000000	+0.000074	+0.000074
remaining_staker_deposit_liquidity_filetest.gno	Remaining staker deposit liquidity repeat accrued 100 call 8	execution-segment-repricing	13765437	13839920	74483	0	0	0	73843	0	0	0	0	0	74.483	74.483	0.000000	+0.000074	+0.000074
remaining_staker_deposit_liquidity_filetest.gno	Remaining staker deposit liquidity repeat accrued 100 call 9	execution-segment-repricing	13765924	13840407	74483	0	0	0	73843	0	0	0	0	0	74.483	74.483	0.000000	+0.000074	+0.000074
remaining_staker_deposit_liquidity_filetest.gno	Remaining staker deposit liquidity repeat accrued 100 call 10	execution-segment-repricing	13788870	13863353	74483	0	0	0	73843	0	0	0	0	0	74.483	74.483	0.000000	+0.000074	+0.000074
remaining_staker_deposit_liquidity_filetest.gno	Remaining staker deposit liquidity repeat accrued 100 call 11	execution-segment-repricing	13766898	13841381	74483	0	0	0	73843	0	0	0	0	0	74.483	74.483	0.000000	+0.000074	+0.000074
remaining_staker_deposit_liquidity_filetest.gno	Remaining staker deposit liquidity repeat accrued 100 call 12	execution-segment-repricing	13766898	13841381	74483	0	0	0	73843	0	0	0	0	0	74.483	74.483	0.000000	+0.000074	+0.000074
remaining_staker_deposit_liquidity_filetest.gno	Remaining staker deposit liquidity repeat accrued 100 call 13	execution-segment-repricing	13767385	13841868	74483	0	0	0	73843	0	0	0	0	0	74.483	74.483	0.000000	+0.000074	+0.000074
remaining_staker_deposit_liquidity_filetest.gno	Remaining staker deposit liquidity repeat accrued 100 call 14	execution-segment-repricing	13765924	13840407	74483	0	0	0	73843	0	0	0	0	0	74.483	74.483	0.000000	+0.000074	+0.000074
remaining_staker_deposit_liquidity_filetest.gno	Remaining staker deposit liquidity repeat accrued 100 call 15	execution-segment-repricing	13765437	13839920	74483	0	0	0	73843	0	0	0	0	0	74.483	74.483	0.000000	+0.000074	+0.000074
remaining_staker_deposit_liquidity_filetest.gno	Remaining staker deposit liquidity repeat accrued 100 call 16	execution-segment-repricing	13765924	13840407	74483	0	0	0	73843	0	0	0	0	0	74.483	74.483	0.000000	+0.000074	+0.000074
remaining_staker_deposit_liquidity_filetest.gno	Remaining staker deposit liquidity repeat accrued 100 call 17	execution-segment-repricing	13767921	13842404	74483	0	0	0	73843	0	0	0	0	0	74.483	74.483	0.000000	+0.000074	+0.000074
remaining_staker_deposit_liquidity_filetest.gno	Remaining staker deposit liquidity repeat accrued 100 call 18	execution-segment-repricing	13768408	13842891	74483	0	0	0	73843	0	0	0	0	0	74.483	74.483	0.000000	+0.000074	+0.000074
remaining_staker_deposit_liquidity_filetest.gno	Remaining staker deposit liquidity repeat accrued 100 call 19	execution-segment-repricing	13767434	13841917	74483	0	0	0	73843	0	0	0	0	0	74.483	74.483	0.000000	+0.000074	+0.000074
remaining_staker_deposit_liquidity_filetest.gno	Remaining staker deposit liquidity repeat accrued 100 call 20	execution-segment-repricing	13790380	13864863	74483	0	0	0	73843	0	0	0	0	0	74.483	74.483	0.000000	+0.000074	+0.000074
remaining_staker_deposit_liquidity_filetest.gno	Remaining staker deposit liquidity repeat accrued 100 call 21	execution-segment-repricing	13768408	13842891	74483	0	0	0	73843	0	0	0	0	0	74.483	74.483	0.000000	+0.000074	+0.000074
remaining_staker_deposit_liquidity_filetest.gno	Remaining staker deposit liquidity repeat accrued 100 call 22	execution-segment-repricing	13768408	13842891	74483	0	0	0	73843	0	0	0	0	0	74.483	74.483	0.000000	+0.000074	+0.000074
remaining_staker_deposit_liquidity_filetest.gno	Remaining staker deposit liquidity repeat accrued 100 call 23	execution-segment-repricing	13764626	13839109	74483	0	0	0	73843	0	0	0	0	0	74.483	74.483	0.000000	+0.000074	+0.000074
remaining_staker_deposit_liquidity_filetest.gno	Remaining staker deposit liquidity repeat accrued 100 call 24	execution-segment-repricing	13767921	13842404	74483	0	0	0	73843	0	0	0	0	0	74.483	74.483	0.000000	+0.000074	+0.000074
remaining_staker_deposit_liquidity_filetest.gno	Remaining staker deposit liquidity repeat accrued 100 call 25	execution-segment-repricing	13767921	13842404	74483	0	0	0	73843	0	0	0	0	0	74.483	74.483	0.000000	+0.000074	+0.000074
remaining_staker_deposit_liquidity_filetest.gno	Remaining staker deposit liquidity repeat accrued 100 call 26	execution-segment-repricing	13768408	13842891	74483	0	0	0	73843	0	0	0	0	0	74.483	74.483	0.000000	+0.000074	+0.000074
remaining_staker_deposit_liquidity_filetest.gno	Remaining staker deposit liquidity repeat accrued 100 call 27	execution-segment-repricing	13766947	13841430	74483	0	0	0	73843	0	0	0	0	0	74.483	74.483	0.000000	+0.000074	+0.000074
remaining_staker_deposit_liquidity_filetest.gno	Remaining staker deposit liquidity repeat accrued 100 call 28	execution-segment-repricing	13766460	13840943	74483	0	0	0	73843	0	0	0	0	0	74.483	74.483	0.000000	+0.000074	+0.000074
remaining_staker_deposit_liquidity_filetest.gno	Remaining staker deposit liquidity repeat accrued 100 call 29	execution-segment-repricing	13766947	13841430	74483	0	0	0	73843	0	0	0	0	0	74.483	74.483	0.000000	+0.000074	+0.000074
remaining_staker_deposit_liquidity_filetest.gno	Remaining staker deposit liquidity repeat accrued 100 call 30	execution-segment-repricing	13790380	13864863	74483	0	0	0	73843	0	0	0	0	0	74.483	74.483	0.000000	+0.000074	+0.000074
remaining_staker_deposit_liquidity_filetest.gno	Remaining staker deposit liquidity repeat accrued 100 call 31	execution-segment-repricing	13767921	13842404	74483	0	0	0	73843	0	0	0	0	0	74.483	74.483	0.000000	+0.000074	+0.000074
remaining_staker_deposit_liquidity_filetest.gno	Remaining staker deposit liquidity repeat accrued 100 call 32	execution-segment-repricing	13768408	13842891	74483	0	0	0	73843	0	0	0	0	0	74.483	74.483	0.000000	+0.000074	+0.000074
remaining_staker_deposit_liquidity_filetest.gno	Remaining staker deposit liquidity repeat accrued 100 call 33	execution-segment-repricing	13768408	13842891	74483	0	0	0	73843	0	0	0	0	0	74.483	74.483	0.000000	+0.000074	+0.000074
remaining_staker_deposit_liquidity_filetest.gno	Remaining staker deposit liquidity repeat accrued 100 call 34	execution-segment-repricing	13768408	13842891	74483	0	0	0	73843	0	0	0	0	0	74.483	74.483	0.000000	+0.000074	+0.000074
remaining_staker_deposit_liquidity_filetest.gno	Remaining staker deposit liquidity repeat accrued 100 call 35	execution-segment-repricing	13766947	13841430	74483	0	0	0	73843	0	0	0	0	0	74.483	74.483	0.000000	+0.000074	+0.000074
remaining_staker_deposit_liquidity_filetest.gno	Remaining staker deposit liquidity repeat accrued 100 call 36	execution-segment-repricing	13766947	13841430	74483	0	0	0	73843	0	0	0	0	0	74.483	74.483	0.000000	+0.000074	+0.000074
remaining_staker_deposit_liquidity_filetest.gno	Remaining staker deposit liquidity repeat accrued 100 call 37	execution-segment-repricing	13766947	13841430	74483	0	0	0	73843	0	0	0	0	0	74.483	74.483	0.000000	+0.000074	+0.000074
remaining_staker_deposit_liquidity_filetest.gno	Remaining staker deposit liquidity repeat accrued 100 call 38	execution-segment-repricing	13766947	13841430	74483	0	0	0	73843	0	0	0	0	0	74.483	74.483	0.000000	+0.000074	+0.000074
remaining_staker_deposit_liquidity_filetest.gno	Remaining staker deposit liquidity repeat accrued 100 call 39	execution-segment-repricing	13763165	13837648	74483	0	0	0	73843	0	0	0	0	0	74.483	74.483	0.000000	+0.000074	+0.000074
remaining_staker_deposit_liquidity_filetest.gno	Remaining staker deposit liquidity repeat accrued 100 call 40	execution-segment-repricing	13786598	13861081	74483	0	0	0	73843	0	0	0	0	0	74.483	74.483	0.000000	+0.000074	+0.000074
remaining_staker_deposit_liquidity_filetest.gno	Remaining staker deposit liquidity repeat accrued 100 call 41	execution-segment-repricing	13767921	13842404	74483	0	0	0	73843	0	0	0	0	0	74.483	74.483	0.000000	+0.000074	+0.000074
remaining_staker_deposit_liquidity_filetest.gno	Remaining staker deposit liquidity repeat accrued 100 call 42	execution-segment-repricing	13767921	13842404	74483	0	0	0	73843	0	0	0	0	0	74.483	74.483	0.000000	+0.000074	+0.000074
remaining_staker_deposit_liquidity_filetest.gno	Remaining staker deposit liquidity repeat accrued 100 call 43	execution-segment-repricing	13768408	13842891	74483	0	0	0	73843	0	0	0	0	0	74.483	74.483	0.000000	+0.000074	+0.000074
remaining_staker_deposit_liquidity_filetest.gno	Remaining staker deposit liquidity repeat accrued 100 call 44	execution-segment-repricing	13767921	13842404	74483	0	0	0	73843	0	0	0	0	0	74.483	74.483	0.000000	+0.000074	+0.000074
remaining_staker_deposit_liquidity_filetest.gno	Remaining staker deposit liquidity repeat accrued 100 call 45	execution-segment-repricing	13767921	13842404	74483	0	0	0	73843	0	0	0	0	0	74.483	74.483	0.000000	+0.000074	+0.000074
remaining_staker_deposit_liquidity_filetest.gno	Remaining staker deposit liquidity repeat accrued 100 call 46	execution-segment-repricing	13768408	13842891	74483	0	0	0	73843	0	0	0	0	0	74.483	74.483	0.000000	+0.000074	+0.000074
remaining_staker_deposit_liquidity_filetest.gno	Remaining staker deposit liquidity repeat accrued 100 call 47	execution-segment-repricing	13768408	13842891	74483	0	0	0	73843	0	0	0	0	0	74.483	74.483	0.000000	+0.000074	+0.000074
remaining_staker_deposit_liquidity_filetest.gno	Remaining staker deposit liquidity repeat accrued 100 call 48	execution-segment-repricing	13766947	13841430	74483	0	0	0	73843	0	0	0	0	0	74.483	74.483	0.000000	+0.000074	+0.000074
remaining_staker_deposit_liquidity_filetest.gno	Remaining staker deposit liquidity repeat accrued 100 call 49	execution-segment-repricing	13766947	13841430	74483	0	0	0	73843	0	0	0	0	0	74.483	74.483	0.000000	+0.000074	+0.000074
remaining_staker_deposit_liquidity_filetest.gno	Remaining staker deposit liquidity repeat accrued 100 call 50	execution-segment-repricing	13790380	13864863	74483	0	0	0	73843	0	0	0	0	0	74.483	74.483	0.000000	+0.000074	+0.000074
remaining_staker_deposit_liquidity_filetest.gno	Remaining staker deposit liquidity repeat accrued 100 call 51	execution-segment-repricing	13768408	13842891	74483	0	0	0	73843	0	0	0	0	0	74.483	74.483	0.000000	+0.000074	+0.000074
remaining_staker_deposit_liquidity_filetest.gno	Remaining staker deposit liquidity repeat accrued 100 call 52	execution-segment-repricing	13768408	13842891	74483	0	0	0	73843	0	0	0	0	0	74.483	74.483	0.000000	+0.000074	+0.000074
remaining_staker_deposit_liquidity_filetest.gno	Remaining staker deposit liquidity repeat accrued 100 call 53	execution-segment-repricing	13768408	13842891	74483	0	0	0	73843	0	0	0	0	0	74.483	74.483	0.000000	+0.000074	+0.000074
remaining_staker_deposit_liquidity_filetest.gno	Remaining staker deposit liquidity repeat accrued 100 call 54	execution-segment-repricing	13768408	13842891	74483	0	0	0	73843	0	0	0	0	0	74.483	74.483	0.000000	+0.000074	+0.000074
remaining_staker_deposit_liquidity_filetest.gno	Remaining staker deposit liquidity repeat accrued 100 call 55	execution-segment-repricing	13768408	13842891	74483	0	0	0	73843	0	0	0	0	0	74.483	74.483	0.000000	+0.000074	+0.000074
remaining_staker_deposit_liquidity_filetest.gno	Remaining staker deposit liquidity repeat accrued 100 call 56	execution-segment-repricing	13763652	13838135	74483	0	0	0	73843	0	0	0	0	0	74.483	74.483	0.000000	+0.000074	+0.000074
remaining_staker_deposit_liquidity_filetest.gno	Remaining staker deposit liquidity repeat accrued 100 call 57	execution-segment-repricing	13766460	13840943	74483	0	0	0	73843	0	0	0	0	0	74.483	74.483	0.000000	+0.000074	+0.000074
remaining_staker_deposit_liquidity_filetest.gno	Remaining staker deposit liquidity repeat accrued 100 call 58	execution-segment-repricing	13766460	13840943	74483	0	0	0	73843	0	0	0	0	0	74.483	74.483	0.000000	+0.000074	+0.000074
remaining_staker_deposit_liquidity_filetest.gno	Remaining staker deposit liquidity repeat accrued 100 call 59	execution-segment-repricing	13766947	13841430	74483	0	0	0	73843	0	0	0	0	0	74.483	74.483	0.000000	+0.000074	+0.000074
remaining_staker_deposit_liquidity_filetest.gno	Remaining staker deposit liquidity repeat accrued 100 call 60	execution-segment-repricing	13789893	13864376	74483	0	0	0	73843	0	0	0	0	0	74.483	74.483	0.000000	+0.000074	+0.000074
remaining_staker_deposit_liquidity_filetest.gno	Remaining staker deposit liquidity repeat accrued 100 call 61	execution-segment-repricing	13767921	13842404	74483	0	0	0	73843	0	0	0	0	0	74.483	74.483	0.000000	+0.000074	+0.000074
remaining_staker_deposit_liquidity_filetest.gno	Remaining staker deposit liquidity repeat accrued 100 call 62	execution-segment-repricing	13768408	13842891	74483	0	0	0	73843	0	0	0	0	0	74.483	74.483	0.000000	+0.000074	+0.000074
remaining_staker_deposit_liquidity_filetest.gno	Remaining staker deposit liquidity repeat accrued 100 call 63	execution-segment-repricing	13768408	13842891	74483	0	0	0	73843	0	0	0	0	0	74.483	74.483	0.000000	+0.000074	+0.000074
remaining_staker_deposit_liquidity_filetest.gno	Remaining staker deposit liquidity repeat accrued 100 call 64	execution-segment-repricing	13766947	13841430	74483	0	0	0	73843	0	0	0	0	0	74.483	74.483	0.000000	+0.000074	+0.000074
remaining_staker_deposit_liquidity_filetest.gno	Remaining staker deposit liquidity repeat accrued 100 call 65	execution-segment-repricing	13766460	13840943	74483	0	0	0	73843	0	0	0	0	0	74.483	74.483	0.000000	+0.000074	+0.000074
remaining_staker_deposit_liquidity_filetest.gno	Remaining staker deposit liquidity repeat accrued 100 call 66	execution-segment-repricing	13767921	13842404	74483	0	0	0	73843	0	0	0	0	0	74.483	74.483	0.000000	+0.000074	+0.000074
remaining_staker_deposit_liquidity_filetest.gno	Remaining staker deposit liquidity repeat accrued 100 call 67	execution-segment-repricing	13768408	13842891	74483	0	0	0	73843	0	0	0	0	0	74.483	74.483	0.000000	+0.000074	+0.000074
remaining_staker_deposit_liquidity_filetest.gno	Remaining staker deposit liquidity repeat accrued 100 call 68	execution-segment-repricing	13768408	13842891	74483	0	0	0	73843	0	0	0	0	0	74.483	74.483	0.000000	+0.000074	+0.000074
remaining_staker_deposit_liquidity_filetest.gno	Remaining staker deposit liquidity repeat accrued 100 call 69	execution-segment-repricing	13767434	13841917	74483	0	0	0	73843	0	0	0	0	0	74.483	74.483	0.000000	+0.000074	+0.000074
remaining_staker_deposit_liquidity_filetest.gno	Remaining staker deposit liquidity repeat accrued 100 call 70	execution-segment-repricing	13790380	13864863	74483	0	0	0	73843	0	0	0	0	0	74.483	74.483	0.000000	+0.000074	+0.000074
remaining_staker_deposit_liquidity_filetest.gno	Remaining staker deposit liquidity repeat accrued 100 call 71	execution-segment-repricing	13768408	13842891	74483	0	0	0	73843	0	0	0	0	0	74.483	74.483	0.000000	+0.000074	+0.000074
remaining_staker_deposit_liquidity_filetest.gno	Remaining staker deposit liquidity repeat accrued 100 call 72	execution-segment-repricing	13763559	13838042	74483	0	0	0	73843	0	0	0	0	0	74.483	74.483	0.000000	+0.000074	+0.000074
remaining_staker_deposit_liquidity_filetest.gno	Remaining staker deposit liquidity repeat accrued 100 call 73	execution-segment-repricing	13764626	13839109	74483	0	0	0	73843	0	0	0	0	0	74.483	74.483	0.000000	+0.000074	+0.000074
remaining_staker_deposit_liquidity_filetest.gno	Remaining staker deposit liquidity repeat accrued 100 call 74	execution-segment-repricing	13767921	13842404	74483	0	0	0	73843	0	0	0	0	0	74.483	74.483	0.000000	+0.000074	+0.000074
remaining_staker_deposit_liquidity_filetest.gno	Remaining staker deposit liquidity repeat accrued 100 call 75	execution-segment-repricing	13767921	13842404	74483	0	0	0	73843	0	0	0	0	0	74.483	74.483	0.000000	+0.000074	+0.000074
remaining_staker_deposit_liquidity_filetest.gno	Remaining staker deposit liquidity repeat accrued 100 call 76	execution-segment-repricing	13768408	13842891	74483	0	0	0	73843	0	0	0	0	0	74.483	74.483	0.000000	+0.000074	+0.000074
remaining_staker_deposit_liquidity_filetest.gno	Remaining staker deposit liquidity repeat accrued 100 call 77	execution-segment-repricing	13766947	13841430	74483	0	0	0	73843	0	0	0	0	0	74.483	74.483	0.000000	+0.000074	+0.000074
remaining_staker_deposit_liquidity_filetest.gno	Remaining staker deposit liquidity repeat accrued 100 call 78	execution-segment-repricing	13766460	13840943	74483	0	0	0	73843	0	0	0	0	0	74.483	74.483	0.000000	+0.000074	+0.000074
remaining_staker_deposit_liquidity_filetest.gno	Remaining staker deposit liquidity repeat accrued 100 call 79	execution-segment-repricing	13766947	13841430	74483	0	0	0	73843	0	0	0	0	0	74.483	74.483	0.000000	+0.000074	+0.000074
remaining_staker_deposit_liquidity_filetest.gno	Remaining staker deposit liquidity repeat accrued 100 call 80	execution-segment-repricing	13790380	13864863	74483	0	0	0	73843	0	0	0	0	0	74.483	74.483	0.000000	+0.000074	+0.000074
remaining_staker_deposit_liquidity_filetest.gno	Remaining staker deposit liquidity repeat accrued 100 call 81	execution-segment-repricing	13767921	13842404	74483	0	0	0	73843	0	0	0	0	0	74.483	74.483	0.000000	+0.000074	+0.000074
remaining_staker_deposit_liquidity_filetest.gno	Remaining staker deposit liquidity repeat accrued 100 call 82	execution-segment-repricing	13768408	13842891	74483	0	0	0	73843	0	0	0	0	0	74.483	74.483	0.000000	+0.000074	+0.000074
remaining_staker_deposit_liquidity_filetest.gno	Remaining staker deposit liquidity repeat accrued 100 call 83	execution-segment-repricing	13768408	13842891	74483	0	0	0	73843	0	0	0	0	0	74.483	74.483	0.000000	+0.000074	+0.000074
remaining_staker_deposit_liquidity_filetest.gno	Remaining staker deposit liquidity repeat accrued 100 call 84	execution-segment-repricing	13768408	13842891	74483	0	0	0	73843	0	0	0	0	0	74.483	74.483	0.000000	+0.000074	+0.000074
remaining_staker_deposit_liquidity_filetest.gno	Remaining staker deposit liquidity repeat accrued 100 call 85	execution-segment-repricing	13767434	13841917	74483	0	0	0	73843	0	0	0	0	0	74.483	74.483	0.000000	+0.000074	+0.000074
remaining_staker_deposit_liquidity_filetest.gno	Remaining staker deposit liquidity repeat accrued 100 call 86	execution-segment-repricing	13766947	13841430	74483	0	0	0	73843	0	0	0	0	0	74.483	74.483	0.000000	+0.000074	+0.000074
remaining_staker_deposit_liquidity_filetest.gno	Remaining staker deposit liquidity repeat accrued 100 call 87	execution-segment-repricing	13766947	13841430	74483	0	0	0	73843	0	0	0	0	0	74.483	74.483	0.000000	+0.000074	+0.000074
remaining_staker_deposit_liquidity_filetest.gno	Remaining staker deposit liquidity repeat accrued 100 call 88	execution-segment-repricing	13768988	13843471	74483	0	0	0	73843	0	0	0	0	0	74.483	74.483	0.000000	+0.000074	+0.000074
remaining_staker_deposit_liquidity_filetest.gno	Remaining staker deposit liquidity repeat accrued 100 call 89	execution-segment-repricing	13764719	13839202	74483	0	0	0	73843	0	0	0	0	0	74.483	74.483	0.000000	+0.000074	+0.000074
remaining_staker_deposit_liquidity_filetest.gno	Remaining staker deposit liquidity repeat accrued 100 call 90	execution-segment-repricing	13787665	13862148	74483	0	0	0	73843	0	0	0	0	0	74.483	74.483	0.000000	+0.000074	+0.000074
remaining_staker_deposit_liquidity_filetest.gno	Remaining staker deposit liquidity repeat accrued 100 call 91	execution-segment-repricing	13768988	13843471	74483	0	0	0	73843	0	0	0	0	0	74.483	74.483	0.000000	+0.000074	+0.000074
remaining_staker_deposit_liquidity_filetest.gno	Remaining staker deposit liquidity repeat accrued 100 call 92	execution-segment-repricing	13768988	13843471	74483	0	0	0	73843	0	0	0	0	0	74.483	74.483	0.000000	+0.000074	+0.000074
remaining_staker_deposit_liquidity_filetest.gno	Remaining staker deposit liquidity repeat accrued 100 call 93	execution-segment-repricing	13769475	13843958	74483	0	0	0	73843	0	0	0	0	0	74.483	74.483	0.000000	+0.000074	+0.000074
remaining_staker_deposit_liquidity_filetest.gno	Remaining staker deposit liquidity repeat accrued 100 call 94	execution-segment-repricing	13768988	13843471	74483	0	0	0	73843	0	0	0	0	0	74.483	74.483	0.000000	+0.000074	+0.000074
remaining_staker_deposit_liquidity_filetest.gno	Remaining staker deposit liquidity repeat accrued 100 call 95	execution-segment-repricing	13768988	13843471	74483	0	0	0	73843	0	0	0	0	0	74.483	74.483	0.000000	+0.000074	+0.000074
remaining_staker_deposit_liquidity_filetest.gno	Remaining staker deposit liquidity repeat accrued 100 call 96	execution-segment-repricing	13769475	13843958	74483	0	0	0	73843	0	0	0	0	0	74.483	74.483	0.000000	+0.000074	+0.000074
remaining_staker_deposit_liquidity_filetest.gno	Remaining staker deposit liquidity repeat accrued 100 call 97	execution-segment-repricing	13769475	13843958	74483	0	0	0	73843	0	0	0	0	0	74.483	74.483	0.000000	+0.000074	+0.000074
remaining_staker_deposit_liquidity_filetest.gno	Remaining staker deposit liquidity repeat accrued 100 call 98	execution-segment-repricing	13768014	13842497	74483	0	0	0	73843	0	0	0	0	0	74.483	74.483	0.000000	+0.000074	+0.000074
remaining_staker_deposit_liquidity_filetest.gno	Remaining staker deposit liquidity repeat accrued 100 call 99	execution-segment-repricing	13768014	13842497	74483	0	0	0	73843	0	0	0	0	0	74.483	74.483	0.000000	+0.000074	+0.000074
remaining_staker_deposit_liquidity_filetest.gno	Remaining staker deposit liquidity repeat accrued 100 call 100	execution-segment-repricing	13791447	13865930	74483	0	0	0	73843	0	0	0	0	0	74.483	74.483	0.000000	+0.000074	+0.000074
remaining_staker_deposit_liquidity_filetest.gno	Remaining staker deposit liquidity query 1	query-computation-only	209592	285551	75959	0	0	0	73843	0	0	0	0	0	0	0	0.000000	0.000000	0.000000
remaining_staker_deposit_liquidity_filetest.gno	Remaining staker deposit liquidity query 10	query-computation-only	1666931	2426521	759590	0	0	0	738430	0	0	0	0	0	0	0	0.000000	0.000000	0.000000
remaining_staker_deposit_liquidity_filetest.gno	Remaining staker deposit liquidity query 100	query-computation-only	16242161	23838061	7595900	0	0	0	7384300	0	0	0	0	0	0	0	0.000000	0.000000	0.000000
remaining_staker_deposit_liquidity_filetest.gno	Remaining staker deposit liquidity lifecycle UnStakeToken	execution-segment-repricing	14378660	14454619	75959	-14655	-13840	815	73843	0	0	1465500	1384000	81500	75.959	81575.959	+0.081500	+0.000076	+0.081576
remaining_staker_incentive_rate_filetest.gno	Remaining staker incentive rate allocation CreateExternalIncentive	execution-segment-repricing	3435782	3435782	0	22105	22105	0	0	2210500	2210500	0	0	0	0	0	0.000000	0.000000	0.000000
remaining_staker_incentive_rate_filetest.gno	Remaining staker incentive rate allocation CreateExternalIncentive sibling	execution-segment-repricing	3547645	3547645	0	3807	3807	0	0	585000	585000	204300	204300	0	0	0	0.000000	0.000000	0.000000
remaining_staker_incentive_rate_filetest.gno	Remaining staker incentive rate query 1	query-computation-only	154726	154726	0	82	82	0	0	8200	8200	0	0	0	0	0	0.000000	0.000000	0.000000
remaining_staker_incentive_rate_filetest.gno	Remaining staker incentive rate query 10	query-computation-only	1016882	1016882	0	0	0	0	0	0	0	0	0	0	0	0	0.000000	0.000000	0.000000
remaining_staker_incentive_rate_filetest.gno	Remaining staker incentive rate query 100	query-computation-only	9786572	9786572	0	0	0	0	0	0	0	0	0	0	0	0	0.000000	0.000000	0.000000
remaining_staker_incentive_rate_filetest.gno	Remaining staker incentive rate lifecycle CancelExternalIncentive before start	execution-segment-repricing	1678552	1678552	0	-3581	-3581	0	0	204500	204500	562600	562600	0	0	0	0.000000	0.000000	0.000000
remaining_staker_incentive_rate_filetest.gno	Remaining staker incentive rate repeat pre-start zero 1	execution-segment-repricing	2274145	2274145	0	30	30	0	0	3000	3000	0	0	0	0	0	0.000000	0.000000	0.000000
remaining_staker_incentive_rate_filetest.gno	Remaining staker incentive rate repeat accrued 1 call 1	execution-segment-repricing	10355463	10501211	145748	9565	9565	0	73843	956500	956500	0	0	0	145.748	145.748	0.000000	+0.000146	+0.000146
remaining_staker_incentive_rate_filetest.gno	Remaining staker incentive rate repeat accrued 10 call 1	execution-segment-repricing	9868190	9943042	74852	61	61	0	73843	6100	6100	0	0	0	74.852	74.852	0.000000	+0.000075	+0.000075
remaining_staker_incentive_rate_filetest.gno	Remaining staker incentive rate repeat accrued 10 call 2	execution-segment-repricing	9869191	9944043	74852	1	1	0	73843	100	100	0	0	0	74.852	74.852	0.000000	+0.000075	+0.000075
remaining_staker_incentive_rate_filetest.gno	Remaining staker incentive rate repeat accrued 10 call 3	execution-segment-repricing	9869678	9944530	74852	0	0	0	73843	0	0	0	0	0	74.852	74.852	0.000000	+0.000075	+0.000075
remaining_staker_incentive_rate_filetest.gno	Remaining staker incentive rate repeat accrued 10 call 4	execution-segment-repricing	9932165	10007017	74852	0	0	0	73843	0	0	0	0	0	74.852	74.852	0.000000	+0.000075	+0.000075
remaining_staker_incentive_rate_filetest.gno	Remaining staker incentive rate repeat accrued 10 call 5	execution-segment-repricing	9869678	9944530	74852	0	0	0	73843	0	0	0	0	0	74.852	74.852	0.000000	+0.000075	+0.000075
remaining_staker_incentive_rate_filetest.gno	Remaining staker incentive rate repeat accrued 10 call 6	execution-segment-repricing	9869678	9944530	74852	0	0	0	73843	0	0	0	0	0	74.852	74.852	0.000000	+0.000075	+0.000075
remaining_staker_incentive_rate_filetest.gno	Remaining staker incentive rate repeat accrued 10 call 7	execution-segment-repricing	9869678	9944530	74852	0	0	0	73843	0	0	0	0	0	74.852	74.852	0.000000	+0.000075	+0.000075
remaining_staker_incentive_rate_filetest.gno	Remaining staker incentive rate repeat accrued 10 call 8	execution-segment-repricing	9869678	9944530	74852	0	0	0	73843	0	0	0	0	0	74.852	74.852	0.000000	+0.000075	+0.000075
remaining_staker_incentive_rate_filetest.gno	Remaining staker incentive rate repeat accrued 10 call 9	execution-segment-repricing	9869678	9944530	74852	0	0	0	73843	0	0	0	0	0	74.852	74.852	0.000000	+0.000075	+0.000075
remaining_staker_incentive_rate_filetest.gno	Remaining staker incentive rate repeat accrued 10 call 10	execution-segment-repricing	9864829	9939681	74852	0	0	0	73843	0	0	0	0	0	74.852	74.852	0.000000	+0.000075	+0.000075
remaining_staker_incentive_rate_filetest.gno	Remaining staker incentive rate repeat accrued 100 call 1	execution-segment-repricing	9865896	9940748	74852	0	0	0	73843	0	0	0	0	0	74.852	74.852	0.000000	+0.000075	+0.000075
remaining_staker_incentive_rate_filetest.gno	Remaining staker incentive rate repeat accrued 100 call 2	execution-segment-repricing	9868217	9943069	74852	0	0	0	73843	0	0	0	0	0	74.852	74.852	0.000000	+0.000075	+0.000075
remaining_staker_incentive_rate_filetest.gno	Remaining staker incentive rate repeat accrued 100 call 3	execution-segment-repricing	9867730	9942582	74852	0	0	0	73843	0	0	0	0	0	74.852	74.852	0.000000	+0.000075	+0.000075
remaining_staker_incentive_rate_filetest.gno	Remaining staker incentive rate repeat accrued 100 call 4	execution-segment-repricing	9931678	10006530	74852	0	0	0	73843	0	0	0	0	0	74.852	74.852	0.000000	+0.000075	+0.000075
remaining_staker_incentive_rate_filetest.gno	Remaining staker incentive rate repeat accrued 100 call 5	execution-segment-repricing	9869678	9944530	74852	0	0	0	73843	0	0	0	0	0	74.852	74.852	0.000000	+0.000075	+0.000075
remaining_staker_incentive_rate_filetest.gno	Remaining staker incentive rate repeat accrued 100 call 6	execution-segment-repricing	9869191	9944043	74852	0	0	0	73843	0	0	0	0	0	74.852	74.852	0.000000	+0.000075	+0.000075
remaining_staker_incentive_rate_filetest.gno	Remaining staker incentive rate repeat accrued 100 call 7	execution-segment-repricing	9869191	9944043	74852	0	0	0	73843	0	0	0	0	0	74.852	74.852	0.000000	+0.000075	+0.000075
remaining_staker_incentive_rate_filetest.gno	Remaining staker incentive rate repeat accrued 100 call 8	execution-segment-repricing	9869678	9944530	74852	0	0	0	73843	0	0	0	0	0	74.852	74.852	0.000000	+0.000075	+0.000075
remaining_staker_incentive_rate_filetest.gno	Remaining staker incentive rate repeat accrued 100 call 9	execution-segment-repricing	9869678	9944530	74852	0	0	0	73843	0	0	0	0	0	74.852	74.852	0.000000	+0.000075	+0.000075
remaining_staker_incentive_rate_filetest.gno	Remaining staker incentive rate repeat accrued 100 call 10	execution-segment-repricing	9868217	9943069	74852	0	0	0	73843	0	0	0	0	0	74.852	74.852	0.000000	+0.000075	+0.000075
remaining_staker_incentive_rate_filetest.gno	Remaining staker incentive rate repeat accrued 100 call 11	execution-segment-repricing	9868217	9943069	74852	0	0	0	73843	0	0	0	0	0	74.852	74.852	0.000000	+0.000075	+0.000075
remaining_staker_incentive_rate_filetest.gno	Remaining staker incentive rate repeat accrued 100 call 12	execution-segment-repricing	9868217	9943069	74852	0	0	0	73843	0	0	0	0	0	74.852	74.852	0.000000	+0.000075	+0.000075
remaining_staker_incentive_rate_filetest.gno	Remaining staker incentive rate repeat accrued 100 call 13	execution-segment-repricing	9868217	9943069	74852	0	0	0	73843	0	0	0	0	0	74.852	74.852	0.000000	+0.000075	+0.000075
remaining_staker_incentive_rate_filetest.gno	Remaining staker incentive rate repeat accrued 100 call 14	execution-segment-repricing	9932165	10007017	74852	0	0	0	73843	0	0	0	0	0	74.852	74.852	0.000000	+0.000075	+0.000075
remaining_staker_incentive_rate_filetest.gno	Remaining staker incentive rate repeat accrued 100 call 15	execution-segment-repricing	9869678	9944530	74852	0	0	0	73843	0	0	0	0	0	74.852	74.852	0.000000	+0.000075	+0.000075
remaining_staker_incentive_rate_filetest.gno	Remaining staker incentive rate repeat accrued 100 call 16	execution-segment-repricing	9869678	9944530	74852	0	0	0	73843	0	0	0	0	0	74.852	74.852	0.000000	+0.000075	+0.000075
remaining_staker_incentive_rate_filetest.gno	Remaining staker incentive rate repeat accrued 100 call 17	execution-segment-repricing	9865896	9940748	74852	0	0	0	73843	0	0	0	0	0	74.852	74.852	0.000000	+0.000075	+0.000075
remaining_staker_incentive_rate_filetest.gno	Remaining staker incentive rate repeat accrued 100 call 18	execution-segment-repricing	9866533	9941385	74852	35	35	0	73843	3500	3500	0	0	0	74.852	74.852	0.000000	+0.000075	+0.000075
remaining_staker_incentive_rate_filetest.gno	Remaining staker incentive rate repeat accrued 100 call 19	execution-segment-repricing	9869491	9944343	74852	11	11	0	73843	1100	1100	0	0	0	74.852	74.852	0.000000	+0.000075	+0.000075
remaining_staker_incentive_rate_filetest.gno	Remaining staker incentive rate repeat accrued 100 call 20	execution-segment-repricing	9869491	9944343	74852	0	0	0	73843	0	0	0	0	0	74.852	74.852	0.000000	+0.000075	+0.000075
remaining_staker_incentive_rate_filetest.gno	Remaining staker incentive rate repeat accrued 100 call 21	execution-segment-repricing	9869978	9944830	74852	0	0	0	73843	0	0	0	0	0	74.852	74.852	0.000000	+0.000075	+0.000075
remaining_staker_incentive_rate_filetest.gno	Remaining staker incentive rate repeat accrued 100 call 22	execution-segment-repricing	9869978	9944830	74852	0	0	0	73843	0	0	0	0	0	74.852	74.852	0.000000	+0.000075	+0.000075
remaining_staker_incentive_rate_filetest.gno	Remaining staker incentive rate repeat accrued 100 call 23	execution-segment-repricing	9868517	9943369	74852	0	0	0	73843	0	0	0	0	0	74.852	74.852	0.000000	+0.000075	+0.000075
remaining_staker_incentive_rate_filetest.gno	Remaining staker incentive rate repeat accrued 100 call 24	execution-segment-repricing	9931978	10006830	74852	0	0	0	73843	0	0	0	0	0	74.852	74.852	0.000000	+0.000075	+0.000075
remaining_staker_incentive_rate_filetest.gno	Remaining staker incentive rate repeat accrued 100 call 25	execution-segment-repricing	9869978	9944830	74852	0	0	0	73843	0	0	0	0	0	74.852	74.852	0.000000	+0.000075	+0.000075
remaining_staker_incentive_rate_filetest.gno	Remaining staker incentive rate repeat accrued 100 call 26	execution-segment-repricing	9869978	9944830	74852	0	0	0	73843	0	0	0	0	0	74.852	74.852	0.000000	+0.000075	+0.000075
remaining_staker_incentive_rate_filetest.gno	Remaining staker incentive rate repeat accrued 100 call 27	execution-segment-repricing	9869491	9944343	74852	0	0	0	73843	0	0	0	0	0	74.852	74.852	0.000000	+0.000075	+0.000075
remaining_staker_incentive_rate_filetest.gno	Remaining staker incentive rate repeat accrued 100 call 28	execution-segment-repricing	9869978	9944830	74852	0	0	0	73843	0	0	0	0	0	74.852	74.852	0.000000	+0.000075	+0.000075
remaining_staker_incentive_rate_filetest.gno	Remaining staker incentive rate repeat accrued 100 call 29	execution-segment-repricing	9869978	9944830	74852	0	0	0	73843	0	0	0	0	0	74.852	74.852	0.000000	+0.000075	+0.000075
remaining_staker_incentive_rate_filetest.gno	Remaining staker incentive rate repeat accrued 100 call 30	execution-segment-repricing	9869978	9944830	74852	0	0	0	73843	0	0	0	0	0	74.852	74.852	0.000000	+0.000075	+0.000075
remaining_staker_incentive_rate_filetest.gno	Remaining staker incentive rate repeat accrued 100 call 31	execution-segment-repricing	9869004	9943856	74852	0	0	0	73843	0	0	0	0	0	74.852	74.852	0.000000	+0.000075	+0.000075
remaining_staker_incentive_rate_filetest.gno	Remaining staker incentive rate repeat accrued 100 call 32	execution-segment-repricing	9868517	9943369	74852	0	0	0	73843	0	0	0	0	0	74.852	74.852	0.000000	+0.000075	+0.000075
remaining_staker_incentive_rate_filetest.gno	Remaining staker incentive rate repeat accrued 100 call 33	execution-segment-repricing	9868517	9943369	74852	0	0	0	73843	0	0	0	0	0	74.852	74.852	0.000000	+0.000075	+0.000075
remaining_staker_incentive_rate_filetest.gno	Remaining staker incentive rate repeat accrued 100 call 34	execution-segment-repricing	9864735	9939587	74852	0	0	0	73843	0	0	0	0	0	74.852	74.852	0.000000	+0.000075	+0.000075
remaining_staker_incentive_rate_filetest.gno	Remaining staker incentive rate repeat accrued 100 call 35	execution-segment-repricing	9931978	10006830	74852	0	0	0	73843	0	0	0	0	0	74.852	74.852	0.000000	+0.000075	+0.000075
remaining_staker_incentive_rate_filetest.gno	Remaining staker incentive rate repeat accrued 100 call 36	execution-segment-repricing	9869491	9944343	74852	0	0	0	73843	0	0	0	0	0	74.852	74.852	0.000000	+0.000075	+0.000075
remaining_staker_incentive_rate_filetest.gno	Remaining staker incentive rate repeat accrued 100 call 37	execution-segment-repricing	9869491	9944343	74852	0	0	0	73843	0	0	0	0	0	74.852	74.852	0.000000	+0.000075	+0.000075
remaining_staker_incentive_rate_filetest.gno	Remaining staker incentive rate repeat accrued 100 call 38	execution-segment-repricing	9869978	9944830	74852	0	0	0	73843	0	0	0	0	0	74.852	74.852	0.000000	+0.000075	+0.000075
remaining_staker_incentive_rate_filetest.gno	Remaining staker incentive rate repeat accrued 100 call 39	execution-segment-repricing	9868517	9943369	74852	0	0	0	73843	0	0	0	0	0	74.852	74.852	0.000000	+0.000075	+0.000075
remaining_staker_incentive_rate_filetest.gno	Remaining staker incentive rate repeat accrued 100 call 40	execution-segment-repricing	9868030	9942882	74852	0	0	0	73843	0	0	0	0	0	74.852	74.852	0.000000	+0.000075	+0.000075
remaining_staker_incentive_rate_filetest.gno	Remaining staker incentive rate repeat accrued 100 call 41	execution-segment-repricing	9868517	9943369	74852	0	0	0	73843	0	0	0	0	0	74.852	74.852	0.000000	+0.000075	+0.000075
remaining_staker_incentive_rate_filetest.gno	Remaining staker incentive rate repeat accrued 100 call 42	execution-segment-repricing	9869491	9944343	74852	0	0	0	73843	0	0	0	0	0	74.852	74.852	0.000000	+0.000075	+0.000075
remaining_staker_incentive_rate_filetest.gno	Remaining staker incentive rate repeat accrued 100 call 43	execution-segment-repricing	9869978	9944830	74852	0	0	0	73843	0	0	0	0	0	74.852	74.852	0.000000	+0.000075	+0.000075
remaining_staker_incentive_rate_filetest.gno	Remaining staker incentive rate repeat accrued 100 call 44	execution-segment-repricing	9869004	9943856	74852	0	0	0	73843	0	0	0	0	0	74.852	74.852	0.000000	+0.000075	+0.000075
remaining_staker_incentive_rate_filetest.gno	Remaining staker incentive rate repeat accrued 100 call 45	execution-segment-repricing	9932465	10007317	74852	0	0	0	73843	0	0	0	0	0	74.852	74.852	0.000000	+0.000075	+0.000075
remaining_staker_incentive_rate_filetest.gno	Remaining staker incentive rate repeat accrued 100 call 46	execution-segment-repricing	9869978	9944830	74852	0	0	0	73843	0	0	0	0	0	74.852	74.852	0.000000	+0.000075	+0.000075
remaining_staker_incentive_rate_filetest.gno	Remaining staker incentive rate repeat accrued 100 call 47	execution-segment-repricing	9869978	9944830	74852	0	0	0	73843	0	0	0	0	0	74.852	74.852	0.000000	+0.000075	+0.000075
remaining_staker_incentive_rate_filetest.gno	Remaining staker incentive rate repeat accrued 100 call 48	execution-segment-repricing	9869978	9944830	74852	0	0	0	73843	0	0	0	0	0	74.852	74.852	0.000000	+0.000075	+0.000075
remaining_staker_incentive_rate_filetest.gno	Remaining staker incentive rate repeat accrued 100 call 49	execution-segment-repricing	9869978	9944830	74852	0	0	0	73843	0	0	0	0	0	74.852	74.852	0.000000	+0.000075	+0.000075
remaining_staker_incentive_rate_filetest.gno	Remaining staker incentive rate repeat accrued 100 call 50	execution-segment-repricing	9866196	9941048	74852	0	0	0	73843	0	0	0	0	0	74.852	74.852	0.000000	+0.000075	+0.000075
remaining_staker_incentive_rate_filetest.gno	Remaining staker incentive rate repeat accrued 100 call 51	execution-segment-repricing	9866683	9941535	74852	0	0	0	73843	0	0	0	0	0	74.852	74.852	0.000000	+0.000075	+0.000075
remaining_staker_incentive_rate_filetest.gno	Remaining staker incentive rate repeat accrued 100 call 52	execution-segment-repricing	9868517	9943369	74852	0	0	0	73843	0	0	0	0	0	74.852	74.852	0.000000	+0.000075	+0.000075
remaining_staker_incentive_rate_filetest.gno	Remaining staker incentive rate repeat accrued 100 call 53	execution-segment-repricing	9868030	9942882	74852	0	0	0	73843	0	0	0	0	0	74.852	74.852	0.000000	+0.000075	+0.000075
remaining_staker_incentive_rate_filetest.gno	Remaining staker incentive rate repeat accrued 100 call 54	execution-segment-repricing	9868030	9942882	74852	0	0	0	73843	0	0	0	0	0	74.852	74.852	0.000000	+0.000075	+0.000075
remaining_staker_incentive_rate_filetest.gno	Remaining staker incentive rate repeat accrued 100 call 55	execution-segment-repricing	9932465	10007317	74852	0	0	0	73843	0	0	0	0	0	74.852	74.852	0.000000	+0.000075	+0.000075
remaining_staker_incentive_rate_filetest.gno	Remaining staker incentive rate repeat accrued 100 call 56	execution-segment-repricing	9869491	9944343	74852	0	0	0	73843	0	0	0	0	0	74.852	74.852	0.000000	+0.000075	+0.000075
remaining_staker_incentive_rate_filetest.gno	Remaining staker incentive rate repeat accrued 100 call 57	execution-segment-repricing	9869491	9944343	74852	0	0	0	73843	0	0	0	0	0	74.852	74.852	0.000000	+0.000075	+0.000075
remaining_staker_incentive_rate_filetest.gno	Remaining staker incentive rate repeat accrued 100 call 58	execution-segment-repricing	9869978	9944830	74852	0	0	0	73843	0	0	0	0	0	74.852	74.852	0.000000	+0.000075	+0.000075
remaining_staker_incentive_rate_filetest.gno	Remaining staker incentive rate repeat accrued 100 call 59	execution-segment-repricing	9869978	9944830	74852	0	0	0	73843	0	0	0	0	0	74.852	74.852	0.000000	+0.000075	+0.000075
remaining_staker_incentive_rate_filetest.gno	Remaining staker incentive rate repeat accrued 100 call 60	execution-segment-repricing	9868517	9943369	74852	0	0	0	73843	0	0	0	0	0	74.852	74.852	0.000000	+0.000075	+0.000075
remaining_staker_incentive_rate_filetest.gno	Remaining staker incentive rate repeat accrued 100 call 61	execution-segment-repricing	9868517	9943369	74852	0	0	0	73843	0	0	0	0	0	74.852	74.852	0.000000	+0.000075	+0.000075
remaining_staker_incentive_rate_filetest.gno	Remaining staker incentive rate repeat accrued 100 call 62	execution-segment-repricing	9868517	9943369	74852	0	0	0	73843	0	0	0	0	0	74.852	74.852	0.000000	+0.000075	+0.000075
remaining_staker_incentive_rate_filetest.gno	Remaining staker incentive rate repeat accrued 100 call 63	execution-segment-repricing	9868517	9943369	74852	0	0	0	73843	0	0	0	0	0	74.852	74.852	0.000000	+0.000075	+0.000075
remaining_staker_incentive_rate_filetest.gno	Remaining staker incentive rate repeat accrued 100 call 64	execution-segment-repricing	9868517	9943369	74852	0	0	0	73843	0	0	0	0	0	74.852	74.852	0.000000	+0.000075	+0.000075
remaining_staker_incentive_rate_filetest.gno	Remaining staker incentive rate repeat accrued 100 call 65	execution-segment-repricing	9932465	10007317	74852	0	0	0	73843	0	0	0	0	0	74.852	74.852	0.000000	+0.000075	+0.000075
remaining_staker_incentive_rate_filetest.gno	Remaining staker incentive rate repeat accrued 100 call 66	execution-segment-repricing	9869978	9944830	74852	0	0	0	73843	0	0	0	0	0	74.852	74.852	0.000000	+0.000075	+0.000075
remaining_staker_incentive_rate_filetest.gno	Remaining staker incentive rate repeat accrued 100 call 67	execution-segment-repricing	9866196	9941048	74852	0	0	0	73843	0	0	0	0	0	74.852	74.852	0.000000	+0.000075	+0.000075
remaining_staker_incentive_rate_filetest.gno	Remaining staker incentive rate repeat accrued 100 call 68	execution-segment-repricing	9868517	9943369	74852	0	0	0	73843	0	0	0	0	0	74.852	74.852	0.000000	+0.000075	+0.000075
remaining_staker_incentive_rate_filetest.gno	Remaining staker incentive rate repeat accrued 100 call 69	execution-segment-repricing	9869004	9943856	74852	0	0	0	73843	0	0	0	0	0	74.852	74.852	0.000000	+0.000075	+0.000075
remaining_staker_incentive_rate_filetest.gno	Remaining staker incentive rate repeat accrued 100 call 70	execution-segment-repricing	9869491	9944343	74852	0	0	0	73843	0	0	0	0	0	74.852	74.852	0.000000	+0.000075	+0.000075
remaining_staker_incentive_rate_filetest.gno	Remaining staker incentive rate repeat accrued 100 call 71	execution-segment-repricing	9869978	9944830	74852	0	0	0	73843	0	0	0	0	0	74.852	74.852	0.000000	+0.000075	+0.000075
remaining_staker_incentive_rate_filetest.gno	Remaining staker incentive rate repeat accrued 100 call 72	execution-segment-repricing	9869978	9944830	74852	0	0	0	73843	0	0	0	0	0	74.852	74.852	0.000000	+0.000075	+0.000075
remaining_staker_incentive_rate_filetest.gno	Remaining staker incentive rate repeat accrued 100 call 73	execution-segment-repricing	9868517	9943369	74852	0	0	0	73843	0	0	0	0	0	74.852	74.852	0.000000	+0.000075	+0.000075
remaining_staker_incentive_rate_filetest.gno	Remaining staker incentive rate repeat accrued 100 call 74	execution-segment-repricing	9868517	9943369	74852	0	0	0	73843	0	0	0	0	0	74.852	74.852	0.000000	+0.000075	+0.000075
remaining_staker_incentive_rate_filetest.gno	Remaining staker incentive rate repeat accrued 100 call 75	execution-segment-repricing	9932465	10007317	74852	0	0	0	73843	0	0	0	0	0	74.852	74.852	0.000000	+0.000075	+0.000075
remaining_staker_incentive_rate_filetest.gno	Remaining staker incentive rate repeat accrued 100 call 76	execution-segment-repricing	9869978	9944830	74852	0	0	0	73843	0	0	0	0	0	74.852	74.852	0.000000	+0.000075	+0.000075
remaining_staker_incentive_rate_filetest.gno	Remaining staker incentive rate repeat accrued 100 call 77	execution-segment-repricing	9869491	9944343	74852	0	0	0	73843	0	0	0	0	0	74.852	74.852	0.000000	+0.000075	+0.000075
remaining_staker_incentive_rate_filetest.gno	Remaining staker incentive rate repeat accrued 100 call 78	execution-segment-repricing	9869978	9944830	74852	0	0	0	73843	0	0	0	0	0	74.852	74.852	0.000000	+0.000075	+0.000075
remaining_staker_incentive_rate_filetest.gno	Remaining staker incentive rate repeat accrued 100 call 79	execution-segment-repricing	9869978	9944830	74852	0	0	0	73843	0	0	0	0	0	74.852	74.852	0.000000	+0.000075	+0.000075
remaining_staker_incentive_rate_filetest.gno	Remaining staker incentive rate repeat accrued 100 call 80	execution-segment-repricing	9869978	9944830	74852	0	0	0	73843	0	0	0	0	0	74.852	74.852	0.000000	+0.000075	+0.000075
remaining_staker_incentive_rate_filetest.gno	Remaining staker incentive rate repeat accrued 100 call 81	execution-segment-repricing	9869004	9943856	74852	0	0	0	73843	0	0	0	0	0	74.852	74.852	0.000000	+0.000075	+0.000075
remaining_staker_incentive_rate_filetest.gno	Remaining staker incentive rate repeat accrued 100 call 82	execution-segment-repricing	9868517	9943369	74852	0	0	0	73843	0	0	0	0	0	74.852	74.852	0.000000	+0.000075	+0.000075
remaining_staker_incentive_rate_filetest.gno	Remaining staker incentive rate repeat accrued 100 call 83	execution-segment-repricing	9864735	9939587	74852	0	0	0	73843	0	0	0	0	0	74.852	74.852	0.000000	+0.000075	+0.000075
remaining_staker_incentive_rate_filetest.gno	Remaining staker incentive rate repeat accrued 100 call 84	execution-segment-repricing	9864735	9939587	74852	0	0	0	73843	0	0	0	0	0	74.852	74.852	0.000000	+0.000075	+0.000075
remaining_staker_incentive_rate_filetest.gno	Remaining staker incentive rate repeat accrued 100 call 85	execution-segment-repricing	9931978	10006830	74852	0	0	0	73843	0	0	0	0	0	74.852	74.852	0.000000	+0.000075	+0.000075
remaining_staker_incentive_rate_filetest.gno	Remaining staker incentive rate repeat accrued 100 call 86	execution-segment-repricing	9869491	9944343	74852	0	0	0	73843	0	0	0	0	0	74.852	74.852	0.000000	+0.000075	+0.000075
remaining_staker_incentive_rate_filetest.gno	Remaining staker incentive rate repeat accrued 100 call 87	execution-segment-repricing	9869491	9944343	74852	0	0	0	73843	0	0	0	0	0	74.852	74.852	0.000000	+0.000075	+0.000075
remaining_staker_incentive_rate_filetest.gno	Remaining staker incentive rate repeat accrued 100 call 88	execution-segment-repricing	9869978	9944830	74852	0	0	0	73843	0	0	0	0	0	74.852	74.852	0.000000	+0.000075	+0.000075
remaining_staker_incentive_rate_filetest.gno	Remaining staker incentive rate repeat accrued 100 call 89	execution-segment-repricing	9868517	9943369	74852	0	0	0	73843	0	0	0	0	0	74.852	74.852	0.000000	+0.000075	+0.000075
remaining_staker_incentive_rate_filetest.gno	Remaining staker incentive rate repeat accrued 100 call 90	execution-segment-repricing	9868030	9942882	74852	0	0	0	73843	0	0	0	0	0	74.852	74.852	0.000000	+0.000075	+0.000075
remaining_staker_incentive_rate_filetest.gno	Remaining staker incentive rate repeat accrued 100 call 91	execution-segment-repricing	9869491	9944343	74852	0	0	0	73843	0	0	0	0	0	74.852	74.852	0.000000	+0.000075	+0.000075
remaining_staker_incentive_rate_filetest.gno	Remaining staker incentive rate repeat accrued 100 call 92	execution-segment-repricing	9869978	9944830	74852	0	0	0	73843	0	0	0	0	0	74.852	74.852	0.000000	+0.000075	+0.000075
remaining_staker_incentive_rate_filetest.gno	Remaining staker incentive rate repeat accrued 100 call 93	execution-segment-repricing	9868517	9943369	74852	0	0	0	73843	0	0	0	0	0	74.852	74.852	0.000000	+0.000075	+0.000075
remaining_staker_incentive_rate_filetest.gno	Remaining staker incentive rate repeat accrued 100 call 94	execution-segment-repricing	9868517	9943369	74852	0	0	0	73843	0	0	0	0	0	74.852	74.852	0.000000	+0.000075	+0.000075
remaining_staker_incentive_rate_filetest.gno	Remaining staker incentive rate repeat accrued 100 call 95	execution-segment-repricing	9932465	10007317	74852	0	0	0	73843	0	0	0	0	0	74.852	74.852	0.000000	+0.000075	+0.000075
remaining_staker_incentive_rate_filetest.gno	Remaining staker incentive rate repeat accrued 100 call 96	execution-segment-repricing	9869978	9944830	74852	0	0	0	73843	0	0	0	0	0	74.852	74.852	0.000000	+0.000075	+0.000075
remaining_staker_incentive_rate_filetest.gno	Remaining staker incentive rate repeat accrued 100 call 97	execution-segment-repricing	9869978	9944830	74852	0	0	0	73843	0	0	0	0	0	74.852	74.852	0.000000	+0.000075	+0.000075
remaining_staker_incentive_rate_filetest.gno	Remaining staker incentive rate repeat accrued 100 call 98	execution-segment-repricing	9869978	9944830	74852	0	0	0	73843	0	0	0	0	0	74.852	74.852	0.000000	+0.000075	+0.000075
remaining_staker_incentive_rate_filetest.gno	Remaining staker incentive rate repeat accrued 100 call 99	execution-segment-repricing	9869978	9944830	74852	0	0	0	73843	0	0	0	0	0	74.852	74.852	0.000000	+0.000075	+0.000075
remaining_staker_incentive_rate_filetest.gno	Remaining staker incentive rate repeat accrued 100 call 100	execution-segment-repricing	9866196	9941048	74852	0	0	0	73843	0	0	0	0	0	74.852	74.852	0.000000	+0.000075	+0.000075
remaining_staker_incentive_rate_filetest.gno	Remaining staker incentive rate lifecycle EndExternalIncentive	execution-segment-repricing	1847435	1847435	0	-2035	-2035	0	0	600	600	204100	204100	0	0	0	0.000000	0.000000	0.000000
remaining_staker_incentive_rate_filetest.gno	Remaining staker incentive rate lifecycle UnStakeToken cleanup	execution-segment-repricing	37595165	38277320	682155	-15142	-14327	815	664587	0	0	1514200	1432700	81500	682.155	82182.155	+0.081500	+0.000682	+0.082182
remaining_staker_tick_gross_filetest.gno	Remaining staker tick gross allocation first boundary StakeToken	execution-segment-repricing	9713309	9764032	50723	30064	29249	-815	49664	3006400	2924900	0	0	-81500	50.723	-81449.277	-0.081500	+0.000051	-0.081449
remaining_staker_tick_gross_filetest.gno	Remaining staker tick gross allocation shared boundary StakeToken	execution-segment-repricing	9876503	9925168	48665	4905	4090	-815	49664	596100	514600	105600	105600	-81500	48.665	-81451.335	-0.081500	+0.000049	-0.081451
remaining_staker_tick_gross_filetest.gno	Remaining staker tick gross repeat crossing 1 call 1	execution-segment-repricing	36870762	36870765	3	1318	1318	0	0	906500	906500	774700	774700	0	0.003	0.003	0.000000	0.000000	0.000000
remaining_staker_tick_gross_filetest.gno	Remaining staker tick gross repeat crossing 10 call 1	execution-segment-repricing	36762684	36762684	0	11016	11016	0	0	1101600	1101600	0	0	0	0	0	0.000000	0.000000	0.000000
remaining_staker_tick_gross_filetest.gno	Remaining staker tick gross repeat crossing 10 call 2	execution-segment-repricing	37551897	37551897	0	-7871	-7871	0	0	3600	3600	790700	790700	0	0	0	0.000000	0.000000	0.000000
remaining_staker_tick_gross_filetest.gno	Remaining staker tick gross repeat crossing 10 call 3	execution-segment-repricing	36957815	36957815	0	7950	7950	0	0	796100	796100	1100	1100	0	0	0	0.000000	0.000000	0.000000
remaining_staker_tick_gross_filetest.gno	Remaining staker tick gross repeat crossing 10 call 4	execution-segment-repricing	37575720	37575720	0	-7891	-7891	0	0	1300	1300	790400	790400	0	0	0	0.000000	0.000000	0.000000
remaining_staker_tick_gross_filetest.gno	Remaining staker tick gross repeat crossing 10 call 5	execution-segment-repricing	36975062	36975062	0	7902	7902	0	0	791500	791500	1300	1300	0	0	0	0.000000	0.000000	0.000000
remaining_staker_tick_gross_filetest.gno	Remaining staker tick gross repeat crossing 10 call 6	execution-segment-repricing	37575233	37575233	0	-7902	-7902	0	0	1300	1300	791500	791500	0	0	0	0.000000	0.000000	0.000000
remaining_staker_tick_gross_filetest.gno	Remaining staker tick gross repeat crossing 10 call 7	execution-segment-repricing	36975549	36975549	0	7902	7902	0	0	791500	791500	1300	1300	0	0	0	0.000000	0.000000	0.000000
remaining_staker_tick_gross_filetest.gno	Remaining staker tick gross repeat crossing 10 call 8	execution-segment-repricing	37575720	37575720	0	-7902	-7902	0	0	1300	1300	791500	791500	0	0	0	0.000000	0.000000	0.000000
remaining_staker_tick_gross_filetest.gno	Remaining staker tick gross repeat crossing 10 call 9	execution-segment-repricing	36975549	36975549	0	7902	7902	0	0	791500	791500	1300	1300	0	0	0	0.000000	0.000000	0.000000
remaining_staker_tick_gross_filetest.gno	Remaining staker tick gross repeat crossing 10 call 10	execution-segment-repricing	37572912	37572912	0	-7902	-7902	0	0	1300	1300	791500	791500	0	0	0	0.000000	0.000000	0.000000
remaining_staker_tick_gross_filetest.gno	Remaining staker tick gross repeat crossing 100 call 1	execution-segment-repricing	36972523	36972517	-6	7902	7902	0	0	791500	791500	1300	1300	0	-0.006	-0.006	0.000000	0.000000	0.000000
remaining_staker_tick_gross_filetest.gno	Remaining staker tick gross repeat crossing 100 call 2	execution-segment-repricing	37576207	37576207	0	-7902	-7902	0	0	1300	1300	791500	791500	0	0	0	0.000000	0.000000	0.000000
remaining_staker_tick_gross_filetest.gno	Remaining staker tick gross repeat crossing 100 call 3	execution-segment-repricing	36977016	36977010	-6	7902	7902	0	0	791500	791500	1300	1300	0	-0.006	-0.006	0.000000	0.000000	0.000000
remaining_staker_tick_gross_filetest.gno	Remaining staker tick gross repeat crossing 100 call 4	execution-segment-repricing	37576207	37576207	0	-7902	-7902	0	0	1300	1300	791500	791500	0	0	0	0.000000	0.000000	0.000000
remaining_staker_tick_gross_filetest.gno	Remaining staker tick gross repeat crossing 100 call 5	execution-segment-repricing	36972260	36972260	0	7902	7902	0	0	791500	791500	1300	1300	0	0	0	0.000000	0.000000	0.000000
remaining_staker_tick_gross_filetest.gno	Remaining staker tick gross repeat crossing 100 call 6	execution-segment-repricing	37572912	37572912	0	-7902	-7902	0	0	1300	1300	791500	791500	0	0	0	0.000000	0.000000	0.000000
remaining_staker_tick_gross_filetest.gno	Remaining staker tick gross repeat crossing 100 call 7	execution-segment-repricing	36976529	36976529	0	7902	7902	0	0	791500	791500	1300	1300	0	0	0	0.000000	0.000000	0.000000
remaining_staker_tick_gross_filetest.gno	Remaining staker tick gross repeat crossing 100 call 8	execution-segment-repricing	37575233	37575233	0	-7902	-7902	0	0	1300	1300	791500	791500	0	0	0	0.000000	0.000000	0.000000
remaining_staker_tick_gross_filetest.gno	Remaining staker tick gross repeat crossing 100 call 9	execution-segment-repricing	36978363	36978363	0	7902	7902	0	0	791500	791500	1300	1300	0	0	0	0.000000	0.000000	0.000000
remaining_staker_tick_gross_filetest.gno	Remaining staker tick gross repeat crossing 100 call 10	execution-segment-repricing	37579502	37579502	0	-7902	-7902	0	0	1300	1300	791500	791500	0	0	0	0.000000	0.000000	0.000000
remaining_staker_tick_gross_filetest.gno	Remaining staker tick gross repeat crossing 100 call 11	execution-segment-repricing	36979824	36979824	0	7902	7902	0	0	791500	791500	1300	1300	0	0	0	0.000000	0.000000	0.000000
remaining_staker_tick_gross_filetest.gno	Remaining staker tick gross repeat crossing 100 call 12	execution-segment-repricing	37579015	37579015	0	-7902	-7902	0	0	1300	1300	791500	791500	0	0	0	0.000000	0.000000	0.000000
remaining_staker_tick_gross_filetest.gno	Remaining staker tick gross repeat crossing 100 call 13	execution-segment-repricing	36978850	36978850	0	7902	7902	0	0	791500	791500	1300	1300	0	0	0	0.000000	0.000000	0.000000
remaining_staker_tick_gross_filetest.gno	Remaining staker tick gross repeat crossing 100 call 14	execution-segment-repricing	37575720	37575720	0	-7902	-7902	0	0	1300	1300	791500	791500	0	0	0	0.000000	0.000000	0.000000
remaining_staker_tick_gross_filetest.gno	Remaining staker tick gross repeat crossing 100 call 15	execution-segment-repricing	36979824	36979824	0	7902	7902	0	0	791500	791500	1300	1300	0	0	0	0.000000	0.000000	0.000000
remaining_staker_tick_gross_filetest.gno	Remaining staker tick gross repeat crossing 100 call 16	execution-segment-repricing	37576207	37576207	0	-7902	-7902	0	0	1300	1300	791500	791500	0	0	0	0.000000	0.000000	0.000000
remaining_staker_tick_gross_filetest.gno	Remaining staker tick gross repeat crossing 100 call 17	execution-segment-repricing	36976529	36976529	0	7902	7902	0	0	791500	791500	1300	1300	0	0	0	0.000000	0.000000	0.000000
remaining_staker_tick_gross_filetest.gno	Remaining staker tick gross repeat crossing 100 call 18	execution-segment-repricing	37579989	37579989	0	-7902	-7902	0	0	1300	1300	791500	791500	0	0	0	0.000000	0.000000	0.000000
remaining_staker_tick_gross_filetest.gno	Remaining staker tick gross repeat crossing 100 call 19	execution-segment-repricing	36972747	36972747	0	7902	7902	0	0	791500	791500	1300	1300	0	0	0	0.000000	0.000000	0.000000
remaining_staker_tick_gross_filetest.gno	Remaining staker tick gross repeat crossing 100 call 20	execution-segment-repricing	37579989	37579989	0	-7902	-7902	0	0	1300	1300	791500	791500	0	0	0	0.000000	0.000000	0.000000
remaining_staker_tick_gross_filetest.gno	Remaining staker tick gross repeat crossing 100 call 21	execution-segment-repricing	36976529	36976529	0	7902	7902	0	0	791500	791500	1300	1300	0	0	0	0.000000	0.000000	0.000000
remaining_staker_tick_gross_filetest.gno	Remaining staker tick gross repeat crossing 100 call 22	execution-segment-repricing	37575720	37575720	0	-7902	-7902	0	0	1300	1300	791500	791500	0	0	0	0.000000	0.000000	0.000000
remaining_staker_tick_gross_filetest.gno	Remaining staker tick gross repeat crossing 100 call 23	execution-segment-repricing	36978850	36978850	0	7902	7902	0	0	791500	791500	1300	1300	0	0	0	0.000000	0.000000	0.000000
remaining_staker_tick_gross_filetest.gno	Remaining staker tick gross repeat crossing 100 call 24	execution-segment-repricing	37575720	37575720	0	-7902	-7902	0	0	1300	1300	791500	791500	0	0	0	0.000000	0.000000	0.000000
remaining_staker_tick_gross_filetest.gno	Remaining staker tick gross repeat crossing 100 call 25	execution-segment-repricing	36979824	36979824	0	7902	7902	0	0	791500	791500	1300	1300	0	0	0	0.000000	0.000000	0.000000
remaining_staker_tick_gross_filetest.gno	Remaining staker tick gross repeat crossing 100 call 26	execution-segment-repricing	37578528	37578528	0	-7902	-7902	0	0	1300	1300	791500	791500	0	0	0	0.000000	0.000000	0.000000
remaining_staker_tick_gross_filetest.gno	Remaining staker tick gross repeat crossing 100 call 27	execution-segment-repricing	36978850	36978850	0	7902	7902	0	0	791500	791500	1300	1300	0	0	0	0.000000	0.000000	0.000000
remaining_staker_tick_gross_filetest.gno	Remaining staker tick gross repeat crossing 100 call 28	execution-segment-repricing	37579015	37579015	0	-7902	-7902	0	0	1300	1300	791500	791500	0	0	0	0.000000	0.000000	0.000000
remaining_staker_tick_gross_filetest.gno	Remaining staker tick gross repeat crossing 100 call 29	execution-segment-repricing	36985941	36985941	0	7904	7904	0	0	791600	791600	1200	1200	0	0	0	0.000000	0.000000	0.000000
remaining_staker_tick_gross_filetest.gno	Remaining staker tick gross repeat crossing 100 call 30	execution-segment-repricing	37605356	37605356	0	-7903	-7903	0	0	1200	1200	791500	791500	0	0	0	0.000000	0.000000	0.000000
remaining_staker_tick_gross_filetest.gno	Remaining staker tick gross repeat crossing 100 call 31	execution-segment-repricing	36996974	36996974	0	7903	7903	0	0	791500	791500	1200	1200	0	0	0	0.000000	0.000000	0.000000
remaining_staker_tick_gross_filetest.gno	Remaining staker tick gross repeat crossing 100 call 32	execution-segment-repricing	37602274	37602274	0	-7875	-7875	0	0	4000	4000	791500	791500	0	0	0	0.000000	0.000000	0.000000
remaining_staker_tick_gross_filetest.gno	Remaining staker tick gross repeat crossing 100 call 33	execution-segment-repricing	36994899	36994899	0	7938	7938	0	0	793800	793800	0	0	0	0	0	0.000000	0.000000	0.000000
remaining_staker_tick_gross_filetest.gno	Remaining staker tick gross repeat crossing 100 call 34	execution-segment-repricing	37606801	37606801	0	-7886	-7886	0	0	1700	1700	790300	790300	0	0	0	0.000000	0.000000	0.000000
remaining_staker_tick_gross_filetest.gno	Remaining staker tick gross repeat crossing 100 call 35	execution-segment-repricing	36998906	36998906	0	7903	7903	0	0	791500	791500	1200	1200	0	0	0	0.000000	0.000000	0.000000
remaining_staker_tick_gross_filetest.gno	Remaining staker tick gross repeat crossing 100 call 36	execution-segment-repricing	37606801	37606801	0	-7903	-7903	0	0	1200	1200	791500	791500	0	0	0	0.000000	0.000000	0.000000
remaining_staker_tick_gross_filetest.gno	Remaining staker tick gross repeat crossing 100 call 37	execution-segment-repricing	36995124	36995124	0	7903	7903	0	0	791500	791500	1200	1200	0	0	0	0.000000	0.000000	0.000000
remaining_staker_tick_gross_filetest.gno	Remaining staker tick gross repeat crossing 100 call 38	execution-segment-repricing	37602532	37602532	0	-7903	-7903	0	0	1200	1200	791500	791500	0	0	0	0.000000	0.000000	0.000000
remaining_staker_tick_gross_filetest.gno	Remaining staker tick gross repeat crossing 100 call 39	execution-segment-repricing	36998419	36998419	0	7903	7903	0	0	791500	791500	1200	1200	0	0	0	0.000000	0.000000	0.000000
remaining_staker_tick_gross_filetest.gno	Remaining staker tick gross repeat crossing 100 call 40	execution-segment-repricing	37605827	37605827	0	-7903	-7903	0	0	1200	1200	791500	791500	0	0	0	0.000000	0.000000	0.000000
remaining_staker_tick_gross_filetest.gno	Remaining staker tick gross repeat crossing 100 call 41	execution-segment-repricing	36997932	36997932	0	7903	7903	0	0	791500	791500	1200	1200	0	0	0	0.000000	0.000000	0.000000
remaining_staker_tick_gross_filetest.gno	Remaining staker tick gross repeat crossing 100 call 42	execution-segment-repricing	37606314	37606314	0	-7903	-7903	0	0	1200	1200	791500	791500	0	0	0	0.000000	0.000000	0.000000
remaining_staker_tick_gross_filetest.gno	Remaining staker tick gross repeat crossing 100 call 43	execution-segment-repricing	36998906	36998906	0	7903	7903	0	0	791500	791500	1200	1200	0	0	0	0.000000	0.000000	0.000000
remaining_staker_tick_gross_filetest.gno	Remaining staker tick gross repeat crossing 100 call 44	execution-segment-repricing	37606314	37606314	0	-7903	-7903	0	0	1200	1200	791500	791500	0	0	0	0.000000	0.000000	0.000000
remaining_staker_tick_gross_filetest.gno	Remaining staker tick gross repeat crossing 100 call 45	execution-segment-repricing	36990368	36990368	0	7903	7903	0	0	791500	791500	1200	1200	0	0	0	0.000000	0.000000	0.000000
remaining_staker_tick_gross_filetest.gno	Remaining staker tick gross repeat crossing 100 call 46	execution-segment-repricing	37605827	37605827	0	-7903	-7903	0	0	1200	1200	791500	791500	0	0	0	0.000000	0.000000	0.000000
remaining_staker_tick_gross_filetest.gno	Remaining staker tick gross repeat crossing 100 call 47	execution-segment-repricing	36998419	36998419	0	7903	7903	0	0	791500	791500	1200	1200	0	0	0	0.000000	0.000000	0.000000
remaining_staker_tick_gross_filetest.gno	Remaining staker tick gross repeat crossing 100 call 48	execution-segment-repricing	37606314	37606314	0	-7903	-7903	0	0	1200	1200	791500	791500	0	0	0	0.000000	0.000000	0.000000
remaining_staker_tick_gross_filetest.gno	Remaining staker tick gross repeat crossing 100 call 49	execution-segment-repricing	36997445	36997445	0	7903	7903	0	0	791500	791500	1200	1200	0	0	0	0.000000	0.000000	0.000000
remaining_staker_tick_gross_filetest.gno	Remaining staker tick gross repeat crossing 100 call 50	execution-segment-repricing	37606344	37606344	0	-7898	-7898	0	0	1200	1200	791000	791000	0	0	0	0.000000	0.000000	0.000000
remaining_staker_tick_gross_filetest.gno	Remaining staker tick gross repeat crossing 100 call 51	execution-segment-repricing	36999050	36999050	0	7917	7917	0	0	792900	792900	1200	1200	0	0	0	0.000000	0.000000	0.000000
remaining_staker_tick_gross_filetest.gno	Remaining staker tick gross repeat crossing 100 call 52	execution-segment-repricing	37606413	37606413	0	-7917	-7917	0	0	1200	1200	792900	792900	0	0	0	0.000000	0.000000	0.000000
remaining_staker_tick_gross_filetest.gno	Remaining staker tick gross repeat crossing 100 call 53	execution-segment-repricing	36995268	36995268	0	7917	7917	0	0	792900	792900	1200	1200	0	0	0	0.000000	0.000000	0.000000
remaining_staker_tick_gross_filetest.gno	Remaining staker tick gross repeat crossing 100 call 54	execution-segment-repricing	37602631	37602631	0	-7917	-7917	0	0	1200	1200	792900	792900	0	0	0	0.000000	0.000000	0.000000
remaining_staker_tick_gross_filetest.gno	Remaining staker tick gross repeat crossing 100 call 55	execution-segment-repricing	36998076	36998076	0	7917	7917	0	0	792900	792900	1200	1200	0	0	0	0.000000	0.000000	0.000000
remaining_staker_tick_gross_filetest.gno	Remaining staker tick gross repeat crossing 100 call 56	execution-segment-repricing	37605926	37605926	0	-7917	-7917	0	0	1200	1200	792900	792900	0	0	0	0.000000	0.000000	0.000000
remaining_staker_tick_gross_filetest.gno	Remaining staker tick gross repeat crossing 100 call 57	execution-segment-repricing	36998563	36998563	0	7917	7917	0	0	792900	792900	1200	1200	0	0	0	0.000000	0.000000	0.000000
remaining_staker_tick_gross_filetest.gno	Remaining staker tick gross repeat crossing 100 call 58	execution-segment-repricing	37602144	37602144	0	-7917	-7917	0	0	1200	1200	792900	792900	0	0	0	0.000000	0.000000	0.000000
remaining_staker_tick_gross_filetest.gno	Remaining staker tick gross repeat crossing 100 call 59	execution-segment-repricing	36998569	36998569	0	7919	7919	0	0	793100	793100	1200	1200	0	0	0	0.000000	0.000000	0.000000
remaining_staker_tick_gross_filetest.gno	Remaining staker tick gross repeat crossing 100 call 60	execution-segment-repricing	37606569	37606569	0	-7897	-7897	0	0	3200	3200	792900	792900	0	0	0	0.000000	0.000000	0.000000
remaining_staker_tick_gross_filetest.gno	Remaining staker tick gross repeat crossing 100 call 61	execution-segment-repricing	36997312	36997312	0	7917	7917	0	0	792900	792900	1200	1200	0	0	0	0.000000	0.000000	0.000000
remaining_staker_tick_gross_filetest.gno	Remaining staker tick gross repeat crossing 100 call 62	execution-segment-repricing	37605649	37605649	0	-7917	-7917	0	0	1200	1200	792900	792900	0	0	0	0.000000	0.000000	0.000000
remaining_staker_tick_gross_filetest.gno	Remaining staker tick gross repeat crossing 100 call 63	execution-segment-repricing	36998773	36998773	0	7917	7917	0	0	792900	792900	1200	1200	0	0	0	0.000000	0.000000	0.000000
remaining_staker_tick_gross_filetest.gno	Remaining staker tick gross repeat crossing 100 call 64	execution-segment-repricing	37607110	37607110	0	-7917	-7917	0	0	1200	1200	792900	792900	0	0	0	0.000000	0.000000	0.000000
remaining_staker_tick_gross_filetest.gno	Remaining staker tick gross repeat crossing 100 call 65	execution-segment-repricing	36998286	36998286	0	7917	7917	0	0	792900	792900	1200	1200	0	0	0	0.000000	0.000000	0.000000
remaining_staker_tick_gross_filetest.gno	Remaining staker tick gross repeat crossing 100 call 66	execution-segment-repricing	37607110	37607110	0	-7917	-7917	0	0	1200	1200	792900	792900	0	0	0	0.000000	0.000000	0.000000
remaining_staker_tick_gross_filetest.gno	Remaining staker tick gross repeat crossing 100 call 67	execution-segment-repricing	36999260	36999260	0	7917	7917	0	0	792900	792900	1200	1200	0	0	0	0.000000	0.000000	0.000000
remaining_staker_tick_gross_filetest.gno	Remaining staker tick gross repeat crossing 100 call 68	execution-segment-repricing	37602841	37602841	0	-7917	-7917	0	0	1200	1200	792900	792900	0	0	0	0.000000	0.000000	0.000000
remaining_staker_tick_gross_filetest.gno	Remaining staker tick gross repeat crossing 100 call 69	execution-segment-repricing	36997799	36997799	0	7917	7917	0	0	792900	792900	1200	1200	0	0	0	0.000000	0.000000	0.000000
remaining_staker_tick_gross_filetest.gno	Remaining staker tick gross repeat crossing 100 call 70	execution-segment-repricing	37606623	37606623	0	-7917	-7917	0	0	1200	1200	792900	792900	0	0	0	0.000000	0.000000	0.000000
remaining_staker_tick_gross_filetest.gno	Remaining staker tick gross repeat crossing 100 call 71	execution-segment-repricing	36991209	36991209	0	7917	7917	0	0	792900	792900	1200	1200	0	0	0	0.000000	0.000000	0.000000
remaining_staker_tick_gross_filetest.gno	Remaining staker tick gross repeat crossing 100 call 72	execution-segment-repricing	37606136	37606136	0	-7917	-7917	0	0	1200	1200	792900	792900	0	0	0	0.000000	0.000000	0.000000
remaining_staker_tick_gross_filetest.gno	Remaining staker tick gross repeat crossing 100 call 73	execution-segment-repricing	36997312	36997312	0	7917	7917	0	0	792900	792900	1200	1200	0	0	0	0.000000	0.000000	0.000000
remaining_staker_tick_gross_filetest.gno	Remaining staker tick gross repeat crossing 100 call 74	execution-segment-repricing	37606136	37606136	0	-7917	-7917	0	0	1200	1200	792900	792900	0	0	0	0.000000	0.000000	0.000000
remaining_staker_tick_gross_filetest.gno	Remaining staker tick gross repeat crossing 100 call 75	execution-segment-repricing	36991696	36991696	0	7917	7917	0	0	792900	792900	1200	1200	0	0	0	0.000000	0.000000	0.000000
remaining_staker_tick_gross_filetest.gno	Remaining staker tick gross repeat crossing 100 call 76	execution-segment-repricing	37606623	37606623	0	-7917	-7917	0	0	1200	1200	792900	792900	0	0	0	0.000000	0.000000	0.000000
remaining_staker_tick_gross_filetest.gno	Remaining staker tick gross repeat crossing 100 call 77	execution-segment-repricing	36997312	36997312	0	7917	7917	0	0	792900	792900	1200	1200	0	0	0	0.000000	0.000000	0.000000
remaining_staker_tick_gross_filetest.gno	Remaining staker tick gross repeat crossing 100 call 78	execution-segment-repricing	37602841	37602841	0	-7917	-7917	0	0	1200	1200	792900	792900	0	0	0	0.000000	0.000000	0.000000
remaining_staker_tick_gross_filetest.gno	Remaining staker tick gross repeat crossing 100 call 79	execution-segment-repricing	36994504	36994504	0	7917	7917	0	0	792900	792900	1200	1200	0	0	0	0.000000	0.000000	0.000000
remaining_staker_tick_gross_filetest.gno	Remaining staker tick gross repeat crossing 100 call 80	execution-segment-repricing	37606136	37606136	0	-7917	-7917	0	0	1200	1200	792900	792900	0	0	0	0.000000	0.000000	0.000000
remaining_staker_tick_gross_filetest.gno	Remaining staker tick gross repeat crossing 100 call 81	execution-segment-repricing	36999260	36999260	0	7917	7917	0	0	792900	792900	1200	1200	0	0	0	0.000000	0.000000	0.000000
remaining_staker_tick_gross_filetest.gno	Remaining staker tick gross repeat crossing 100 call 82	execution-segment-repricing	37606623	37606623	0	-7917	-7917	0	0	1200	1200	792900	792900	0	0	0	0.000000	0.000000	0.000000
remaining_staker_tick_gross_filetest.gno	Remaining staker tick gross repeat crossing 100 call 83	execution-segment-repricing	36993437	36993437	0	7917	7917	0	0	792900	792900	1200	1200	0	0	0	0.000000	0.000000	0.000000
remaining_staker_tick_gross_filetest.gno	Remaining staker tick gross repeat crossing 100 call 84	execution-segment-repricing	37602261	37602261	0	-7917	-7917	0	0	1200	1200	792900	792900	0	0	0	0.000000	0.000000	0.000000
remaining_staker_tick_gross_filetest.gno	Remaining staker tick gross repeat crossing 100 call 85	execution-segment-repricing	36998773	36998773	0	7917	7917	0	0	792900	792900	1200	1200	0	0	0	0.000000	0.000000	0.000000
remaining_staker_tick_gross_filetest.gno	Remaining staker tick gross repeat crossing 100 call 86	execution-segment-repricing	37605162	37605162	0	-7917	-7917	0	0	1200	1200	792900	792900	0	0	0	0.000000	0.000000	0.000000
remaining_staker_tick_gross_filetest.gno	Remaining staker tick gross repeat crossing 100 call 87	execution-segment-repricing	36997799	36997799	0	7917	7917	0	0	792900	792900	1200	1200	0	0	0	0.000000	0.000000	0.000000
remaining_staker_tick_gross_filetest.gno	Remaining staker tick gross repeat crossing 100 call 88	execution-segment-repricing	37607110	37607110	0	-7917	-7917	0	0	1200	1200	792900	792900	0	0	0	0.000000	0.000000	0.000000
remaining_staker_tick_gross_filetest.gno	Remaining staker tick gross repeat crossing 100 call 89	execution-segment-repricing	36998773	36998773	0	7917	7917	0	0	792900	792900	1200	1200	0	0	0	0.000000	0.000000	0.000000
remaining_staker_tick_gross_filetest.gno	Remaining staker tick gross repeat crossing 100 call 90	execution-segment-repricing	37606136	37606136	0	-7917	-7917	0	0	1200	1200	792900	792900	0	0	0	0.000000	0.000000	0.000000
remaining_staker_tick_gross_filetest.gno	Remaining staker tick gross repeat crossing 100 call 91	execution-segment-repricing	36997799	36997799	0	7917	7917	0	0	792900	792900	1200	1200	0	0	0	0.000000	0.000000	0.000000
remaining_staker_tick_gross_filetest.gno	Remaining staker tick gross repeat crossing 100 call 92	execution-segment-repricing	37605649	37605649	0	-7917	-7917	0	0	1200	1200	792900	792900	0	0	0	0.000000	0.000000	0.000000
remaining_staker_tick_gross_filetest.gno	Remaining staker tick gross repeat crossing 100 call 93	execution-segment-repricing	36998286	36998286	0	7917	7917	0	0	792900	792900	1200	1200	0	0	0	0.000000	0.000000	0.000000
remaining_staker_tick_gross_filetest.gno	Remaining staker tick gross repeat crossing 100 call 94	execution-segment-repricing	37602841	37602841	0	-7917	-7917	0	0	1200	1200	792900	792900	0	0	0	0.000000	0.000000	0.000000
remaining_staker_tick_gross_filetest.gno	Remaining staker tick gross repeat crossing 100 call 95	execution-segment-repricing	36995478	36995478	0	7917	7917	0	0	792900	792900	1200	1200	0	0	0	0.000000	0.000000	0.000000
remaining_staker_tick_gross_filetest.gno	Remaining staker tick gross repeat crossing 100 call 96	execution-segment-repricing	37607110	37607110	0	-7917	-7917	0	0	1200	1200	792900	792900	0	0	0	0.000000	0.000000	0.000000
remaining_staker_tick_gross_filetest.gno	Remaining staker tick gross repeat crossing 100 call 97	execution-segment-repricing	36999260	36999260	0	7917	7917	0	0	792900	792900	1200	1200	0	0	0	0.000000	0.000000	0.000000
remaining_staker_tick_gross_filetest.gno	Remaining staker tick gross repeat crossing 100 call 98	execution-segment-repricing	37606623	37606623	0	-7917	-7917	0	0	1200	1200	792900	792900	0	0	0	0.000000	0.000000	0.000000
remaining_staker_tick_gross_filetest.gno	Remaining staker tick gross repeat crossing 100 call 99	execution-segment-repricing	36995478	36995478	0	7917	7917	0	0	792900	792900	1200	1200	0	0	0	0.000000	0.000000	0.000000
remaining_staker_tick_gross_filetest.gno	Remaining staker tick gross repeat crossing 100 call 100	execution-segment-repricing	37603328	37603328	0	-7917	-7917	0	0	1200	1200	792900	792900	0	0	0	0.000000	0.000000	0.000000
remaining_staker_tick_gross_filetest.gno	Remaining staker tick gross lifecycle UnStakeToken	execution-segment-repricing	23921278	24144461	223183	-21179	-19549	1630	147686	0	0	2117900	1954900	163000	223.183	163223.183	+0.163000	+0.000223	+0.163223
router_exact_in_single_swap_route_grc20_fee10000_filetest.gno	ExactInSingleSwapRoute(grc20) - fee:10000	execution-segment-repricing	26973823	26973691	-132	9054	9054	0	0	906000	906000	600	600	0	-0.132	-0.132	0.000000	0.000000	0.000000
router_exact_in_single_swap_route_grc20_fee100_filetest.gno	ExactInSingleSwapRoute(grc20) - fee:100	execution-segment-repricing	31564543	31564411	-132	9054	9054	0	0	906000	906000	600	600	0	-0.132	-0.132	0.000000	0.000000	0.000000
router_exact_in_single_swap_route_grc20_fee3000_filetest.gno	ExactInSingleSwapRoute(grc20) - fee:3000	execution-segment-repricing	27038160	27038028	-132	9054	9054	0	0	906000	906000	600	600	0	-0.132	-0.132	0.000000	0.000000	0.000000
router_exact_in_single_swap_route_grc20_fee500_filetest.gno	ExactInSingleSwapRoute(grc20) - fee:500	execution-segment-repricing	26900397	26900265	-132	9054	9054	0	0	906000	906000	600	600	0	-0.132	-0.132	0.000000	0.000000	0.000000
router_exact_in_swap_route_grc20_fee10000_filetest.gno	ExactInSwapRoute(grc20) - fee:10000	execution-segment-repricing	26212293	26212161	-132	9054	9054	0	0	906000	906000	600	600	0	-0.132	-0.132	0.000000	0.000000	0.000000
router_exact_in_swap_route_grc20_fee100_filetest.gno	ExactInSwapRoute(grc20) - fee:100	execution-segment-repricing	30820317	30820185	-132	9054	9054	0	0	906000	906000	600	600	0	-0.132	-0.132	0.000000	0.000000	0.000000
router_exact_in_swap_route_grc20_fee3000_filetest.gno	ExactInSwapRoute(grc20) - fee:3000	execution-segment-repricing	26285282	26285150	-132	9054	9054	0	0	906000	906000	600	600	0	-0.132	-0.132	0.000000	0.000000	0.000000
router_exact_in_swap_route_grc20_fee500_filetest.gno	ExactInSwapRoute(grc20) - fee:500	execution-segment-repricing	26156171	26156039	-132	9054	9054	0	0	906000	906000	600	600	0	-0.132	-0.132	0.000000	0.000000	0.000000
router_exact_out_single_swap_route_grc20_fee10000_filetest.gno	ExactOutSingleSwapRoute(grc20) - fee:10000	execution-segment-repricing	28806824	28806692	-132	9054	9054	0	0	906000	906000	600	600	0	-0.132	-0.132	0.000000	0.000000	0.000000
router_exact_out_single_swap_route_grc20_fee100_filetest.gno	ExactOutSingleSwapRoute(grc20) - fee:100	execution-segment-repricing	33248320	33248188	-132	9054	9054	0	0	906000	906000	600	600	0	-0.132	-0.132	0.000000	0.000000	0.000000
router_exact_out_single_swap_route_grc20_fee3000_filetest.gno	ExactOutSingleSwapRoute(grc20) - fee:3000	execution-segment-repricing	28747177	28747045	-132	9054	9054	0	0	906000	906000	600	600	0	-0.132	-0.132	0.000000	0.000000	0.000000
router_exact_out_single_swap_route_grc20_fee500_filetest.gno	ExactOutSingleSwapRoute(grc20) - fee:500	execution-segment-repricing	28642962	28642830	-132	9054	9054	0	0	906000	906000	600	600	0	-0.132	-0.132	0.000000	0.000000	0.000000
router_exact_out_swap_route_grc20_fee10000_filetest.gno	ExactOutSwapRoute(grc20) - fee:10000	execution-segment-repricing	28068329	28068197	-132	9054	9054	0	0	906000	906000	600	600	0	-0.132	-0.132	0.000000	0.000000	0.000000
router_exact_out_swap_route_grc20_fee100_filetest.gno	ExactOutSwapRoute(grc20) - fee:100	execution-segment-repricing	32527129	32526997	-132	9054	9054	0	0	906000	906000	600	600	0	-0.132	-0.132	0.000000	0.000000	0.000000
router_exact_out_swap_route_grc20_fee3000_filetest.gno	ExactOutSwapRoute(grc20) - fee:3000	execution-segment-repricing	28017334	28017202	-132	9054	9054	0	0	906000	906000	600	600	0	-0.132	-0.132	0.000000	0.000000	0.000000
router_exact_out_swap_route_grc20_fee500_filetest.gno	ExactOutSwapRoute(grc20) - fee:500	execution-segment-repricing	27921771	27921639	-132	9054	9054	0	0	906000	906000	600	600	0	-0.132	-0.132	0.000000	0.000000	0.000000
router_single_hop_route_filetest.gno	BuildSingleHopRoutePath	execution-segment-repricing	202459	204013	1554	0	0	0	0	0	0	0	0	0	1.554	1.554	0.000000	+0.000002	+0.000002
router_swap_multi_hop_filetest.gno	MultiHop ExactIn (2 hops)	execution-segment-repricing	52640746	52640614	-132	9061	9061	0	0	907300	907300	1200	1200	0	-0.132	-0.132	0.000000	0.000000	0.000000
router_swap_multi_hop_filetest.gno	MultiHop ExactOut (2 hops)	execution-segment-repricing	73105182	73105182	0	76	76	0	0	7600	7600	0	0	0	0	0	0.000000	0.000000	0.000000
router_swap_multi_hop_filetest.gno	MultiHop ExactIn (3 hops)	execution-segment-repricing	72264029	72264029	0	33	33	0	0	4500	4500	1200	1200	0	0	0	0.000000	0.000000	0.000000
router_swap_multi_hop_filetest.gno	MultiHop ExactOut (3 hops)	execution-segment-repricing	110815944	110815944	0	0	0	0	0	0	0	0	0	0	0	0	0.000000	0.000000	0.000000
router_swap_multi_hop_filetest.gno	MultiRoute ExactIn (50:50 split)	execution-segment-repricing	71586063	71586063	0	0	0	0	0	600	600	600	600	0	0	0	0.000000	0.000000	0.000000
router_swap_multi_hop_filetest.gno	MultiRoute ExactOut (50:50 split)	execution-segment-repricing	96971305	96971305	0	4	4	0	0	400	400	0	0	0	0	0	0.000000	0.000000	0.000000
staker_collect_reward_filetest.gno	CollectReward (only Internal Reward)	execution-segment-repricing	13997438	14143186	145748	11137	11137	0	73843	1113700	1113700	0	0	0	145.748	145.748	0.000000	+0.000146	+0.000146
staker_collect_reward_filetest.gno	CollectReward 2nd (only Internal Reward)	execution-segment-repricing	13778831	13853314	74483	40	40	0	73843	4000	4000	0	0	0	74.483	74.483	0.000000	+0.000074	+0.000074
staker_collect_reward_incentive_token_count_filetest.gno	staker CollectReward (1 external-incentive token)	execution-segment-repricing	13624670	13846377	221707	10026	10026	0	147686	1002600	1002600	0	0	0	221.707	221.707	0.000000	+0.000222	+0.000222
staker_collect_reward_incentive_token_count_filetest.gno	staker CollectReward (2 external-incentive tokens)	execution-segment-repricing	20970488	21195782	225294	4069	4069	0	221529	406900	406900	0	0	0	225.294	225.294	0.000000	+0.000225	+0.000225
staker_collect_reward_incentive_token_count_filetest.gno	staker CollectReward (3 external-incentive tokens)	execution-segment-repricing	28630586	28930732	300146	4502	4502	0	295372	450200	450200	0	0	0	300.146	300.146	0.000000	+0.000300	+0.000300
staker_collect_reward_incentive_token_count_filetest.gno	staker CollectReward (4 external-incentive tokens)	execution-segment-repricing	36478899	36853897	374998	5046	5046	0	369215	504600	504600	0	0	0	374.998	374.998	0.000000	+0.000375	+0.000375
staker_collect_reward_position_growth_filetest.gno	storage growth: CollectReward 20 staked positions	execution-segment-repricing	15322698	15397181	74483	62	62	0	73843	6200	6200	0	0	0	74.483	74.483	0.000000	+0.000074	+0.000074
staker_collect_reward_position_growth_filetest.gno	storage growth: CollectReward 40 staked positions	execution-segment-repricing	15785077	15859560	74483	0	0	0	73843	0	0	0	0	0	74.483	74.483	0.000000	+0.000074	+0.000074
staker_collect_reward_position_growth_filetest.gno	storage growth: CollectReward 60 staked positions	execution-segment-repricing	15787567	15862050	74483	0	0	0	73843	0	0	0	0	0	74.483	74.483	0.000000	+0.000074	+0.000074
staker_collect_reward_position_growth_filetest.gno	storage growth: CollectReward 80 staked positions	execution-segment-repricing	15918844	15993327	74483	0	0	0	73843	0	0	0	0	0	74.483	74.483	0.000000	+0.000074	+0.000074
staker_collect_reward_position_growth_filetest.gno	storage growth: CollectReward 100 staked positions	execution-segment-repricing	15904575	15979058	74483	0	0	0	73843	0	0	0	0	0	74.483	74.483	0.000000	+0.000074	+0.000074
staker_collect_reward_with_external_rewards_1_filetest.gno	CollectReward With External Rewards (1 incentives)	execution-segment-repricing	22021186	22241786	220600	14734	14734	0	147686	1473400	1473400	0	0	0	220.6	220.6	0.000000	+0.000221	+0.000221
staker_collect_reward_with_external_rewards_1_filetest.gno	CollectReward With External Rewards 2nd (1 incentives)	execution-segment-repricing	21425192	21574896	149704	31	31	0	147686	3100	3100	0	0	0	149.704	149.704	0.000000	+0.000150	+0.000150
staker_collect_reward_with_external_rewards_5_filetest.gno	CollectReward With External Rewards (5 incentives)	execution-segment-repricing	53057905	53577913	520008	28757	28757	0	443058	2875700	2875700	0	0	0	520.008	520.008	0.000000	+0.000520	+0.000520
staker_collect_reward_with_external_rewards_5_filetest.gno	CollectReward With External Rewards 2nd (5 incentives)	execution-segment-repricing	51305551	51756139	450588	52	52	0	443058	5200	5200	0	0	0	450.588	450.588	0.000000	+0.000451	+0.000451
staker_collect_reward_with_warmup_range_filetest.gno	CollectReward with Warmup Range (30% ~ 30%)	execution-segment-repricing	14035434	14181182	145748	11119	11119	0	73843	1111900	1111900	0	0	0	145.748	145.748	0.000000	+0.000146	+0.000146
staker_collect_reward_with_warmup_range_filetest.gno	CollectReward with Warmup Range (30% ~ 50%)	execution-segment-repricing	16054353	16204795	150442	58	58	0	147686	5800	5800	0	0	0	150.442	150.442	0.000000	+0.000150	+0.000150
staker_collect_reward_with_warmup_range_filetest.gno	CollectReward with Warmup Range (30% ~ 70%)	execution-segment-repricing	18359219	18585620	226401	18	18	0	221529	1800	1800	0	0	0	226.401	226.401	0.000000	+0.000226	+0.000226
staker_collect_reward_with_warmup_range_filetest.gno	CollectReward with Warmup Range (30% ~ 100%)	execution-segment-repricing	20688012	20990372	302360	18	18	0	295372	1800	1800	0	0	0	302.36	302.36	0.000000	+0.000302	+0.000302
staker_collect_reward_with_warmup_range_filetest.gno	CollectReward with Warmup Range (100% ~)	execution-segment-repricing	13453682	13528534	74852	-6	-6	0	73843	0	0	600	600	0	74.852	74.852	0.000000	+0.000075	+0.000075
staker_collect_reward_with_warmup_range_filetest.gno	CollectReward with Warmup Range 2nd (100% ~)	execution-segment-repricing	13338329	13413181	74852	0	0	0	73843	0	0	0	0	0	74.852	74.852	0.000000	+0.000075	+0.000075
staker_create_external_incentive_filetest.gno	CreateExternalIncentive	execution-segment-repricing	3858805	3858805	0	66634	66634	0	0	6663400	6663400	0	0	0	0	0	0.000000	0.000000	0.000000
staker_end_external_incentive_filetest.gno	EndExternalIncentive	execution-segment-repricing	2312242	2312242	0	-1979	-1979	0	0	4500	4500	202400	202400	0	0	0	0.000000	0.000000	0.000000
staker_end_external_incentive_unclaimable100_filetest.gno	EndExternalIncentive (unclaimablePeriods=100)	execution-segment-repricing	2352154	2352154	0	147	147	0	0	14700	14700	0	0	0	0	0	0.000000	0.000000	0.000000
staker_end_external_incentive_unclaimable10_filetest.gno	EndExternalIncentive (unclaimablePeriods=10)	execution-segment-repricing	2301857	2301857	0	141	141	0	0	14100	14100	0	0	0	0	0	0.000000	0.000000	0.000000
staker_end_external_incentive_unclaimable50_filetest.gno	EndExternalIncentive (unclaimablePeriods=50)	execution-segment-repricing	2314287	2314287	0	141	141	0	0	14100	14100	0	0	0	0	0	0.000000	0.000000	0.000000
staker_halving_tick_cross_batch_10_filetest.gno	Swap (halving, 10 staked tick-crosses)	execution-segment-repricing	106403913	106403913	0	3729	3729	0	0	373500	373500	600	600	0	0	0	0.000000	0.000000	0.000000
staker_halving_tick_cross_batch_1_filetest.gno	Swap (halving, 1 staked tick-cross)	execution-segment-repricing	32197775	32197775	0	2813	2813	0	0	281900	281900	600	600	0	0	0	0.000000	0.000000	0.000000
staker_halving_tick_cross_batch_50_filetest.gno	Swap (halving, 50 staked tick-crosses)	execution-segment-repricing	445343810	445343810	0	7260	7260	0	0	726600	726600	600	600	0	0	0	0.000000	0.000000	0.000000
staker_tick_cross_batch_no_halving_10_filetest.gno	Swap (no halving, 10 staked tick-crosses)	execution-segment-repricing	94229033	94229033	0	-7110	-7110	0	0	40300	40300	751300	751300	0	0	0	0.000000	0.000000	0.000000
staker_tick_cross_batch_no_halving_1_filetest.gno	Swap (no halving, 1 staked tick-cross)	execution-segment-repricing	26002108	26002108	0	-7684	-7684	0	0	4500	4500	772900	772900	0	0	0	0.000000	0.000000	0.000000
staker_tick_cross_batch_no_halving_50_filetest.gno	Swap (no halving, 50 staked tick-crosses)	execution-segment-repricing	406594608	406594608	0	-5108	-5108	0	0	174600	174600	685400	685400	0	0	0	0.000000	0.000000	0.000000
version_manager_filetest.gno	RegisterInitializer (v1)	execution-segment-repricing	71548	71548	0	0	0	0	0	0	0	0	0	0	0	0	0.000000	0.000000	0.000000
version_manager_filetest.gno	RegisterInitializer (v2)	execution-segment-repricing	55268	55268	0	0	0	0	0	0	0	0	0	0	0	0	0.000000	0.000000	0.000000
