fixture	label	scope	baseline_gas	candidate_gas	gas_delta	baseline_net_bytes	candidate_net_bytes	storage_delta_bytes	cpu_delta	baseline_deposits_ugnot	candidate_deposits_ugnot	baseline_refunds_ugnot	candidate_refunds_ugnot	storage_delta_ugnot	gas_fee_delta_ugnot	net_delta_ugnot	storage_delta_gnot	gas_fee_delta_gnot	net_delta_gnot
common_filetest.gno	TickMathGetSqrtRatioAtTick (minTick)	execution-segment-repricing	1689865	1689865	0	0	0	0	0	0	0	0	0	0	0	0	0.000000	0.000000	0.000000
common_filetest.gno	TickMathGetSqrtRatioAtTick (maxTick)	execution-segment-repricing	2058854	2058854	0	0	0	0	0	0	0	0	0	0	0	0	0.000000	0.000000	0.000000
common_filetest.gno	TickMathGetSqrtRatioAtTick (zero)	execution-segment-repricing	334802	334802	0	0	0	0	0	0	0	0	0	0	0	0	0.000000	0.000000	0.000000
common_filetest.gno	TickMathGetSqrtRatioAtTick	execution-segment-repricing	1527883	1527883	0	0	0	0	0	0	0	0	0	0	0	0	0.000000	0.000000	0.000000
common_filetest.gno	TickMathGetTickAtSqrtRatio	execution-segment-repricing	3863554	3863554	0	0	0	0	0	0	0	0	0	0	0	0	0.000000	0.000000	0.000000
common_filetest.gno	GetLiquidityForAmounts	execution-segment-repricing	3211535	3211535	0	0	0	0	0	0	0	0	0	0	0	0	0.000000	0.000000	0.000000
common_filetest.gno	GetAmountsForLiquidity	execution-segment-repricing	2981525	2981525	0	0	0	0	0	0	0	0	0	0	0	0	0.000000	0.000000	0.000000
common_filetest.gno	LiquidityMathAddDelta (positive)	execution-segment-repricing	449547	449547	0	0	0	0	0	0	0	0	0	0	0	0	0.000000	0.000000	0.000000
common_filetest.gno	LiquidityMathAddDelta (negative)	execution-segment-repricing	471588	471588	0	0	0	0	0	0	0	0	0	0	0	0	0.000000	0.000000	0.000000
common_filetest.gno	LiquidityMathAddDelta	execution-segment-repricing	437865	437865	0	0	0	0	0	0	0	0	0	0	0	0	0.000000	0.000000	0.000000
gnsmath_filetest.gno	GetAmount0Delta	execution-segment-repricing	3631434	3631434	0	0	0	0	0	0	0	0	0	0	0	0	0.000000	0.000000	0.000000
gnsmath_filetest.gno	GetAmount1Delta	execution-segment-repricing	2329750	2329750	0	0	0	0	0	0	0	0	0	0	0	0	0.000000	0.000000	0.000000
gnsmath_filetest.gno	SwapMathComputeSwapStep	execution-segment-repricing	4232740	4232740	0	0	0	0	0	0	0	0	0	0	0	0	0.000000	0.000000	0.000000
gov_governance_propose_community_pool_spend_filetest.gno	Propose Community Pool Spend	execution-segment-repricing	2446272	2446272	0	20560	20560	0	0	2056000	2056000	0	0	0	0	0	0.000000	0.000000	0.000000
gov_governance_propose_parameter_change_filetest.gno	Propose Parameter Change	execution-segment-repricing	2992330	2992330	0	19532	19532	0	0	1953200	1953200	0	0	0	0	0	0.000000	0.000000	0.000000
gov_governance_propose_parameter_change_filetest.gno	Vote	execution-segment-repricing	1020769	1020769	0	4488	4488	0	0	448800	448800	0	0	0	0	0	0.000000	0.000000	0.000000
gov_governance_propose_parameter_change_filetest.gno	Execute	execution-segment-repricing	2528088	2528088	0	76	76	0	0	7600	7600	0	0	0	0	0	0.000000	0.000000	0.000000
gov_governance_propose_text_filetest.gno	Propose Text	execution-segment-repricing	1931909	1931909	0	18333	18333	0	0	1833300	1833300	0	0	0	0	0	0.000000	0.000000	0.000000
gov_governance_propose_text_with_incative_proposals_filetest.gno	Propose Text with Inactive: 100	execution-segment-repricing	2347937	2347937	0	8501	8501	0	0	850100	850100	0	0	0	0	0	0.000000	0.000000	0.000000
gov_staker_collect_gns_delegation100_withdraw1_filetest.gno	CollectUndelegatedGns (100 delegations, 1 withdraws)	execution-segment-repricing	25137447	25137321	-126	0	0	0	0	0	0	0	0	0	-0.126	-0.126	0.000000	0.000000	0.000000
gov_staker_collect_gns_delegation10_withdraw10_filetest.gno	CollectUndelegatedGns (10 delegations, 10 withdraws)	execution-segment-repricing	4375919	4375919	0	0	0	0	0	0	0	0	0	0	0	0	0.000000	0.000000	0.000000
gov_staker_collect_gns_delegation10_withdraw1_filetest.gno	CollectUndelegatedGns (10 delegations, 1 withdraws)	execution-segment-repricing	2337329	2337329	0	0	0	0	0	0	0	0	0	0	0	0	0.000000	0.000000	0.000000
gov_staker_collect_gns_delegation10_withdraw50_filetest.gno	CollectUndelegatedGns (10 delegations, 50 withdraws)	execution-segment-repricing	13436619	13436319	-300	18	0	-18	0	1800	0	0	0	-1800	-0.3	-1800.3	-0.001800	0.000000	-0.001800
gov_staker_collect_gns_delegation10_withdraw5_filetest.gno	CollectUndelegatedGns (10 delegations, 5 withdraws)	execution-segment-repricing	3243369	3243369	0	0	0	0	0	0	0	0	0	0	0	0	0.000000	0.000000	0.000000
gov_staker_collect_gns_delegation1_withdraw10_filetest.gno	CollectUndelegatedGns (1 delegation, 10 withdraws)	execution-segment-repricing	611432	611432	0	0	0	0	0	0	0	0	0	0	0	0	0.000000	0.000000	0.000000
gov_staker_collect_gns_delegation1_withdraw1_filetest.gno	CollectUndelegatedGns (1 delegation, 1 withdraws)	execution-segment-repricing	407573	407573	0	0	0	0	0	0	0	0	0	0	0	0	0.000000	0.000000	0.000000
gov_staker_collect_gns_delegation1_withdraw50_filetest.gno	CollectUndelegatedGns (1 delegation, 50 withdraws)	execution-segment-repricing	1517472	1517472	0	0	0	0	0	0	0	0	0	0	0	0	0.000000	0.000000	0.000000
gov_staker_collect_gns_delegation1_withdraw5_filetest.gno	CollectUndelegatedGns (1 delegation, 5 withdraws)	execution-segment-repricing	498177	498177	0	0	0	0	0	0	0	0	0	0	0	0	0.000000	0.000000	0.000000
gov_staker_collect_reward_delegation100_withdraw1_filetest.gno	CollectReward (100 delegations, 1 withdraws)	execution-segment-repricing	3457352	3495683	38331	2333	1931	-402	37910	243200	203000	9900	9900	-40200	38.331	-40161.669	-0.040200	+0.000038	-0.040162
gov_staker_collect_reward_delegation10_withdraw10_filetest.gno	CollectReward (10 delegations, 10 withdraws)	execution-segment-repricing	3457262	3495611	38349	2323	1924	-399	37910	242200	202300	9900	9900	-39900	38.349	-39861.651	-0.039900	+0.000038	-0.039862
gov_staker_collect_reward_delegation10_withdraw1_filetest.gno	CollectReward (10 delegations, 1 withdraws)	execution-segment-repricing	3453474	3491823	38349	2323	1924	-399	37910	242200	202300	9900	9900	-39900	38.349	-39861.651	-0.039900	+0.000038	-0.039862
gov_staker_collect_reward_delegation10_withdraw50_filetest.gno	CollectReward (10 delegations, 50 withdraws)	execution-segment-repricing	3456195	3494544	38349	2323	1924	-399	37910	242200	202300	9900	9900	-39900	38.349	-39861.651	-0.039900	+0.000038	-0.039862
gov_staker_collect_reward_delegation10_withdraw5_filetest.gno	CollectReward (10 delegations, 5 withdraws)	execution-segment-repricing	3450271	3488620	38349	2323	1924	-399	37910	242200	202300	9900	9900	-39900	38.349	-39861.651	-0.039900	+0.000038	-0.039862
gov_staker_collect_reward_delegation1_withdraw10_filetest.gno	CollectReward (1 delegation, 10 withdraws)	execution-segment-repricing	3527394	3565743	38349	2395	1996	-399	37910	249400	209500	9900	9900	-39900	38.349	-39861.651	-0.039900	+0.000038	-0.039862
gov_staker_collect_reward_delegation1_withdraw1_filetest.gno	CollectReward (1 delegation, 1 withdraws)	execution-segment-repricing	3702980	3741329	38349	2395	1996	-399	37910	249400	209500	9900	9900	-39900	38.349	-39861.651	-0.039900	+0.000038	-0.039862
gov_staker_collect_reward_delegation1_withdraw50_filetest.gno	CollectReward (1 delegation, 50 withdraws)	execution-segment-repricing	3524191	3562540	38349	2395	1996	-399	37910	249400	209500	9900	9900	-39900	38.349	-39861.651	-0.039900	+0.000038	-0.039862
gov_staker_collect_reward_delegation1_withdraw5_filetest.gno	CollectReward (1 delegation, 5 withdraws)	execution-segment-repricing	3525348	3563697	38349	2395	1996	-399	37910	249400	209500	9900	9900	-39900	38.349	-39861.651	-0.039900	+0.000038	-0.039862
gov_staker_collect_reward_pf_token_count_filetest.gno	gov/staker CollectReward (1 protocol-fee tokens)	execution-segment-repricing	3734006	3772354	38348	368	-31	-399	37910	248900	209000	212100	212100	-39900	38.348	-39861.652	-0.039900	+0.000038	-0.039862
gov_staker_collect_reward_pf_token_count_filetest.gno	gov/staker CollectReward (2 protocol-fee tokens)	execution-segment-repricing	5887416	5954946	67530	-1860	-2259	-399	65484	238200	198300	424200	424200	-39900	67.53	-39832.47	-0.039900	+0.000068	-0.039832
gov_staker_collect_reward_pf_token_count_filetest.gno	gov/staker CollectReward (3 protocol-fee tokens)	execution-segment-repricing	8162687	8259123	96436	-3992	-4391	-399	93058	238200	198300	637400	637400	-39900	96.436	-39803.564	-0.039900	+0.000096	-0.039804
gov_staker_collect_reward_pf_token_count_filetest.gno	gov/staker CollectReward (4 protocol-fee tokens)	execution-segment-repricing	10448372	10573438	125066	-6122	-6521	-399	120632	238200	198300	850400	850400	-39900	125.066	-39774.934	-0.039900	+0.000125	-0.039775
gov_staker_collect_reward_pf_token_count_filetest.gno	gov/staker CollectReward (4 protocol-fee tokens but zero amount)	execution-segment-repricing	1701190	1754801	53611	0	0	0	50196	0	0	0	0	0	53.611	53.611	0.000000	+0.000054	+0.000054
gov_staker_delegate_undelegate_filetest.gno	Delegate	execution-segment-repricing	4989756	5019970	30214	38285	38285	0	31009	3828500	3828500	0	0	0	30.214	30.214	0.000000	+0.000030	+0.000030
gov_staker_delegate_undelegate_filetest.gno	Undelegate	execution-segment-repricing	2279200	2301874	22674	840	840	0	22945	84000	84000	0	0	0	22.674	22.674	0.000000	+0.000023	+0.000023
gov_staker_optimizations_filetest.gno	Undelegate (5 delegations, cached external calls)	execution-segment-repricing	9705646	9819016	113370	3510	3510	0	114725	351000	351000	0	0	0	113.37	113.37	0.000000	+0.000113	+0.000113
gov_staker_optimizations_filetest.gno	Delegate (cached external calls)	execution-segment-repricing	3046853	3069527	22674	3210	3210	0	22945	321000	321000	0	0	0	22.674	22.674	0.000000	+0.000023	+0.000023
gov_staker_optimizations_filetest.gno	Undelegate (early exit, 3 of 10 delegations)	execution-segment-repricing	6656620	6724642	68022	2088	2088	0	68835	208800	208800	0	0	0	68.022	68.022	0.000000	+0.000068	+0.000068
gov_staker_redelegate_filetest.gno	Redelegate	execution-segment-repricing	4363314	4408662	45348	1423	1423	0	45890	142300	142300	0	0	0	45.348	45.348	0.000000	+0.000045	+0.000045
gov_staker_redelegate_many_delegations_filetest.gno	Redelegate (50 of 100 delegations, optimized)	execution-segment-repricing	123363976	124519585	1155609	-118826	-118826	0	1170195	0	0	11882600	11882600	0	1155.609	1155.609	0.000000	+0.001156	+0.001156
gov_staker_remaining_emission_accumulator_filetest.gno	Remaining gov emission accumulator delegate allocation	execution-segment-repricing	6115291	6146840	31549	46566	46566	0	31009	4656600	4656600	0	0	0	31.549	31.549	0.000000	+0.000032	+0.000032
gov_staker_remaining_emission_accumulator_filetest.gno	Remaining gov emission accumulator repeat-1 claim-1	execution-segment-repricing	2591722	2606259	14537	36	36	0	14881	3600	3600	0	0	0	14.537	14.537	0.000000	+0.000015	+0.000015
gov_staker_remaining_emission_accumulator_filetest.gno	Remaining gov emission accumulator repeat-10 claim-1	execution-segment-repricing	2583753	2598290	14537	0	0	0	14881	0	0	0	0	0	14.537	14.537	0.000000	+0.000015	+0.000015
gov_staker_remaining_emission_accumulator_filetest.gno	Remaining gov emission accumulator repeat-10 claim-2	execution-segment-repricing	2582779	2597316	14537	0	0	0	14881	0	0	0	0	0	14.537	14.537	0.000000	+0.000015	+0.000015
gov_staker_remaining_emission_accumulator_filetest.gno	Remaining gov emission accumulator repeat-10 claim-3	execution-segment-repricing	2583753	2598290	14537	0	0	0	14881	0	0	0	0	0	14.537	14.537	0.000000	+0.000015	+0.000015
gov_staker_remaining_emission_accumulator_filetest.gno	Remaining gov emission accumulator repeat-10 claim-4	execution-segment-repricing	2582779	2597316	14537	0	0	0	14881	0	0	0	0	0	14.537	14.537	0.000000	+0.000015	+0.000015
gov_staker_remaining_emission_accumulator_filetest.gno	Remaining gov emission accumulator repeat-10 claim-5	execution-segment-repricing	2583753	2598290	14537	0	0	0	14881	0	0	0	0	0	14.537	14.537	0.000000	+0.000015	+0.000015
gov_staker_remaining_emission_accumulator_filetest.gno	Remaining gov emission accumulator repeat-10 claim-6	execution-segment-repricing	2582779	2597316	14537	0	0	0	14881	0	0	0	0	0	14.537	14.537	0.000000	+0.000015	+0.000015
gov_staker_remaining_emission_accumulator_filetest.gno	Remaining gov emission accumulator repeat-10 claim-7	execution-segment-repricing	2583266	2597803	14537	0	0	0	14881	0	0	0	0	0	14.537	14.537	0.000000	+0.000015	+0.000015
gov_staker_remaining_emission_accumulator_filetest.gno	Remaining gov emission accumulator repeat-10 claim-8	execution-segment-repricing	2597799	2612336	14537	0	0	0	14881	0	0	0	0	0	14.537	14.537	0.000000	+0.000015	+0.000015
gov_staker_remaining_emission_accumulator_filetest.gno	Remaining gov emission accumulator repeat-10 claim-9	execution-segment-repricing	2600120	2614657	14537	0	0	0	14881	0	0	0	0	0	14.537	14.537	0.000000	+0.000015	+0.000015
gov_staker_remaining_emission_accumulator_filetest.gno	Remaining gov emission accumulator repeat-10 claim-10	execution-segment-repricing	2601094	2615631	14537	0	0	0	14881	0	0	0	0	0	14.537	14.537	0.000000	+0.000015	+0.000015
gov_staker_remaining_emission_accumulator_filetest.gno	Remaining gov emission accumulator repeat-100 claim-1	execution-segment-repricing	2600120	2614657	14537	0	0	0	14881	0	0	0	0	0	14.537	14.537	0.000000	+0.000015	+0.000015
gov_staker_remaining_emission_accumulator_filetest.gno	Remaining gov emission accumulator repeat-100 claim-2	execution-segment-repricing	2601094	2615631	14537	0	0	0	14881	0	0	0	0	0	14.537	14.537	0.000000	+0.000015	+0.000015
gov_staker_remaining_emission_accumulator_filetest.gno	Remaining gov emission accumulator repeat-100 claim-3	execution-segment-repricing	2600231	2614768	14537	6	6	0	14881	600	600	0	0	0	14.537	14.537	0.000000	+0.000015	+0.000015
gov_staker_remaining_emission_accumulator_filetest.gno	Remaining gov emission accumulator repeat-100 claim-4	execution-segment-repricing	2597423	2611960	14537	0	0	0	14881	0	0	0	0	0	14.537	14.537	0.000000	+0.000015	+0.000015
gov_staker_remaining_emission_accumulator_filetest.gno	Remaining gov emission accumulator repeat-100 claim-5	execution-segment-repricing	2600718	2615255	14537	0	0	0	14881	0	0	0	0	0	14.537	14.537	0.000000	+0.000015	+0.000015
gov_staker_remaining_emission_accumulator_filetest.gno	Remaining gov emission accumulator repeat-100 claim-6	execution-segment-repricing	2600718	2615255	14537	0	0	0	14881	0	0	0	0	0	14.537	14.537	0.000000	+0.000015	+0.000015
gov_staker_remaining_emission_accumulator_filetest.gno	Remaining gov emission accumulator repeat-100 claim-7	execution-segment-repricing	2601205	2615742	14537	0	0	0	14881	0	0	0	0	0	14.537	14.537	0.000000	+0.000015	+0.000015
gov_staker_remaining_emission_accumulator_filetest.gno	Remaining gov emission accumulator repeat-100 claim-8	execution-segment-repricing	2600231	2614768	14537	0	0	0	14881	0	0	0	0	0	14.537	14.537	0.000000	+0.000015	+0.000015
gov_staker_remaining_emission_accumulator_filetest.gno	Remaining gov emission accumulator repeat-100 claim-9	execution-segment-repricing	2597423	2611960	14537	0	0	0	14881	0	0	0	0	0	14.537	14.537	0.000000	+0.000015	+0.000015
gov_staker_remaining_emission_accumulator_filetest.gno	Remaining gov emission accumulator repeat-100 claim-10	execution-segment-repricing	2600231	2614768	14537	0	0	0	14881	0	0	0	0	0	14.537	14.537	0.000000	+0.000015	+0.000015
gov_staker_remaining_emission_accumulator_filetest.gno	Remaining gov emission accumulator repeat-100 claim-11	execution-segment-repricing	2597423	2611960	14537	0	0	0	14881	0	0	0	0	0	14.537	14.537	0.000000	+0.000015	+0.000015
gov_staker_remaining_emission_accumulator_filetest.gno	Remaining gov emission accumulator repeat-100 claim-12	execution-segment-repricing	2600231	2614768	14537	0	0	0	14881	0	0	0	0	0	14.537	14.537	0.000000	+0.000015	+0.000015
gov_staker_remaining_emission_accumulator_filetest.gno	Remaining gov emission accumulator repeat-100 claim-13	execution-segment-repricing	2600718	2615255	14537	0	0	0	14881	0	0	0	0	0	14.537	14.537	0.000000	+0.000015	+0.000015
gov_staker_remaining_emission_accumulator_filetest.gno	Remaining gov emission accumulator repeat-100 claim-14	execution-segment-repricing	2601205	2615742	14537	0	0	0	14881	0	0	0	0	0	14.537	14.537	0.000000	+0.000015	+0.000015
gov_staker_remaining_emission_accumulator_filetest.gno	Remaining gov emission accumulator repeat-100 claim-15	execution-segment-repricing	2600718	2615255	14537	0	0	0	14881	0	0	0	0	0	14.537	14.537	0.000000	+0.000015	+0.000015
gov_staker_remaining_emission_accumulator_filetest.gno	Remaining gov emission accumulator repeat-100 claim-16	execution-segment-repricing	2601205	2615742	14537	0	0	0	14881	0	0	0	0	0	14.537	14.537	0.000000	+0.000015	+0.000015
gov_staker_remaining_emission_accumulator_filetest.gno	Remaining gov emission accumulator repeat-100 claim-17	execution-segment-repricing	2603483	2618020	14537	0	0	0	14881	0	0	0	0	0	14.537	14.537	0.000000	+0.000015	+0.000015
gov_staker_remaining_emission_accumulator_filetest.gno	Remaining gov emission accumulator repeat-100 claim-18	execution-segment-repricing	2600188	2614725	14537	0	0	0	14881	0	0	0	0	0	14.537	14.537	0.000000	+0.000015	+0.000015
gov_staker_remaining_emission_accumulator_filetest.gno	Remaining gov emission accumulator repeat-100 claim-19	execution-segment-repricing	2603483	2618020	14537	0	0	0	14881	0	0	0	0	0	14.537	14.537	0.000000	+0.000015	+0.000015
gov_staker_remaining_emission_accumulator_filetest.gno	Remaining gov emission accumulator repeat-100 claim-20	execution-segment-repricing	2600188	2614725	14537	0	0	0	14881	0	0	0	0	0	14.537	14.537	0.000000	+0.000015	+0.000015
gov_staker_remaining_emission_accumulator_filetest.gno	Remaining gov emission accumulator repeat-100 claim-21	execution-segment-repricing	2603970	2618507	14537	0	0	0	14881	0	0	0	0	0	14.537	14.537	0.000000	+0.000015	+0.000015
gov_staker_remaining_emission_accumulator_filetest.gno	Remaining gov emission accumulator repeat-100 claim-22	execution-segment-repricing	2603970	2618507	14537	0	0	0	14881	0	0	0	0	0	14.537	14.537	0.000000	+0.000015	+0.000015
gov_staker_remaining_emission_accumulator_filetest.gno	Remaining gov emission accumulator repeat-100 claim-23	execution-segment-repricing	2604457	2618994	14537	0	0	0	14881	0	0	0	0	0	14.537	14.537	0.000000	+0.000015	+0.000015
gov_staker_remaining_emission_accumulator_filetest.gno	Remaining gov emission accumulator repeat-100 claim-24	execution-segment-repricing	2603970	2618507	14537	0	0	0	14881	0	0	0	0	0	14.537	14.537	0.000000	+0.000015	+0.000015
gov_staker_remaining_emission_accumulator_filetest.gno	Remaining gov emission accumulator repeat-100 claim-25	execution-segment-repricing	2599608	2614145	14537	0	0	0	14881	0	0	0	0	0	14.537	14.537	0.000000	+0.000015	+0.000015
gov_staker_remaining_emission_accumulator_filetest.gno	Remaining gov emission accumulator repeat-100 claim-26	execution-segment-repricing	2602996	2617533	14537	0	0	0	14881	0	0	0	0	0	14.537	14.537	0.000000	+0.000015	+0.000015
gov_staker_remaining_emission_accumulator_filetest.gno	Remaining gov emission accumulator repeat-100 claim-27	execution-segment-repricing	2603483	2618020	14537	0	0	0	14881	0	0	0	0	0	14.537	14.537	0.000000	+0.000015	+0.000015
gov_staker_remaining_emission_accumulator_filetest.gno	Remaining gov emission accumulator repeat-100 claim-28	execution-segment-repricing	2603483	2618020	14537	0	0	0	14881	0	0	0	0	0	14.537	14.537	0.000000	+0.000015	+0.000015
gov_staker_remaining_emission_accumulator_filetest.gno	Remaining gov emission accumulator repeat-100 claim-29	execution-segment-repricing	2603483	2618020	14537	0	0	0	14881	0	0	0	0	0	14.537	14.537	0.000000	+0.000015	+0.000015
gov_staker_remaining_emission_accumulator_filetest.gno	Remaining gov emission accumulator repeat-100 claim-30	execution-segment-repricing	2604457	2618994	14537	0	0	0	14881	0	0	0	0	0	14.537	14.537	0.000000	+0.000015	+0.000015
gov_staker_remaining_emission_accumulator_filetest.gno	Remaining gov emission accumulator repeat-100 claim-31	execution-segment-repricing	2600188	2614725	14537	0	0	0	14881	0	0	0	0	0	14.537	14.537	0.000000	+0.000015	+0.000015
gov_staker_remaining_emission_accumulator_filetest.gno	Remaining gov emission accumulator repeat-100 claim-32	execution-segment-repricing	2604457	2618994	14537	0	0	0	14881	0	0	0	0	0	14.537	14.537	0.000000	+0.000015	+0.000015
gov_staker_remaining_emission_accumulator_filetest.gno	Remaining gov emission accumulator repeat-100 claim-33	execution-segment-repricing	2603483	2618020	14537	0	0	0	14881	0	0	0	0	0	14.537	14.537	0.000000	+0.000015	+0.000015
gov_staker_remaining_emission_accumulator_filetest.gno	Remaining gov emission accumulator repeat-100 claim-34	execution-segment-repricing	2603970	2618507	14537	0	0	0	14881	0	0	0	0	0	14.537	14.537	0.000000	+0.000015	+0.000015
gov_staker_remaining_emission_accumulator_filetest.gno	Remaining gov emission accumulator repeat-100 claim-35	execution-segment-repricing	2603483	2618020	14537	0	0	0	14881	0	0	0	0	0	14.537	14.537	0.000000	+0.000015	+0.000015
gov_staker_remaining_emission_accumulator_filetest.gno	Remaining gov emission accumulator repeat-100 claim-36	execution-segment-repricing	2603483	2618020	14537	0	0	0	14881	0	0	0	0	0	14.537	14.537	0.000000	+0.000015	+0.000015
gov_staker_remaining_emission_accumulator_filetest.gno	Remaining gov emission accumulator repeat-100 claim-37	execution-segment-repricing	2603970	2618507	14537	0	0	0	14881	0	0	0	0	0	14.537	14.537	0.000000	+0.000015	+0.000015
gov_staker_remaining_emission_accumulator_filetest.gno	Remaining gov emission accumulator repeat-100 claim-38	execution-segment-repricing	2603483	2618020	14537	0	0	0	14881	0	0	0	0	0	14.537	14.537	0.000000	+0.000015	+0.000015
gov_staker_remaining_emission_accumulator_filetest.gno	Remaining gov emission accumulator repeat-100 claim-39	execution-segment-repricing	2603970	2618507	14537	0	0	0	14881	0	0	0	0	0	14.537	14.537	0.000000	+0.000015	+0.000015
gov_staker_remaining_emission_accumulator_filetest.gno	Remaining gov emission accumulator repeat-100 claim-40	execution-segment-repricing	2599701	2614238	14537	0	0	0	14881	0	0	0	0	0	14.537	14.537	0.000000	+0.000015	+0.000015
gov_staker_remaining_emission_accumulator_filetest.gno	Remaining gov emission accumulator repeat-100 claim-41	execution-segment-repricing	2603970	2618507	14537	0	0	0	14881	0	0	0	0	0	14.537	14.537	0.000000	+0.000015	+0.000015
gov_staker_remaining_emission_accumulator_filetest.gno	Remaining gov emission accumulator repeat-100 claim-42	execution-segment-repricing	2600188	2614725	14537	0	0	0	14881	0	0	0	0	0	14.537	14.537	0.000000	+0.000015	+0.000015
gov_staker_remaining_emission_accumulator_filetest.gno	Remaining gov emission accumulator repeat-100 claim-43	execution-segment-repricing	2603970	2618507	14537	0	0	0	14881	0	0	0	0	0	14.537	14.537	0.000000	+0.000015	+0.000015
gov_staker_remaining_emission_accumulator_filetest.gno	Remaining gov emission accumulator repeat-100 claim-44	execution-segment-repricing	2603483	2618020	14537	0	0	0	14881	0	0	0	0	0	14.537	14.537	0.000000	+0.000015	+0.000015
gov_staker_remaining_emission_accumulator_filetest.gno	Remaining gov emission accumulator repeat-100 claim-45	execution-segment-repricing	2603483	2618020	14537	0	0	0	14881	0	0	0	0	0	14.537	14.537	0.000000	+0.000015	+0.000015
gov_staker_remaining_emission_accumulator_filetest.gno	Remaining gov emission accumulator repeat-100 claim-46	execution-segment-repricing	2603970	2618507	14537	0	0	0	14881	0	0	0	0	0	14.537	14.537	0.000000	+0.000015	+0.000015
gov_staker_remaining_emission_accumulator_filetest.gno	Remaining gov emission accumulator repeat-100 claim-47	execution-segment-repricing	2599701	2614238	14537	0	0	0	14881	0	0	0	0	0	14.537	14.537	0.000000	+0.000015	+0.000015
gov_staker_remaining_emission_accumulator_filetest.gno	Remaining gov emission accumulator repeat-100 claim-48	execution-segment-repricing	2603483	2618020	14537	0	0	0	14881	0	0	0	0	0	14.537	14.537	0.000000	+0.000015	+0.000015
gov_staker_remaining_emission_accumulator_filetest.gno	Remaining gov emission accumulator repeat-100 claim-49	execution-segment-repricing	2603483	2618020	14537	0	0	0	14881	0	0	0	0	0	14.537	14.537	0.000000	+0.000015	+0.000015
gov_staker_remaining_emission_accumulator_filetest.gno	Remaining gov emission accumulator repeat-100 claim-50	execution-segment-repricing	2603970	2618507	14537	0	0	0	14881	0	0	0	0	0	14.537	14.537	0.000000	+0.000015	+0.000015
gov_staker_remaining_emission_accumulator_filetest.gno	Remaining gov emission accumulator repeat-100 claim-51	execution-segment-repricing	2603483	2618020	14537	0	0	0	14881	0	0	0	0	0	14.537	14.537	0.000000	+0.000015	+0.000015
gov_staker_remaining_emission_accumulator_filetest.gno	Remaining gov emission accumulator repeat-100 claim-52	execution-segment-repricing	2603970	2618507	14537	0	0	0	14881	0	0	0	0	0	14.537	14.537	0.000000	+0.000015	+0.000015
gov_staker_remaining_emission_accumulator_filetest.gno	Remaining gov emission accumulator repeat-100 claim-53	execution-segment-repricing	2600188	2614725	14537	0	0	0	14881	0	0	0	0	0	14.537	14.537	0.000000	+0.000015	+0.000015
gov_staker_remaining_emission_accumulator_filetest.gno	Remaining gov emission accumulator repeat-100 claim-54	execution-segment-repricing	2599701	2614238	14537	0	0	0	14881	0	0	0	0	0	14.537	14.537	0.000000	+0.000015	+0.000015
gov_staker_remaining_emission_accumulator_filetest.gno	Remaining gov emission accumulator repeat-100 claim-55	execution-segment-repricing	2603483	2618020	14537	0	0	0	14881	0	0	0	0	0	14.537	14.537	0.000000	+0.000015	+0.000015
gov_staker_remaining_emission_accumulator_filetest.gno	Remaining gov emission accumulator repeat-100 claim-56	execution-segment-repricing	2603483	2618020	14537	0	0	0	14881	0	0	0	0	0	14.537	14.537	0.000000	+0.000015	+0.000015
gov_staker_remaining_emission_accumulator_filetest.gno	Remaining gov emission accumulator repeat-100 claim-57	execution-segment-repricing	2603970	2618507	14537	0	0	0	14881	0	0	0	0	0	14.537	14.537	0.000000	+0.000015	+0.000015
gov_staker_remaining_emission_accumulator_filetest.gno	Remaining gov emission accumulator repeat-100 claim-58	execution-segment-repricing	2603483	2618020	14537	0	0	0	14881	0	0	0	0	0	14.537	14.537	0.000000	+0.000015	+0.000015
gov_staker_remaining_emission_accumulator_filetest.gno	Remaining gov emission accumulator repeat-100 claim-59	execution-segment-repricing	2604457	2618994	14537	0	0	0	14881	0	0	0	0	0	14.537	14.537	0.000000	+0.000015	+0.000015
gov_staker_remaining_emission_accumulator_filetest.gno	Remaining gov emission accumulator repeat-100 claim-60	execution-segment-repricing	2603970	2618507	14537	0	0	0	14881	0	0	0	0	0	14.537	14.537	0.000000	+0.000015	+0.000015
gov_staker_remaining_emission_accumulator_filetest.gno	Remaining gov emission accumulator repeat-100 claim-61	execution-segment-repricing	2600675	2615212	14537	0	0	0	14881	0	0	0	0	0	14.537	14.537	0.000000	+0.000015	+0.000015
gov_staker_remaining_emission_accumulator_filetest.gno	Remaining gov emission accumulator repeat-100 claim-62	execution-segment-repricing	2600188	2614725	14537	0	0	0	14881	0	0	0	0	0	14.537	14.537	0.000000	+0.000015	+0.000015
gov_staker_remaining_emission_accumulator_filetest.gno	Remaining gov emission accumulator repeat-100 claim-63	execution-segment-repricing	2603483	2618020	14537	0	0	0	14881	0	0	0	0	0	14.537	14.537	0.000000	+0.000015	+0.000015
gov_staker_remaining_emission_accumulator_filetest.gno	Remaining gov emission accumulator repeat-100 claim-64	execution-segment-repricing	2603970	2618507	14537	0	0	0	14881	0	0	0	0	0	14.537	14.537	0.000000	+0.000015	+0.000015
gov_staker_remaining_emission_accumulator_filetest.gno	Remaining gov emission accumulator repeat-100 claim-65	execution-segment-repricing	2603970	2618507	14537	0	0	0	14881	0	0	0	0	0	14.537	14.537	0.000000	+0.000015	+0.000015
gov_staker_remaining_emission_accumulator_filetest.gno	Remaining gov emission accumulator repeat-100 claim-66	execution-segment-repricing	2604457	2618994	14537	0	0	0	14881	0	0	0	0	0	14.537	14.537	0.000000	+0.000015	+0.000015
gov_staker_remaining_emission_accumulator_filetest.gno	Remaining gov emission accumulator repeat-100 claim-67	execution-segment-repricing	2604457	2618994	14537	0	0	0	14881	0	0	0	0	0	14.537	14.537	0.000000	+0.000015	+0.000015
gov_staker_remaining_emission_accumulator_filetest.gno	Remaining gov emission accumulator repeat-100 claim-68	execution-segment-repricing	2604457	2618994	14537	0	0	0	14881	0	0	0	0	0	14.537	14.537	0.000000	+0.000015	+0.000015
gov_staker_remaining_emission_accumulator_filetest.gno	Remaining gov emission accumulator repeat-100 claim-69	execution-segment-repricing	2603970	2618507	14537	0	0	0	14881	0	0	0	0	0	14.537	14.537	0.000000	+0.000015	+0.000015
gov_staker_remaining_emission_accumulator_filetest.gno	Remaining gov emission accumulator repeat-100 claim-70	execution-segment-repricing	2603970	2618507	14537	0	0	0	14881	0	0	0	0	0	14.537	14.537	0.000000	+0.000015	+0.000015
gov_staker_remaining_emission_accumulator_filetest.gno	Remaining gov emission accumulator repeat-100 claim-71	execution-segment-repricing	2603483	2618020	14537	0	0	0	14881	0	0	0	0	0	14.537	14.537	0.000000	+0.000015	+0.000015
gov_staker_remaining_emission_accumulator_filetest.gno	Remaining gov emission accumulator repeat-100 claim-72	execution-segment-repricing	2605037	2619574	14537	0	0	0	14881	0	0	0	0	0	14.537	14.537	0.000000	+0.000015	+0.000015
gov_staker_remaining_emission_accumulator_filetest.gno	Remaining gov emission accumulator repeat-100 claim-73	execution-segment-repricing	2601742	2616279	14537	0	0	0	14881	0	0	0	0	0	14.537	14.537	0.000000	+0.000015	+0.000015
gov_staker_remaining_emission_accumulator_filetest.gno	Remaining gov emission accumulator repeat-100 claim-74	execution-segment-repricing	2605037	2619574	14537	0	0	0	14881	0	0	0	0	0	14.537	14.537	0.000000	+0.000015	+0.000015
gov_staker_remaining_emission_accumulator_filetest.gno	Remaining gov emission accumulator repeat-100 claim-75	execution-segment-repricing	2605524	2620061	14537	0	0	0	14881	0	0	0	0	0	14.537	14.537	0.000000	+0.000015	+0.000015
gov_staker_remaining_emission_accumulator_filetest.gno	Remaining gov emission accumulator repeat-100 claim-76	execution-segment-repricing	2601742	2616279	14537	0	0	0	14881	0	0	0	0	0	14.537	14.537	0.000000	+0.000015	+0.000015
gov_staker_remaining_emission_accumulator_filetest.gno	Remaining gov emission accumulator repeat-100 claim-77	execution-segment-repricing	2605037	2619574	14537	0	0	0	14881	0	0	0	0	0	14.537	14.537	0.000000	+0.000015	+0.000015
gov_staker_remaining_emission_accumulator_filetest.gno	Remaining gov emission accumulator repeat-100 claim-78	execution-segment-repricing	2605037	2619574	14537	0	0	0	14881	0	0	0	0	0	14.537	14.537	0.000000	+0.000015	+0.000015
gov_staker_remaining_emission_accumulator_filetest.gno	Remaining gov emission accumulator repeat-100 claim-79	execution-segment-repricing	2605524	2620061	14537	0	0	0	14881	0	0	0	0	0	14.537	14.537	0.000000	+0.000015	+0.000015
gov_staker_remaining_emission_accumulator_filetest.gno	Remaining gov emission accumulator repeat-100 claim-80	execution-segment-repricing	2604550	2619087	14537	0	0	0	14881	0	0	0	0	0	14.537	14.537	0.000000	+0.000015	+0.000015
gov_staker_remaining_emission_accumulator_filetest.gno	Remaining gov emission accumulator repeat-100 claim-81	execution-segment-repricing	2605037	2619574	14537	0	0	0	14881	0	0	0	0	0	14.537	14.537	0.000000	+0.000015	+0.000015
gov_staker_remaining_emission_accumulator_filetest.gno	Remaining gov emission accumulator repeat-100 claim-82	execution-segment-repricing	2605037	2619574	14537	0	0	0	14881	0	0	0	0	0	14.537	14.537	0.000000	+0.000015	+0.000015
gov_staker_remaining_emission_accumulator_filetest.gno	Remaining gov emission accumulator repeat-100 claim-83	execution-segment-repricing	2601742	2616279	14537	0	0	0	14881	0	0	0	0	0	14.537	14.537	0.000000	+0.000015	+0.000015
gov_staker_remaining_emission_accumulator_filetest.gno	Remaining gov emission accumulator repeat-100 claim-84	execution-segment-repricing	2601255	2615792	14537	0	0	0	14881	0	0	0	0	0	14.537	14.537	0.000000	+0.000015	+0.000015
gov_staker_remaining_emission_accumulator_filetest.gno	Remaining gov emission accumulator repeat-100 claim-85	execution-segment-repricing	2605037	2619574	14537	0	0	0	14881	0	0	0	0	0	14.537	14.537	0.000000	+0.000015	+0.000015
gov_staker_remaining_emission_accumulator_filetest.gno	Remaining gov emission accumulator repeat-100 claim-86	execution-segment-repricing	2605524	2620061	14537	0	0	0	14881	0	0	0	0	0	14.537	14.537	0.000000	+0.000015	+0.000015
gov_staker_remaining_emission_accumulator_filetest.gno	Remaining gov emission accumulator repeat-100 claim-87	execution-segment-repricing	2605037	2619574	14537	0	0	0	14881	0	0	0	0	0	14.537	14.537	0.000000	+0.000015	+0.000015
gov_staker_remaining_emission_accumulator_filetest.gno	Remaining gov emission accumulator repeat-100 claim-88	execution-segment-repricing	2605524	2620061	14537	0	0	0	14881	0	0	0	0	0	14.537	14.537	0.000000	+0.000015	+0.000015
gov_staker_remaining_emission_accumulator_filetest.gno	Remaining gov emission accumulator repeat-100 claim-89	execution-segment-repricing	2604550	2619087	14537	0	0	0	14881	0	0	0	0	0	14.537	14.537	0.000000	+0.000015	+0.000015
gov_staker_remaining_emission_accumulator_filetest.gno	Remaining gov emission accumulator repeat-100 claim-90	execution-segment-repricing	2601255	2615792	14537	0	0	0	14881	0	0	0	0	0	14.537	14.537	0.000000	+0.000015	+0.000015
gov_staker_remaining_emission_accumulator_filetest.gno	Remaining gov emission accumulator repeat-100 claim-91	execution-segment-repricing	2604063	2618600	14537	0	0	0	14881	0	0	0	0	0	14.537	14.537	0.000000	+0.000015	+0.000015
gov_staker_remaining_emission_accumulator_filetest.gno	Remaining gov emission accumulator repeat-100 claim-92	execution-segment-repricing	2605037	2619574	14537	0	0	0	14881	0	0	0	0	0	14.537	14.537	0.000000	+0.000015	+0.000015
gov_staker_remaining_emission_accumulator_filetest.gno	Remaining gov emission accumulator repeat-100 claim-93	execution-segment-repricing	2605037	2619574	14537	0	0	0	14881	0	0	0	0	0	14.537	14.537	0.000000	+0.000015	+0.000015
gov_staker_remaining_emission_accumulator_filetest.gno	Remaining gov emission accumulator repeat-100 claim-94	execution-segment-repricing	2605037	2619574	14537	0	0	0	14881	0	0	0	0	0	14.537	14.537	0.000000	+0.000015	+0.000015
gov_staker_remaining_emission_accumulator_filetest.gno	Remaining gov emission accumulator repeat-100 claim-95	execution-segment-repricing	2601742	2616279	14537	0	0	0	14881	0	0	0	0	0	14.537	14.537	0.000000	+0.000015	+0.000015
gov_staker_remaining_emission_accumulator_filetest.gno	Remaining gov emission accumulator repeat-100 claim-96	execution-segment-repricing	2605037	2619574	14537	0	0	0	14881	0	0	0	0	0	14.537	14.537	0.000000	+0.000015	+0.000015
gov_staker_remaining_emission_accumulator_filetest.gno	Remaining gov emission accumulator repeat-100 claim-97	execution-segment-repricing	2601742	2616279	14537	0	0	0	14881	0	0	0	0	0	14.537	14.537	0.000000	+0.000015	+0.000015
gov_staker_remaining_emission_accumulator_filetest.gno	Remaining gov emission accumulator repeat-100 claim-98	execution-segment-repricing	2604063	2618600	14537	0	0	0	14881	0	0	0	0	0	14.537	14.537	0.000000	+0.000015	+0.000015
gov_staker_remaining_emission_accumulator_filetest.gno	Remaining gov emission accumulator repeat-100 claim-99	execution-segment-repricing	2605037	2619574	14537	0	0	0	14881	0	0	0	0	0	14.537	14.537	0.000000	+0.000015	+0.000015
gov_staker_remaining_emission_accumulator_filetest.gno	Remaining gov emission accumulator repeat-100 claim-100	execution-segment-repricing	2604550	2619087	14537	0	0	0	14881	0	0	0	0	0	14.537	14.537	0.000000	+0.000015	+0.000015
gov_staker_remaining_emission_accumulator_filetest.gno	Remaining gov emission accumulator repeat-1000 claim-1	execution-segment-repricing	2605037	2619574	14537	0	0	0	14881	0	0	0	0	0	14.537	14.537	0.000000	+0.000015	+0.000015
gov_staker_remaining_emission_accumulator_filetest.gno	Remaining gov emission accumulator repeat-1000 claim-2	execution-segment-repricing	2605037	2619574	14537	0	0	0	14881	0	0	0	0	0	14.537	14.537	0.000000	+0.000015	+0.000015
gov_staker_remaining_emission_accumulator_filetest.gno	Remaining gov emission accumulator repeat-1000 claim-3	execution-segment-repricing	2605037	2619574	14537	0	0	0	14881	0	0	0	0	0	14.537	14.537	0.000000	+0.000015	+0.000015
gov_staker_remaining_emission_accumulator_filetest.gno	Remaining gov emission accumulator repeat-1000 claim-4	execution-segment-repricing	2605037	2619574	14537	0	0	0	14881	0	0	0	0	0	14.537	14.537	0.000000	+0.000015	+0.000015
gov_staker_remaining_emission_accumulator_filetest.gno	Remaining gov emission accumulator repeat-1000 claim-5	execution-segment-repricing	2604550	2619087	14537	0	0	0	14881	0	0	0	0	0	14.537	14.537	0.000000	+0.000015	+0.000015
gov_staker_remaining_emission_accumulator_filetest.gno	Remaining gov emission accumulator repeat-1000 claim-6	execution-segment-repricing	2601255	2615792	14537	0	0	0	14881	0	0	0	0	0	14.537	14.537	0.000000	+0.000015	+0.000015
gov_staker_remaining_emission_accumulator_filetest.gno	Remaining gov emission accumulator repeat-1000 claim-7	execution-segment-repricing	2604063	2618600	14537	0	0	0	14881	0	0	0	0	0	14.537	14.537	0.000000	+0.000015	+0.000015
gov_staker_remaining_emission_accumulator_filetest.gno	Remaining gov emission accumulator repeat-1000 claim-8	execution-segment-repricing	2605037	2619574	14537	0	0	0	14881	0	0	0	0	0	14.537	14.537	0.000000	+0.000015	+0.000015
gov_staker_remaining_emission_accumulator_filetest.gno	Remaining gov emission accumulator repeat-1000 claim-9	execution-segment-repricing	2605037	2619574	14537	0	0	0	14881	0	0	0	0	0	14.537	14.537	0.000000	+0.000015	+0.000015
gov_staker_remaining_emission_accumulator_filetest.gno	Remaining gov emission accumulator repeat-1000 claim-10	execution-segment-repricing	2605037	2619574	14537	0	0	0	14881	0	0	0	0	0	14.537	14.537	0.000000	+0.000015	+0.000015
gov_staker_remaining_emission_accumulator_filetest.gno	Remaining gov emission accumulator repeat-1000 claim-11	execution-segment-repricing	2605037	2619574	14537	0	0	0	14881	0	0	0	0	0	14.537	14.537	0.000000	+0.000015	+0.000015
gov_staker_remaining_emission_accumulator_filetest.gno	Remaining gov emission accumulator repeat-1000 claim-12	execution-segment-repricing	2604550	2619087	14537	0	0	0	14881	0	0	0	0	0	14.537	14.537	0.000000	+0.000015	+0.000015
gov_staker_remaining_emission_accumulator_filetest.gno	Remaining gov emission accumulator repeat-1000 claim-13	execution-segment-repricing	2604550	2619087	14537	0	0	0	14881	0	0	0	0	0	14.537	14.537	0.000000	+0.000015	+0.000015
gov_staker_remaining_emission_accumulator_filetest.gno	Remaining gov emission accumulator repeat-1000 claim-14	execution-segment-repricing	2604550	2619087	14537	0	0	0	14881	0	0	0	0	0	14.537	14.537	0.000000	+0.000015	+0.000015
gov_staker_remaining_emission_accumulator_filetest.gno	Remaining gov emission accumulator repeat-1000 claim-15	execution-segment-repricing	2605037	2619574	14537	0	0	0	14881	0	0	0	0	0	14.537	14.537	0.000000	+0.000015	+0.000015
gov_staker_remaining_emission_accumulator_filetest.gno	Remaining gov emission accumulator repeat-1000 claim-16	execution-segment-repricing	2605037	2619574	14537	0	0	0	14881	0	0	0	0	0	14.537	14.537	0.000000	+0.000015	+0.000015
gov_staker_remaining_emission_accumulator_filetest.gno	Remaining gov emission accumulator repeat-1000 claim-17	execution-segment-repricing	2601255	2615792	14537	0	0	0	14881	0	0	0	0	0	14.537	14.537	0.000000	+0.000015	+0.000015
gov_staker_remaining_emission_accumulator_filetest.gno	Remaining gov emission accumulator repeat-1000 claim-18	execution-segment-repricing	2605037	2619574	14537	0	0	0	14881	0	0	0	0	0	14.537	14.537	0.000000	+0.000015	+0.000015
gov_staker_remaining_emission_accumulator_filetest.gno	Remaining gov emission accumulator repeat-1000 claim-19	execution-segment-repricing	2601255	2615792	14537	0	0	0	14881	0	0	0	0	0	14.537	14.537	0.000000	+0.000015	+0.000015
gov_staker_remaining_emission_accumulator_filetest.gno	Remaining gov emission accumulator repeat-1000 claim-20	execution-segment-repricing	2604550	2619087	14537	0	0	0	14881	0	0	0	0	0	14.537	14.537	0.000000	+0.000015	+0.000015
gov_staker_remaining_emission_accumulator_filetest.gno	Remaining gov emission accumulator repeat-1000 claim-21	execution-segment-repricing	2604550	2619087	14537	0	0	0	14881	0	0	0	0	0	14.537	14.537	0.000000	+0.000015	+0.000015
gov_staker_remaining_emission_accumulator_filetest.gno	Remaining gov emission accumulator repeat-1000 claim-22	execution-segment-repricing	2605037	2619574	14537	0	0	0	14881	0	0	0	0	0	14.537	14.537	0.000000	+0.000015	+0.000015
gov_staker_remaining_emission_accumulator_filetest.gno	Remaining gov emission accumulator repeat-1000 claim-23	execution-segment-repricing	2605037	2619574	14537	0	0	0	14881	0	0	0	0	0	14.537	14.537	0.000000	+0.000015	+0.000015
gov_staker_remaining_emission_accumulator_filetest.gno	Remaining gov emission accumulator repeat-1000 claim-24	execution-segment-repricing	2605037	2619574	14537	0	0	0	14881	0	0	0	0	0	14.537	14.537	0.000000	+0.000015	+0.000015
gov_staker_remaining_emission_accumulator_filetest.gno	Remaining gov emission accumulator repeat-1000 claim-25	execution-segment-repricing	2605037	2619574	14537	0	0	0	14881	0	0	0	0	0	14.537	14.537	0.000000	+0.000015	+0.000015
gov_staker_remaining_emission_accumulator_filetest.gno	Remaining gov emission accumulator repeat-1000 claim-26	execution-segment-repricing	2600768	2615305	14537	0	0	0	14881	0	0	0	0	0	14.537	14.537	0.000000	+0.000015	+0.000015
gov_staker_remaining_emission_accumulator_filetest.gno	Remaining gov emission accumulator repeat-1000 claim-27	execution-segment-repricing	2604550	2619087	14537	0	0	0	14881	0	0	0	0	0	14.537	14.537	0.000000	+0.000015	+0.000015
gov_staker_remaining_emission_accumulator_filetest.gno	Remaining gov emission accumulator repeat-1000 claim-28	execution-segment-repricing	2599701	2614238	14537	0	0	0	14881	0	0	0	0	0	14.537	14.537	0.000000	+0.000015	+0.000015
gov_staker_remaining_emission_accumulator_filetest.gno	Remaining gov emission accumulator repeat-1000 claim-29	execution-segment-repricing	2604550	2619087	14537	0	0	0	14881	0	0	0	0	0	14.537	14.537	0.000000	+0.000015	+0.000015
gov_staker_remaining_emission_accumulator_filetest.gno	Remaining gov emission accumulator repeat-1000 claim-30	execution-segment-repricing	2605037	2619574	14537	0	0	0	14881	0	0	0	0	0	14.537	14.537	0.000000	+0.000015	+0.000015
gov_staker_remaining_emission_accumulator_filetest.gno	Remaining gov emission accumulator repeat-1000 claim-31	execution-segment-repricing	2605037	2619574	14537	0	0	0	14881	0	0	0	0	0	14.537	14.537	0.000000	+0.000015	+0.000015
gov_staker_remaining_emission_accumulator_filetest.gno	Remaining gov emission accumulator repeat-1000 claim-32	execution-segment-repricing	2605037	2619574	14537	0	0	0	14881	0	0	0	0	0	14.537	14.537	0.000000	+0.000015	+0.000015
gov_staker_remaining_emission_accumulator_filetest.gno	Remaining gov emission accumulator repeat-1000 claim-33	execution-segment-repricing	2601742	2616279	14537	0	0	0	14881	0	0	0	0	0	14.537	14.537	0.000000	+0.000015	+0.000015
gov_staker_remaining_emission_accumulator_filetest.gno	Remaining gov emission accumulator repeat-1000 claim-34	execution-segment-repricing	2604550	2619087	14537	0	0	0	14881	0	0	0	0	0	14.537	14.537	0.000000	+0.000015	+0.000015
gov_staker_remaining_emission_accumulator_filetest.gno	Remaining gov emission accumulator repeat-1000 claim-35	execution-segment-repricing	2604550	2619087	14537	0	0	0	14881	0	0	0	0	0	14.537	14.537	0.000000	+0.000015	+0.000015
gov_staker_remaining_emission_accumulator_filetest.gno	Remaining gov emission accumulator repeat-1000 claim-36	execution-segment-repricing	2605037	2619574	14537	0	0	0	14881	0	0	0	0	0	14.537	14.537	0.000000	+0.000015	+0.000015
gov_staker_remaining_emission_accumulator_filetest.gno	Remaining gov emission accumulator repeat-1000 claim-37	execution-segment-repricing	2601255	2615792	14537	0	0	0	14881	0	0	0	0	0	14.537	14.537	0.000000	+0.000015	+0.000015
gov_staker_remaining_emission_accumulator_filetest.gno	Remaining gov emission accumulator repeat-1000 claim-38	execution-segment-repricing	2605524	2620061	14537	0	0	0	14881	0	0	0	0	0	14.537	14.537	0.000000	+0.000015	+0.000015
gov_staker_remaining_emission_accumulator_filetest.gno	Remaining gov emission accumulator repeat-1000 claim-39	execution-segment-repricing	2605524	2620061	14537	0	0	0	14881	0	0	0	0	0	14.537	14.537	0.000000	+0.000015	+0.000015
gov_staker_remaining_emission_accumulator_filetest.gno	Remaining gov emission accumulator repeat-1000 claim-40	execution-segment-repricing	2605524	2620061	14537	0	0	0	14881	0	0	0	0	0	14.537	14.537	0.000000	+0.000015	+0.000015
gov_staker_remaining_emission_accumulator_filetest.gno	Remaining gov emission accumulator repeat-1000 claim-41	execution-segment-repricing	2605037	2619574	14537	0	0	0	14881	0	0	0	0	0	14.537	14.537	0.000000	+0.000015	+0.000015
gov_staker_remaining_emission_accumulator_filetest.gno	Remaining gov emission accumulator repeat-1000 claim-42	execution-segment-repricing	2605037	2619574	14537	0	0	0	14881	0	0	0	0	0	14.537	14.537	0.000000	+0.000015	+0.000015
gov_staker_remaining_emission_accumulator_filetest.gno	Remaining gov emission accumulator repeat-1000 claim-43	execution-segment-repricing	2605136	2619673	14537	9	9	0	14881	900	900	0	0	0	14.537	14.537	0.000000	+0.000015	+0.000015
gov_staker_remaining_emission_accumulator_filetest.gno	Remaining gov emission accumulator repeat-1000 claim-44	execution-segment-repricing	2604661	2619198	14537	0	0	0	14881	0	0	0	0	0	14.537	14.537	0.000000	+0.000015	+0.000015
gov_staker_remaining_emission_accumulator_filetest.gno	Remaining gov emission accumulator repeat-1000 claim-45	execution-segment-repricing	2605635	2620172	14537	0	0	0	14881	0	0	0	0	0	14.537	14.537	0.000000	+0.000015	+0.000015
gov_staker_remaining_emission_accumulator_filetest.gno	Remaining gov emission accumulator repeat-1000 claim-46	execution-segment-repricing	2605148	2619685	14537	0	0	0	14881	0	0	0	0	0	14.537	14.537	0.000000	+0.000015	+0.000015
gov_staker_remaining_emission_accumulator_filetest.gno	Remaining gov emission accumulator repeat-1000 claim-47	execution-segment-repricing	2605635	2620172	14537	0	0	0	14881	0	0	0	0	0	14.537	14.537	0.000000	+0.000015	+0.000015
gov_staker_remaining_emission_accumulator_filetest.gno	Remaining gov emission accumulator repeat-1000 claim-48	execution-segment-repricing	2601366	2615903	14537	0	0	0	14881	0	0	0	0	0	14.537	14.537	0.000000	+0.000015	+0.000015
gov_staker_remaining_emission_accumulator_filetest.gno	Remaining gov emission accumulator repeat-1000 claim-49	execution-segment-repricing	2605148	2619685	14537	0	0	0	14881	0	0	0	0	0	14.537	14.537	0.000000	+0.000015	+0.000015
gov_staker_remaining_emission_accumulator_filetest.gno	Remaining gov emission accumulator repeat-1000 claim-50	execution-segment-repricing	2605148	2619685	14537	0	0	0	14881	0	0	0	0	0	14.537	14.537	0.000000	+0.000015	+0.000015
gov_staker_remaining_emission_accumulator_filetest.gno	Remaining gov emission accumulator repeat-1000 claim-51	execution-segment-repricing	2605148	2619685	14537	0	0	0	14881	0	0	0	0	0	14.537	14.537	0.000000	+0.000015	+0.000015
gov_staker_remaining_emission_accumulator_filetest.gno	Remaining gov emission accumulator repeat-1000 claim-52	execution-segment-repricing	2605148	2619685	14537	0	0	0	14881	0	0	0	0	0	14.537	14.537	0.000000	+0.000015	+0.000015
gov_staker_remaining_emission_accumulator_filetest.gno	Remaining gov emission accumulator repeat-1000 claim-53	execution-segment-repricing	2605148	2619685	14537	0	0	0	14881	0	0	0	0	0	14.537	14.537	0.000000	+0.000015	+0.000015
gov_staker_remaining_emission_accumulator_filetest.gno	Remaining gov emission accumulator repeat-1000 claim-54	execution-segment-repricing	2605635	2620172	14537	0	0	0	14881	0	0	0	0	0	14.537	14.537	0.000000	+0.000015	+0.000015
gov_staker_remaining_emission_accumulator_filetest.gno	Remaining gov emission accumulator repeat-1000 claim-55	execution-segment-repricing	2601366	2615903	14537	0	0	0	14881	0	0	0	0	0	14.537	14.537	0.000000	+0.000015	+0.000015
gov_staker_remaining_emission_accumulator_filetest.gno	Remaining gov emission accumulator repeat-1000 claim-56	execution-segment-repricing	2605148	2619685	14537	0	0	0	14881	0	0	0	0	0	14.537	14.537	0.000000	+0.000015	+0.000015
gov_staker_remaining_emission_accumulator_filetest.gno	Remaining gov emission accumulator repeat-1000 claim-57	execution-segment-repricing	2604661	2619198	14537	0	0	0	14881	0	0	0	0	0	14.537	14.537	0.000000	+0.000015	+0.000015
gov_staker_remaining_emission_accumulator_filetest.gno	Remaining gov emission accumulator repeat-1000 claim-58	execution-segment-repricing	2605148	2619685	14537	0	0	0	14881	0	0	0	0	0	14.537	14.537	0.000000	+0.000015	+0.000015
gov_staker_remaining_emission_accumulator_filetest.gno	Remaining gov emission accumulator repeat-1000 claim-59	execution-segment-repricing	2601853	2616390	14537	0	0	0	14881	0	0	0	0	0	14.537	14.537	0.000000	+0.000015	+0.000015
gov_staker_remaining_emission_accumulator_filetest.gno	Remaining gov emission accumulator repeat-1000 claim-60	execution-segment-repricing	2605635	2620172	14537	0	0	0	14881	0	0	0	0	0	14.537	14.537	0.000000	+0.000015	+0.000015
gov_staker_remaining_emission_accumulator_filetest.gno	Remaining gov emission accumulator repeat-1000 claim-61	execution-segment-repricing	2605635	2620172	14537	0	0	0	14881	0	0	0	0	0	14.537	14.537	0.000000	+0.000015	+0.000015
gov_staker_remaining_emission_accumulator_filetest.gno	Remaining gov emission accumulator repeat-1000 claim-62	execution-segment-repricing	2601366	2615903	14537	0	0	0	14881	0	0	0	0	0	14.537	14.537	0.000000	+0.000015	+0.000015
gov_staker_remaining_emission_accumulator_filetest.gno	Remaining gov emission accumulator repeat-1000 claim-63	execution-segment-repricing	2605148	2619685	14537	0	0	0	14881	0	0	0	0	0	14.537	14.537	0.000000	+0.000015	+0.000015
gov_staker_remaining_emission_accumulator_filetest.gno	Remaining gov emission accumulator repeat-1000 claim-64	execution-segment-repricing	2604661	2619198	14537	0	0	0	14881	0	0	0	0	0	14.537	14.537	0.000000	+0.000015	+0.000015
gov_staker_remaining_emission_accumulator_filetest.gno	Remaining gov emission accumulator repeat-1000 claim-65	execution-segment-repricing	2605148	2619685	14537	0	0	0	14881	0	0	0	0	0	14.537	14.537	0.000000	+0.000015	+0.000015
gov_staker_remaining_emission_accumulator_filetest.gno	Remaining gov emission accumulator repeat-1000 claim-66	execution-segment-repricing	2604661	2619198	14537	0	0	0	14881	0	0	0	0	0	14.537	14.537	0.000000	+0.000015	+0.000015
gov_staker_remaining_emission_accumulator_filetest.gno	Remaining gov emission accumulator repeat-1000 claim-67	execution-segment-repricing	2605148	2619685	14537	0	0	0	14881	0	0	0	0	0	14.537	14.537	0.000000	+0.000015	+0.000015
gov_staker_remaining_emission_accumulator_filetest.gno	Remaining gov emission accumulator repeat-1000 claim-68	execution-segment-repricing	2605148	2619685	14537	0	0	0	14881	0	0	0	0	0	14.537	14.537	0.000000	+0.000015	+0.000015
gov_staker_remaining_emission_accumulator_filetest.gno	Remaining gov emission accumulator repeat-1000 claim-69	execution-segment-repricing	2601853	2616390	14537	0	0	0	14881	0	0	0	0	0	14.537	14.537	0.000000	+0.000015	+0.000015
gov_staker_remaining_emission_accumulator_filetest.gno	Remaining gov emission accumulator repeat-1000 claim-70	execution-segment-repricing	2601366	2615903	14537	0	0	0	14881	0	0	0	0	0	14.537	14.537	0.000000	+0.000015	+0.000015
gov_staker_remaining_emission_accumulator_filetest.gno	Remaining gov emission accumulator repeat-1000 claim-71	execution-segment-repricing	2604661	2619198	14537	0	0	0	14881	0	0	0	0	0	14.537	14.537	0.000000	+0.000015	+0.000015
gov_staker_remaining_emission_accumulator_filetest.gno	Remaining gov emission accumulator repeat-1000 claim-72	execution-segment-repricing	2605148	2619685	14537	0	0	0	14881	0	0	0	0	0	14.537	14.537	0.000000	+0.000015	+0.000015
gov_staker_remaining_emission_accumulator_filetest.gno	Remaining gov emission accumulator repeat-1000 claim-73	execution-segment-repricing	2604661	2619198	14537	0	0	0	14881	0	0	0	0	0	14.537	14.537	0.000000	+0.000015	+0.000015
gov_staker_remaining_emission_accumulator_filetest.gno	Remaining gov emission accumulator repeat-1000 claim-74	execution-segment-repricing	2605148	2619685	14537	0	0	0	14881	0	0	0	0	0	14.537	14.537	0.000000	+0.000015	+0.000015
gov_staker_remaining_emission_accumulator_filetest.gno	Remaining gov emission accumulator repeat-1000 claim-75	execution-segment-repricing	2605148	2619685	14537	0	0	0	14881	0	0	0	0	0	14.537	14.537	0.000000	+0.000015	+0.000015
gov_staker_remaining_emission_accumulator_filetest.gno	Remaining gov emission accumulator repeat-1000 claim-76	execution-segment-repricing	2600786	2615323	14537	0	0	0	14881	0	0	0	0	0	14.537	14.537	0.000000	+0.000015	+0.000015
gov_staker_remaining_emission_accumulator_filetest.gno	Remaining gov emission accumulator repeat-1000 claim-77	execution-segment-repricing	2605148	2619685	14537	0	0	0	14881	0	0	0	0	0	14.537	14.537	0.000000	+0.000015	+0.000015
gov_staker_remaining_emission_accumulator_filetest.gno	Remaining gov emission accumulator repeat-1000 claim-78	execution-segment-repricing	2605148	2619685	14537	0	0	0	14881	0	0	0	0	0	14.537	14.537	0.000000	+0.000015	+0.000015
gov_staker_remaining_emission_accumulator_filetest.gno	Remaining gov emission accumulator repeat-1000 claim-79	execution-segment-repricing	2604661	2619198	14537	0	0	0	14881	0	0	0	0	0	14.537	14.537	0.000000	+0.000015	+0.000015
gov_staker_remaining_emission_accumulator_filetest.gno	Remaining gov emission accumulator repeat-1000 claim-80	execution-segment-repricing	2604661	2619198	14537	0	0	0	14881	0	0	0	0	0	14.537	14.537	0.000000	+0.000015	+0.000015
gov_staker_remaining_emission_accumulator_filetest.gno	Remaining gov emission accumulator repeat-1000 claim-81	execution-segment-repricing	2601366	2615903	14537	0	0	0	14881	0	0	0	0	0	14.537	14.537	0.000000	+0.000015	+0.000015
gov_staker_remaining_emission_accumulator_filetest.gno	Remaining gov emission accumulator repeat-1000 claim-82	execution-segment-repricing	2604661	2619198	14537	0	0	0	14881	0	0	0	0	0	14.537	14.537	0.000000	+0.000015	+0.000015
gov_staker_remaining_emission_accumulator_filetest.gno	Remaining gov emission accumulator repeat-1000 claim-83	execution-segment-repricing	2605635	2620172	14537	0	0	0	14881	0	0	0	0	0	14.537	14.537	0.000000	+0.000015	+0.000015
gov_staker_remaining_emission_accumulator_filetest.gno	Remaining gov emission accumulator repeat-1000 claim-84	execution-segment-repricing	2604661	2619198	14537	0	0	0	14881	0	0	0	0	0	14.537	14.537	0.000000	+0.000015	+0.000015
gov_staker_remaining_emission_accumulator_filetest.gno	Remaining gov emission accumulator repeat-1000 claim-85	execution-segment-repricing	2605148	2619685	14537	0	0	0	14881	0	0	0	0	0	14.537	14.537	0.000000	+0.000015	+0.000015
gov_staker_remaining_emission_accumulator_filetest.gno	Remaining gov emission accumulator repeat-1000 claim-86	execution-segment-repricing	2605148	2619685	14537	0	0	0	14881	0	0	0	0	0	14.537	14.537	0.000000	+0.000015	+0.000015
gov_staker_remaining_emission_accumulator_filetest.gno	Remaining gov emission accumulator repeat-1000 claim-87	execution-segment-repricing	2605148	2619685	14537	0	0	0	14881	0	0	0	0	0	14.537	14.537	0.000000	+0.000015	+0.000015
gov_staker_remaining_emission_accumulator_filetest.gno	Remaining gov emission accumulator repeat-1000 claim-88	execution-segment-repricing	2604661	2619198	14537	0	0	0	14881	0	0	0	0	0	14.537	14.537	0.000000	+0.000015	+0.000015
gov_staker_remaining_emission_accumulator_filetest.gno	Remaining gov emission accumulator repeat-1000 claim-89	execution-segment-repricing	2604661	2619198	14537	0	0	0	14881	0	0	0	0	0	14.537	14.537	0.000000	+0.000015	+0.000015
gov_staker_remaining_emission_accumulator_filetest.gno	Remaining gov emission accumulator repeat-1000 claim-90	execution-segment-repricing	2605148	2619685	14537	0	0	0	14881	0	0	0	0	0	14.537	14.537	0.000000	+0.000015	+0.000015
gov_staker_remaining_emission_accumulator_filetest.gno	Remaining gov emission accumulator repeat-1000 claim-91	execution-segment-repricing	2600879	2615416	14537	0	0	0	14881	0	0	0	0	0	14.537	14.537	0.000000	+0.000015	+0.000015
gov_staker_remaining_emission_accumulator_filetest.gno	Remaining gov emission accumulator repeat-1000 claim-92	execution-segment-repricing	2601366	2615903	14537	0	0	0	14881	0	0	0	0	0	14.537	14.537	0.000000	+0.000015	+0.000015
gov_staker_remaining_emission_accumulator_filetest.gno	Remaining gov emission accumulator repeat-1000 claim-93	execution-segment-repricing	2604661	2619198	14537	0	0	0	14881	0	0	0	0	0	14.537	14.537	0.000000	+0.000015	+0.000015
gov_staker_remaining_emission_accumulator_filetest.gno	Remaining gov emission accumulator repeat-1000 claim-94	execution-segment-repricing	2605211	2619685	14474	10	0	-10	14881	1000	0	0	0	-1000	14.474	-985.526	-0.001000	+0.000014	-0.000986
gov_staker_remaining_emission_accumulator_filetest.gno	Remaining gov emission accumulator repeat-1000 claim-95	execution-segment-repricing	2605214	2619685	14471	0	0	0	14881	0	0	0	0	0	14.471	14.471	0.000000	+0.000014	+0.000014
gov_staker_remaining_emission_accumulator_filetest.gno	Remaining gov emission accumulator repeat-1000 claim-96	execution-segment-repricing	2605214	2619685	14471	0	0	0	14881	0	0	0	0	0	14.471	14.471	0.000000	+0.000014	+0.000014
gov_staker_remaining_emission_accumulator_filetest.gno	Remaining gov emission accumulator repeat-1000 claim-97	execution-segment-repricing	2605214	2619685	14471	0	0	0	14881	0	0	0	0	0	14.471	14.471	0.000000	+0.000014	+0.000014
gov_staker_remaining_emission_accumulator_filetest.gno	Remaining gov emission accumulator repeat-1000 claim-98	execution-segment-repricing	2600945	2615416	14471	0	0	0	14881	0	0	0	0	0	14.471	14.471	0.000000	+0.000014	+0.000014
gov_staker_remaining_emission_accumulator_filetest.gno	Remaining gov emission accumulator repeat-1000 claim-99	execution-segment-repricing	2604727	2619198	14471	0	0	0	14881	0	0	0	0	0	14.471	14.471	0.000000	+0.000014	+0.000014
gov_staker_remaining_emission_accumulator_filetest.gno	Remaining gov emission accumulator repeat-1000 claim-100	execution-segment-repricing	2604727	2619198	14471	0	0	0	14881	0	0	0	0	0	14.471	14.471	0.000000	+0.000014	+0.000014
gov_staker_remaining_emission_accumulator_filetest.gno	Remaining gov emission accumulator repeat-1000 claim-101	execution-segment-repricing	2601432	2615903	14471	0	0	0	14881	0	0	0	0	0	14.471	14.471	0.000000	+0.000014	+0.000014
gov_staker_remaining_emission_accumulator_filetest.gno	Remaining gov emission accumulator repeat-1000 claim-102	execution-segment-repricing	2605214	2619685	14471	0	0	0	14881	0	0	0	0	0	14.471	14.471	0.000000	+0.000014	+0.000014
gov_staker_remaining_emission_accumulator_filetest.gno	Remaining gov emission accumulator repeat-1000 claim-103	execution-segment-repricing	2600365	2614836	14471	0	0	0	14881	0	0	0	0	0	14.471	14.471	0.000000	+0.000014	+0.000014
gov_staker_remaining_emission_accumulator_filetest.gno	Remaining gov emission accumulator repeat-1000 claim-104	execution-segment-repricing	2605701	2620172	14471	0	0	0	14881	0	0	0	0	0	14.471	14.471	0.000000	+0.000014	+0.000014
gov_staker_remaining_emission_accumulator_filetest.gno	Remaining gov emission accumulator repeat-1000 claim-105	execution-segment-repricing	2601432	2615903	14471	0	0	0	14881	0	0	0	0	0	14.471	14.471	0.000000	+0.000014	+0.000014
gov_staker_remaining_emission_accumulator_filetest.gno	Remaining gov emission accumulator repeat-1000 claim-106	execution-segment-repricing	2604727	2619198	14471	0	0	0	14881	0	0	0	0	0	14.471	14.471	0.000000	+0.000014	+0.000014
gov_staker_remaining_emission_accumulator_filetest.gno	Remaining gov emission accumulator repeat-1000 claim-107	execution-segment-repricing	2604240	2618711	14471	0	0	0	14881	0	0	0	0	0	14.471	14.471	0.000000	+0.000014	+0.000014
gov_staker_remaining_emission_accumulator_filetest.gno	Remaining gov emission accumulator repeat-1000 claim-108	execution-segment-repricing	2604727	2619198	14471	0	0	0	14881	0	0	0	0	0	14.471	14.471	0.000000	+0.000014	+0.000014
gov_staker_remaining_emission_accumulator_filetest.gno	Remaining gov emission accumulator repeat-1000 claim-109	execution-segment-repricing	2605214	2619685	14471	0	0	0	14881	0	0	0	0	0	14.471	14.471	0.000000	+0.000014	+0.000014
gov_staker_remaining_emission_accumulator_filetest.gno	Remaining gov emission accumulator repeat-1000 claim-110	execution-segment-repricing	2604727	2619198	14471	0	0	0	14881	0	0	0	0	0	14.471	14.471	0.000000	+0.000014	+0.000014
gov_staker_remaining_emission_accumulator_filetest.gno	Remaining gov emission accumulator repeat-1000 claim-111	execution-segment-repricing	2605701	2620172	14471	0	0	0	14881	0	0	0	0	0	14.471	14.471	0.000000	+0.000014	+0.000014
gov_staker_remaining_emission_accumulator_filetest.gno	Remaining gov emission accumulator repeat-1000 claim-112	execution-segment-repricing	2598137	2612608	14471	0	0	0	14881	0	0	0	0	0	14.471	14.471	0.000000	+0.000014	+0.000014
gov_staker_remaining_emission_accumulator_filetest.gno	Remaining gov emission accumulator repeat-1000 claim-113	execution-segment-repricing	2605214	2619685	14471	0	0	0	14881	0	0	0	0	0	14.471	14.471	0.000000	+0.000014	+0.000014
gov_staker_remaining_emission_accumulator_filetest.gno	Remaining gov emission accumulator repeat-1000 claim-114	execution-segment-repricing	2605214	2619685	14471	0	0	0	14881	0	0	0	0	0	14.471	14.471	0.000000	+0.000014	+0.000014
gov_staker_remaining_emission_accumulator_filetest.gno	Remaining gov emission accumulator repeat-1000 claim-115	execution-segment-repricing	2605214	2619685	14471	0	0	0	14881	0	0	0	0	0	14.471	14.471	0.000000	+0.000014	+0.000014
gov_staker_remaining_emission_accumulator_filetest.gno	Remaining gov emission accumulator repeat-1000 claim-116	execution-segment-repricing	2605214	2619685	14471	0	0	0	14881	0	0	0	0	0	14.471	14.471	0.000000	+0.000014	+0.000014
gov_staker_remaining_emission_accumulator_filetest.gno	Remaining gov emission accumulator repeat-1000 claim-117	execution-segment-repricing	2605214	2619685	14471	0	0	0	14881	0	0	0	0	0	14.471	14.471	0.000000	+0.000014	+0.000014
gov_staker_remaining_emission_accumulator_filetest.gno	Remaining gov emission accumulator repeat-1000 claim-118	execution-segment-repricing	2605701	2620172	14471	0	0	0	14881	0	0	0	0	0	14.471	14.471	0.000000	+0.000014	+0.000014
gov_staker_remaining_emission_accumulator_filetest.gno	Remaining gov emission accumulator repeat-1000 claim-119	execution-segment-repricing	2605214	2619685	14471	0	0	0	14881	0	0	0	0	0	14.471	14.471	0.000000	+0.000014	+0.000014
gov_staker_remaining_emission_accumulator_filetest.gno	Remaining gov emission accumulator repeat-1000 claim-120	execution-segment-repricing	2605701	2620172	14471	0	0	0	14881	0	0	0	0	0	14.471	14.471	0.000000	+0.000014	+0.000014
gov_staker_remaining_emission_accumulator_filetest.gno	Remaining gov emission accumulator repeat-1000 claim-121	execution-segment-repricing	2604727	2619198	14471	0	0	0	14881	0	0	0	0	0	14.471	14.471	0.000000	+0.000014	+0.000014
gov_staker_remaining_emission_accumulator_filetest.gno	Remaining gov emission accumulator repeat-1000 claim-122	execution-segment-repricing	2605701	2620172	14471	0	0	0	14881	0	0	0	0	0	14.471	14.471	0.000000	+0.000014	+0.000014
gov_staker_remaining_emission_accumulator_filetest.gno	Remaining gov emission accumulator repeat-1000 claim-123	execution-segment-repricing	2601432	2615903	14471	0	0	0	14881	0	0	0	0	0	14.471	14.471	0.000000	+0.000014	+0.000014
gov_staker_remaining_emission_accumulator_filetest.gno	Remaining gov emission accumulator repeat-1000 claim-124	execution-segment-repricing	2605214	2619685	14471	0	0	0	14881	0	0	0	0	0	14.471	14.471	0.000000	+0.000014	+0.000014
gov_staker_remaining_emission_accumulator_filetest.gno	Remaining gov emission accumulator repeat-1000 claim-125	execution-segment-repricing	2605214	2619685	14471	0	0	0	14881	0	0	0	0	0	14.471	14.471	0.000000	+0.000014	+0.000014
gov_staker_remaining_emission_accumulator_filetest.gno	Remaining gov emission accumulator repeat-1000 claim-126	execution-segment-repricing	2605214	2619685	14471	0	0	0	14881	0	0	0	0	0	14.471	14.471	0.000000	+0.000014	+0.000014
gov_staker_remaining_emission_accumulator_filetest.gno	Remaining gov emission accumulator repeat-1000 claim-127	execution-segment-repricing	2601919	2616390	14471	0	0	0	14881	0	0	0	0	0	14.471	14.471	0.000000	+0.000014	+0.000014
gov_staker_remaining_emission_accumulator_filetest.gno	Remaining gov emission accumulator repeat-1000 claim-128	execution-segment-repricing	2604727	2619198	14471	0	0	0	14881	0	0	0	0	0	14.471	14.471	0.000000	+0.000014	+0.000014
gov_staker_remaining_emission_accumulator_filetest.gno	Remaining gov emission accumulator repeat-1000 claim-129	execution-segment-repricing	2605701	2620172	14471	0	0	0	14881	0	0	0	0	0	14.471	14.471	0.000000	+0.000014	+0.000014
gov_staker_remaining_emission_accumulator_filetest.gno	Remaining gov emission accumulator repeat-1000 claim-130	execution-segment-repricing	2604727	2619198	14471	0	0	0	14881	0	0	0	0	0	14.471	14.471	0.000000	+0.000014	+0.000014
gov_staker_remaining_emission_accumulator_filetest.gno	Remaining gov emission accumulator repeat-1000 claim-131	execution-segment-repricing	2605701	2620172	14471	0	0	0	14881	0	0	0	0	0	14.471	14.471	0.000000	+0.000014	+0.000014
gov_staker_remaining_emission_accumulator_filetest.gno	Remaining gov emission accumulator repeat-1000 claim-132	execution-segment-repricing	2605214	2619685	14471	0	0	0	14881	0	0	0	0	0	14.471	14.471	0.000000	+0.000014	+0.000014
gov_staker_remaining_emission_accumulator_filetest.gno	Remaining gov emission accumulator repeat-1000 claim-133	execution-segment-repricing	2605214	2619685	14471	0	0	0	14881	0	0	0	0	0	14.471	14.471	0.000000	+0.000014	+0.000014
gov_staker_remaining_emission_accumulator_filetest.gno	Remaining gov emission accumulator repeat-1000 claim-134	execution-segment-repricing	2598137	2612608	14471	0	0	0	14881	0	0	0	0	0	14.471	14.471	0.000000	+0.000014	+0.000014
gov_staker_remaining_emission_accumulator_filetest.gno	Remaining gov emission accumulator repeat-1000 claim-135	execution-segment-repricing	2604727	2619198	14471	0	0	0	14881	0	0	0	0	0	14.471	14.471	0.000000	+0.000014	+0.000014
gov_staker_remaining_emission_accumulator_filetest.gno	Remaining gov emission accumulator repeat-1000 claim-136	execution-segment-repricing	2605701	2620172	14471	0	0	0	14881	0	0	0	0	0	14.471	14.471	0.000000	+0.000014	+0.000014
gov_staker_remaining_emission_accumulator_filetest.gno	Remaining gov emission accumulator repeat-1000 claim-137	execution-segment-repricing	2604727	2619198	14471	0	0	0	14881	0	0	0	0	0	14.471	14.471	0.000000	+0.000014	+0.000014
gov_staker_remaining_emission_accumulator_filetest.gno	Remaining gov emission accumulator repeat-1000 claim-138	execution-segment-repricing	2605701	2620172	14471	0	0	0	14881	0	0	0	0	0	14.471	14.471	0.000000	+0.000014	+0.000014
gov_staker_remaining_emission_accumulator_filetest.gno	Remaining gov emission accumulator repeat-1000 claim-139	execution-segment-repricing	2605214	2619685	14471	0	0	0	14881	0	0	0	0	0	14.471	14.471	0.000000	+0.000014	+0.000014
gov_staker_remaining_emission_accumulator_filetest.gno	Remaining gov emission accumulator repeat-1000 claim-140	execution-segment-repricing	2605701	2620172	14471	0	0	0	14881	0	0	0	0	0	14.471	14.471	0.000000	+0.000014	+0.000014
gov_staker_remaining_emission_accumulator_filetest.gno	Remaining gov emission accumulator repeat-1000 claim-141	execution-segment-repricing	2601432	2615903	14471	0	0	0	14881	0	0	0	0	0	14.471	14.471	0.000000	+0.000014	+0.000014
gov_staker_remaining_emission_accumulator_filetest.gno	Remaining gov emission accumulator repeat-1000 claim-142	execution-segment-repricing	2604727	2619198	14471	0	0	0	14881	0	0	0	0	0	14.471	14.471	0.000000	+0.000014	+0.000014
gov_staker_remaining_emission_accumulator_filetest.gno	Remaining gov emission accumulator repeat-1000 claim-143	execution-segment-repricing	2604745	2619216	14471	0	0	0	14881	0	0	0	0	0	14.471	14.471	0.000000	+0.000014	+0.000014
gov_staker_remaining_emission_accumulator_filetest.gno	Remaining gov emission accumulator repeat-1000 claim-144	execution-segment-repricing	2604745	2619216	14471	0	0	0	14881	0	0	0	0	0	14.471	14.471	0.000000	+0.000014	+0.000014
gov_staker_remaining_emission_accumulator_filetest.gno	Remaining gov emission accumulator repeat-1000 claim-145	execution-segment-repricing	2601937	2616408	14471	0	0	0	14881	0	0	0	0	0	14.471	14.471	0.000000	+0.000014	+0.000014
gov_staker_remaining_emission_accumulator_filetest.gno	Remaining gov emission accumulator repeat-1000 claim-146	execution-segment-repricing	2605232	2619703	14471	0	0	0	14881	0	0	0	0	0	14.471	14.471	0.000000	+0.000014	+0.000014
gov_staker_remaining_emission_accumulator_filetest.gno	Remaining gov emission accumulator repeat-1000 claim-147	execution-segment-repricing	2605719	2620190	14471	0	0	0	14881	0	0	0	0	0	14.471	14.471	0.000000	+0.000014	+0.000014
gov_staker_remaining_emission_accumulator_filetest.gno	Remaining gov emission accumulator repeat-1000 claim-148	execution-segment-repricing	2601450	2615921	14471	0	0	0	14881	0	0	0	0	0	14.471	14.471	0.000000	+0.000014	+0.000014
gov_staker_remaining_emission_accumulator_filetest.gno	Remaining gov emission accumulator repeat-1000 claim-149	execution-segment-repricing	2605232	2619703	14471	0	0	0	14881	0	0	0	0	0	14.471	14.471	0.000000	+0.000014	+0.000014
gov_staker_remaining_emission_accumulator_filetest.gno	Remaining gov emission accumulator repeat-1000 claim-150	execution-segment-repricing	2605232	2619703	14471	0	0	0	14881	0	0	0	0	0	14.471	14.471	0.000000	+0.000014	+0.000014
gov_staker_remaining_emission_accumulator_filetest.gno	Remaining gov emission accumulator repeat-1000 claim-151	execution-segment-repricing	2604745	2619216	14471	0	0	0	14881	0	0	0	0	0	14.471	14.471	0.000000	+0.000014	+0.000014
gov_staker_remaining_emission_accumulator_filetest.gno	Remaining gov emission accumulator repeat-1000 claim-152	execution-segment-repricing	2604745	2619216	14471	0	0	0	14881	0	0	0	0	0	14.471	14.471	0.000000	+0.000014	+0.000014
gov_staker_remaining_emission_accumulator_filetest.gno	Remaining gov emission accumulator repeat-1000 claim-153	execution-segment-repricing	2604745	2619216	14471	0	0	0	14881	0	0	0	0	0	14.471	14.471	0.000000	+0.000014	+0.000014
gov_staker_remaining_emission_accumulator_filetest.gno	Remaining gov emission accumulator repeat-1000 claim-154	execution-segment-repricing	2605232	2619703	14471	0	0	0	14881	0	0	0	0	0	14.471	14.471	0.000000	+0.000014	+0.000014
gov_staker_remaining_emission_accumulator_filetest.gno	Remaining gov emission accumulator repeat-1000 claim-155	execution-segment-repricing	2605232	2619703	14471	0	0	0	14881	0	0	0	0	0	14.471	14.471	0.000000	+0.000014	+0.000014
gov_staker_remaining_emission_accumulator_filetest.gno	Remaining gov emission accumulator repeat-1000 claim-156	execution-segment-repricing	2601450	2615921	14471	0	0	0	14881	0	0	0	0	0	14.471	14.471	0.000000	+0.000014	+0.000014
gov_staker_remaining_emission_accumulator_filetest.gno	Remaining gov emission accumulator repeat-1000 claim-157	execution-segment-repricing	2605232	2619703	14471	0	0	0	14881	0	0	0	0	0	14.471	14.471	0.000000	+0.000014	+0.000014
gov_staker_remaining_emission_accumulator_filetest.gno	Remaining gov emission accumulator repeat-1000 claim-158	execution-segment-repricing	2605232	2619703	14471	0	0	0	14881	0	0	0	0	0	14.471	14.471	0.000000	+0.000014	+0.000014
gov_staker_remaining_emission_accumulator_filetest.gno	Remaining gov emission accumulator repeat-1000 claim-159	execution-segment-repricing	2605232	2619703	14471	0	0	0	14881	0	0	0	0	0	14.471	14.471	0.000000	+0.000014	+0.000014
gov_staker_remaining_emission_accumulator_filetest.gno	Remaining gov emission accumulator repeat-1000 claim-160	execution-segment-repricing	2604745	2619216	14471	0	0	0	14881	0	0	0	0	0	14.471	14.471	0.000000	+0.000014	+0.000014
gov_staker_remaining_emission_accumulator_filetest.gno	Remaining gov emission accumulator repeat-1000 claim-161	execution-segment-repricing	2605232	2619703	14471	0	0	0	14881	0	0	0	0	0	14.471	14.471	0.000000	+0.000014	+0.000014
gov_staker_remaining_emission_accumulator_filetest.gno	Remaining gov emission accumulator repeat-1000 claim-162	execution-segment-repricing	2605232	2619709	14477	0	2	2	14881	0	200	0	0	200	14.477	214.477	+0.000200	+0.000014	+0.000214
gov_staker_remaining_emission_accumulator_filetest.gno	Remaining gov emission accumulator repeat-1000 claim-163	execution-segment-repricing	2604745	2619270	14525	0	5	5	14881	0	500	0	0	500	14.525	514.525	+0.000500	+0.000015	+0.000515
gov_staker_remaining_emission_accumulator_filetest.gno	Remaining gov emission accumulator repeat-1000 claim-164	execution-segment-repricing	2605232	2619760	14528	0	0	0	14881	0	0	0	0	0	14.528	14.528	0.000000	+0.000015	+0.000015
gov_staker_remaining_emission_accumulator_filetest.gno	Remaining gov emission accumulator repeat-1000 claim-165	execution-segment-repricing	2604745	2619273	14528	0	0	0	14881	0	0	0	0	0	14.528	14.528	0.000000	+0.000015	+0.000015
gov_staker_remaining_emission_accumulator_filetest.gno	Remaining gov emission accumulator repeat-1000 claim-166	execution-segment-repricing	2605232	2619760	14528	0	0	0	14881	0	0	0	0	0	14.528	14.528	0.000000	+0.000015	+0.000015
gov_staker_remaining_emission_accumulator_filetest.gno	Remaining gov emission accumulator repeat-1000 claim-167	execution-segment-repricing	2601450	2615978	14528	0	0	0	14881	0	0	0	0	0	14.528	14.528	0.000000	+0.000015	+0.000015
gov_staker_remaining_emission_accumulator_filetest.gno	Remaining gov emission accumulator repeat-1000 claim-168	execution-segment-repricing	2605232	2619760	14528	0	0	0	14881	0	0	0	0	0	14.528	14.528	0.000000	+0.000015	+0.000015
gov_staker_remaining_emission_accumulator_filetest.gno	Remaining gov emission accumulator repeat-1000 claim-169	execution-segment-repricing	2605768	2620296	14528	0	0	0	14881	0	0	0	0	0	14.528	14.528	0.000000	+0.000015	+0.000015
gov_staker_remaining_emission_accumulator_filetest.gno	Remaining gov emission accumulator repeat-1000 claim-170	execution-segment-repricing	2601986	2616514	14528	0	0	0	14881	0	0	0	0	0	14.528	14.528	0.000000	+0.000015	+0.000015
gov_staker_remaining_emission_accumulator_filetest.gno	Remaining gov emission accumulator repeat-1000 claim-171	execution-segment-repricing	2605768	2620296	14528	0	0	0	14881	0	0	0	0	0	14.528	14.528	0.000000	+0.000015	+0.000015
gov_staker_remaining_emission_accumulator_filetest.gno	Remaining gov emission accumulator repeat-1000 claim-172	execution-segment-repricing	2605768	2620296	14528	0	0	0	14881	0	0	0	0	0	14.528	14.528	0.000000	+0.000015	+0.000015
gov_staker_remaining_emission_accumulator_filetest.gno	Remaining gov emission accumulator repeat-1000 claim-173	execution-segment-repricing	2606255	2620783	14528	0	0	0	14881	0	0	0	0	0	14.528	14.528	0.000000	+0.000015	+0.000015
gov_staker_remaining_emission_accumulator_filetest.gno	Remaining gov emission accumulator repeat-1000 claim-174	execution-segment-repricing	2605768	2620296	14528	0	0	0	14881	0	0	0	0	0	14.528	14.528	0.000000	+0.000015	+0.000015
gov_staker_remaining_emission_accumulator_filetest.gno	Remaining gov emission accumulator repeat-1000 claim-175	execution-segment-repricing	2606255	2620783	14528	0	0	0	14881	0	0	0	0	0	14.528	14.528	0.000000	+0.000015	+0.000015
gov_staker_remaining_emission_accumulator_filetest.gno	Remaining gov emission accumulator repeat-1000 claim-176	execution-segment-repricing	2602473	2617001	14528	0	0	0	14881	0	0	0	0	0	14.528	14.528	0.000000	+0.000015	+0.000015
gov_staker_remaining_emission_accumulator_filetest.gno	Remaining gov emission accumulator repeat-1000 claim-177	execution-segment-repricing	2602473	2617001	14528	0	0	0	14881	0	0	0	0	0	14.528	14.528	0.000000	+0.000015	+0.000015
gov_staker_remaining_emission_accumulator_filetest.gno	Remaining gov emission accumulator repeat-1000 claim-178	execution-segment-repricing	2605768	2620296	14528	0	0	0	14881	0	0	0	0	0	14.528	14.528	0.000000	+0.000015	+0.000015
gov_staker_remaining_emission_accumulator_filetest.gno	Remaining gov emission accumulator repeat-1000 claim-179	execution-segment-repricing	2605768	2620296	14528	0	0	0	14881	0	0	0	0	0	14.528	14.528	0.000000	+0.000015	+0.000015
gov_staker_remaining_emission_accumulator_filetest.gno	Remaining gov emission accumulator repeat-1000 claim-180	execution-segment-repricing	2606255	2620783	14528	0	0	0	14881	0	0	0	0	0	14.528	14.528	0.000000	+0.000015	+0.000015
gov_staker_remaining_emission_accumulator_filetest.gno	Remaining gov emission accumulator repeat-1000 claim-181	execution-segment-repricing	2605768	2620296	14528	0	0	0	14881	0	0	0	0	0	14.528	14.528	0.000000	+0.000015	+0.000015
gov_staker_remaining_emission_accumulator_filetest.gno	Remaining gov emission accumulator repeat-1000 claim-182	execution-segment-repricing	2606255	2620783	14528	0	0	0	14881	0	0	0	0	0	14.528	14.528	0.000000	+0.000015	+0.000015
gov_staker_remaining_emission_accumulator_filetest.gno	Remaining gov emission accumulator repeat-1000 claim-183	execution-segment-repricing	2606255	2620783	14528	0	0	0	14881	0	0	0	0	0	14.528	14.528	0.000000	+0.000015	+0.000015
gov_staker_remaining_emission_accumulator_filetest.gno	Remaining gov emission accumulator repeat-1000 claim-184	execution-segment-repricing	2602473	2617001	14528	0	0	0	14881	0	0	0	0	0	14.528	14.528	0.000000	+0.000015	+0.000015
gov_staker_remaining_emission_accumulator_filetest.gno	Remaining gov emission accumulator repeat-1000 claim-185	execution-segment-repricing	2605768	2620296	14528	0	0	0	14881	0	0	0	0	0	14.528	14.528	0.000000	+0.000015	+0.000015
gov_staker_remaining_emission_accumulator_filetest.gno	Remaining gov emission accumulator repeat-1000 claim-186	execution-segment-repricing	2606255	2620783	14528	0	0	0	14881	0	0	0	0	0	14.528	14.528	0.000000	+0.000015	+0.000015
gov_staker_remaining_emission_accumulator_filetest.gno	Remaining gov emission accumulator repeat-1000 claim-187	execution-segment-repricing	2602473	2617001	14528	0	0	0	14881	0	0	0	0	0	14.528	14.528	0.000000	+0.000015	+0.000015
gov_staker_remaining_emission_accumulator_filetest.gno	Remaining gov emission accumulator repeat-1000 claim-188	execution-segment-repricing	2606255	2620783	14528	0	0	0	14881	0	0	0	0	0	14.528	14.528	0.000000	+0.000015	+0.000015
gov_staker_remaining_emission_accumulator_filetest.gno	Remaining gov emission accumulator repeat-1000 claim-189	execution-segment-repricing	2606742	2621270	14528	0	0	0	14881	0	0	0	0	0	14.528	14.528	0.000000	+0.000015	+0.000015
gov_staker_remaining_emission_accumulator_filetest.gno	Remaining gov emission accumulator repeat-1000 claim-190	execution-segment-repricing	2606255	2620783	14528	0	0	0	14881	0	0	0	0	0	14.528	14.528	0.000000	+0.000015	+0.000015
gov_staker_remaining_emission_accumulator_filetest.gno	Remaining gov emission accumulator repeat-1000 claim-191	execution-segment-repricing	2606742	2621270	14528	0	0	0	14881	0	0	0	0	0	14.528	14.528	0.000000	+0.000015	+0.000015
gov_staker_remaining_emission_accumulator_filetest.gno	Remaining gov emission accumulator repeat-1000 claim-192	execution-segment-repricing	2605768	2620296	14528	0	0	0	14881	0	0	0	0	0	14.528	14.528	0.000000	+0.000015	+0.000015
gov_staker_remaining_emission_accumulator_filetest.gno	Remaining gov emission accumulator repeat-1000 claim-193	execution-segment-repricing	2606255	2620783	14528	0	0	0	14881	0	0	0	0	0	14.528	14.528	0.000000	+0.000015	+0.000015
gov_staker_remaining_emission_accumulator_filetest.gno	Remaining gov emission accumulator repeat-1000 claim-194	execution-segment-repricing	2606742	2621270	14528	0	0	0	14881	0	0	0	0	0	14.528	14.528	0.000000	+0.000015	+0.000015
gov_staker_remaining_emission_accumulator_filetest.gno	Remaining gov emission accumulator repeat-1000 claim-195	execution-segment-repricing	2606255	2620783	14528	0	0	0	14881	0	0	0	0	0	14.528	14.528	0.000000	+0.000015	+0.000015
gov_staker_remaining_emission_accumulator_filetest.gno	Remaining gov emission accumulator repeat-1000 claim-196	execution-segment-repricing	2606255	2620783	14528	0	0	0	14881	0	0	0	0	0	14.528	14.528	0.000000	+0.000015	+0.000015
gov_staker_remaining_emission_accumulator_filetest.gno	Remaining gov emission accumulator repeat-1000 claim-197	execution-segment-repricing	2606255	2620783	14528	0	0	0	14881	0	0	0	0	0	14.528	14.528	0.000000	+0.000015	+0.000015
gov_staker_remaining_emission_accumulator_filetest.gno	Remaining gov emission accumulator repeat-1000 claim-198	execution-segment-repricing	2602960	2617488	14528	0	0	0	14881	0	0	0	0	0	14.528	14.528	0.000000	+0.000015	+0.000015
gov_staker_remaining_emission_accumulator_filetest.gno	Remaining gov emission accumulator repeat-1000 claim-199	execution-segment-repricing	2605768	2620296	14528	0	0	0	14881	0	0	0	0	0	14.528	14.528	0.000000	+0.000015	+0.000015
gov_staker_remaining_emission_accumulator_filetest.gno	Remaining gov emission accumulator repeat-1000 claim-200	execution-segment-repricing	2606255	2620783	14528	0	0	0	14881	0	0	0	0	0	14.528	14.528	0.000000	+0.000015	+0.000015
gov_staker_remaining_emission_accumulator_filetest.gno	Remaining gov emission accumulator repeat-1000 claim-201	execution-segment-repricing	2606742	2621270	14528	0	0	0	14881	0	0	0	0	0	14.528	14.528	0.000000	+0.000015	+0.000015
gov_staker_remaining_emission_accumulator_filetest.gno	Remaining gov emission accumulator repeat-1000 claim-202	execution-segment-repricing	2606255	2620783	14528	0	0	0	14881	0	0	0	0	0	14.528	14.528	0.000000	+0.000015	+0.000015
gov_staker_remaining_emission_accumulator_filetest.gno	Remaining gov emission accumulator repeat-1000 claim-203	execution-segment-repricing	2606742	2621270	14528	0	0	0	14881	0	0	0	0	0	14.528	14.528	0.000000	+0.000015	+0.000015
gov_staker_remaining_emission_accumulator_filetest.gno	Remaining gov emission accumulator repeat-1000 claim-204	execution-segment-repricing	2606742	2621270	14528	0	0	0	14881	0	0	0	0	0	14.528	14.528	0.000000	+0.000015	+0.000015
gov_staker_remaining_emission_accumulator_filetest.gno	Remaining gov emission accumulator repeat-1000 claim-205	execution-segment-repricing	2606255	2620783	14528	0	0	0	14881	0	0	0	0	0	14.528	14.528	0.000000	+0.000015	+0.000015
gov_staker_remaining_emission_accumulator_filetest.gno	Remaining gov emission accumulator repeat-1000 claim-206	execution-segment-repricing	2602473	2617001	14528	0	0	0	14881	0	0	0	0	0	14.528	14.528	0.000000	+0.000015	+0.000015
gov_staker_remaining_emission_accumulator_filetest.gno	Remaining gov emission accumulator repeat-1000 claim-207	execution-segment-repricing	2605768	2620296	14528	0	0	0	14881	0	0	0	0	0	14.528	14.528	0.000000	+0.000015	+0.000015
gov_staker_remaining_emission_accumulator_filetest.gno	Remaining gov emission accumulator repeat-1000 claim-208	execution-segment-repricing	2606255	2620783	14528	0	0	0	14881	0	0	0	0	0	14.528	14.528	0.000000	+0.000015	+0.000015
gov_staker_remaining_emission_accumulator_filetest.gno	Remaining gov emission accumulator repeat-1000 claim-209	execution-segment-repricing	2602473	2617001	14528	0	0	0	14881	0	0	0	0	0	14.528	14.528	0.000000	+0.000015	+0.000015
gov_staker_remaining_emission_accumulator_filetest.gno	Remaining gov emission accumulator repeat-1000 claim-210	execution-segment-repricing	2606742	2621270	14528	0	0	0	14881	0	0	0	0	0	14.528	14.528	0.000000	+0.000015	+0.000015
gov_staker_remaining_emission_accumulator_filetest.gno	Remaining gov emission accumulator repeat-1000 claim-211	execution-segment-repricing	2606255	2620783	14528	0	0	0	14881	0	0	0	0	0	14.528	14.528	0.000000	+0.000015	+0.000015
gov_staker_remaining_emission_accumulator_filetest.gno	Remaining gov emission accumulator repeat-1000 claim-212	execution-segment-repricing	2606742	2621270	14528	0	0	0	14881	0	0	0	0	0	14.528	14.528	0.000000	+0.000015	+0.000015
gov_staker_remaining_emission_accumulator_filetest.gno	Remaining gov emission accumulator repeat-1000 claim-213	execution-segment-repricing	2602473	2617001	14528	0	0	0	14881	0	0	0	0	0	14.528	14.528	0.000000	+0.000015	+0.000015
gov_staker_remaining_emission_accumulator_filetest.gno	Remaining gov emission accumulator repeat-1000 claim-214	execution-segment-repricing	2605768	2620296	14528	0	0	0	14881	0	0	0	0	0	14.528	14.528	0.000000	+0.000015	+0.000015
gov_staker_remaining_emission_accumulator_filetest.gno	Remaining gov emission accumulator repeat-1000 claim-215	execution-segment-repricing	2605768	2620296	14528	0	0	0	14881	0	0	0	0	0	14.528	14.528	0.000000	+0.000015	+0.000015
gov_staker_remaining_emission_accumulator_filetest.gno	Remaining gov emission accumulator repeat-1000 claim-216	execution-segment-repricing	2605768	2620296	14528	0	0	0	14881	0	0	0	0	0	14.528	14.528	0.000000	+0.000015	+0.000015
gov_staker_remaining_emission_accumulator_filetest.gno	Remaining gov emission accumulator repeat-1000 claim-217	execution-segment-repricing	2606742	2621270	14528	0	0	0	14881	0	0	0	0	0	14.528	14.528	0.000000	+0.000015	+0.000015
gov_staker_remaining_emission_accumulator_filetest.gno	Remaining gov emission accumulator repeat-1000 claim-218	execution-segment-repricing	2605768	2620296	14528	0	0	0	14881	0	0	0	0	0	14.528	14.528	0.000000	+0.000015	+0.000015
gov_staker_remaining_emission_accumulator_filetest.gno	Remaining gov emission accumulator repeat-1000 claim-219	execution-segment-repricing	2606742	2621270	14528	0	0	0	14881	0	0	0	0	0	14.528	14.528	0.000000	+0.000015	+0.000015
gov_staker_remaining_emission_accumulator_filetest.gno	Remaining gov emission accumulator repeat-1000 claim-220	execution-segment-repricing	2598691	2613219	14528	0	0	0	14881	0	0	0	0	0	14.528	14.528	0.000000	+0.000015	+0.000015
gov_staker_remaining_emission_accumulator_filetest.gno	Remaining gov emission accumulator repeat-1000 claim-221	execution-segment-repricing	2606255	2620783	14528	0	0	0	14881	0	0	0	0	0	14.528	14.528	0.000000	+0.000015	+0.000015
gov_staker_remaining_emission_accumulator_filetest.gno	Remaining gov emission accumulator repeat-1000 claim-222	execution-segment-repricing	2606255	2620783	14528	0	0	0	14881	0	0	0	0	0	14.528	14.528	0.000000	+0.000015	+0.000015
gov_staker_remaining_emission_accumulator_filetest.gno	Remaining gov emission accumulator repeat-1000 claim-223	execution-segment-repricing	2605768	2620296	14528	0	0	0	14881	0	0	0	0	0	14.528	14.528	0.000000	+0.000015	+0.000015
gov_staker_remaining_emission_accumulator_filetest.gno	Remaining gov emission accumulator repeat-1000 claim-224	execution-segment-repricing	2606742	2621270	14528	0	0	0	14881	0	0	0	0	0	14.528	14.528	0.000000	+0.000015	+0.000015
gov_staker_remaining_emission_accumulator_filetest.gno	Remaining gov emission accumulator repeat-1000 claim-225	execution-segment-repricing	2605768	2620296	14528	0	0	0	14881	0	0	0	0	0	14.528	14.528	0.000000	+0.000015	+0.000015
gov_staker_remaining_emission_accumulator_filetest.gno	Remaining gov emission accumulator repeat-1000 claim-226	execution-segment-repricing	2606742	2621270	14528	0	0	0	14881	0	0	0	0	0	14.528	14.528	0.000000	+0.000015	+0.000015
gov_staker_remaining_emission_accumulator_filetest.gno	Remaining gov emission accumulator repeat-1000 claim-227	execution-segment-repricing	2600919	2615447	14528	0	0	0	14881	0	0	0	0	0	14.528	14.528	0.000000	+0.000015	+0.000015
gov_staker_remaining_emission_accumulator_filetest.gno	Remaining gov emission accumulator repeat-1000 claim-228	execution-segment-repricing	2606255	2620783	14528	0	0	0	14881	0	0	0	0	0	14.528	14.528	0.000000	+0.000015	+0.000015
gov_staker_remaining_emission_accumulator_filetest.gno	Remaining gov emission accumulator repeat-1000 claim-229	execution-segment-repricing	2605281	2619809	14528	0	0	0	14881	0	0	0	0	0	14.528	14.528	0.000000	+0.000015	+0.000015
gov_staker_remaining_emission_accumulator_filetest.gno	Remaining gov emission accumulator repeat-1000 claim-230	execution-segment-repricing	2606255	2620783	14528	0	0	0	14881	0	0	0	0	0	14.528	14.528	0.000000	+0.000015	+0.000015
gov_staker_remaining_emission_accumulator_filetest.gno	Remaining gov emission accumulator repeat-1000 claim-231	execution-segment-repricing	2602960	2617488	14528	0	0	0	14881	0	0	0	0	0	14.528	14.528	0.000000	+0.000015	+0.000015
gov_staker_remaining_emission_accumulator_filetest.gno	Remaining gov emission accumulator repeat-1000 claim-232	execution-segment-repricing	2606255	2620783	14528	0	0	0	14881	0	0	0	0	0	14.528	14.528	0.000000	+0.000015	+0.000015
gov_staker_remaining_emission_accumulator_filetest.gno	Remaining gov emission accumulator repeat-1000 claim-233	execution-segment-repricing	2606742	2621270	14528	0	0	0	14881	0	0	0	0	0	14.528	14.528	0.000000	+0.000015	+0.000015
gov_staker_remaining_emission_accumulator_filetest.gno	Remaining gov emission accumulator repeat-1000 claim-234	execution-segment-repricing	2605768	2620296	14528	0	0	0	14881	0	0	0	0	0	14.528	14.528	0.000000	+0.000015	+0.000015
gov_staker_remaining_emission_accumulator_filetest.gno	Remaining gov emission accumulator repeat-1000 claim-235	execution-segment-repricing	2606255	2620783	14528	0	0	0	14881	0	0	0	0	0	14.528	14.528	0.000000	+0.000015	+0.000015
gov_staker_remaining_emission_accumulator_filetest.gno	Remaining gov emission accumulator repeat-1000 claim-236	execution-segment-repricing	2605281	2619809	14528	0	0	0	14881	0	0	0	0	0	14.528	14.528	0.000000	+0.000015	+0.000015
gov_staker_remaining_emission_accumulator_filetest.gno	Remaining gov emission accumulator repeat-1000 claim-237	execution-segment-repricing	2606255	2620783	14528	0	0	0	14881	0	0	0	0	0	14.528	14.528	0.000000	+0.000015	+0.000015
gov_staker_remaining_emission_accumulator_filetest.gno	Remaining gov emission accumulator repeat-1000 claim-238	execution-segment-repricing	2606255	2620783	14528	0	0	0	14881	0	0	0	0	0	14.528	14.528	0.000000	+0.000015	+0.000015
gov_staker_remaining_emission_accumulator_filetest.gno	Remaining gov emission accumulator repeat-1000 claim-239	execution-segment-repricing	2606255	2620783	14528	0	0	0	14881	0	0	0	0	0	14.528	14.528	0.000000	+0.000015	+0.000015
gov_staker_remaining_emission_accumulator_filetest.gno	Remaining gov emission accumulator repeat-1000 claim-240	execution-segment-repricing	2606255	2620783	14528	0	0	0	14881	0	0	0	0	0	14.528	14.528	0.000000	+0.000015	+0.000015
gov_staker_remaining_emission_accumulator_filetest.gno	Remaining gov emission accumulator repeat-1000 claim-241	execution-segment-repricing	2606255	2620783	14528	0	0	0	14881	0	0	0	0	0	14.528	14.528	0.000000	+0.000015	+0.000015
gov_staker_remaining_emission_accumulator_filetest.gno	Remaining gov emission accumulator repeat-1000 claim-242	execution-segment-repricing	2599178	2613706	14528	0	0	0	14881	0	0	0	0	0	14.528	14.528	0.000000	+0.000015	+0.000015
gov_staker_remaining_emission_accumulator_filetest.gno	Remaining gov emission accumulator repeat-1000 claim-243	execution-segment-repricing	2605281	2619809	14528	0	0	0	14881	0	0	0	0	0	14.528	14.528	0.000000	+0.000015	+0.000015
gov_staker_remaining_emission_accumulator_filetest.gno	Remaining gov emission accumulator repeat-1000 claim-244	execution-segment-repricing	2606255	2620783	14528	0	0	0	14881	0	0	0	0	0	14.528	14.528	0.000000	+0.000015	+0.000015
gov_staker_remaining_emission_accumulator_filetest.gno	Remaining gov emission accumulator repeat-1000 claim-245	execution-segment-repricing	2605281	2619809	14528	0	0	0	14881	0	0	0	0	0	14.528	14.528	0.000000	+0.000015	+0.000015
gov_staker_remaining_emission_accumulator_filetest.gno	Remaining gov emission accumulator repeat-1000 claim-246	execution-segment-repricing	2606255	2620783	14528	0	0	0	14881	0	0	0	0	0	14.528	14.528	0.000000	+0.000015	+0.000015
gov_staker_remaining_emission_accumulator_filetest.gno	Remaining gov emission accumulator repeat-1000 claim-247	execution-segment-repricing	2606255	2620783	14528	0	0	0	14881	0	0	0	0	0	14.528	14.528	0.000000	+0.000015	+0.000015
gov_staker_remaining_emission_accumulator_filetest.gno	Remaining gov emission accumulator repeat-1000 claim-248	execution-segment-repricing	2606255	2620783	14528	0	0	0	14881	0	0	0	0	0	14.528	14.528	0.000000	+0.000015	+0.000015
gov_staker_remaining_emission_accumulator_filetest.gno	Remaining gov emission accumulator repeat-1000 claim-249	execution-segment-repricing	2602960	2617488	14528	0	0	0	14881	0	0	0	0	0	14.528	14.528	0.000000	+0.000015	+0.000015
gov_staker_remaining_emission_accumulator_filetest.gno	Remaining gov emission accumulator repeat-1000 claim-250	execution-segment-repricing	2605768	2620296	14528	0	0	0	14881	0	0	0	0	0	14.528	14.528	0.000000	+0.000015	+0.000015
gov_staker_remaining_emission_accumulator_filetest.gno	Remaining gov emission accumulator repeat-1000 claim-251	execution-segment-repricing	2602473	2617001	14528	0	0	0	14881	0	0	0	0	0	14.528	14.528	0.000000	+0.000015	+0.000015
gov_staker_remaining_emission_accumulator_filetest.gno	Remaining gov emission accumulator repeat-1000 claim-252	execution-segment-repricing	2605281	2619809	14528	0	0	0	14881	0	0	0	0	0	14.528	14.528	0.000000	+0.000015	+0.000015
gov_staker_remaining_emission_accumulator_filetest.gno	Remaining gov emission accumulator repeat-1000 claim-253	execution-segment-repricing	2606255	2620783	14528	0	0	0	14881	0	0	0	0	0	14.528	14.528	0.000000	+0.000015	+0.000015
gov_staker_remaining_emission_accumulator_filetest.gno	Remaining gov emission accumulator repeat-1000 claim-254	execution-segment-repricing	2605768	2620296	14528	0	0	0	14881	0	0	0	0	0	14.528	14.528	0.000000	+0.000015	+0.000015
gov_staker_remaining_emission_accumulator_filetest.gno	Remaining gov emission accumulator repeat-1000 claim-255	execution-segment-repricing	2606255	2620783	14528	0	0	0	14881	0	0	0	0	0	14.528	14.528	0.000000	+0.000015	+0.000015
gov_staker_remaining_emission_accumulator_filetest.gno	Remaining gov emission accumulator repeat-1000 claim-256	execution-segment-repricing	2602473	2617001	14528	0	0	0	14881	0	0	0	0	0	14.528	14.528	0.000000	+0.000015	+0.000015
gov_staker_remaining_emission_accumulator_filetest.gno	Remaining gov emission accumulator repeat-1000 claim-257	execution-segment-repricing	2605768	2620296	14528	0	0	0	14881	0	0	0	0	0	14.528	14.528	0.000000	+0.000015	+0.000015
gov_staker_remaining_emission_accumulator_filetest.gno	Remaining gov emission accumulator repeat-1000 claim-258	execution-segment-repricing	2606255	2620783	14528	0	0	0	14881	0	0	0	0	0	14.528	14.528	0.000000	+0.000015	+0.000015
gov_staker_remaining_emission_accumulator_filetest.gno	Remaining gov emission accumulator repeat-1000 claim-259	execution-segment-repricing	2606255	2620783	14528	0	0	0	14881	0	0	0	0	0	14.528	14.528	0.000000	+0.000015	+0.000015
gov_staker_remaining_emission_accumulator_filetest.gno	Remaining gov emission accumulator repeat-1000 claim-260	execution-segment-repricing	2605768	2620296	14528	0	0	0	14881	0	0	0	0	0	14.528	14.528	0.000000	+0.000015	+0.000015
gov_staker_remaining_emission_accumulator_filetest.gno	Remaining gov emission accumulator repeat-1000 claim-261	execution-segment-repricing	2605768	2620296	14528	0	0	0	14881	0	0	0	0	0	14.528	14.528	0.000000	+0.000015	+0.000015
gov_staker_remaining_emission_accumulator_filetest.gno	Remaining gov emission accumulator repeat-1000 claim-262	execution-segment-repricing	2602960	2617488	14528	0	0	0	14881	0	0	0	0	0	14.528	14.528	0.000000	+0.000015	+0.000015
gov_staker_remaining_emission_accumulator_filetest.gno	Remaining gov emission accumulator repeat-1000 claim-263	execution-segment-repricing	2602473	2617001	14528	0	0	0	14881	0	0	0	0	0	14.528	14.528	0.000000	+0.000015	+0.000015
gov_staker_remaining_emission_accumulator_filetest.gno	Remaining gov emission accumulator repeat-1000 claim-264	execution-segment-repricing	2606255	2620783	14528	0	0	0	14881	0	0	0	0	0	14.528	14.528	0.000000	+0.000015	+0.000015
gov_staker_remaining_emission_accumulator_filetest.gno	Remaining gov emission accumulator repeat-1000 claim-265	execution-segment-repricing	2606742	2621270	14528	0	0	0	14881	0	0	0	0	0	14.528	14.528	0.000000	+0.000015	+0.000015
gov_staker_remaining_emission_accumulator_filetest.gno	Remaining gov emission accumulator repeat-1000 claim-266	execution-segment-repricing	2606255	2620783	14528	0	0	0	14881	0	0	0	0	0	14.528	14.528	0.000000	+0.000015	+0.000015
gov_staker_remaining_emission_accumulator_filetest.gno	Remaining gov emission accumulator repeat-1000 claim-267	execution-segment-repricing	2606742	2621270	14528	0	0	0	14881	0	0	0	0	0	14.528	14.528	0.000000	+0.000015	+0.000015
gov_staker_remaining_emission_accumulator_filetest.gno	Remaining gov emission accumulator repeat-1000 claim-268	execution-segment-repricing	2606742	2621270	14528	0	0	0	14881	0	0	0	0	0	14.528	14.528	0.000000	+0.000015	+0.000015
gov_staker_remaining_emission_accumulator_filetest.gno	Remaining gov emission accumulator repeat-1000 claim-269	execution-segment-repricing	2606255	2620783	14528	0	0	0	14881	0	0	0	0	0	14.528	14.528	0.000000	+0.000015	+0.000015
gov_staker_remaining_emission_accumulator_filetest.gno	Remaining gov emission accumulator repeat-1000 claim-270	execution-segment-repricing	2606255	2620783	14528	0	0	0	14881	0	0	0	0	0	14.528	14.528	0.000000	+0.000015	+0.000015
gov_staker_remaining_emission_accumulator_filetest.gno	Remaining gov emission accumulator repeat-1000 claim-271	execution-segment-repricing	2605768	2620296	14528	0	0	0	14881	0	0	0	0	0	14.528	14.528	0.000000	+0.000015	+0.000015
gov_staker_remaining_emission_accumulator_filetest.gno	Remaining gov emission accumulator repeat-1000 claim-272	execution-segment-repricing	2606255	2620783	14528	0	0	0	14881	0	0	0	0	0	14.528	14.528	0.000000	+0.000015	+0.000015
gov_staker_remaining_emission_accumulator_filetest.gno	Remaining gov emission accumulator repeat-1000 claim-273	execution-segment-repricing	2602473	2617001	14528	0	0	0	14881	0	0	0	0	0	14.528	14.528	0.000000	+0.000015	+0.000015
gov_staker_remaining_emission_accumulator_filetest.gno	Remaining gov emission accumulator repeat-1000 claim-274	execution-segment-repricing	2606742	2621270	14528	0	0	0	14881	0	0	0	0	0	14.528	14.528	0.000000	+0.000015	+0.000015
gov_staker_remaining_emission_accumulator_filetest.gno	Remaining gov emission accumulator repeat-1000 claim-275	execution-segment-repricing	2606255	2620783	14528	0	0	0	14881	0	0	0	0	0	14.528	14.528	0.000000	+0.000015	+0.000015
gov_staker_remaining_emission_accumulator_filetest.gno	Remaining gov emission accumulator repeat-1000 claim-276	execution-segment-repricing	2606742	2621270	14528	0	0	0	14881	0	0	0	0	0	14.528	14.528	0.000000	+0.000015	+0.000015
gov_staker_remaining_emission_accumulator_filetest.gno	Remaining gov emission accumulator repeat-1000 claim-277	execution-segment-repricing	2606742	2621270	14528	0	0	0	14881	0	0	0	0	0	14.528	14.528	0.000000	+0.000015	+0.000015
gov_staker_remaining_emission_accumulator_filetest.gno	Remaining gov emission accumulator repeat-1000 claim-278	execution-segment-repricing	2602473	2617001	14528	0	0	0	14881	0	0	0	0	0	14.528	14.528	0.000000	+0.000015	+0.000015
gov_staker_remaining_emission_accumulator_filetest.gno	Remaining gov emission accumulator repeat-1000 claim-279	execution-segment-repricing	2606255	2620783	14528	0	0	0	14881	0	0	0	0	0	14.528	14.528	0.000000	+0.000015	+0.000015
gov_staker_remaining_emission_accumulator_filetest.gno	Remaining gov emission accumulator repeat-1000 claim-280	execution-segment-repricing	2605768	2620296	14528	0	0	0	14881	0	0	0	0	0	14.528	14.528	0.000000	+0.000015	+0.000015
gov_staker_remaining_emission_accumulator_filetest.gno	Remaining gov emission accumulator repeat-1000 claim-281	execution-segment-repricing	2606742	2621270	14528	0	0	0	14881	0	0	0	0	0	14.528	14.528	0.000000	+0.000015	+0.000015
gov_staker_remaining_emission_accumulator_filetest.gno	Remaining gov emission accumulator repeat-1000 claim-282	execution-segment-repricing	2605768	2620296	14528	0	0	0	14881	0	0	0	0	0	14.528	14.528	0.000000	+0.000015	+0.000015
gov_staker_remaining_emission_accumulator_filetest.gno	Remaining gov emission accumulator repeat-1000 claim-283	execution-segment-repricing	2606742	2621270	14528	0	0	0	14881	0	0	0	0	0	14.528	14.528	0.000000	+0.000015	+0.000015
gov_staker_remaining_emission_accumulator_filetest.gno	Remaining gov emission accumulator repeat-1000 claim-284	execution-segment-repricing	2602960	2617488	14528	0	0	0	14881	0	0	0	0	0	14.528	14.528	0.000000	+0.000015	+0.000015
gov_staker_remaining_emission_accumulator_filetest.gno	Remaining gov emission accumulator repeat-1000 claim-285	execution-segment-repricing	2602960	2617488	14528	0	0	0	14881	0	0	0	0	0	14.528	14.528	0.000000	+0.000015	+0.000015
gov_staker_remaining_emission_accumulator_filetest.gno	Remaining gov emission accumulator repeat-1000 claim-286	execution-segment-repricing	2606255	2620783	14528	0	0	0	14881	0	0	0	0	0	14.528	14.528	0.000000	+0.000015	+0.000015
gov_staker_remaining_emission_accumulator_filetest.gno	Remaining gov emission accumulator repeat-1000 claim-287	execution-segment-repricing	2605768	2620296	14528	0	0	0	14881	0	0	0	0	0	14.528	14.528	0.000000	+0.000015	+0.000015
gov_staker_remaining_emission_accumulator_filetest.gno	Remaining gov emission accumulator repeat-1000 claim-288	execution-segment-repricing	2606255	2620783	14528	0	0	0	14881	0	0	0	0	0	14.528	14.528	0.000000	+0.000015	+0.000015
gov_staker_remaining_emission_accumulator_filetest.gno	Remaining gov emission accumulator repeat-1000 claim-289	execution-segment-repricing	2605768	2620296	14528	0	0	0	14881	0	0	0	0	0	14.528	14.528	0.000000	+0.000015	+0.000015
gov_staker_remaining_emission_accumulator_filetest.gno	Remaining gov emission accumulator repeat-1000 claim-290	execution-segment-repricing	2606742	2621270	14528	0	0	0	14881	0	0	0	0	0	14.528	14.528	0.000000	+0.000015	+0.000015
gov_staker_remaining_emission_accumulator_filetest.gno	Remaining gov emission accumulator repeat-1000 claim-291	execution-segment-repricing	2606255	2620783	14528	0	0	0	14881	0	0	0	0	0	14.528	14.528	0.000000	+0.000015	+0.000015
gov_staker_remaining_emission_accumulator_filetest.gno	Remaining gov emission accumulator repeat-1000 claim-292	execution-segment-repricing	2602960	2617488	14528	0	0	0	14881	0	0	0	0	0	14.528	14.528	0.000000	+0.000015	+0.000015
gov_staker_remaining_emission_accumulator_filetest.gno	Remaining gov emission accumulator repeat-1000 claim-293	execution-segment-repricing	2605768	2620296	14528	0	0	0	14881	0	0	0	0	0	14.528	14.528	0.000000	+0.000015	+0.000015
gov_staker_remaining_emission_accumulator_filetest.gno	Remaining gov emission accumulator repeat-1000 claim-294	execution-segment-repricing	2606255	2620783	14528	0	0	0	14881	0	0	0	0	0	14.528	14.528	0.000000	+0.000015	+0.000015
gov_staker_remaining_emission_accumulator_filetest.gno	Remaining gov emission accumulator repeat-1000 claim-295	execution-segment-repricing	2602473	2617001	14528	0	0	0	14881	0	0	0	0	0	14.528	14.528	0.000000	+0.000015	+0.000015
gov_staker_remaining_emission_accumulator_filetest.gno	Remaining gov emission accumulator repeat-1000 claim-296	execution-segment-repricing	2605768	2620296	14528	0	0	0	14881	0	0	0	0	0	14.528	14.528	0.000000	+0.000015	+0.000015
gov_staker_remaining_emission_accumulator_filetest.gno	Remaining gov emission accumulator repeat-1000 claim-297	execution-segment-repricing	2606255	2620783	14528	0	0	0	14881	0	0	0	0	0	14.528	14.528	0.000000	+0.000015	+0.000015
gov_staker_remaining_emission_accumulator_filetest.gno	Remaining gov emission accumulator repeat-1000 claim-298	execution-segment-repricing	2606255	2620783	14528	0	0	0	14881	0	0	0	0	0	14.528	14.528	0.000000	+0.000015	+0.000015
gov_staker_remaining_emission_accumulator_filetest.gno	Remaining gov emission accumulator repeat-1000 claim-299	execution-segment-repricing	2602473	2617001	14528	0	0	0	14881	0	0	0	0	0	14.528	14.528	0.000000	+0.000015	+0.000015
gov_staker_remaining_emission_accumulator_filetest.gno	Remaining gov emission accumulator repeat-1000 claim-300	execution-segment-repricing	2605768	2620296	14528	0	0	0	14881	0	0	0	0	0	14.528	14.528	0.000000	+0.000015	+0.000015
gov_staker_remaining_emission_accumulator_filetest.gno	Remaining gov emission accumulator repeat-1000 claim-301	execution-segment-repricing	2606255	2620783	14528	0	0	0	14881	0	0	0	0	0	14.528	14.528	0.000000	+0.000015	+0.000015
gov_staker_remaining_emission_accumulator_filetest.gno	Remaining gov emission accumulator repeat-1000 claim-302	execution-segment-repricing	2605768	2620296	14528	0	0	0	14881	0	0	0	0	0	14.528	14.528	0.000000	+0.000015	+0.000015
gov_staker_remaining_emission_accumulator_filetest.gno	Remaining gov emission accumulator repeat-1000 claim-303	execution-segment-repricing	2606255	2620783	14528	0	0	0	14881	0	0	0	0	0	14.528	14.528	0.000000	+0.000015	+0.000015
gov_staker_remaining_emission_accumulator_filetest.gno	Remaining gov emission accumulator repeat-1000 claim-304	execution-segment-repricing	2605768	2620296	14528	0	0	0	14881	0	0	0	0	0	14.528	14.528	0.000000	+0.000015	+0.000015
gov_staker_remaining_emission_accumulator_filetest.gno	Remaining gov emission accumulator repeat-1000 claim-305	execution-segment-repricing	2606255	2620783	14528	0	0	0	14881	0	0	0	0	0	14.528	14.528	0.000000	+0.000015	+0.000015
gov_staker_remaining_emission_accumulator_filetest.gno	Remaining gov emission accumulator repeat-1000 claim-306	execution-segment-repricing	2602473	2617001	14528	0	0	0	14881	0	0	0	0	0	14.528	14.528	0.000000	+0.000015	+0.000015
gov_staker_remaining_emission_accumulator_filetest.gno	Remaining gov emission accumulator repeat-1000 claim-307	execution-segment-repricing	2605768	2620296	14528	0	0	0	14881	0	0	0	0	0	14.528	14.528	0.000000	+0.000015	+0.000015
gov_staker_remaining_emission_accumulator_filetest.gno	Remaining gov emission accumulator repeat-1000 claim-308	execution-segment-repricing	2606255	2620783	14528	0	0	0	14881	0	0	0	0	0	14.528	14.528	0.000000	+0.000015	+0.000015
gov_staker_remaining_emission_accumulator_filetest.gno	Remaining gov emission accumulator repeat-1000 claim-309	execution-segment-repricing	2605768	2620296	14528	0	0	0	14881	0	0	0	0	0	14.528	14.528	0.000000	+0.000015	+0.000015
gov_staker_remaining_emission_accumulator_filetest.gno	Remaining gov emission accumulator repeat-1000 claim-310	execution-segment-repricing	2606255	2620783	14528	0	0	0	14881	0	0	0	0	0	14.528	14.528	0.000000	+0.000015	+0.000015
gov_staker_remaining_emission_accumulator_filetest.gno	Remaining gov emission accumulator repeat-1000 claim-311	execution-segment-repricing	2606255	2620783	14528	0	0	0	14881	0	0	0	0	0	14.528	14.528	0.000000	+0.000015	+0.000015
gov_staker_remaining_emission_accumulator_filetest.gno	Remaining gov emission accumulator repeat-1000 claim-312	execution-segment-repricing	2606255	2620783	14528	0	0	0	14881	0	0	0	0	0	14.528	14.528	0.000000	+0.000015	+0.000015
gov_staker_remaining_emission_accumulator_filetest.gno	Remaining gov emission accumulator repeat-1000 claim-313	execution-segment-repricing	2606255	2620783	14528	0	0	0	14881	0	0	0	0	0	14.528	14.528	0.000000	+0.000015	+0.000015
gov_staker_remaining_emission_accumulator_filetest.gno	Remaining gov emission accumulator repeat-1000 claim-314	execution-segment-repricing	2605768	2620296	14528	0	0	0	14881	0	0	0	0	0	14.528	14.528	0.000000	+0.000015	+0.000015
gov_staker_remaining_emission_accumulator_filetest.gno	Remaining gov emission accumulator repeat-1000 claim-315	execution-segment-repricing	2605281	2619809	14528	0	0	0	14881	0	0	0	0	0	14.528	14.528	0.000000	+0.000015	+0.000015
gov_staker_remaining_emission_accumulator_filetest.gno	Remaining gov emission accumulator repeat-1000 claim-316	execution-segment-repricing	2605768	2620296	14528	0	0	0	14881	0	0	0	0	0	14.528	14.528	0.000000	+0.000015	+0.000015
gov_staker_remaining_emission_accumulator_filetest.gno	Remaining gov emission accumulator repeat-1000 claim-317	execution-segment-repricing	2601406	2615934	14528	0	0	0	14881	0	0	0	0	0	14.528	14.528	0.000000	+0.000015	+0.000015
gov_staker_remaining_emission_accumulator_filetest.gno	Remaining gov emission accumulator repeat-1000 claim-318	execution-segment-repricing	2606255	2620783	14528	0	0	0	14881	0	0	0	0	0	14.528	14.528	0.000000	+0.000015	+0.000015
gov_staker_remaining_emission_accumulator_filetest.gno	Remaining gov emission accumulator repeat-1000 claim-319	execution-segment-repricing	2606255	2620783	14528	0	0	0	14881	0	0	0	0	0	14.528	14.528	0.000000	+0.000015	+0.000015
gov_staker_remaining_emission_accumulator_filetest.gno	Remaining gov emission accumulator repeat-1000 claim-320	execution-segment-repricing	2606255	2620783	14528	0	0	0	14881	0	0	0	0	0	14.528	14.528	0.000000	+0.000015	+0.000015
gov_staker_remaining_emission_accumulator_filetest.gno	Remaining gov emission accumulator repeat-1000 claim-321	execution-segment-repricing	2602960	2617488	14528	0	0	0	14881	0	0	0	0	0	14.528	14.528	0.000000	+0.000015	+0.000015
gov_staker_remaining_emission_accumulator_filetest.gno	Remaining gov emission accumulator repeat-1000 claim-322	execution-segment-repricing	2605768	2620296	14528	0	0	0	14881	0	0	0	0	0	14.528	14.528	0.000000	+0.000015	+0.000015
gov_staker_remaining_emission_accumulator_filetest.gno	Remaining gov emission accumulator repeat-1000 claim-323	execution-segment-repricing	2605768	2620296	14528	0	0	0	14881	0	0	0	0	0	14.528	14.528	0.000000	+0.000015	+0.000015
gov_staker_remaining_emission_accumulator_filetest.gno	Remaining gov emission accumulator repeat-1000 claim-324	execution-segment-repricing	2605768	2620296	14528	0	0	0	14881	0	0	0	0	0	14.528	14.528	0.000000	+0.000015	+0.000015
gov_staker_remaining_emission_accumulator_filetest.gno	Remaining gov emission accumulator repeat-1000 claim-325	execution-segment-repricing	2606255	2620783	14528	0	0	0	14881	0	0	0	0	0	14.528	14.528	0.000000	+0.000015	+0.000015
gov_staker_remaining_emission_accumulator_filetest.gno	Remaining gov emission accumulator repeat-1000 claim-326	execution-segment-repricing	2602473	2617001	14528	0	0	0	14881	0	0	0	0	0	14.528	14.528	0.000000	+0.000015	+0.000015
gov_staker_remaining_emission_accumulator_filetest.gno	Remaining gov emission accumulator repeat-1000 claim-327	execution-segment-repricing	2606255	2620783	14528	0	0	0	14881	0	0	0	0	0	14.528	14.528	0.000000	+0.000015	+0.000015
gov_staker_remaining_emission_accumulator_filetest.gno	Remaining gov emission accumulator repeat-1000 claim-328	execution-segment-repricing	2602960	2617488	14528	0	0	0	14881	0	0	0	0	0	14.528	14.528	0.000000	+0.000015	+0.000015
gov_staker_remaining_emission_accumulator_filetest.gno	Remaining gov emission accumulator repeat-1000 claim-329	execution-segment-repricing	2605768	2620296	14528	0	0	0	14881	0	0	0	0	0	14.528	14.528	0.000000	+0.000015	+0.000015
gov_staker_remaining_emission_accumulator_filetest.gno	Remaining gov emission accumulator repeat-1000 claim-330	execution-segment-repricing	2606255	2620783	14528	0	0	0	14881	0	0	0	0	0	14.528	14.528	0.000000	+0.000015	+0.000015
gov_staker_remaining_emission_accumulator_filetest.gno	Remaining gov emission accumulator repeat-1000 claim-331	execution-segment-repricing	2605768	2620296	14528	0	0	0	14881	0	0	0	0	0	14.528	14.528	0.000000	+0.000015	+0.000015
gov_staker_remaining_emission_accumulator_filetest.gno	Remaining gov emission accumulator repeat-1000 claim-332	execution-segment-repricing	2605768	2620296	14528	0	0	0	14881	0	0	0	0	0	14.528	14.528	0.000000	+0.000015	+0.000015
gov_staker_remaining_emission_accumulator_filetest.gno	Remaining gov emission accumulator repeat-1000 claim-333	execution-segment-repricing	2606255	2620783	14528	0	0	0	14881	0	0	0	0	0	14.528	14.528	0.000000	+0.000015	+0.000015
gov_staker_remaining_emission_accumulator_filetest.gno	Remaining gov emission accumulator repeat-1000 claim-334	execution-segment-repricing	2606255	2620783	14528	0	0	0	14881	0	0	0	0	0	14.528	14.528	0.000000	+0.000015	+0.000015
gov_staker_remaining_emission_accumulator_filetest.gno	Remaining gov emission accumulator repeat-1000 claim-335	execution-segment-repricing	2602473	2617001	14528	0	0	0	14881	0	0	0	0	0	14.528	14.528	0.000000	+0.000015	+0.000015
gov_staker_remaining_emission_accumulator_filetest.gno	Remaining gov emission accumulator repeat-1000 claim-336	execution-segment-repricing	2606255	2620783	14528	0	0	0	14881	0	0	0	0	0	14.528	14.528	0.000000	+0.000015	+0.000015
gov_staker_remaining_emission_accumulator_filetest.gno	Remaining gov emission accumulator repeat-1000 claim-337	execution-segment-repricing	2602473	2617001	14528	0	0	0	14881	0	0	0	0	0	14.528	14.528	0.000000	+0.000015	+0.000015
gov_staker_remaining_emission_accumulator_filetest.gno	Remaining gov emission accumulator repeat-1000 claim-338	execution-segment-repricing	2606255	2620783	14528	0	0	0	14881	0	0	0	0	0	14.528	14.528	0.000000	+0.000015	+0.000015
gov_staker_remaining_emission_accumulator_filetest.gno	Remaining gov emission accumulator repeat-1000 claim-339	execution-segment-repricing	2606742	2621270	14528	0	0	0	14881	0	0	0	0	0	14.528	14.528	0.000000	+0.000015	+0.000015
gov_staker_remaining_emission_accumulator_filetest.gno	Remaining gov emission accumulator repeat-1000 claim-340	execution-segment-repricing	2606742	2621270	14528	0	0	0	14881	0	0	0	0	0	14.528	14.528	0.000000	+0.000015	+0.000015
gov_staker_remaining_emission_accumulator_filetest.gno	Remaining gov emission accumulator repeat-1000 claim-341	execution-segment-repricing	2606742	2621270	14528	0	0	0	14881	0	0	0	0	0	14.528	14.528	0.000000	+0.000015	+0.000015
gov_staker_remaining_emission_accumulator_filetest.gno	Remaining gov emission accumulator repeat-1000 claim-342	execution-segment-repricing	2606255	2620783	14528	0	0	0	14881	0	0	0	0	0	14.528	14.528	0.000000	+0.000015	+0.000015
gov_staker_remaining_emission_accumulator_filetest.gno	Remaining gov emission accumulator repeat-1000 claim-343	execution-segment-repricing	2606255	2620783	14528	0	0	0	14881	0	0	0	0	0	14.528	14.528	0.000000	+0.000015	+0.000015
gov_staker_remaining_emission_accumulator_filetest.gno	Remaining gov emission accumulator repeat-1000 claim-344	execution-segment-repricing	2606255	2620783	14528	0	0	0	14881	0	0	0	0	0	14.528	14.528	0.000000	+0.000015	+0.000015
gov_staker_remaining_emission_accumulator_filetest.gno	Remaining gov emission accumulator repeat-1000 claim-345	execution-segment-repricing	2606255	2620783	14528	0	0	0	14881	0	0	0	0	0	14.528	14.528	0.000000	+0.000015	+0.000015
gov_staker_remaining_emission_accumulator_filetest.gno	Remaining gov emission accumulator repeat-1000 claim-346	execution-segment-repricing	2606255	2620783	14528	0	0	0	14881	0	0	0	0	0	14.528	14.528	0.000000	+0.000015	+0.000015
gov_staker_remaining_emission_accumulator_filetest.gno	Remaining gov emission accumulator repeat-1000 claim-347	execution-segment-repricing	2606255	2620783	14528	0	0	0	14881	0	0	0	0	0	14.528	14.528	0.000000	+0.000015	+0.000015
gov_staker_remaining_emission_accumulator_filetest.gno	Remaining gov emission accumulator repeat-1000 claim-348	execution-segment-repricing	2602960	2617488	14528	0	0	0	14881	0	0	0	0	0	14.528	14.528	0.000000	+0.000015	+0.000015
gov_staker_remaining_emission_accumulator_filetest.gno	Remaining gov emission accumulator repeat-1000 claim-349	execution-segment-repricing	2606255	2620783	14528	0	0	0	14881	0	0	0	0	0	14.528	14.528	0.000000	+0.000015	+0.000015
gov_staker_remaining_emission_accumulator_filetest.gno	Remaining gov emission accumulator repeat-1000 claim-350	execution-segment-repricing	2606255	2620783	14528	0	0	0	14881	0	0	0	0	0	14.528	14.528	0.000000	+0.000015	+0.000015
gov_staker_remaining_emission_accumulator_filetest.gno	Remaining gov emission accumulator repeat-1000 claim-351	execution-segment-repricing	2606255	2620783	14528	0	0	0	14881	0	0	0	0	0	14.528	14.528	0.000000	+0.000015	+0.000015
gov_staker_remaining_emission_accumulator_filetest.gno	Remaining gov emission accumulator repeat-1000 claim-352	execution-segment-repricing	2606255	2620783	14528	0	0	0	14881	0	0	0	0	0	14.528	14.528	0.000000	+0.000015	+0.000015
gov_staker_remaining_emission_accumulator_filetest.gno	Remaining gov emission accumulator repeat-1000 claim-353	execution-segment-repricing	2606255	2620783	14528	0	0	0	14881	0	0	0	0	0	14.528	14.528	0.000000	+0.000015	+0.000015
gov_staker_remaining_emission_accumulator_filetest.gno	Remaining gov emission accumulator repeat-1000 claim-354	execution-segment-repricing	2606255	2620783	14528	0	0	0	14881	0	0	0	0	0	14.528	14.528	0.000000	+0.000015	+0.000015
gov_staker_remaining_emission_accumulator_filetest.gno	Remaining gov emission accumulator repeat-1000 claim-355	execution-segment-repricing	2606255	2620783	14528	0	0	0	14881	0	0	0	0	0	14.528	14.528	0.000000	+0.000015	+0.000015
gov_staker_remaining_emission_accumulator_filetest.gno	Remaining gov emission accumulator repeat-1000 claim-356	execution-segment-repricing	2606255	2620783	14528	0	0	0	14881	0	0	0	0	0	14.528	14.528	0.000000	+0.000015	+0.000015
gov_staker_remaining_emission_accumulator_filetest.gno	Remaining gov emission accumulator repeat-1000 claim-357	execution-segment-repricing	2602473	2617001	14528	0	0	0	14881	0	0	0	0	0	14.528	14.528	0.000000	+0.000015	+0.000015
gov_staker_remaining_emission_accumulator_filetest.gno	Remaining gov emission accumulator repeat-1000 claim-358	execution-segment-repricing	2606255	2620783	14528	0	0	0	14881	0	0	0	0	0	14.528	14.528	0.000000	+0.000015	+0.000015
gov_staker_remaining_emission_accumulator_filetest.gno	Remaining gov emission accumulator repeat-1000 claim-359	execution-segment-repricing	2602473	2617001	14528	0	0	0	14881	0	0	0	0	0	14.528	14.528	0.000000	+0.000015	+0.000015
gov_staker_remaining_emission_accumulator_filetest.gno	Remaining gov emission accumulator repeat-1000 claim-360	execution-segment-repricing	2606255	2620783	14528	0	0	0	14881	0	0	0	0	0	14.528	14.528	0.000000	+0.000015	+0.000015
gov_staker_remaining_emission_accumulator_filetest.gno	Remaining gov emission accumulator repeat-1000 claim-361	execution-segment-repricing	2606255	2620783	14528	0	0	0	14881	0	0	0	0	0	14.528	14.528	0.000000	+0.000015	+0.000015
gov_staker_remaining_emission_accumulator_filetest.gno	Remaining gov emission accumulator repeat-1000 claim-362	execution-segment-repricing	2606255	2620783	14528	0	0	0	14881	0	0	0	0	0	14.528	14.528	0.000000	+0.000015	+0.000015
gov_staker_remaining_emission_accumulator_filetest.gno	Remaining gov emission accumulator repeat-1000 claim-363	execution-segment-repricing	2606255	2620783	14528	0	0	0	14881	0	0	0	0	0	14.528	14.528	0.000000	+0.000015	+0.000015
gov_staker_remaining_emission_accumulator_filetest.gno	Remaining gov emission accumulator repeat-1000 claim-364	execution-segment-repricing	2602473	2617001	14528	0	0	0	14881	0	0	0	0	0	14.528	14.528	0.000000	+0.000015	+0.000015
gov_staker_remaining_emission_accumulator_filetest.gno	Remaining gov emission accumulator repeat-1000 claim-365	execution-segment-repricing	2606255	2620783	14528	0	0	0	14881	0	0	0	0	0	14.528	14.528	0.000000	+0.000015	+0.000015
gov_staker_remaining_emission_accumulator_filetest.gno	Remaining gov emission accumulator repeat-1000 claim-366	execution-segment-repricing	2605768	2620296	14528	0	0	0	14881	0	0	0	0	0	14.528	14.528	0.000000	+0.000015	+0.000015
gov_staker_remaining_emission_accumulator_filetest.gno	Remaining gov emission accumulator repeat-1000 claim-367	execution-segment-repricing	2606742	2621270	14528	0	0	0	14881	0	0	0	0	0	14.528	14.528	0.000000	+0.000015	+0.000015
gov_staker_remaining_emission_accumulator_filetest.gno	Remaining gov emission accumulator repeat-1000 claim-368	execution-segment-repricing	2605768	2620296	14528	0	0	0	14881	0	0	0	0	0	14.528	14.528	0.000000	+0.000015	+0.000015
gov_staker_remaining_emission_accumulator_filetest.gno	Remaining gov emission accumulator repeat-1000 claim-369	execution-segment-repricing	2606255	2620783	14528	0	0	0	14881	0	0	0	0	0	14.528	14.528	0.000000	+0.000015	+0.000015
gov_staker_remaining_emission_accumulator_filetest.gno	Remaining gov emission accumulator repeat-1000 claim-370	execution-segment-repricing	2602473	2617001	14528	0	0	0	14881	0	0	0	0	0	14.528	14.528	0.000000	+0.000015	+0.000015
gov_staker_remaining_emission_accumulator_filetest.gno	Remaining gov emission accumulator repeat-1000 claim-371	execution-segment-repricing	2602473	2617001	14528	0	0	0	14881	0	0	0	0	0	14.528	14.528	0.000000	+0.000015	+0.000015
gov_staker_remaining_emission_accumulator_filetest.gno	Remaining gov emission accumulator repeat-1000 claim-372	execution-segment-repricing	2606255	2620783	14528	0	0	0	14881	0	0	0	0	0	14.528	14.528	0.000000	+0.000015	+0.000015
gov_staker_remaining_emission_accumulator_filetest.gno	Remaining gov emission accumulator repeat-1000 claim-373	execution-segment-repricing	2606255	2620783	14528	0	0	0	14881	0	0	0	0	0	14.528	14.528	0.000000	+0.000015	+0.000015
gov_staker_remaining_emission_accumulator_filetest.gno	Remaining gov emission accumulator repeat-1000 claim-374	execution-segment-repricing	2606255	2620783	14528	0	0	0	14881	0	0	0	0	0	14.528	14.528	0.000000	+0.000015	+0.000015
gov_staker_remaining_emission_accumulator_filetest.gno	Remaining gov emission accumulator repeat-1000 claim-375	execution-segment-repricing	2606255	2620783	14528	0	0	0	14881	0	0	0	0	0	14.528	14.528	0.000000	+0.000015	+0.000015
gov_staker_remaining_emission_accumulator_filetest.gno	Remaining gov emission accumulator repeat-1000 claim-376	execution-segment-repricing	2606742	2621270	14528	0	0	0	14881	0	0	0	0	0	14.528	14.528	0.000000	+0.000015	+0.000015
gov_staker_remaining_emission_accumulator_filetest.gno	Remaining gov emission accumulator repeat-1000 claim-377	execution-segment-repricing	2605768	2620296	14528	0	0	0	14881	0	0	0	0	0	14.528	14.528	0.000000	+0.000015	+0.000015
gov_staker_remaining_emission_accumulator_filetest.gno	Remaining gov emission accumulator repeat-1000 claim-378	execution-segment-repricing	2601406	2615934	14528	0	0	0	14881	0	0	0	0	0	14.528	14.528	0.000000	+0.000015	+0.000015
gov_staker_remaining_emission_accumulator_filetest.gno	Remaining gov emission accumulator repeat-1000 claim-379	execution-segment-repricing	2605768	2620296	14528	0	0	0	14881	0	0	0	0	0	14.528	14.528	0.000000	+0.000015	+0.000015
gov_staker_remaining_emission_accumulator_filetest.gno	Remaining gov emission accumulator repeat-1000 claim-380	execution-segment-repricing	2606255	2620783	14528	0	0	0	14881	0	0	0	0	0	14.528	14.528	0.000000	+0.000015	+0.000015
gov_staker_remaining_emission_accumulator_filetest.gno	Remaining gov emission accumulator repeat-1000 claim-381	execution-segment-repricing	2602473	2617001	14528	0	0	0	14881	0	0	0	0	0	14.528	14.528	0.000000	+0.000015	+0.000015
gov_staker_remaining_emission_accumulator_filetest.gno	Remaining gov emission accumulator repeat-1000 claim-382	execution-segment-repricing	2606255	2620783	14528	0	0	0	14881	0	0	0	0	0	14.528	14.528	0.000000	+0.000015	+0.000015
gov_staker_remaining_emission_accumulator_filetest.gno	Remaining gov emission accumulator repeat-1000 claim-383	execution-segment-repricing	2606742	2621270	14528	0	0	0	14881	0	0	0	0	0	14.528	14.528	0.000000	+0.000015	+0.000015
gov_staker_remaining_emission_accumulator_filetest.gno	Remaining gov emission accumulator repeat-1000 claim-384	execution-segment-repricing	2606255	2620783	14528	0	0	0	14881	0	0	0	0	0	14.528	14.528	0.000000	+0.000015	+0.000015
gov_staker_remaining_emission_accumulator_filetest.gno	Remaining gov emission accumulator repeat-1000 claim-385	execution-segment-repricing	2606742	2621270	14528	0	0	0	14881	0	0	0	0	0	14.528	14.528	0.000000	+0.000015	+0.000015
gov_staker_remaining_emission_accumulator_filetest.gno	Remaining gov emission accumulator repeat-1000 claim-386	execution-segment-repricing	2605281	2619809	14528	0	0	0	14881	0	0	0	0	0	14.528	14.528	0.000000	+0.000015	+0.000015
gov_staker_remaining_emission_accumulator_filetest.gno	Remaining gov emission accumulator repeat-1000 claim-387	execution-segment-repricing	2606255	2620783	14528	0	0	0	14881	0	0	0	0	0	14.528	14.528	0.000000	+0.000015	+0.000015
gov_staker_remaining_emission_accumulator_filetest.gno	Remaining gov emission accumulator repeat-1000 claim-388	execution-segment-repricing	2605768	2620296	14528	0	0	0	14881	0	0	0	0	0	14.528	14.528	0.000000	+0.000015	+0.000015
gov_staker_remaining_emission_accumulator_filetest.gno	Remaining gov emission accumulator repeat-1000 claim-389	execution-segment-repricing	2606255	2620783	14528	0	0	0	14881	0	0	0	0	0	14.528	14.528	0.000000	+0.000015	+0.000015
gov_staker_remaining_emission_accumulator_filetest.gno	Remaining gov emission accumulator repeat-1000 claim-390	execution-segment-repricing	2602473	2617001	14528	0	0	0	14881	0	0	0	0	0	14.528	14.528	0.000000	+0.000015	+0.000015
gov_staker_remaining_emission_accumulator_filetest.gno	Remaining gov emission accumulator repeat-1000 claim-391	execution-segment-repricing	2606255	2620783	14528	0	0	0	14881	0	0	0	0	0	14.528	14.528	0.000000	+0.000015	+0.000015
gov_staker_remaining_emission_accumulator_filetest.gno	Remaining gov emission accumulator repeat-1000 claim-392	execution-segment-repricing	2601406	2615934	14528	0	0	0	14881	0	0	0	0	0	14.528	14.528	0.000000	+0.000015	+0.000015
gov_staker_remaining_emission_accumulator_filetest.gno	Remaining gov emission accumulator repeat-1000 claim-393	execution-segment-repricing	2602473	2617001	14528	0	0	0	14881	0	0	0	0	0	14.528	14.528	0.000000	+0.000015	+0.000015
gov_staker_remaining_emission_accumulator_filetest.gno	Remaining gov emission accumulator repeat-1000 claim-394	execution-segment-repricing	2606255	2620783	14528	0	0	0	14881	0	0	0	0	0	14.528	14.528	0.000000	+0.000015	+0.000015
gov_staker_remaining_emission_accumulator_filetest.gno	Remaining gov emission accumulator repeat-1000 claim-395	execution-segment-repricing	2605768	2620296	14528	0	0	0	14881	0	0	0	0	0	14.528	14.528	0.000000	+0.000015	+0.000015
gov_staker_remaining_emission_accumulator_filetest.gno	Remaining gov emission accumulator repeat-1000 claim-396	execution-segment-repricing	2606255	2620783	14528	0	0	0	14881	0	0	0	0	0	14.528	14.528	0.000000	+0.000015	+0.000015
gov_staker_remaining_emission_accumulator_filetest.gno	Remaining gov emission accumulator repeat-1000 claim-397	execution-segment-repricing	2605768	2620296	14528	0	0	0	14881	0	0	0	0	0	14.528	14.528	0.000000	+0.000015	+0.000015
gov_staker_remaining_emission_accumulator_filetest.gno	Remaining gov emission accumulator repeat-1000 claim-398	execution-segment-repricing	2606255	2620783	14528	0	0	0	14881	0	0	0	0	0	14.528	14.528	0.000000	+0.000015	+0.000015
gov_staker_remaining_emission_accumulator_filetest.gno	Remaining gov emission accumulator repeat-1000 claim-399	execution-segment-repricing	2605768	2620296	14528	0	0	0	14881	0	0	0	0	0	14.528	14.528	0.000000	+0.000015	+0.000015
gov_staker_remaining_emission_accumulator_filetest.gno	Remaining gov emission accumulator repeat-1000 claim-400	execution-segment-repricing	2602473	2617001	14528	0	0	0	14881	0	0	0	0	0	14.528	14.528	0.000000	+0.000015	+0.000015
gov_staker_remaining_emission_accumulator_filetest.gno	Remaining gov emission accumulator repeat-1000 claim-401	execution-segment-repricing	2601986	2616514	14528	0	0	0	14881	0	0	0	0	0	14.528	14.528	0.000000	+0.000015	+0.000015
gov_staker_remaining_emission_accumulator_filetest.gno	Remaining gov emission accumulator repeat-1000 claim-402	execution-segment-repricing	2606255	2620783	14528	0	0	0	14881	0	0	0	0	0	14.528	14.528	0.000000	+0.000015	+0.000015
gov_staker_remaining_emission_accumulator_filetest.gno	Remaining gov emission accumulator repeat-1000 claim-403	execution-segment-repricing	2606255	2620783	14528	0	0	0	14881	0	0	0	0	0	14.528	14.528	0.000000	+0.000015	+0.000015
gov_staker_remaining_emission_accumulator_filetest.gno	Remaining gov emission accumulator repeat-1000 claim-404	execution-segment-repricing	2605768	2620296	14528	0	0	0	14881	0	0	0	0	0	14.528	14.528	0.000000	+0.000015	+0.000015
gov_staker_remaining_emission_accumulator_filetest.gno	Remaining gov emission accumulator repeat-1000 claim-405	execution-segment-repricing	2606255	2620783	14528	0	0	0	14881	0	0	0	0	0	14.528	14.528	0.000000	+0.000015	+0.000015
gov_staker_remaining_emission_accumulator_filetest.gno	Remaining gov emission accumulator repeat-1000 claim-406	execution-segment-repricing	2605768	2620296	14528	0	0	0	14881	0	0	0	0	0	14.528	14.528	0.000000	+0.000015	+0.000015
gov_staker_remaining_emission_accumulator_filetest.gno	Remaining gov emission accumulator repeat-1000 claim-407	execution-segment-repricing	2602960	2617488	14528	0	0	0	14881	0	0	0	0	0	14.528	14.528	0.000000	+0.000015	+0.000015
gov_staker_remaining_emission_accumulator_filetest.gno	Remaining gov emission accumulator repeat-1000 claim-408	execution-segment-repricing	2605281	2619809	14528	0	0	0	14881	0	0	0	0	0	14.528	14.528	0.000000	+0.000015	+0.000015
gov_staker_remaining_emission_accumulator_filetest.gno	Remaining gov emission accumulator repeat-1000 claim-409	execution-segment-repricing	2606255	2620783	14528	0	0	0	14881	0	0	0	0	0	14.528	14.528	0.000000	+0.000015	+0.000015
gov_staker_remaining_emission_accumulator_filetest.gno	Remaining gov emission accumulator repeat-1000 claim-410	execution-segment-repricing	2605768	2620296	14528	0	0	0	14881	0	0	0	0	0	14.528	14.528	0.000000	+0.000015	+0.000015
gov_staker_remaining_emission_accumulator_filetest.gno	Remaining gov emission accumulator repeat-1000 claim-411	execution-segment-repricing	2606255	2620783	14528	0	0	0	14881	0	0	0	0	0	14.528	14.528	0.000000	+0.000015	+0.000015
gov_staker_remaining_emission_accumulator_filetest.gno	Remaining gov emission accumulator repeat-1000 claim-412	execution-segment-repricing	2602960	2617488	14528	0	0	0	14881	0	0	0	0	0	14.528	14.528	0.000000	+0.000015	+0.000015
gov_staker_remaining_emission_accumulator_filetest.gno	Remaining gov emission accumulator repeat-1000 claim-413	execution-segment-repricing	2605768	2620296	14528	0	0	0	14881	0	0	0	0	0	14.528	14.528	0.000000	+0.000015	+0.000015
gov_staker_remaining_emission_accumulator_filetest.gno	Remaining gov emission accumulator repeat-1000 claim-414	execution-segment-repricing	2601893	2616421	14528	0	0	0	14881	0	0	0	0	0	14.528	14.528	0.000000	+0.000015	+0.000015
gov_staker_remaining_emission_accumulator_filetest.gno	Remaining gov emission accumulator repeat-1000 claim-415	execution-segment-repricing	2605768	2620296	14528	0	0	0	14881	0	0	0	0	0	14.528	14.528	0.000000	+0.000015	+0.000015
gov_staker_remaining_emission_accumulator_filetest.gno	Remaining gov emission accumulator repeat-1000 claim-416	execution-segment-repricing	2606255	2620783	14528	0	0	0	14881	0	0	0	0	0	14.528	14.528	0.000000	+0.000015	+0.000015
gov_staker_remaining_emission_accumulator_filetest.gno	Remaining gov emission accumulator repeat-1000 claim-417	execution-segment-repricing	2605768	2620296	14528	0	0	0	14881	0	0	0	0	0	14.528	14.528	0.000000	+0.000015	+0.000015
gov_staker_remaining_emission_accumulator_filetest.gno	Remaining gov emission accumulator repeat-1000 claim-418	execution-segment-repricing	2606742	2621270	14528	0	0	0	14881	0	0	0	0	0	14.528	14.528	0.000000	+0.000015	+0.000015
gov_staker_remaining_emission_accumulator_filetest.gno	Remaining gov emission accumulator repeat-1000 claim-419	execution-segment-repricing	2606255	2620783	14528	0	0	0	14881	0	0	0	0	0	14.528	14.528	0.000000	+0.000015	+0.000015
gov_staker_remaining_emission_accumulator_filetest.gno	Remaining gov emission accumulator repeat-1000 claim-420	execution-segment-repricing	2606742	2621270	14528	0	0	0	14881	0	0	0	0	0	14.528	14.528	0.000000	+0.000015	+0.000015
gov_staker_remaining_emission_accumulator_filetest.gno	Remaining gov emission accumulator repeat-1000 claim-421	execution-segment-repricing	2606255	2620783	14528	0	0	0	14881	0	0	0	0	0	14.528	14.528	0.000000	+0.000015	+0.000015
gov_staker_remaining_emission_accumulator_filetest.gno	Remaining gov emission accumulator repeat-1000 claim-422	execution-segment-repricing	2605768	2620296	14528	0	0	0	14881	0	0	0	0	0	14.528	14.528	0.000000	+0.000015	+0.000015
gov_staker_remaining_emission_accumulator_filetest.gno	Remaining gov emission accumulator repeat-1000 claim-423	execution-segment-repricing	2602473	2617001	14528	0	0	0	14881	0	0	0	0	0	14.528	14.528	0.000000	+0.000015	+0.000015
gov_staker_remaining_emission_accumulator_filetest.gno	Remaining gov emission accumulator repeat-1000 claim-424	execution-segment-repricing	2605768	2620296	14528	0	0	0	14881	0	0	0	0	0	14.528	14.528	0.000000	+0.000015	+0.000015
gov_staker_remaining_emission_accumulator_filetest.gno	Remaining gov emission accumulator repeat-1000 claim-425	execution-segment-repricing	2606742	2621270	14528	0	0	0	14881	0	0	0	0	0	14.528	14.528	0.000000	+0.000015	+0.000015
gov_staker_remaining_emission_accumulator_filetest.gno	Remaining gov emission accumulator repeat-1000 claim-426	execution-segment-repricing	2606255	2620783	14528	0	0	0	14881	0	0	0	0	0	14.528	14.528	0.000000	+0.000015	+0.000015
gov_staker_remaining_emission_accumulator_filetest.gno	Remaining gov emission accumulator repeat-1000 claim-427	execution-segment-repricing	2606742	2621270	14528	0	0	0	14881	0	0	0	0	0	14.528	14.528	0.000000	+0.000015	+0.000015
gov_staker_remaining_emission_accumulator_filetest.gno	Remaining gov emission accumulator repeat-1000 claim-428	execution-segment-repricing	2606255	2620783	14528	0	0	0	14881	0	0	0	0	0	14.528	14.528	0.000000	+0.000015	+0.000015
gov_staker_remaining_emission_accumulator_filetest.gno	Remaining gov emission accumulator repeat-1000 claim-429	execution-segment-repricing	2602960	2617488	14528	0	0	0	14881	0	0	0	0	0	14.528	14.528	0.000000	+0.000015	+0.000015
gov_staker_remaining_emission_accumulator_filetest.gno	Remaining gov emission accumulator repeat-1000 claim-430	execution-segment-repricing	2606255	2620783	14528	0	0	0	14881	0	0	0	0	0	14.528	14.528	0.000000	+0.000015	+0.000015
gov_staker_remaining_emission_accumulator_filetest.gno	Remaining gov emission accumulator repeat-1000 claim-431	execution-segment-repricing	2605768	2620296	14528	0	0	0	14881	0	0	0	0	0	14.528	14.528	0.000000	+0.000015	+0.000015
gov_staker_remaining_emission_accumulator_filetest.gno	Remaining gov emission accumulator repeat-1000 claim-432	execution-segment-repricing	2606255	2620783	14528	0	0	0	14881	0	0	0	0	0	14.528	14.528	0.000000	+0.000015	+0.000015
gov_staker_remaining_emission_accumulator_filetest.gno	Remaining gov emission accumulator repeat-1000 claim-433	execution-segment-repricing	2605768	2620296	14528	0	0	0	14881	0	0	0	0	0	14.528	14.528	0.000000	+0.000015	+0.000015
gov_staker_remaining_emission_accumulator_filetest.gno	Remaining gov emission accumulator repeat-1000 claim-434	execution-segment-repricing	2602960	2617488	14528	0	0	0	14881	0	0	0	0	0	14.528	14.528	0.000000	+0.000015	+0.000015
gov_staker_remaining_emission_accumulator_filetest.gno	Remaining gov emission accumulator repeat-1000 claim-435	execution-segment-repricing	2606255	2620783	14528	0	0	0	14881	0	0	0	0	0	14.528	14.528	0.000000	+0.000015	+0.000015
gov_staker_remaining_emission_accumulator_filetest.gno	Remaining gov emission accumulator repeat-1000 claim-436	execution-segment-repricing	2602960	2617488	14528	0	0	0	14881	0	0	0	0	0	14.528	14.528	0.000000	+0.000015	+0.000015
gov_staker_remaining_emission_accumulator_filetest.gno	Remaining gov emission accumulator repeat-1000 claim-437	execution-segment-repricing	2606255	2620783	14528	0	0	0	14881	0	0	0	0	0	14.528	14.528	0.000000	+0.000015	+0.000015
gov_staker_remaining_emission_accumulator_filetest.gno	Remaining gov emission accumulator repeat-1000 claim-438	execution-segment-repricing	2606255	2620783	14528	0	0	0	14881	0	0	0	0	0	14.528	14.528	0.000000	+0.000015	+0.000015
gov_staker_remaining_emission_accumulator_filetest.gno	Remaining gov emission accumulator repeat-1000 claim-439	execution-segment-repricing	2606742	2621270	14528	0	0	0	14881	0	0	0	0	0	14.528	14.528	0.000000	+0.000015	+0.000015
gov_staker_remaining_emission_accumulator_filetest.gno	Remaining gov emission accumulator repeat-1000 claim-440	execution-segment-repricing	2605768	2620296	14528	0	0	0	14881	0	0	0	0	0	14.528	14.528	0.000000	+0.000015	+0.000015
gov_staker_remaining_emission_accumulator_filetest.gno	Remaining gov emission accumulator repeat-1000 claim-441	execution-segment-repricing	2606255	2620783	14528	0	0	0	14881	0	0	0	0	0	14.528	14.528	0.000000	+0.000015	+0.000015
gov_staker_remaining_emission_accumulator_filetest.gno	Remaining gov emission accumulator repeat-1000 claim-442	execution-segment-repricing	2606255	2620783	14528	0	0	0	14881	0	0	0	0	0	14.528	14.528	0.000000	+0.000015	+0.000015
gov_staker_remaining_emission_accumulator_filetest.gno	Remaining gov emission accumulator repeat-1000 claim-443	execution-segment-repricing	2602473	2617001	14528	0	0	0	14881	0	0	0	0	0	14.528	14.528	0.000000	+0.000015	+0.000015
gov_staker_remaining_emission_accumulator_filetest.gno	Remaining gov emission accumulator repeat-1000 claim-444	execution-segment-repricing	2605768	2620296	14528	0	0	0	14881	0	0	0	0	0	14.528	14.528	0.000000	+0.000015	+0.000015
gov_staker_remaining_emission_accumulator_filetest.gno	Remaining gov emission accumulator repeat-1000 claim-445	execution-segment-repricing	2602473	2617001	14528	0	0	0	14881	0	0	0	0	0	14.528	14.528	0.000000	+0.000015	+0.000015
gov_staker_remaining_emission_accumulator_filetest.gno	Remaining gov emission accumulator repeat-1000 claim-446	execution-segment-repricing	2606742	2621270	14528	0	0	0	14881	0	0	0	0	0	14.528	14.528	0.000000	+0.000015	+0.000015
gov_staker_remaining_emission_accumulator_filetest.gno	Remaining gov emission accumulator repeat-1000 claim-447	execution-segment-repricing	2606255	2620783	14528	0	0	0	14881	0	0	0	0	0	14.528	14.528	0.000000	+0.000015	+0.000015
gov_staker_remaining_emission_accumulator_filetest.gno	Remaining gov emission accumulator repeat-1000 claim-448	execution-segment-repricing	2606742	2621270	14528	0	0	0	14881	0	0	0	0	0	14.528	14.528	0.000000	+0.000015	+0.000015
gov_staker_remaining_emission_accumulator_filetest.gno	Remaining gov emission accumulator repeat-1000 claim-449	execution-segment-repricing	2606255	2620783	14528	0	0	0	14881	0	0	0	0	0	14.528	14.528	0.000000	+0.000015	+0.000015
gov_staker_remaining_emission_accumulator_filetest.gno	Remaining gov emission accumulator repeat-1000 claim-450	execution-segment-repricing	2602473	2617001	14528	0	0	0	14881	0	0	0	0	0	14.528	14.528	0.000000	+0.000015	+0.000015
gov_staker_remaining_emission_accumulator_filetest.gno	Remaining gov emission accumulator repeat-1000 claim-451	execution-segment-repricing	2605768	2620296	14528	0	0	0	14881	0	0	0	0	0	14.528	14.528	0.000000	+0.000015	+0.000015
gov_staker_remaining_emission_accumulator_filetest.gno	Remaining gov emission accumulator repeat-1000 claim-452	execution-segment-repricing	2605768	2620296	14528	0	0	0	14881	0	0	0	0	0	14.528	14.528	0.000000	+0.000015	+0.000015
gov_staker_remaining_emission_accumulator_filetest.gno	Remaining gov emission accumulator repeat-1000 claim-453	execution-segment-repricing	2606255	2620783	14528	0	0	0	14881	0	0	0	0	0	14.528	14.528	0.000000	+0.000015	+0.000015
gov_staker_remaining_emission_accumulator_filetest.gno	Remaining gov emission accumulator repeat-1000 claim-454	execution-segment-repricing	2605768	2620296	14528	0	0	0	14881	0	0	0	0	0	14.528	14.528	0.000000	+0.000015	+0.000015
gov_staker_remaining_emission_accumulator_filetest.gno	Remaining gov emission accumulator repeat-1000 claim-455	execution-segment-repricing	2606742	2621270	14528	0	0	0	14881	0	0	0	0	0	14.528	14.528	0.000000	+0.000015	+0.000015
gov_staker_remaining_emission_accumulator_filetest.gno	Remaining gov emission accumulator repeat-1000 claim-456	execution-segment-repricing	2602473	2617001	14528	0	0	0	14881	0	0	0	0	0	14.528	14.528	0.000000	+0.000015	+0.000015
gov_staker_remaining_emission_accumulator_filetest.gno	Remaining gov emission accumulator repeat-1000 claim-457	execution-segment-repricing	2606742	2621270	14528	0	0	0	14881	0	0	0	0	0	14.528	14.528	0.000000	+0.000015	+0.000015
gov_staker_remaining_emission_accumulator_filetest.gno	Remaining gov emission accumulator repeat-1000 claim-458	execution-segment-repricing	2605768	2620296	14528	0	0	0	14881	0	0	0	0	0	14.528	14.528	0.000000	+0.000015	+0.000015
gov_staker_remaining_emission_accumulator_filetest.gno	Remaining gov emission accumulator repeat-1000 claim-459	execution-segment-repricing	2605768	2620296	14528	0	0	0	14881	0	0	0	0	0	14.528	14.528	0.000000	+0.000015	+0.000015
gov_staker_remaining_emission_accumulator_filetest.gno	Remaining gov emission accumulator repeat-1000 claim-460	execution-segment-repricing	2605768	2620296	14528	0	0	0	14881	0	0	0	0	0	14.528	14.528	0.000000	+0.000015	+0.000015
gov_staker_remaining_emission_accumulator_filetest.gno	Remaining gov emission accumulator repeat-1000 claim-461	execution-segment-repricing	2605768	2620296	14528	0	0	0	14881	0	0	0	0	0	14.528	14.528	0.000000	+0.000015	+0.000015
gov_staker_remaining_emission_accumulator_filetest.gno	Remaining gov emission accumulator repeat-1000 claim-462	execution-segment-repricing	2606742	2621270	14528	0	0	0	14881	0	0	0	0	0	14.528	14.528	0.000000	+0.000015	+0.000015
gov_staker_remaining_emission_accumulator_filetest.gno	Remaining gov emission accumulator repeat-1000 claim-463	execution-segment-repricing	2605768	2620296	14528	0	0	0	14881	0	0	0	0	0	14.528	14.528	0.000000	+0.000015	+0.000015
gov_staker_remaining_emission_accumulator_filetest.gno	Remaining gov emission accumulator repeat-1000 claim-464	execution-segment-repricing	2606742	2621270	14528	0	0	0	14881	0	0	0	0	0	14.528	14.528	0.000000	+0.000015	+0.000015
gov_staker_remaining_emission_accumulator_filetest.gno	Remaining gov emission accumulator repeat-1000 claim-465	execution-segment-repricing	2601986	2616514	14528	0	0	0	14881	0	0	0	0	0	14.528	14.528	0.000000	+0.000015	+0.000015
gov_staker_remaining_emission_accumulator_filetest.gno	Remaining gov emission accumulator repeat-1000 claim-466	execution-segment-repricing	2606255	2620783	14528	0	0	0	14881	0	0	0	0	0	14.528	14.528	0.000000	+0.000015	+0.000015
gov_staker_remaining_emission_accumulator_filetest.gno	Remaining gov emission accumulator repeat-1000 claim-467	execution-segment-repricing	2605768	2620296	14528	0	0	0	14881	0	0	0	0	0	14.528	14.528	0.000000	+0.000015	+0.000015
gov_staker_remaining_emission_accumulator_filetest.gno	Remaining gov emission accumulator repeat-1000 claim-468	execution-segment-repricing	2605768	2620296	14528	0	0	0	14881	0	0	0	0	0	14.528	14.528	0.000000	+0.000015	+0.000015
gov_staker_remaining_emission_accumulator_filetest.gno	Remaining gov emission accumulator repeat-1000 claim-469	execution-segment-repricing	2606742	2621270	14528	0	0	0	14881	0	0	0	0	0	14.528	14.528	0.000000	+0.000015	+0.000015
gov_staker_remaining_emission_accumulator_filetest.gno	Remaining gov emission accumulator repeat-1000 claim-470	execution-segment-repricing	2605768	2620296	14528	0	0	0	14881	0	0	0	0	0	14.528	14.528	0.000000	+0.000015	+0.000015
gov_staker_remaining_emission_accumulator_filetest.gno	Remaining gov emission accumulator repeat-1000 claim-471	execution-segment-repricing	2606742	2621270	14528	0	0	0	14881	0	0	0	0	0	14.528	14.528	0.000000	+0.000015	+0.000015
gov_staker_remaining_emission_accumulator_filetest.gno	Remaining gov emission accumulator repeat-1000 claim-472	execution-segment-repricing	2601986	2616514	14528	0	0	0	14881	0	0	0	0	0	14.528	14.528	0.000000	+0.000015	+0.000015
gov_staker_remaining_emission_accumulator_filetest.gno	Remaining gov emission accumulator repeat-1000 claim-473	execution-segment-repricing	2606255	2620783	14528	0	0	0	14881	0	0	0	0	0	14.528	14.528	0.000000	+0.000015	+0.000015
gov_staker_remaining_emission_accumulator_filetest.gno	Remaining gov emission accumulator repeat-1000 claim-474	execution-segment-repricing	2605281	2619809	14528	0	0	0	14881	0	0	0	0	0	14.528	14.528	0.000000	+0.000015	+0.000015
gov_staker_remaining_emission_accumulator_filetest.gno	Remaining gov emission accumulator repeat-1000 claim-475	execution-segment-repricing	2606255	2620783	14528	0	0	0	14881	0	0	0	0	0	14.528	14.528	0.000000	+0.000015	+0.000015
gov_staker_remaining_emission_accumulator_filetest.gno	Remaining gov emission accumulator repeat-1000 claim-476	execution-segment-repricing	2602473	2617001	14528	0	0	0	14881	0	0	0	0	0	14.528	14.528	0.000000	+0.000015	+0.000015
gov_staker_remaining_emission_accumulator_filetest.gno	Remaining gov emission accumulator repeat-1000 claim-477	execution-segment-repricing	2605768	2620296	14528	0	0	0	14881	0	0	0	0	0	14.528	14.528	0.000000	+0.000015	+0.000015
gov_staker_remaining_emission_accumulator_filetest.gno	Remaining gov emission accumulator repeat-1000 claim-478	execution-segment-repricing	2606742	2621270	14528	0	0	0	14881	0	0	0	0	0	14.528	14.528	0.000000	+0.000015	+0.000015
gov_staker_remaining_emission_accumulator_filetest.gno	Remaining gov emission accumulator repeat-1000 claim-479	execution-segment-repricing	2601986	2616514	14528	0	0	0	14881	0	0	0	0	0	14.528	14.528	0.000000	+0.000015	+0.000015
gov_staker_remaining_emission_accumulator_filetest.gno	Remaining gov emission accumulator repeat-1000 claim-480	execution-segment-repricing	2606255	2620783	14528	0	0	0	14881	0	0	0	0	0	14.528	14.528	0.000000	+0.000015	+0.000015
gov_staker_remaining_emission_accumulator_filetest.gno	Remaining gov emission accumulator repeat-1000 claim-481	execution-segment-repricing	2605281	2619809	14528	0	0	0	14881	0	0	0	0	0	14.528	14.528	0.000000	+0.000015	+0.000015
gov_staker_remaining_emission_accumulator_filetest.gno	Remaining gov emission accumulator repeat-1000 claim-482	execution-segment-repricing	2606255	2620783	14528	0	0	0	14881	0	0	0	0	0	14.528	14.528	0.000000	+0.000015	+0.000015
gov_staker_remaining_emission_accumulator_filetest.gno	Remaining gov emission accumulator repeat-1000 claim-483	execution-segment-repricing	2605768	2620296	14528	0	0	0	14881	0	0	0	0	0	14.528	14.528	0.000000	+0.000015	+0.000015
gov_staker_remaining_emission_accumulator_filetest.gno	Remaining gov emission accumulator repeat-1000 claim-484	execution-segment-repricing	2606255	2620783	14528	0	0	0	14881	0	0	0	0	0	14.528	14.528	0.000000	+0.000015	+0.000015
gov_staker_remaining_emission_accumulator_filetest.gno	Remaining gov emission accumulator repeat-1000 claim-485	execution-segment-repricing	2605768	2620296	14528	0	0	0	14881	0	0	0	0	0	14.528	14.528	0.000000	+0.000015	+0.000015
gov_staker_remaining_emission_accumulator_filetest.gno	Remaining gov emission accumulator repeat-1000 claim-486	execution-segment-repricing	2602473	2617001	14528	0	0	0	14881	0	0	0	0	0	14.528	14.528	0.000000	+0.000015	+0.000015
gov_staker_remaining_emission_accumulator_filetest.gno	Remaining gov emission accumulator repeat-1000 claim-487	execution-segment-repricing	2601986	2616514	14528	0	0	0	14881	0	0	0	0	0	14.528	14.528	0.000000	+0.000015	+0.000015
gov_staker_remaining_emission_accumulator_filetest.gno	Remaining gov emission accumulator repeat-1000 claim-488	execution-segment-repricing	2605768	2620296	14528	0	0	0	14881	0	0	0	0	0	14.528	14.528	0.000000	+0.000015	+0.000015
gov_staker_remaining_emission_accumulator_filetest.gno	Remaining gov emission accumulator repeat-1000 claim-489	execution-segment-repricing	2606742	2621270	14528	0	0	0	14881	0	0	0	0	0	14.528	14.528	0.000000	+0.000015	+0.000015
gov_staker_remaining_emission_accumulator_filetest.gno	Remaining gov emission accumulator repeat-1000 claim-490	execution-segment-repricing	2605768	2620296	14528	0	0	0	14881	0	0	0	0	0	14.528	14.528	0.000000	+0.000015	+0.000015
gov_staker_remaining_emission_accumulator_filetest.gno	Remaining gov emission accumulator repeat-1000 claim-491	execution-segment-repricing	2606742	2621270	14528	0	0	0	14881	0	0	0	0	0	14.528	14.528	0.000000	+0.000015	+0.000015
gov_staker_remaining_emission_accumulator_filetest.gno	Remaining gov emission accumulator repeat-1000 claim-492	execution-segment-repricing	2606742	2621270	14528	0	0	0	14881	0	0	0	0	0	14.528	14.528	0.000000	+0.000015	+0.000015
gov_staker_remaining_emission_accumulator_filetest.gno	Remaining gov emission accumulator repeat-1000 claim-493	execution-segment-repricing	2606742	2621270	14528	0	0	0	14881	0	0	0	0	0	14.528	14.528	0.000000	+0.000015	+0.000015
gov_staker_remaining_emission_accumulator_filetest.gno	Remaining gov emission accumulator repeat-1000 claim-494	execution-segment-repricing	2605768	2620296	14528	0	0	0	14881	0	0	0	0	0	14.528	14.528	0.000000	+0.000015	+0.000015
gov_staker_remaining_emission_accumulator_filetest.gno	Remaining gov emission accumulator repeat-1000 claim-495	execution-segment-repricing	2605768	2620296	14528	0	0	0	14881	0	0	0	0	0	14.528	14.528	0.000000	+0.000015	+0.000015
gov_staker_remaining_emission_accumulator_filetest.gno	Remaining gov emission accumulator repeat-1000 claim-496	execution-segment-repricing	2606255	2620783	14528	0	0	0	14881	0	0	0	0	0	14.528	14.528	0.000000	+0.000015	+0.000015
gov_staker_remaining_emission_accumulator_filetest.gno	Remaining gov emission accumulator repeat-1000 claim-497	execution-segment-repricing	2606255	2620783	14528	0	0	0	14881	0	0	0	0	0	14.528	14.528	0.000000	+0.000015	+0.000015
gov_staker_remaining_emission_accumulator_filetest.gno	Remaining gov emission accumulator repeat-1000 claim-498	execution-segment-repricing	2602960	2617488	14528	0	0	0	14881	0	0	0	0	0	14.528	14.528	0.000000	+0.000015	+0.000015
gov_staker_remaining_emission_accumulator_filetest.gno	Remaining gov emission accumulator repeat-1000 claim-499	execution-segment-repricing	2606742	2621270	14528	0	0	0	14881	0	0	0	0	0	14.528	14.528	0.000000	+0.000015	+0.000015
gov_staker_remaining_emission_accumulator_filetest.gno	Remaining gov emission accumulator repeat-1000 claim-500	execution-segment-repricing	2606742	2621270	14528	0	0	0	14881	0	0	0	0	0	14.528	14.528	0.000000	+0.000015	+0.000015
gov_staker_remaining_emission_accumulator_filetest.gno	Remaining gov emission accumulator repeat-1000 claim-501	execution-segment-repricing	2606255	2620783	14528	0	0	0	14881	0	0	0	0	0	14.528	14.528	0.000000	+0.000015	+0.000015
gov_staker_remaining_emission_accumulator_filetest.gno	Remaining gov emission accumulator repeat-1000 claim-502	execution-segment-repricing	2606255	2620783	14528	0	0	0	14881	0	0	0	0	0	14.528	14.528	0.000000	+0.000015	+0.000015
gov_staker_remaining_emission_accumulator_filetest.gno	Remaining gov emission accumulator repeat-1000 claim-503	execution-segment-repricing	2605768	2620296	14528	0	0	0	14881	0	0	0	0	0	14.528	14.528	0.000000	+0.000015	+0.000015
gov_staker_remaining_emission_accumulator_filetest.gno	Remaining gov emission accumulator repeat-1000 claim-504	execution-segment-repricing	2606255	2620783	14528	0	0	0	14881	0	0	0	0	0	14.528	14.528	0.000000	+0.000015	+0.000015
gov_staker_remaining_emission_accumulator_filetest.gno	Remaining gov emission accumulator repeat-1000 claim-505	execution-segment-repricing	2606255	2620783	14528	0	0	0	14881	0	0	0	0	0	14.528	14.528	0.000000	+0.000015	+0.000015
gov_staker_remaining_emission_accumulator_filetest.gno	Remaining gov emission accumulator repeat-1000 claim-506	execution-segment-repricing	2606742	2621270	14528	0	0	0	14881	0	0	0	0	0	14.528	14.528	0.000000	+0.000015	+0.000015
gov_staker_remaining_emission_accumulator_filetest.gno	Remaining gov emission accumulator repeat-1000 claim-507	execution-segment-repricing	2606255	2620783	14528	0	0	0	14881	0	0	0	0	0	14.528	14.528	0.000000	+0.000015	+0.000015
gov_staker_remaining_emission_accumulator_filetest.gno	Remaining gov emission accumulator repeat-1000 claim-508	execution-segment-repricing	2602960	2617488	14528	0	0	0	14881	0	0	0	0	0	14.528	14.528	0.000000	+0.000015	+0.000015
gov_staker_remaining_emission_accumulator_filetest.gno	Remaining gov emission accumulator repeat-1000 claim-509	execution-segment-repricing	2602473	2617001	14528	0	0	0	14881	0	0	0	0	0	14.528	14.528	0.000000	+0.000015	+0.000015
gov_staker_remaining_emission_accumulator_filetest.gno	Remaining gov emission accumulator repeat-1000 claim-510	execution-segment-repricing	2606255	2620783	14528	0	0	0	14881	0	0	0	0	0	14.528	14.528	0.000000	+0.000015	+0.000015
gov_staker_remaining_emission_accumulator_filetest.gno	Remaining gov emission accumulator repeat-1000 claim-511	execution-segment-repricing	2606255	2620783	14528	0	0	0	14881	0	0	0	0	0	14.528	14.528	0.000000	+0.000015	+0.000015
gov_staker_remaining_emission_accumulator_filetest.gno	Remaining gov emission accumulator repeat-1000 claim-512	execution-segment-repricing	2606255	2620783	14528	0	0	0	14881	0	0	0	0	0	14.528	14.528	0.000000	+0.000015	+0.000015
gov_staker_remaining_emission_accumulator_filetest.gno	Remaining gov emission accumulator repeat-1000 claim-513	execution-segment-repricing	2606742	2621270	14528	0	0	0	14881	0	0	0	0	0	14.528	14.528	0.000000	+0.000015	+0.000015
gov_staker_remaining_emission_accumulator_filetest.gno	Remaining gov emission accumulator repeat-1000 claim-514	execution-segment-repricing	2606255	2620783	14528	0	0	0	14881	0	0	0	0	0	14.528	14.528	0.000000	+0.000015	+0.000015
gov_staker_remaining_emission_accumulator_filetest.gno	Remaining gov emission accumulator repeat-1000 claim-515	execution-segment-repricing	2602960	2617488	14528	0	0	0	14881	0	0	0	0	0	14.528	14.528	0.000000	+0.000015	+0.000015
gov_staker_remaining_emission_accumulator_filetest.gno	Remaining gov emission accumulator repeat-1000 claim-516	execution-segment-repricing	2605768	2620296	14528	0	0	0	14881	0	0	0	0	0	14.528	14.528	0.000000	+0.000015	+0.000015
gov_staker_remaining_emission_accumulator_filetest.gno	Remaining gov emission accumulator repeat-1000 claim-517	execution-segment-repricing	2606255	2620783	14528	0	0	0	14881	0	0	0	0	0	14.528	14.528	0.000000	+0.000015	+0.000015
gov_staker_remaining_emission_accumulator_filetest.gno	Remaining gov emission accumulator repeat-1000 claim-518	execution-segment-repricing	2605768	2620296	14528	0	0	0	14881	0	0	0	0	0	14.528	14.528	0.000000	+0.000015	+0.000015
gov_staker_remaining_emission_accumulator_filetest.gno	Remaining gov emission accumulator repeat-1000 claim-519	execution-segment-repricing	2606255	2620783	14528	0	0	0	14881	0	0	0	0	0	14.528	14.528	0.000000	+0.000015	+0.000015
gov_staker_remaining_emission_accumulator_filetest.gno	Remaining gov emission accumulator repeat-1000 claim-520	execution-segment-repricing	2602473	2617001	14528	0	0	0	14881	0	0	0	0	0	14.528	14.528	0.000000	+0.000015	+0.000015
gov_staker_remaining_emission_accumulator_filetest.gno	Remaining gov emission accumulator repeat-1000 claim-521	execution-segment-repricing	2606255	2620783	14528	0	0	0	14881	0	0	0	0	0	14.528	14.528	0.000000	+0.000015	+0.000015
gov_staker_remaining_emission_accumulator_filetest.gno	Remaining gov emission accumulator repeat-1000 claim-522	execution-segment-repricing	2602960	2617488	14528	0	0	0	14881	0	0	0	0	0	14.528	14.528	0.000000	+0.000015	+0.000015
gov_staker_remaining_emission_accumulator_filetest.gno	Remaining gov emission accumulator repeat-1000 claim-523	execution-segment-repricing	2605768	2620296	14528	0	0	0	14881	0	0	0	0	0	14.528	14.528	0.000000	+0.000015	+0.000015
gov_staker_remaining_emission_accumulator_filetest.gno	Remaining gov emission accumulator repeat-1000 claim-524	execution-segment-repricing	2606255	2620783	14528	0	0	0	14881	0	0	0	0	0	14.528	14.528	0.000000	+0.000015	+0.000015
gov_staker_remaining_emission_accumulator_filetest.gno	Remaining gov emission accumulator repeat-1000 claim-525	execution-segment-repricing	2605768	2620296	14528	0	0	0	14881	0	0	0	0	0	14.528	14.528	0.000000	+0.000015	+0.000015
gov_staker_remaining_emission_accumulator_filetest.gno	Remaining gov emission accumulator repeat-1000 claim-526	execution-segment-repricing	2606255	2620783	14528	0	0	0	14881	0	0	0	0	0	14.528	14.528	0.000000	+0.000015	+0.000015
gov_staker_remaining_emission_accumulator_filetest.gno	Remaining gov emission accumulator repeat-1000 claim-527	execution-segment-repricing	2605768	2620296	14528	0	0	0	14881	0	0	0	0	0	14.528	14.528	0.000000	+0.000015	+0.000015
gov_staker_remaining_emission_accumulator_filetest.gno	Remaining gov emission accumulator repeat-1000 claim-528	execution-segment-repricing	2606255	2620783	14528	0	0	0	14881	0	0	0	0	0	14.528	14.528	0.000000	+0.000015	+0.000015
gov_staker_remaining_emission_accumulator_filetest.gno	Remaining gov emission accumulator repeat-1000 claim-529	execution-segment-repricing	2601406	2615934	14528	0	0	0	14881	0	0	0	0	0	14.528	14.528	0.000000	+0.000015	+0.000015
gov_staker_remaining_emission_accumulator_filetest.gno	Remaining gov emission accumulator repeat-1000 claim-530	execution-segment-repricing	2605768	2620296	14528	0	0	0	14881	0	0	0	0	0	14.528	14.528	0.000000	+0.000015	+0.000015
gov_staker_remaining_emission_accumulator_filetest.gno	Remaining gov emission accumulator repeat-1000 claim-531	execution-segment-repricing	2602473	2617001	14528	0	0	0	14881	0	0	0	0	0	14.528	14.528	0.000000	+0.000015	+0.000015
gov_staker_remaining_emission_accumulator_filetest.gno	Remaining gov emission accumulator repeat-1000 claim-532	execution-segment-repricing	2605768	2620296	14528	0	0	0	14881	0	0	0	0	0	14.528	14.528	0.000000	+0.000015	+0.000015
gov_staker_remaining_emission_accumulator_filetest.gno	Remaining gov emission accumulator repeat-1000 claim-533	execution-segment-repricing	2606255	2620783	14528	0	0	0	14881	0	0	0	0	0	14.528	14.528	0.000000	+0.000015	+0.000015
gov_staker_remaining_emission_accumulator_filetest.gno	Remaining gov emission accumulator repeat-1000 claim-534	execution-segment-repricing	2605768	2620296	14528	0	0	0	14881	0	0	0	0	0	14.528	14.528	0.000000	+0.000015	+0.000015
gov_staker_remaining_emission_accumulator_filetest.gno	Remaining gov emission accumulator repeat-1000 claim-535	execution-segment-repricing	2606255	2620783	14528	0	0	0	14881	0	0	0	0	0	14.528	14.528	0.000000	+0.000015	+0.000015
gov_staker_remaining_emission_accumulator_filetest.gno	Remaining gov emission accumulator repeat-1000 claim-536	execution-segment-repricing	2606255	2620783	14528	0	0	0	14881	0	0	0	0	0	14.528	14.528	0.000000	+0.000015	+0.000015
gov_staker_remaining_emission_accumulator_filetest.gno	Remaining gov emission accumulator repeat-1000 claim-537	execution-segment-repricing	2605768	2620296	14528	0	0	0	14881	0	0	0	0	0	14.528	14.528	0.000000	+0.000015	+0.000015
gov_staker_remaining_emission_accumulator_filetest.gno	Remaining gov emission accumulator repeat-1000 claim-538	execution-segment-repricing	2605768	2620296	14528	0	0	0	14881	0	0	0	0	0	14.528	14.528	0.000000	+0.000015	+0.000015
gov_staker_remaining_emission_accumulator_filetest.gno	Remaining gov emission accumulator repeat-1000 claim-539	execution-segment-repricing	2605768	2620296	14528	0	0	0	14881	0	0	0	0	0	14.528	14.528	0.000000	+0.000015	+0.000015
gov_staker_remaining_emission_accumulator_filetest.gno	Remaining gov emission accumulator repeat-1000 claim-540	execution-segment-repricing	2602473	2617001	14528	0	0	0	14881	0	0	0	0	0	14.528	14.528	0.000000	+0.000015	+0.000015
gov_staker_remaining_emission_accumulator_filetest.gno	Remaining gov emission accumulator repeat-1000 claim-541	execution-segment-repricing	2605768	2620296	14528	0	0	0	14881	0	0	0	0	0	14.528	14.528	0.000000	+0.000015	+0.000015
gov_staker_remaining_emission_accumulator_filetest.gno	Remaining gov emission accumulator repeat-1000 claim-542	execution-segment-repricing	2606255	2620783	14528	0	0	0	14881	0	0	0	0	0	14.528	14.528	0.000000	+0.000015	+0.000015
gov_staker_remaining_emission_accumulator_filetest.gno	Remaining gov emission accumulator repeat-1000 claim-543	execution-segment-repricing	2606255	2620783	14528	0	0	0	14881	0	0	0	0	0	14.528	14.528	0.000000	+0.000015	+0.000015
gov_staker_remaining_emission_accumulator_filetest.gno	Remaining gov emission accumulator repeat-1000 claim-544	execution-segment-repricing	2602473	2617001	14528	0	0	0	14881	0	0	0	0	0	14.528	14.528	0.000000	+0.000015	+0.000015
gov_staker_remaining_emission_accumulator_filetest.gno	Remaining gov emission accumulator repeat-1000 claim-545	execution-segment-repricing	2605768	2620296	14528	0	0	0	14881	0	0	0	0	0	14.528	14.528	0.000000	+0.000015	+0.000015
gov_staker_remaining_emission_accumulator_filetest.gno	Remaining gov emission accumulator repeat-1000 claim-546	execution-segment-repricing	2605768	2620296	14528	0	0	0	14881	0	0	0	0	0	14.528	14.528	0.000000	+0.000015	+0.000015
gov_staker_remaining_emission_accumulator_filetest.gno	Remaining gov emission accumulator repeat-1000 claim-547	execution-segment-repricing	2606255	2620783	14528	0	0	0	14881	0	0	0	0	0	14.528	14.528	0.000000	+0.000015	+0.000015
gov_staker_remaining_emission_accumulator_filetest.gno	Remaining gov emission accumulator repeat-1000 claim-548	execution-segment-repricing	2605768	2620296	14528	0	0	0	14881	0	0	0	0	0	14.528	14.528	0.000000	+0.000015	+0.000015
gov_staker_remaining_emission_accumulator_filetest.gno	Remaining gov emission accumulator repeat-1000 claim-549	execution-segment-repricing	2605768	2620296	14528	0	0	0	14881	0	0	0	0	0	14.528	14.528	0.000000	+0.000015	+0.000015
gov_staker_remaining_emission_accumulator_filetest.gno	Remaining gov emission accumulator repeat-1000 claim-550	execution-segment-repricing	2606255	2620783	14528	0	0	0	14881	0	0	0	0	0	14.528	14.528	0.000000	+0.000015	+0.000015
gov_staker_remaining_emission_accumulator_filetest.gno	Remaining gov emission accumulator repeat-1000 claim-551	execution-segment-repricing	2598691	2613219	14528	0	0	0	14881	0	0	0	0	0	14.528	14.528	0.000000	+0.000015	+0.000015
gov_staker_remaining_emission_accumulator_filetest.gno	Remaining gov emission accumulator repeat-1000 claim-552	execution-segment-repricing	2605768	2620296	14528	0	0	0	14881	0	0	0	0	0	14.528	14.528	0.000000	+0.000015	+0.000015
gov_staker_remaining_emission_accumulator_filetest.gno	Remaining gov emission accumulator repeat-1000 claim-553	execution-segment-repricing	2605768	2620296	14528	0	0	0	14881	0	0	0	0	0	14.528	14.528	0.000000	+0.000015	+0.000015
gov_staker_remaining_emission_accumulator_filetest.gno	Remaining gov emission accumulator repeat-1000 claim-554	execution-segment-repricing	2606255	2620783	14528	0	0	0	14881	0	0	0	0	0	14.528	14.528	0.000000	+0.000015	+0.000015
gov_staker_remaining_emission_accumulator_filetest.gno	Remaining gov emission accumulator repeat-1000 claim-555	execution-segment-repricing	2606255	2620783	14528	0	0	0	14881	0	0	0	0	0	14.528	14.528	0.000000	+0.000015	+0.000015
gov_staker_remaining_emission_accumulator_filetest.gno	Remaining gov emission accumulator repeat-1000 claim-556	execution-segment-repricing	2606255	2620783	14528	0	0	0	14881	0	0	0	0	0	14.528	14.528	0.000000	+0.000015	+0.000015
gov_staker_remaining_emission_accumulator_filetest.gno	Remaining gov emission accumulator repeat-1000 claim-557	execution-segment-repricing	2606255	2620783	14528	0	0	0	14881	0	0	0	0	0	14.528	14.528	0.000000	+0.000015	+0.000015
gov_staker_remaining_emission_accumulator_filetest.gno	Remaining gov emission accumulator repeat-1000 claim-558	execution-segment-repricing	2601986	2616514	14528	0	0	0	14881	0	0	0	0	0	14.528	14.528	0.000000	+0.000015	+0.000015
gov_staker_remaining_emission_accumulator_filetest.gno	Remaining gov emission accumulator repeat-1000 claim-559	execution-segment-repricing	2606255	2620783	14528	0	0	0	14881	0	0	0	0	0	14.528	14.528	0.000000	+0.000015	+0.000015
gov_staker_remaining_emission_accumulator_filetest.gno	Remaining gov emission accumulator repeat-1000 claim-560	execution-segment-repricing	2605281	2619809	14528	0	0	0	14881	0	0	0	0	0	14.528	14.528	0.000000	+0.000015	+0.000015
gov_staker_remaining_emission_accumulator_filetest.gno	Remaining gov emission accumulator repeat-1000 claim-561	execution-segment-repricing	2606255	2620783	14528	0	0	0	14881	0	0	0	0	0	14.528	14.528	0.000000	+0.000015	+0.000015
gov_staker_remaining_emission_accumulator_filetest.gno	Remaining gov emission accumulator repeat-1000 claim-562	execution-segment-repricing	2602473	2617001	14528	0	0	0	14881	0	0	0	0	0	14.528	14.528	0.000000	+0.000015	+0.000015
gov_staker_remaining_emission_accumulator_filetest.gno	Remaining gov emission accumulator repeat-1000 claim-563	execution-segment-repricing	2606255	2620783	14528	0	0	0	14881	0	0	0	0	0	14.528	14.528	0.000000	+0.000015	+0.000015
gov_staker_remaining_emission_accumulator_filetest.gno	Remaining gov emission accumulator repeat-1000 claim-564	execution-segment-repricing	2606742	2621270	14528	0	0	0	14881	0	0	0	0	0	14.528	14.528	0.000000	+0.000015	+0.000015
gov_staker_remaining_emission_accumulator_filetest.gno	Remaining gov emission accumulator repeat-1000 claim-565	execution-segment-repricing	2601893	2616421	14528	0	0	0	14881	0	0	0	0	0	14.528	14.528	0.000000	+0.000015	+0.000015
gov_staker_remaining_emission_accumulator_filetest.gno	Remaining gov emission accumulator repeat-1000 claim-566	execution-segment-repricing	2606255	2620783	14528	0	0	0	14881	0	0	0	0	0	14.528	14.528	0.000000	+0.000015	+0.000015
gov_staker_remaining_emission_accumulator_filetest.gno	Remaining gov emission accumulator repeat-1000 claim-567	execution-segment-repricing	2605768	2620296	14528	0	0	0	14881	0	0	0	0	0	14.528	14.528	0.000000	+0.000015	+0.000015
gov_staker_remaining_emission_accumulator_filetest.gno	Remaining gov emission accumulator repeat-1000 claim-568	execution-segment-repricing	2606742	2621270	14528	0	0	0	14881	0	0	0	0	0	14.528	14.528	0.000000	+0.000015	+0.000015
gov_staker_remaining_emission_accumulator_filetest.gno	Remaining gov emission accumulator repeat-1000 claim-569	execution-segment-repricing	2605768	2620296	14528	0	0	0	14881	0	0	0	0	0	14.528	14.528	0.000000	+0.000015	+0.000015
gov_staker_remaining_emission_accumulator_filetest.gno	Remaining gov emission accumulator repeat-1000 claim-570	execution-segment-repricing	2606742	2621270	14528	0	0	0	14881	0	0	0	0	0	14.528	14.528	0.000000	+0.000015	+0.000015
gov_staker_remaining_emission_accumulator_filetest.gno	Remaining gov emission accumulator repeat-1000 claim-571	execution-segment-repricing	2606255	2620783	14528	0	0	0	14881	0	0	0	0	0	14.528	14.528	0.000000	+0.000015	+0.000015
gov_staker_remaining_emission_accumulator_filetest.gno	Remaining gov emission accumulator repeat-1000 claim-572	execution-segment-repricing	2606742	2621270	14528	0	0	0	14881	0	0	0	0	0	14.528	14.528	0.000000	+0.000015	+0.000015
gov_staker_remaining_emission_accumulator_filetest.gno	Remaining gov emission accumulator repeat-1000 claim-573	execution-segment-repricing	2602960	2617488	14528	0	0	0	14881	0	0	0	0	0	14.528	14.528	0.000000	+0.000015	+0.000015
gov_staker_remaining_emission_accumulator_filetest.gno	Remaining gov emission accumulator repeat-1000 claim-574	execution-segment-repricing	2606255	2620783	14528	0	0	0	14881	0	0	0	0	0	14.528	14.528	0.000000	+0.000015	+0.000015
gov_staker_remaining_emission_accumulator_filetest.gno	Remaining gov emission accumulator repeat-1000 claim-575	execution-segment-repricing	2606742	2621270	14528	0	0	0	14881	0	0	0	0	0	14.528	14.528	0.000000	+0.000015	+0.000015
gov_staker_remaining_emission_accumulator_filetest.gno	Remaining gov emission accumulator repeat-1000 claim-576	execution-segment-repricing	2605768	2620296	14528	0	0	0	14881	0	0	0	0	0	14.528	14.528	0.000000	+0.000015	+0.000015
gov_staker_remaining_emission_accumulator_filetest.gno	Remaining gov emission accumulator repeat-1000 claim-577	execution-segment-repricing	2606742	2621270	14528	0	0	0	14881	0	0	0	0	0	14.528	14.528	0.000000	+0.000015	+0.000015
gov_staker_remaining_emission_accumulator_filetest.gno	Remaining gov emission accumulator repeat-1000 claim-578	execution-segment-repricing	2605768	2620296	14528	0	0	0	14881	0	0	0	0	0	14.528	14.528	0.000000	+0.000015	+0.000015
gov_staker_remaining_emission_accumulator_filetest.gno	Remaining gov emission accumulator repeat-1000 claim-579	execution-segment-repricing	2606742	2621270	14528	0	0	0	14881	0	0	0	0	0	14.528	14.528	0.000000	+0.000015	+0.000015
gov_staker_remaining_emission_accumulator_filetest.gno	Remaining gov emission accumulator repeat-1000 claim-580	execution-segment-repricing	2602473	2617001	14528	0	0	0	14881	0	0	0	0	0	14.528	14.528	0.000000	+0.000015	+0.000015
gov_staker_remaining_emission_accumulator_filetest.gno	Remaining gov emission accumulator repeat-1000 claim-581	execution-segment-repricing	2606255	2620783	14528	0	0	0	14881	0	0	0	0	0	14.528	14.528	0.000000	+0.000015	+0.000015
gov_staker_remaining_emission_accumulator_filetest.gno	Remaining gov emission accumulator repeat-1000 claim-582	execution-segment-repricing	2606255	2620783	14528	0	0	0	14881	0	0	0	0	0	14.528	14.528	0.000000	+0.000015	+0.000015
gov_staker_remaining_emission_accumulator_filetest.gno	Remaining gov emission accumulator repeat-1000 claim-583	execution-segment-repricing	2606255	2620783	14528	0	0	0	14881	0	0	0	0	0	14.528	14.528	0.000000	+0.000015	+0.000015
gov_staker_remaining_emission_accumulator_filetest.gno	Remaining gov emission accumulator repeat-1000 claim-584	execution-segment-repricing	2602960	2617488	14528	0	0	0	14881	0	0	0	0	0	14.528	14.528	0.000000	+0.000015	+0.000015
gov_staker_remaining_emission_accumulator_filetest.gno	Remaining gov emission accumulator repeat-1000 claim-585	execution-segment-repricing	2605768	2620296	14528	0	0	0	14881	0	0	0	0	0	14.528	14.528	0.000000	+0.000015	+0.000015
gov_staker_remaining_emission_accumulator_filetest.gno	Remaining gov emission accumulator repeat-1000 claim-586	execution-segment-repricing	2606742	2621270	14528	0	0	0	14881	0	0	0	0	0	14.528	14.528	0.000000	+0.000015	+0.000015
gov_staker_remaining_emission_accumulator_filetest.gno	Remaining gov emission accumulator repeat-1000 claim-587	execution-segment-repricing	2602473	2617001	14528	0	0	0	14881	0	0	0	0	0	14.528	14.528	0.000000	+0.000015	+0.000015
gov_staker_remaining_emission_accumulator_filetest.gno	Remaining gov emission accumulator repeat-1000 claim-588	execution-segment-repricing	2606255	2620783	14528	0	0	0	14881	0	0	0	0	0	14.528	14.528	0.000000	+0.000015	+0.000015
gov_staker_remaining_emission_accumulator_filetest.gno	Remaining gov emission accumulator repeat-1000 claim-589	execution-segment-repricing	2605768	2620296	14528	0	0	0	14881	0	0	0	0	0	14.528	14.528	0.000000	+0.000015	+0.000015
gov_staker_remaining_emission_accumulator_filetest.gno	Remaining gov emission accumulator repeat-1000 claim-590	execution-segment-repricing	2606255	2620783	14528	0	0	0	14881	0	0	0	0	0	14.528	14.528	0.000000	+0.000015	+0.000015
gov_staker_remaining_emission_accumulator_filetest.gno	Remaining gov emission accumulator repeat-1000 claim-591	execution-segment-repricing	2606255	2620783	14528	0	0	0	14881	0	0	0	0	0	14.528	14.528	0.000000	+0.000015	+0.000015
gov_staker_remaining_emission_accumulator_filetest.gno	Remaining gov emission accumulator repeat-1000 claim-592	execution-segment-repricing	2606255	2620783	14528	0	0	0	14881	0	0	0	0	0	14.528	14.528	0.000000	+0.000015	+0.000015
gov_staker_remaining_emission_accumulator_filetest.gno	Remaining gov emission accumulator repeat-1000 claim-593	execution-segment-repricing	2606255	2620783	14528	0	0	0	14881	0	0	0	0	0	14.528	14.528	0.000000	+0.000015	+0.000015
gov_staker_remaining_emission_accumulator_filetest.gno	Remaining gov emission accumulator repeat-1000 claim-594	execution-segment-repricing	2601986	2616514	14528	0	0	0	14881	0	0	0	0	0	14.528	14.528	0.000000	+0.000015	+0.000015
gov_staker_remaining_emission_accumulator_filetest.gno	Remaining gov emission accumulator repeat-1000 claim-595	execution-segment-repricing	2602473	2617001	14528	0	0	0	14881	0	0	0	0	0	14.528	14.528	0.000000	+0.000015	+0.000015
gov_staker_remaining_emission_accumulator_filetest.gno	Remaining gov emission accumulator repeat-1000 claim-596	execution-segment-repricing	2605768	2620296	14528	0	0	0	14881	0	0	0	0	0	14.528	14.528	0.000000	+0.000015	+0.000015
gov_staker_remaining_emission_accumulator_filetest.gno	Remaining gov emission accumulator repeat-1000 claim-597	execution-segment-repricing	2606255	2620783	14528	0	0	0	14881	0	0	0	0	0	14.528	14.528	0.000000	+0.000015	+0.000015
gov_staker_remaining_emission_accumulator_filetest.gno	Remaining gov emission accumulator repeat-1000 claim-598	execution-segment-repricing	2606255	2620783	14528	0	0	0	14881	0	0	0	0	0	14.528	14.528	0.000000	+0.000015	+0.000015
gov_staker_remaining_emission_accumulator_filetest.gno	Remaining gov emission accumulator repeat-1000 claim-599	execution-segment-repricing	2606255	2620783	14528	0	0	0	14881	0	0	0	0	0	14.528	14.528	0.000000	+0.000015	+0.000015
gov_staker_remaining_emission_accumulator_filetest.gno	Remaining gov emission accumulator repeat-1000 claim-600	execution-segment-repricing	2606255	2620783	14528	0	0	0	14881	0	0	0	0	0	14.528	14.528	0.000000	+0.000015	+0.000015
gov_staker_remaining_emission_accumulator_filetest.gno	Remaining gov emission accumulator repeat-1000 claim-601	execution-segment-repricing	2602473	2617001	14528	0	0	0	14881	0	0	0	0	0	14.528	14.528	0.000000	+0.000015	+0.000015
gov_staker_remaining_emission_accumulator_filetest.gno	Remaining gov emission accumulator repeat-1000 claim-602	execution-segment-repricing	2606255	2620783	14528	0	0	0	14881	0	0	0	0	0	14.528	14.528	0.000000	+0.000015	+0.000015
gov_staker_remaining_emission_accumulator_filetest.gno	Remaining gov emission accumulator repeat-1000 claim-603	execution-segment-repricing	2605768	2620296	14528	0	0	0	14881	0	0	0	0	0	14.528	14.528	0.000000	+0.000015	+0.000015
gov_staker_remaining_emission_accumulator_filetest.gno	Remaining gov emission accumulator repeat-1000 claim-604	execution-segment-repricing	2605768	2620296	14528	0	0	0	14881	0	0	0	0	0	14.528	14.528	0.000000	+0.000015	+0.000015
gov_staker_remaining_emission_accumulator_filetest.gno	Remaining gov emission accumulator repeat-1000 claim-605	execution-segment-repricing	2605768	2620296	14528	0	0	0	14881	0	0	0	0	0	14.528	14.528	0.000000	+0.000015	+0.000015
gov_staker_remaining_emission_accumulator_filetest.gno	Remaining gov emission accumulator repeat-1000 claim-606	execution-segment-repricing	2601406	2615934	14528	0	0	0	14881	0	0	0	0	0	14.528	14.528	0.000000	+0.000015	+0.000015
gov_staker_remaining_emission_accumulator_filetest.gno	Remaining gov emission accumulator repeat-1000 claim-607	execution-segment-repricing	2606255	2620783	14528	0	0	0	14881	0	0	0	0	0	14.528	14.528	0.000000	+0.000015	+0.000015
gov_staker_remaining_emission_accumulator_filetest.gno	Remaining gov emission accumulator repeat-1000 claim-608	execution-segment-repricing	2606255	2620783	14528	0	0	0	14881	0	0	0	0	0	14.528	14.528	0.000000	+0.000015	+0.000015
gov_staker_remaining_emission_accumulator_filetest.gno	Remaining gov emission accumulator repeat-1000 claim-609	execution-segment-repricing	2606255	2620783	14528	0	0	0	14881	0	0	0	0	0	14.528	14.528	0.000000	+0.000015	+0.000015
gov_staker_remaining_emission_accumulator_filetest.gno	Remaining gov emission accumulator repeat-1000 claim-610	execution-segment-repricing	2606255	2620783	14528	0	0	0	14881	0	0	0	0	0	14.528	14.528	0.000000	+0.000015	+0.000015
gov_staker_remaining_emission_accumulator_filetest.gno	Remaining gov emission accumulator repeat-1000 claim-611	execution-segment-repricing	2606255	2620783	14528	0	0	0	14881	0	0	0	0	0	14.528	14.528	0.000000	+0.000015	+0.000015
gov_staker_remaining_emission_accumulator_filetest.gno	Remaining gov emission accumulator repeat-1000 claim-612	execution-segment-repricing	2605768	2620296	14528	0	0	0	14881	0	0	0	0	0	14.528	14.528	0.000000	+0.000015	+0.000015
gov_staker_remaining_emission_accumulator_filetest.gno	Remaining gov emission accumulator repeat-1000 claim-613	execution-segment-repricing	2605768	2620296	14528	0	0	0	14881	0	0	0	0	0	14.528	14.528	0.000000	+0.000015	+0.000015
gov_staker_remaining_emission_accumulator_filetest.gno	Remaining gov emission accumulator repeat-1000 claim-614	execution-segment-repricing	2606255	2620783	14528	0	0	0	14881	0	0	0	0	0	14.528	14.528	0.000000	+0.000015	+0.000015
gov_staker_remaining_emission_accumulator_filetest.gno	Remaining gov emission accumulator repeat-1000 claim-615	execution-segment-repricing	2602473	2617001	14528	0	0	0	14881	0	0	0	0	0	14.528	14.528	0.000000	+0.000015	+0.000015
gov_staker_remaining_emission_accumulator_filetest.gno	Remaining gov emission accumulator repeat-1000 claim-616	execution-segment-repricing	2606255	2620783	14528	0	0	0	14881	0	0	0	0	0	14.528	14.528	0.000000	+0.000015	+0.000015
gov_staker_remaining_emission_accumulator_filetest.gno	Remaining gov emission accumulator repeat-1000 claim-617	execution-segment-repricing	2606255	2620783	14528	0	0	0	14881	0	0	0	0	0	14.528	14.528	0.000000	+0.000015	+0.000015
gov_staker_remaining_emission_accumulator_filetest.gno	Remaining gov emission accumulator repeat-1000 claim-618	execution-segment-repricing	2606255	2620783	14528	0	0	0	14881	0	0	0	0	0	14.528	14.528	0.000000	+0.000015	+0.000015
gov_staker_remaining_emission_accumulator_filetest.gno	Remaining gov emission accumulator repeat-1000 claim-619	execution-segment-repricing	2606255	2620783	14528	0	0	0	14881	0	0	0	0	0	14.528	14.528	0.000000	+0.000015	+0.000015
gov_staker_remaining_emission_accumulator_filetest.gno	Remaining gov emission accumulator repeat-1000 claim-620	execution-segment-repricing	2606255	2620783	14528	0	0	0	14881	0	0	0	0	0	14.528	14.528	0.000000	+0.000015	+0.000015
gov_staker_remaining_emission_accumulator_filetest.gno	Remaining gov emission accumulator repeat-1000 claim-621	execution-segment-repricing	2605768	2620296	14528	0	0	0	14881	0	0	0	0	0	14.528	14.528	0.000000	+0.000015	+0.000015
gov_staker_remaining_emission_accumulator_filetest.gno	Remaining gov emission accumulator repeat-1000 claim-622	execution-segment-repricing	2605768	2620296	14528	0	0	0	14881	0	0	0	0	0	14.528	14.528	0.000000	+0.000015	+0.000015
gov_staker_remaining_emission_accumulator_filetest.gno	Remaining gov emission accumulator repeat-1000 claim-623	execution-segment-repricing	2602473	2617001	14528	0	0	0	14881	0	0	0	0	0	14.528	14.528	0.000000	+0.000015	+0.000015
gov_staker_remaining_emission_accumulator_filetest.gno	Remaining gov emission accumulator repeat-1000 claim-624	execution-segment-repricing	2605768	2620296	14528	0	0	0	14881	0	0	0	0	0	14.528	14.528	0.000000	+0.000015	+0.000015
gov_staker_remaining_emission_accumulator_filetest.gno	Remaining gov emission accumulator repeat-1000 claim-625	execution-segment-repricing	2606255	2620783	14528	0	0	0	14881	0	0	0	0	0	14.528	14.528	0.000000	+0.000015	+0.000015
gov_staker_remaining_emission_accumulator_filetest.gno	Remaining gov emission accumulator repeat-1000 claim-626	execution-segment-repricing	2602473	2617001	14528	0	0	0	14881	0	0	0	0	0	14.528	14.528	0.000000	+0.000015	+0.000015
gov_staker_remaining_emission_accumulator_filetest.gno	Remaining gov emission accumulator repeat-1000 claim-627	execution-segment-repricing	2606255	2620783	14528	0	0	0	14881	0	0	0	0	0	14.528	14.528	0.000000	+0.000015	+0.000015
gov_staker_remaining_emission_accumulator_filetest.gno	Remaining gov emission accumulator repeat-1000 claim-628	execution-segment-repricing	2606255	2620783	14528	0	0	0	14881	0	0	0	0	0	14.528	14.528	0.000000	+0.000015	+0.000015
gov_staker_remaining_emission_accumulator_filetest.gno	Remaining gov emission accumulator repeat-1000 claim-629	execution-segment-repricing	2606255	2620783	14528	0	0	0	14881	0	0	0	0	0	14.528	14.528	0.000000	+0.000015	+0.000015
gov_staker_remaining_emission_accumulator_filetest.gno	Remaining gov emission accumulator repeat-1000 claim-630	execution-segment-repricing	2602473	2617001	14528	0	0	0	14881	0	0	0	0	0	14.528	14.528	0.000000	+0.000015	+0.000015
gov_staker_remaining_emission_accumulator_filetest.gno	Remaining gov emission accumulator repeat-1000 claim-631	execution-segment-repricing	2605281	2619809	14528	0	0	0	14881	0	0	0	0	0	14.528	14.528	0.000000	+0.000015	+0.000015
gov_staker_remaining_emission_accumulator_filetest.gno	Remaining gov emission accumulator repeat-1000 claim-632	execution-segment-repricing	2605768	2620296	14528	0	0	0	14881	0	0	0	0	0	14.528	14.528	0.000000	+0.000015	+0.000015
gov_staker_remaining_emission_accumulator_filetest.gno	Remaining gov emission accumulator repeat-1000 claim-633	execution-segment-repricing	2605768	2620296	14528	0	0	0	14881	0	0	0	0	0	14.528	14.528	0.000000	+0.000015	+0.000015
gov_staker_remaining_emission_accumulator_filetest.gno	Remaining gov emission accumulator repeat-1000 claim-634	execution-segment-repricing	2606255	2620783	14528	0	0	0	14881	0	0	0	0	0	14.528	14.528	0.000000	+0.000015	+0.000015
gov_staker_remaining_emission_accumulator_filetest.gno	Remaining gov emission accumulator repeat-1000 claim-635	execution-segment-repricing	2605768	2620296	14528	0	0	0	14881	0	0	0	0	0	14.528	14.528	0.000000	+0.000015	+0.000015
gov_staker_remaining_emission_accumulator_filetest.gno	Remaining gov emission accumulator repeat-1000 claim-636	execution-segment-repricing	2606742	2621270	14528	0	0	0	14881	0	0	0	0	0	14.528	14.528	0.000000	+0.000015	+0.000015
gov_staker_remaining_emission_accumulator_filetest.gno	Remaining gov emission accumulator repeat-1000 claim-637	execution-segment-repricing	2598691	2613219	14528	0	0	0	14881	0	0	0	0	0	14.528	14.528	0.000000	+0.000015	+0.000015
gov_staker_remaining_emission_accumulator_filetest.gno	Remaining gov emission accumulator repeat-1000 claim-638	execution-segment-repricing	2606255	2620783	14528	0	0	0	14881	0	0	0	0	0	14.528	14.528	0.000000	+0.000015	+0.000015
gov_staker_remaining_emission_accumulator_filetest.gno	Remaining gov emission accumulator repeat-1000 claim-639	execution-segment-repricing	2606255	2620783	14528	0	0	0	14881	0	0	0	0	0	14.528	14.528	0.000000	+0.000015	+0.000015
gov_staker_remaining_emission_accumulator_filetest.gno	Remaining gov emission accumulator repeat-1000 claim-640	execution-segment-repricing	2605768	2620296	14528	0	0	0	14881	0	0	0	0	0	14.528	14.528	0.000000	+0.000015	+0.000015
gov_staker_remaining_emission_accumulator_filetest.gno	Remaining gov emission accumulator repeat-1000 claim-641	execution-segment-repricing	2606742	2621270	14528	0	0	0	14881	0	0	0	0	0	14.528	14.528	0.000000	+0.000015	+0.000015
gov_staker_remaining_emission_accumulator_filetest.gno	Remaining gov emission accumulator repeat-1000 claim-642	execution-segment-repricing	2606255	2620783	14528	0	0	0	14881	0	0	0	0	0	14.528	14.528	0.000000	+0.000015	+0.000015
gov_staker_remaining_emission_accumulator_filetest.gno	Remaining gov emission accumulator repeat-1000 claim-643	execution-segment-repricing	2606742	2621270	14528	0	0	0	14881	0	0	0	0	0	14.528	14.528	0.000000	+0.000015	+0.000015
gov_staker_remaining_emission_accumulator_filetest.gno	Remaining gov emission accumulator repeat-1000 claim-644	execution-segment-repricing	2606255	2620783	14528	0	0	0	14881	0	0	0	0	0	14.528	14.528	0.000000	+0.000015	+0.000015
gov_staker_remaining_emission_accumulator_filetest.gno	Remaining gov emission accumulator repeat-1000 claim-645	execution-segment-repricing	2606255	2620783	14528	0	0	0	14881	0	0	0	0	0	14.528	14.528	0.000000	+0.000015	+0.000015
gov_staker_remaining_emission_accumulator_filetest.gno	Remaining gov emission accumulator repeat-1000 claim-646	execution-segment-repricing	2605768	2620296	14528	0	0	0	14881	0	0	0	0	0	14.528	14.528	0.000000	+0.000015	+0.000015
gov_staker_remaining_emission_accumulator_filetest.gno	Remaining gov emission accumulator repeat-1000 claim-647	execution-segment-repricing	2606742	2621270	14528	0	0	0	14881	0	0	0	0	0	14.528	14.528	0.000000	+0.000015	+0.000015
gov_staker_remaining_emission_accumulator_filetest.gno	Remaining gov emission accumulator repeat-1000 claim-648	execution-segment-repricing	2602473	2617001	14528	0	0	0	14881	0	0	0	0	0	14.528	14.528	0.000000	+0.000015	+0.000015
gov_staker_remaining_emission_accumulator_filetest.gno	Remaining gov emission accumulator repeat-1000 claim-649	execution-segment-repricing	2606255	2620783	14528	0	0	0	14881	0	0	0	0	0	14.528	14.528	0.000000	+0.000015	+0.000015
gov_staker_remaining_emission_accumulator_filetest.gno	Remaining gov emission accumulator repeat-1000 claim-650	execution-segment-repricing	2606742	2621270	14528	0	0	0	14881	0	0	0	0	0	14.528	14.528	0.000000	+0.000015	+0.000015
gov_staker_remaining_emission_accumulator_filetest.gno	Remaining gov emission accumulator repeat-1000 claim-651	execution-segment-repricing	2606255	2620783	14528	0	0	0	14881	0	0	0	0	0	14.528	14.528	0.000000	+0.000015	+0.000015
gov_staker_remaining_emission_accumulator_filetest.gno	Remaining gov emission accumulator repeat-1000 claim-652	execution-segment-repricing	2606255	2620783	14528	0	0	0	14881	0	0	0	0	0	14.528	14.528	0.000000	+0.000015	+0.000015
gov_staker_remaining_emission_accumulator_filetest.gno	Remaining gov emission accumulator repeat-1000 claim-653	execution-segment-repricing	2605768	2620296	14528	0	0	0	14881	0	0	0	0	0	14.528	14.528	0.000000	+0.000015	+0.000015
gov_staker_remaining_emission_accumulator_filetest.gno	Remaining gov emission accumulator repeat-1000 claim-654	execution-segment-repricing	2606742	2621270	14528	0	0	0	14881	0	0	0	0	0	14.528	14.528	0.000000	+0.000015	+0.000015
gov_staker_remaining_emission_accumulator_filetest.gno	Remaining gov emission accumulator repeat-1000 claim-655	execution-segment-repricing	2605768	2620296	14528	0	0	0	14881	0	0	0	0	0	14.528	14.528	0.000000	+0.000015	+0.000015
gov_staker_remaining_emission_accumulator_filetest.gno	Remaining gov emission accumulator repeat-1000 claim-656	execution-segment-repricing	2606742	2621270	14528	0	0	0	14881	0	0	0	0	0	14.528	14.528	0.000000	+0.000015	+0.000015
gov_staker_remaining_emission_accumulator_filetest.gno	Remaining gov emission accumulator repeat-1000 claim-657	execution-segment-repricing	2606255	2620783	14528	0	0	0	14881	0	0	0	0	0	14.528	14.528	0.000000	+0.000015	+0.000015
gov_staker_remaining_emission_accumulator_filetest.gno	Remaining gov emission accumulator repeat-1000 claim-658	execution-segment-repricing	2606255	2620783	14528	0	0	0	14881	0	0	0	0	0	14.528	14.528	0.000000	+0.000015	+0.000015
gov_staker_remaining_emission_accumulator_filetest.gno	Remaining gov emission accumulator repeat-1000 claim-659	execution-segment-repricing	2599178	2613706	14528	0	0	0	14881	0	0	0	0	0	14.528	14.528	0.000000	+0.000015	+0.000015
gov_staker_remaining_emission_accumulator_filetest.gno	Remaining gov emission accumulator repeat-1000 claim-660	execution-segment-repricing	2605768	2620296	14528	0	0	0	14881	0	0	0	0	0	14.528	14.528	0.000000	+0.000015	+0.000015
gov_staker_remaining_emission_accumulator_filetest.gno	Remaining gov emission accumulator repeat-1000 claim-661	execution-segment-repricing	2606255	2620783	14528	0	0	0	14881	0	0	0	0	0	14.528	14.528	0.000000	+0.000015	+0.000015
gov_staker_remaining_emission_accumulator_filetest.gno	Remaining gov emission accumulator repeat-1000 claim-662	execution-segment-repricing	2605768	2620296	14528	0	0	0	14881	0	0	0	0	0	14.528	14.528	0.000000	+0.000015	+0.000015
gov_staker_remaining_emission_accumulator_filetest.gno	Remaining gov emission accumulator repeat-1000 claim-663	execution-segment-repricing	2606742	2621270	14528	0	0	0	14881	0	0	0	0	0	14.528	14.528	0.000000	+0.000015	+0.000015
gov_staker_remaining_emission_accumulator_filetest.gno	Remaining gov emission accumulator repeat-1000 claim-664	execution-segment-repricing	2606255	2620783	14528	0	0	0	14881	0	0	0	0	0	14.528	14.528	0.000000	+0.000015	+0.000015
gov_staker_remaining_emission_accumulator_filetest.gno	Remaining gov emission accumulator repeat-1000 claim-665	execution-segment-repricing	2606742	2621270	14528	0	0	0	14881	0	0	0	0	0	14.528	14.528	0.000000	+0.000015	+0.000015
gov_staker_remaining_emission_accumulator_filetest.gno	Remaining gov emission accumulator repeat-1000 claim-666	execution-segment-repricing	2601986	2616514	14528	0	0	0	14881	0	0	0	0	0	14.528	14.528	0.000000	+0.000015	+0.000015
gov_staker_remaining_emission_accumulator_filetest.gno	Remaining gov emission accumulator repeat-1000 claim-667	execution-segment-repricing	2605768	2620296	14528	0	0	0	14881	0	0	0	0	0	14.528	14.528	0.000000	+0.000015	+0.000015
gov_staker_remaining_emission_accumulator_filetest.gno	Remaining gov emission accumulator repeat-1000 claim-668	execution-segment-repricing	2605768	2620296	14528	0	0	0	14881	0	0	0	0	0	14.528	14.528	0.000000	+0.000015	+0.000015
gov_staker_remaining_emission_accumulator_filetest.gno	Remaining gov emission accumulator repeat-1000 claim-669	execution-segment-repricing	2605768	2620296	14528	0	0	0	14881	0	0	0	0	0	14.528	14.528	0.000000	+0.000015	+0.000015
gov_staker_remaining_emission_accumulator_filetest.gno	Remaining gov emission accumulator repeat-1000 claim-670	execution-segment-repricing	2602960	2617488	14528	0	0	0	14881	0	0	0	0	0	14.528	14.528	0.000000	+0.000015	+0.000015
gov_staker_remaining_emission_accumulator_filetest.gno	Remaining gov emission accumulator repeat-1000 claim-671	execution-segment-repricing	2606255	2620783	14528	0	0	0	14881	0	0	0	0	0	14.528	14.528	0.000000	+0.000015	+0.000015
gov_staker_remaining_emission_accumulator_filetest.gno	Remaining gov emission accumulator repeat-1000 claim-672	execution-segment-repricing	2606742	2621270	14528	0	0	0	14881	0	0	0	0	0	14.528	14.528	0.000000	+0.000015	+0.000015
gov_staker_remaining_emission_accumulator_filetest.gno	Remaining gov emission accumulator repeat-1000 claim-673	execution-segment-repricing	2602473	2617001	14528	0	0	0	14881	0	0	0	0	0	14.528	14.528	0.000000	+0.000015	+0.000015
gov_staker_remaining_emission_accumulator_filetest.gno	Remaining gov emission accumulator repeat-1000 claim-674	execution-segment-repricing	2606255	2620783	14528	0	0	0	14881	0	0	0	0	0	14.528	14.528	0.000000	+0.000015	+0.000015
gov_staker_remaining_emission_accumulator_filetest.gno	Remaining gov emission accumulator repeat-1000 claim-675	execution-segment-repricing	2605768	2620296	14528	0	0	0	14881	0	0	0	0	0	14.528	14.528	0.000000	+0.000015	+0.000015
gov_staker_remaining_emission_accumulator_filetest.gno	Remaining gov emission accumulator repeat-1000 claim-676	execution-segment-repricing	2605768	2620296	14528	0	0	0	14881	0	0	0	0	0	14.528	14.528	0.000000	+0.000015	+0.000015
gov_staker_remaining_emission_accumulator_filetest.gno	Remaining gov emission accumulator repeat-1000 claim-677	execution-segment-repricing	2606255	2620783	14528	0	0	0	14881	0	0	0	0	0	14.528	14.528	0.000000	+0.000015	+0.000015
gov_staker_remaining_emission_accumulator_filetest.gno	Remaining gov emission accumulator repeat-1000 claim-678	execution-segment-repricing	2606255	2620783	14528	0	0	0	14881	0	0	0	0	0	14.528	14.528	0.000000	+0.000015	+0.000015
gov_staker_remaining_emission_accumulator_filetest.gno	Remaining gov emission accumulator repeat-1000 claim-679	execution-segment-repricing	2602960	2617488	14528	0	0	0	14881	0	0	0	0	0	14.528	14.528	0.000000	+0.000015	+0.000015
gov_staker_remaining_emission_accumulator_filetest.gno	Remaining gov emission accumulator repeat-1000 claim-680	execution-segment-repricing	2601406	2615934	14528	0	0	0	14881	0	0	0	0	0	14.528	14.528	0.000000	+0.000015	+0.000015
gov_staker_remaining_emission_accumulator_filetest.gno	Remaining gov emission accumulator repeat-1000 claim-681	execution-segment-repricing	2601406	2615934	14528	0	0	0	14881	0	0	0	0	0	14.528	14.528	0.000000	+0.000015	+0.000015
gov_staker_remaining_emission_accumulator_filetest.gno	Remaining gov emission accumulator repeat-1000 claim-682	execution-segment-repricing	2605768	2620296	14528	0	0	0	14881	0	0	0	0	0	14.528	14.528	0.000000	+0.000015	+0.000015
gov_staker_remaining_emission_accumulator_filetest.gno	Remaining gov emission accumulator repeat-1000 claim-683	execution-segment-repricing	2606255	2620783	14528	0	0	0	14881	0	0	0	0	0	14.528	14.528	0.000000	+0.000015	+0.000015
gov_staker_remaining_emission_accumulator_filetest.gno	Remaining gov emission accumulator repeat-1000 claim-684	execution-segment-repricing	2606255	2620783	14528	0	0	0	14881	0	0	0	0	0	14.528	14.528	0.000000	+0.000015	+0.000015
gov_staker_remaining_emission_accumulator_filetest.gno	Remaining gov emission accumulator repeat-1000 claim-685	execution-segment-repricing	2606255	2620783	14528	0	0	0	14881	0	0	0	0	0	14.528	14.528	0.000000	+0.000015	+0.000015
gov_staker_remaining_emission_accumulator_filetest.gno	Remaining gov emission accumulator repeat-1000 claim-686	execution-segment-repricing	2606255	2620783	14528	0	0	0	14881	0	0	0	0	0	14.528	14.528	0.000000	+0.000015	+0.000015
gov_staker_remaining_emission_accumulator_filetest.gno	Remaining gov emission accumulator repeat-1000 claim-687	execution-segment-repricing	2606255	2620783	14528	0	0	0	14881	0	0	0	0	0	14.528	14.528	0.000000	+0.000015	+0.000015
gov_staker_remaining_emission_accumulator_filetest.gno	Remaining gov emission accumulator repeat-1000 claim-688	execution-segment-repricing	2605768	2620296	14528	0	0	0	14881	0	0	0	0	0	14.528	14.528	0.000000	+0.000015	+0.000015
gov_staker_remaining_emission_accumulator_filetest.gno	Remaining gov emission accumulator repeat-1000 claim-689	execution-segment-repricing	2605768	2620296	14528	0	0	0	14881	0	0	0	0	0	14.528	14.528	0.000000	+0.000015	+0.000015
gov_staker_remaining_emission_accumulator_filetest.gno	Remaining gov emission accumulator repeat-1000 claim-690	execution-segment-repricing	2602473	2617001	14528	0	0	0	14881	0	0	0	0	0	14.528	14.528	0.000000	+0.000015	+0.000015
gov_staker_remaining_emission_accumulator_filetest.gno	Remaining gov emission accumulator repeat-1000 claim-691	execution-segment-repricing	2606255	2620783	14528	0	0	0	14881	0	0	0	0	0	14.528	14.528	0.000000	+0.000015	+0.000015
gov_staker_remaining_emission_accumulator_filetest.gno	Remaining gov emission accumulator repeat-1000 claim-692	execution-segment-repricing	2606255	2620783	14528	0	0	0	14881	0	0	0	0	0	14.528	14.528	0.000000	+0.000015	+0.000015
gov_staker_remaining_emission_accumulator_filetest.gno	Remaining gov emission accumulator repeat-1000 claim-693	execution-segment-repricing	2606255	2620783	14528	0	0	0	14881	0	0	0	0	0	14.528	14.528	0.000000	+0.000015	+0.000015
gov_staker_remaining_emission_accumulator_filetest.gno	Remaining gov emission accumulator repeat-1000 claim-694	execution-segment-repricing	2606255	2620783	14528	0	0	0	14881	0	0	0	0	0	14.528	14.528	0.000000	+0.000015	+0.000015
gov_staker_remaining_emission_accumulator_filetest.gno	Remaining gov emission accumulator repeat-1000 claim-695	execution-segment-repricing	2602473	2617001	14528	0	0	0	14881	0	0	0	0	0	14.528	14.528	0.000000	+0.000015	+0.000015
gov_staker_remaining_emission_accumulator_filetest.gno	Remaining gov emission accumulator repeat-1000 claim-696	execution-segment-repricing	2605768	2620296	14528	0	0	0	14881	0	0	0	0	0	14.528	14.528	0.000000	+0.000015	+0.000015
gov_staker_remaining_emission_accumulator_filetest.gno	Remaining gov emission accumulator repeat-1000 claim-697	execution-segment-repricing	2605768	2620296	14528	0	0	0	14881	0	0	0	0	0	14.528	14.528	0.000000	+0.000015	+0.000015
gov_staker_remaining_emission_accumulator_filetest.gno	Remaining gov emission accumulator repeat-1000 claim-698	execution-segment-repricing	2605768	2620296	14528	0	0	0	14881	0	0	0	0	0	14.528	14.528	0.000000	+0.000015	+0.000015
gov_staker_remaining_emission_accumulator_filetest.gno	Remaining gov emission accumulator repeat-1000 claim-699	execution-segment-repricing	2605768	2620296	14528	0	0	0	14881	0	0	0	0	0	14.528	14.528	0.000000	+0.000015	+0.000015
gov_staker_remaining_emission_accumulator_filetest.gno	Remaining gov emission accumulator repeat-1000 claim-700	execution-segment-repricing	2606742	2621270	14528	0	0	0	14881	0	0	0	0	0	14.528	14.528	0.000000	+0.000015	+0.000015
gov_staker_remaining_emission_accumulator_filetest.gno	Remaining gov emission accumulator repeat-1000 claim-701	execution-segment-repricing	2602473	2617001	14528	0	0	0	14881	0	0	0	0	0	14.528	14.528	0.000000	+0.000015	+0.000015
gov_staker_remaining_emission_accumulator_filetest.gno	Remaining gov emission accumulator repeat-1000 claim-702	execution-segment-repricing	2602473	2617001	14528	0	0	0	14881	0	0	0	0	0	14.528	14.528	0.000000	+0.000015	+0.000015
gov_staker_remaining_emission_accumulator_filetest.gno	Remaining gov emission accumulator repeat-1000 claim-703	execution-segment-repricing	2605768	2620296	14528	0	0	0	14881	0	0	0	0	0	14.528	14.528	0.000000	+0.000015	+0.000015
gov_staker_remaining_emission_accumulator_filetest.gno	Remaining gov emission accumulator repeat-1000 claim-704	execution-segment-repricing	2605768	2620296	14528	0	0	0	14881	0	0	0	0	0	14.528	14.528	0.000000	+0.000015	+0.000015
gov_staker_remaining_emission_accumulator_filetest.gno	Remaining gov emission accumulator repeat-1000 claim-705	execution-segment-repricing	2605768	2620296	14528	0	0	0	14881	0	0	0	0	0	14.528	14.528	0.000000	+0.000015	+0.000015
gov_staker_remaining_emission_accumulator_filetest.gno	Remaining gov emission accumulator repeat-1000 claim-706	execution-segment-repricing	2605768	2620296	14528	0	0	0	14881	0	0	0	0	0	14.528	14.528	0.000000	+0.000015	+0.000015
gov_staker_remaining_emission_accumulator_filetest.gno	Remaining gov emission accumulator repeat-1000 claim-707	execution-segment-repricing	2606255	2620783	14528	0	0	0	14881	0	0	0	0	0	14.528	14.528	0.000000	+0.000015	+0.000015
gov_staker_remaining_emission_accumulator_filetest.gno	Remaining gov emission accumulator repeat-1000 claim-708	execution-segment-repricing	2605768	2620296	14528	0	0	0	14881	0	0	0	0	0	14.528	14.528	0.000000	+0.000015	+0.000015
gov_staker_remaining_emission_accumulator_filetest.gno	Remaining gov emission accumulator repeat-1000 claim-709	execution-segment-repricing	2602473	2617001	14528	0	0	0	14881	0	0	0	0	0	14.528	14.528	0.000000	+0.000015	+0.000015
gov_staker_remaining_emission_accumulator_filetest.gno	Remaining gov emission accumulator repeat-1000 claim-710	execution-segment-repricing	2605768	2620296	14528	0	0	0	14881	0	0	0	0	0	14.528	14.528	0.000000	+0.000015	+0.000015
gov_staker_remaining_emission_accumulator_filetest.gno	Remaining gov emission accumulator repeat-1000 claim-711	execution-segment-repricing	2605768	2620296	14528	0	0	0	14881	0	0	0	0	0	14.528	14.528	0.000000	+0.000015	+0.000015
gov_staker_remaining_emission_accumulator_filetest.gno	Remaining gov emission accumulator repeat-1000 claim-712	execution-segment-repricing	2602473	2617001	14528	0	0	0	14881	0	0	0	0	0	14.528	14.528	0.000000	+0.000015	+0.000015
gov_staker_remaining_emission_accumulator_filetest.gno	Remaining gov emission accumulator repeat-1000 claim-713	execution-segment-repricing	2609063	2623591	14528	0	0	0	14881	0	0	0	0	0	14.528	14.528	0.000000	+0.000015	+0.000015
gov_staker_remaining_emission_accumulator_filetest.gno	Remaining gov emission accumulator repeat-1000 claim-714	execution-segment-repricing	2609550	2624078	14528	0	0	0	14881	0	0	0	0	0	14.528	14.528	0.000000	+0.000015	+0.000015
gov_staker_remaining_emission_accumulator_filetest.gno	Remaining gov emission accumulator repeat-1000 claim-715	execution-segment-repricing	2609550	2624078	14528	0	0	0	14881	0	0	0	0	0	14.528	14.528	0.000000	+0.000015	+0.000015
gov_staker_remaining_emission_accumulator_filetest.gno	Remaining gov emission accumulator repeat-1000 claim-716	execution-segment-repricing	2604701	2619229	14528	0	0	0	14881	0	0	0	0	0	14.528	14.528	0.000000	+0.000015	+0.000015
gov_staker_remaining_emission_accumulator_filetest.gno	Remaining gov emission accumulator repeat-1000 claim-717	execution-segment-repricing	2609063	2623591	14528	0	0	0	14881	0	0	0	0	0	14.528	14.528	0.000000	+0.000015	+0.000015
gov_staker_remaining_emission_accumulator_filetest.gno	Remaining gov emission accumulator repeat-1000 claim-718	execution-segment-repricing	2610037	2624565	14528	0	0	0	14881	0	0	0	0	0	14.528	14.528	0.000000	+0.000015	+0.000015
gov_staker_remaining_emission_accumulator_filetest.gno	Remaining gov emission accumulator repeat-1000 claim-719	execution-segment-repricing	2609550	2624078	14528	0	0	0	14881	0	0	0	0	0	14.528	14.528	0.000000	+0.000015	+0.000015
gov_staker_remaining_emission_accumulator_filetest.gno	Remaining gov emission accumulator repeat-1000 claim-720	execution-segment-repricing	2609550	2624078	14528	0	0	0	14881	0	0	0	0	0	14.528	14.528	0.000000	+0.000015	+0.000015
gov_staker_remaining_emission_accumulator_filetest.gno	Remaining gov emission accumulator repeat-1000 claim-721	execution-segment-repricing	2609550	2624078	14528	0	0	0	14881	0	0	0	0	0	14.528	14.528	0.000000	+0.000015	+0.000015
gov_staker_remaining_emission_accumulator_filetest.gno	Remaining gov emission accumulator repeat-1000 claim-722	execution-segment-repricing	2609550	2624078	14528	0	0	0	14881	0	0	0	0	0	14.528	14.528	0.000000	+0.000015	+0.000015
gov_staker_remaining_emission_accumulator_filetest.gno	Remaining gov emission accumulator repeat-1000 claim-723	execution-segment-repricing	2606255	2620783	14528	0	0	0	14881	0	0	0	0	0	14.528	14.528	0.000000	+0.000015	+0.000015
gov_staker_remaining_emission_accumulator_filetest.gno	Remaining gov emission accumulator repeat-1000 claim-724	execution-segment-repricing	2609063	2623591	14528	0	0	0	14881	0	0	0	0	0	14.528	14.528	0.000000	+0.000015	+0.000015
gov_staker_remaining_emission_accumulator_filetest.gno	Remaining gov emission accumulator repeat-1000 claim-725	execution-segment-repricing	2609550	2624078	14528	0	0	0	14881	0	0	0	0	0	14.528	14.528	0.000000	+0.000015	+0.000015
gov_staker_remaining_emission_accumulator_filetest.gno	Remaining gov emission accumulator repeat-1000 claim-726	execution-segment-repricing	2609063	2623591	14528	0	0	0	14881	0	0	0	0	0	14.528	14.528	0.000000	+0.000015	+0.000015
gov_staker_remaining_emission_accumulator_filetest.gno	Remaining gov emission accumulator repeat-1000 claim-727	execution-segment-repricing	2610037	2624565	14528	0	0	0	14881	0	0	0	0	0	14.528	14.528	0.000000	+0.000015	+0.000015
gov_staker_remaining_emission_accumulator_filetest.gno	Remaining gov emission accumulator repeat-1000 claim-728	execution-segment-repricing	2610037	2624565	14528	0	0	0	14881	0	0	0	0	0	14.528	14.528	0.000000	+0.000015	+0.000015
gov_staker_remaining_emission_accumulator_filetest.gno	Remaining gov emission accumulator repeat-1000 claim-729	execution-segment-repricing	2609550	2624078	14528	0	0	0	14881	0	0	0	0	0	14.528	14.528	0.000000	+0.000015	+0.000015
gov_staker_remaining_emission_accumulator_filetest.gno	Remaining gov emission accumulator repeat-1000 claim-730	execution-segment-repricing	2609550	2624078	14528	0	0	0	14881	0	0	0	0	0	14.528	14.528	0.000000	+0.000015	+0.000015
gov_staker_remaining_emission_accumulator_filetest.gno	Remaining gov emission accumulator repeat-1000 claim-731	execution-segment-repricing	2605768	2620296	14528	0	0	0	14881	0	0	0	0	0	14.528	14.528	0.000000	+0.000015	+0.000015
gov_staker_remaining_emission_accumulator_filetest.gno	Remaining gov emission accumulator repeat-1000 claim-732	execution-segment-repricing	2609063	2623591	14528	0	0	0	14881	0	0	0	0	0	14.528	14.528	0.000000	+0.000015	+0.000015
gov_staker_remaining_emission_accumulator_filetest.gno	Remaining gov emission accumulator repeat-1000 claim-733	execution-segment-repricing	2609550	2624078	14528	0	0	0	14881	0	0	0	0	0	14.528	14.528	0.000000	+0.000015	+0.000015
gov_staker_remaining_emission_accumulator_filetest.gno	Remaining gov emission accumulator repeat-1000 claim-734	execution-segment-repricing	2605768	2620296	14528	0	0	0	14881	0	0	0	0	0	14.528	14.528	0.000000	+0.000015	+0.000015
gov_staker_remaining_emission_accumulator_filetest.gno	Remaining gov emission accumulator repeat-1000 claim-735	execution-segment-repricing	2609550	2624078	14528	0	0	0	14881	0	0	0	0	0	14.528	14.528	0.000000	+0.000015	+0.000015
gov_staker_remaining_emission_accumulator_filetest.gno	Remaining gov emission accumulator repeat-1000 claim-736	execution-segment-repricing	2610037	2624565	14528	0	0	0	14881	0	0	0	0	0	14.528	14.528	0.000000	+0.000015	+0.000015
gov_staker_remaining_emission_accumulator_filetest.gno	Remaining gov emission accumulator repeat-1000 claim-737	execution-segment-repricing	2610037	2624565	14528	0	0	0	14881	0	0	0	0	0	14.528	14.528	0.000000	+0.000015	+0.000015
gov_staker_remaining_emission_accumulator_filetest.gno	Remaining gov emission accumulator repeat-1000 claim-738	execution-segment-repricing	2605768	2620296	14528	0	0	0	14881	0	0	0	0	0	14.528	14.528	0.000000	+0.000015	+0.000015
gov_staker_remaining_emission_accumulator_filetest.gno	Remaining gov emission accumulator repeat-1000 claim-739	execution-segment-repricing	2609063	2623591	14528	0	0	0	14881	0	0	0	0	0	14.528	14.528	0.000000	+0.000015	+0.000015
gov_staker_remaining_emission_accumulator_filetest.gno	Remaining gov emission accumulator repeat-1000 claim-740	execution-segment-repricing	2609550	2624078	14528	0	0	0	14881	0	0	0	0	0	14.528	14.528	0.000000	+0.000015	+0.000015
gov_staker_remaining_emission_accumulator_filetest.gno	Remaining gov emission accumulator repeat-1000 claim-741	execution-segment-repricing	2609063	2623591	14528	0	0	0	14881	0	0	0	0	0	14.528	14.528	0.000000	+0.000015	+0.000015
gov_staker_remaining_emission_accumulator_filetest.gno	Remaining gov emission accumulator repeat-1000 claim-742	execution-segment-repricing	2609550	2624078	14528	0	0	0	14881	0	0	0	0	0	14.528	14.528	0.000000	+0.000015	+0.000015
gov_staker_remaining_emission_accumulator_filetest.gno	Remaining gov emission accumulator repeat-1000 claim-743	execution-segment-repricing	2609550	2624078	14528	0	0	0	14881	0	0	0	0	0	14.528	14.528	0.000000	+0.000015	+0.000015
gov_staker_remaining_emission_accumulator_filetest.gno	Remaining gov emission accumulator repeat-1000 claim-744	execution-segment-repricing	2610037	2624565	14528	0	0	0	14881	0	0	0	0	0	14.528	14.528	0.000000	+0.000015	+0.000015
gov_staker_remaining_emission_accumulator_filetest.gno	Remaining gov emission accumulator repeat-1000 claim-745	execution-segment-repricing	2602473	2617001	14528	0	0	0	14881	0	0	0	0	0	14.528	14.528	0.000000	+0.000015	+0.000015
gov_staker_remaining_emission_accumulator_filetest.gno	Remaining gov emission accumulator repeat-1000 claim-746	execution-segment-repricing	2609550	2624078	14528	0	0	0	14881	0	0	0	0	0	14.528	14.528	0.000000	+0.000015	+0.000015
gov_staker_remaining_emission_accumulator_filetest.gno	Remaining gov emission accumulator repeat-1000 claim-747	execution-segment-repricing	2609550	2624078	14528	0	0	0	14881	0	0	0	0	0	14.528	14.528	0.000000	+0.000015	+0.000015
gov_staker_remaining_emission_accumulator_filetest.gno	Remaining gov emission accumulator repeat-1000 claim-748	execution-segment-repricing	2609063	2623591	14528	0	0	0	14881	0	0	0	0	0	14.528	14.528	0.000000	+0.000015	+0.000015
gov_staker_remaining_emission_accumulator_filetest.gno	Remaining gov emission accumulator repeat-1000 claim-749	execution-segment-repricing	2609550	2624078	14528	0	0	0	14881	0	0	0	0	0	14.528	14.528	0.000000	+0.000015	+0.000015
gov_staker_remaining_emission_accumulator_filetest.gno	Remaining gov emission accumulator repeat-1000 claim-750	execution-segment-repricing	2609063	2623591	14528	0	0	0	14881	0	0	0	0	0	14.528	14.528	0.000000	+0.000015	+0.000015
gov_staker_remaining_emission_accumulator_filetest.gno	Remaining gov emission accumulator repeat-1000 claim-751	execution-segment-repricing	2610037	2624565	14528	0	0	0	14881	0	0	0	0	0	14.528	14.528	0.000000	+0.000015	+0.000015
gov_staker_remaining_emission_accumulator_filetest.gno	Remaining gov emission accumulator repeat-1000 claim-752	execution-segment-repricing	2605281	2619809	14528	0	0	0	14881	0	0	0	0	0	14.528	14.528	0.000000	+0.000015	+0.000015
gov_staker_remaining_emission_accumulator_filetest.gno	Remaining gov emission accumulator repeat-1000 claim-753	execution-segment-repricing	2609550	2624078	14528	0	0	0	14881	0	0	0	0	0	14.528	14.528	0.000000	+0.000015	+0.000015
gov_staker_remaining_emission_accumulator_filetest.gno	Remaining gov emission accumulator repeat-1000 claim-754	execution-segment-repricing	2605768	2620296	14528	0	0	0	14881	0	0	0	0	0	14.528	14.528	0.000000	+0.000015	+0.000015
gov_staker_remaining_emission_accumulator_filetest.gno	Remaining gov emission accumulator repeat-1000 claim-755	execution-segment-repricing	2609550	2624078	14528	0	0	0	14881	0	0	0	0	0	14.528	14.528	0.000000	+0.000015	+0.000015
gov_staker_remaining_emission_accumulator_filetest.gno	Remaining gov emission accumulator repeat-1000 claim-756	execution-segment-repricing	2609550	2624078	14528	0	0	0	14881	0	0	0	0	0	14.528	14.528	0.000000	+0.000015	+0.000015
gov_staker_remaining_emission_accumulator_filetest.gno	Remaining gov emission accumulator repeat-1000 claim-757	execution-segment-repricing	2609063	2623591	14528	0	0	0	14881	0	0	0	0	0	14.528	14.528	0.000000	+0.000015	+0.000015
gov_staker_remaining_emission_accumulator_filetest.gno	Remaining gov emission accumulator repeat-1000 claim-758	execution-segment-repricing	2610037	2624565	14528	0	0	0	14881	0	0	0	0	0	14.528	14.528	0.000000	+0.000015	+0.000015
gov_staker_remaining_emission_accumulator_filetest.gno	Remaining gov emission accumulator repeat-1000 claim-759	execution-segment-repricing	2609063	2623591	14528	0	0	0	14881	0	0	0	0	0	14.528	14.528	0.000000	+0.000015	+0.000015
gov_staker_remaining_emission_accumulator_filetest.gno	Remaining gov emission accumulator repeat-1000 claim-760	execution-segment-repricing	2609550	2624078	14528	0	0	0	14881	0	0	0	0	0	14.528	14.528	0.000000	+0.000015	+0.000015
gov_staker_remaining_emission_accumulator_filetest.gno	Remaining gov emission accumulator repeat-1000 claim-761	execution-segment-repricing	2609063	2623591	14528	0	0	0	14881	0	0	0	0	0	14.528	14.528	0.000000	+0.000015	+0.000015
gov_staker_remaining_emission_accumulator_filetest.gno	Remaining gov emission accumulator repeat-1000 claim-762	execution-segment-repricing	2609550	2624078	14528	0	0	0	14881	0	0	0	0	0	14.528	14.528	0.000000	+0.000015	+0.000015
gov_staker_remaining_emission_accumulator_filetest.gno	Remaining gov emission accumulator repeat-1000 claim-763	execution-segment-repricing	2609063	2623591	14528	0	0	0	14881	0	0	0	0	0	14.528	14.528	0.000000	+0.000015	+0.000015
gov_staker_remaining_emission_accumulator_filetest.gno	Remaining gov emission accumulator repeat-1000 claim-764	execution-segment-repricing	2609550	2624078	14528	0	0	0	14881	0	0	0	0	0	14.528	14.528	0.000000	+0.000015	+0.000015
gov_staker_remaining_emission_accumulator_filetest.gno	Remaining gov emission accumulator repeat-1000 claim-765	execution-segment-repricing	2605768	2620296	14528	0	0	0	14881	0	0	0	0	0	14.528	14.528	0.000000	+0.000015	+0.000015
gov_staker_remaining_emission_accumulator_filetest.gno	Remaining gov emission accumulator repeat-1000 claim-766	execution-segment-repricing	2609063	2623591	14528	0	0	0	14881	0	0	0	0	0	14.528	14.528	0.000000	+0.000015	+0.000015
gov_staker_remaining_emission_accumulator_filetest.gno	Remaining gov emission accumulator repeat-1000 claim-767	execution-segment-repricing	2609550	2624078	14528	0	0	0	14881	0	0	0	0	0	14.528	14.528	0.000000	+0.000015	+0.000015
gov_staker_remaining_emission_accumulator_filetest.gno	Remaining gov emission accumulator repeat-1000 claim-768	execution-segment-repricing	2608576	2623104	14528	0	0	0	14881	0	0	0	0	0	14.528	14.528	0.000000	+0.000015	+0.000015
gov_staker_remaining_emission_accumulator_filetest.gno	Remaining gov emission accumulator repeat-1000 claim-769	execution-segment-repricing	2609550	2624078	14528	0	0	0	14881	0	0	0	0	0	14.528	14.528	0.000000	+0.000015	+0.000015
gov_staker_remaining_emission_accumulator_filetest.gno	Remaining gov emission accumulator repeat-1000 claim-770	execution-segment-repricing	2609063	2623591	14528	0	0	0	14881	0	0	0	0	0	14.528	14.528	0.000000	+0.000015	+0.000015
gov_staker_remaining_emission_accumulator_filetest.gno	Remaining gov emission accumulator repeat-1000 claim-771	execution-segment-repricing	2609550	2624078	14528	0	0	0	14881	0	0	0	0	0	14.528	14.528	0.000000	+0.000015	+0.000015
gov_staker_remaining_emission_accumulator_filetest.gno	Remaining gov emission accumulator repeat-1000 claim-772	execution-segment-repricing	2609063	2623591	14528	0	0	0	14881	0	0	0	0	0	14.528	14.528	0.000000	+0.000015	+0.000015
gov_staker_remaining_emission_accumulator_filetest.gno	Remaining gov emission accumulator repeat-1000 claim-773	execution-segment-repricing	2609550	2624078	14528	0	0	0	14881	0	0	0	0	0	14.528	14.528	0.000000	+0.000015	+0.000015
gov_staker_remaining_emission_accumulator_filetest.gno	Remaining gov emission accumulator repeat-1000 claim-774	execution-segment-repricing	2605768	2620296	14528	0	0	0	14881	0	0	0	0	0	14.528	14.528	0.000000	+0.000015	+0.000015
gov_staker_remaining_emission_accumulator_filetest.gno	Remaining gov emission accumulator repeat-1000 claim-775	execution-segment-repricing	2608576	2623104	14528	0	0	0	14881	0	0	0	0	0	14.528	14.528	0.000000	+0.000015	+0.000015
gov_staker_remaining_emission_accumulator_filetest.gno	Remaining gov emission accumulator repeat-1000 claim-776	execution-segment-repricing	2605768	2620296	14528	0	0	0	14881	0	0	0	0	0	14.528	14.528	0.000000	+0.000015	+0.000015
gov_staker_remaining_emission_accumulator_filetest.gno	Remaining gov emission accumulator repeat-1000 claim-777	execution-segment-repricing	2609063	2623591	14528	0	0	0	14881	0	0	0	0	0	14.528	14.528	0.000000	+0.000015	+0.000015
gov_staker_remaining_emission_accumulator_filetest.gno	Remaining gov emission accumulator repeat-1000 claim-778	execution-segment-repricing	2609550	2624078	14528	0	0	0	14881	0	0	0	0	0	14.528	14.528	0.000000	+0.000015	+0.000015
gov_staker_remaining_emission_accumulator_filetest.gno	Remaining gov emission accumulator repeat-1000 claim-779	execution-segment-repricing	2609063	2623591	14528	0	0	0	14881	0	0	0	0	0	14.528	14.528	0.000000	+0.000015	+0.000015
gov_staker_remaining_emission_accumulator_filetest.gno	Remaining gov emission accumulator repeat-1000 claim-780	execution-segment-repricing	2609550	2624078	14528	0	0	0	14881	0	0	0	0	0	14.528	14.528	0.000000	+0.000015	+0.000015
gov_staker_remaining_emission_accumulator_filetest.gno	Remaining gov emission accumulator repeat-1000 claim-781	execution-segment-repricing	2606255	2620783	14528	0	0	0	14881	0	0	0	0	0	14.528	14.528	0.000000	+0.000015	+0.000015
gov_staker_remaining_emission_accumulator_filetest.gno	Remaining gov emission accumulator repeat-1000 claim-782	execution-segment-repricing	2609063	2623591	14528	0	0	0	14881	0	0	0	0	0	14.528	14.528	0.000000	+0.000015	+0.000015
gov_staker_remaining_emission_accumulator_filetest.gno	Remaining gov emission accumulator repeat-1000 claim-783	execution-segment-repricing	2609063	2623591	14528	0	0	0	14881	0	0	0	0	0	14.528	14.528	0.000000	+0.000015	+0.000015
gov_staker_remaining_emission_accumulator_filetest.gno	Remaining gov emission accumulator repeat-1000 claim-784	execution-segment-repricing	2608576	2623104	14528	0	0	0	14881	0	0	0	0	0	14.528	14.528	0.000000	+0.000015	+0.000015
gov_staker_remaining_emission_accumulator_filetest.gno	Remaining gov emission accumulator repeat-1000 claim-785	execution-segment-repricing	2609063	2623591	14528	0	0	0	14881	0	0	0	0	0	14.528	14.528	0.000000	+0.000015	+0.000015
gov_staker_remaining_emission_accumulator_filetest.gno	Remaining gov emission accumulator repeat-1000 claim-786	execution-segment-repricing	2609550	2624078	14528	0	0	0	14881	0	0	0	0	0	14.528	14.528	0.000000	+0.000015	+0.000015
gov_staker_remaining_emission_accumulator_filetest.gno	Remaining gov emission accumulator repeat-1000 claim-787	execution-segment-repricing	2605768	2620296	14528	0	0	0	14881	0	0	0	0	0	14.528	14.528	0.000000	+0.000015	+0.000015
gov_staker_remaining_emission_accumulator_filetest.gno	Remaining gov emission accumulator repeat-1000 claim-788	execution-segment-repricing	2605768	2620296	14528	0	0	0	14881	0	0	0	0	0	14.528	14.528	0.000000	+0.000015	+0.000015
gov_staker_remaining_emission_accumulator_filetest.gno	Remaining gov emission accumulator repeat-1000 claim-789	execution-segment-repricing	2609550	2624078	14528	0	0	0	14881	0	0	0	0	0	14.528	14.528	0.000000	+0.000015	+0.000015
gov_staker_remaining_emission_accumulator_filetest.gno	Remaining gov emission accumulator repeat-1000 claim-790	execution-segment-repricing	2609550	2624078	14528	0	0	0	14881	0	0	0	0	0	14.528	14.528	0.000000	+0.000015	+0.000015
gov_staker_remaining_emission_accumulator_filetest.gno	Remaining gov emission accumulator repeat-1000 claim-791	execution-segment-repricing	2609550	2624078	14528	0	0	0	14881	0	0	0	0	0	14.528	14.528	0.000000	+0.000015	+0.000015
gov_staker_remaining_emission_accumulator_filetest.gno	Remaining gov emission accumulator repeat-1000 claim-792	execution-segment-repricing	2609550	2624078	14528	0	0	0	14881	0	0	0	0	0	14.528	14.528	0.000000	+0.000015	+0.000015
gov_staker_remaining_emission_accumulator_filetest.gno	Remaining gov emission accumulator repeat-1000 claim-793	execution-segment-repricing	2609063	2623591	14528	0	0	0	14881	0	0	0	0	0	14.528	14.528	0.000000	+0.000015	+0.000015
gov_staker_remaining_emission_accumulator_filetest.gno	Remaining gov emission accumulator repeat-1000 claim-794	execution-segment-repricing	2609550	2624078	14528	0	0	0	14881	0	0	0	0	0	14.528	14.528	0.000000	+0.000015	+0.000015
gov_staker_remaining_emission_accumulator_filetest.gno	Remaining gov emission accumulator repeat-1000 claim-795	execution-segment-repricing	2610037	2624565	14528	0	0	0	14881	0	0	0	0	0	14.528	14.528	0.000000	+0.000015	+0.000015
gov_staker_remaining_emission_accumulator_filetest.gno	Remaining gov emission accumulator repeat-1000 claim-796	execution-segment-repricing	2609063	2623591	14528	0	0	0	14881	0	0	0	0	0	14.528	14.528	0.000000	+0.000015	+0.000015
gov_staker_remaining_emission_accumulator_filetest.gno	Remaining gov emission accumulator repeat-1000 claim-797	execution-segment-repricing	2610037	2624565	14528	0	0	0	14881	0	0	0	0	0	14.528	14.528	0.000000	+0.000015	+0.000015
gov_staker_remaining_emission_accumulator_filetest.gno	Remaining gov emission accumulator repeat-1000 claim-798	execution-segment-repricing	2605768	2620296	14528	0	0	0	14881	0	0	0	0	0	14.528	14.528	0.000000	+0.000015	+0.000015
gov_staker_remaining_emission_accumulator_filetest.gno	Remaining gov emission accumulator repeat-1000 claim-799	execution-segment-repricing	2610037	2624565	14528	0	0	0	14881	0	0	0	0	0	14.528	14.528	0.000000	+0.000015	+0.000015
gov_staker_remaining_emission_accumulator_filetest.gno	Remaining gov emission accumulator repeat-1000 claim-800	execution-segment-repricing	2609550	2624078	14528	0	0	0	14881	0	0	0	0	0	14.528	14.528	0.000000	+0.000015	+0.000015
gov_staker_remaining_emission_accumulator_filetest.gno	Remaining gov emission accumulator repeat-1000 claim-801	execution-segment-repricing	2609550	2624078	14528	0	0	0	14881	0	0	0	0	0	14.528	14.528	0.000000	+0.000015	+0.000015
gov_staker_remaining_emission_accumulator_filetest.gno	Remaining gov emission accumulator repeat-1000 claim-802	execution-segment-repricing	2609550	2624078	14528	0	0	0	14881	0	0	0	0	0	14.528	14.528	0.000000	+0.000015	+0.000015
gov_staker_remaining_emission_accumulator_filetest.gno	Remaining gov emission accumulator repeat-1000 claim-803	execution-segment-repricing	2609063	2623591	14528	0	0	0	14881	0	0	0	0	0	14.528	14.528	0.000000	+0.000015	+0.000015
gov_staker_remaining_emission_accumulator_filetest.gno	Remaining gov emission accumulator repeat-1000 claim-804	execution-segment-repricing	2610037	2624565	14528	0	0	0	14881	0	0	0	0	0	14.528	14.528	0.000000	+0.000015	+0.000015
gov_staker_remaining_emission_accumulator_filetest.gno	Remaining gov emission accumulator repeat-1000 claim-805	execution-segment-repricing	2609063	2623591	14528	0	0	0	14881	0	0	0	0	0	14.528	14.528	0.000000	+0.000015	+0.000015
gov_staker_remaining_emission_accumulator_filetest.gno	Remaining gov emission accumulator repeat-1000 claim-806	execution-segment-repricing	2610037	2624565	14528	0	0	0	14881	0	0	0	0	0	14.528	14.528	0.000000	+0.000015	+0.000015
gov_staker_remaining_emission_accumulator_filetest.gno	Remaining gov emission accumulator repeat-1000 claim-807	execution-segment-repricing	2609063	2623591	14528	0	0	0	14881	0	0	0	0	0	14.528	14.528	0.000000	+0.000015	+0.000015
gov_staker_remaining_emission_accumulator_filetest.gno	Remaining gov emission accumulator repeat-1000 claim-808	execution-segment-repricing	2610037	2624565	14528	0	0	0	14881	0	0	0	0	0	14.528	14.528	0.000000	+0.000015	+0.000015
gov_staker_remaining_emission_accumulator_filetest.gno	Remaining gov emission accumulator repeat-1000 claim-809	execution-segment-repricing	2605768	2620296	14528	0	0	0	14881	0	0	0	0	0	14.528	14.528	0.000000	+0.000015	+0.000015
gov_staker_remaining_emission_accumulator_filetest.gno	Remaining gov emission accumulator repeat-1000 claim-810	execution-segment-repricing	2605768	2620296	14528	0	0	0	14881	0	0	0	0	0	14.528	14.528	0.000000	+0.000015	+0.000015
gov_staker_remaining_emission_accumulator_filetest.gno	Remaining gov emission accumulator repeat-1000 claim-811	execution-segment-repricing	2609550	2624078	14528	0	0	0	14881	0	0	0	0	0	14.528	14.528	0.000000	+0.000015	+0.000015
gov_staker_remaining_emission_accumulator_filetest.gno	Remaining gov emission accumulator repeat-1000 claim-812	execution-segment-repricing	2609063	2623591	14528	0	0	0	14881	0	0	0	0	0	14.528	14.528	0.000000	+0.000015	+0.000015
gov_staker_remaining_emission_accumulator_filetest.gno	Remaining gov emission accumulator repeat-1000 claim-813	execution-segment-repricing	2610037	2624565	14528	0	0	0	14881	0	0	0	0	0	14.528	14.528	0.000000	+0.000015	+0.000015
gov_staker_remaining_emission_accumulator_filetest.gno	Remaining gov emission accumulator repeat-1000 claim-814	execution-segment-repricing	2609063	2623591	14528	0	0	0	14881	0	0	0	0	0	14.528	14.528	0.000000	+0.000015	+0.000015
gov_staker_remaining_emission_accumulator_filetest.gno	Remaining gov emission accumulator repeat-1000 claim-815	execution-segment-repricing	2610037	2624565	14528	0	0	0	14881	0	0	0	0	0	14.528	14.528	0.000000	+0.000015	+0.000015
gov_staker_remaining_emission_accumulator_filetest.gno	Remaining gov emission accumulator repeat-1000 claim-816	execution-segment-repricing	2609063	2623591	14528	0	0	0	14881	0	0	0	0	0	14.528	14.528	0.000000	+0.000015	+0.000015
gov_staker_remaining_emission_accumulator_filetest.gno	Remaining gov emission accumulator repeat-1000 claim-817	execution-segment-repricing	2606255	2620783	14528	0	0	0	14881	0	0	0	0	0	14.528	14.528	0.000000	+0.000015	+0.000015
gov_staker_remaining_emission_accumulator_filetest.gno	Remaining gov emission accumulator repeat-1000 claim-818	execution-segment-repricing	2609063	2623591	14528	0	0	0	14881	0	0	0	0	0	14.528	14.528	0.000000	+0.000015	+0.000015
gov_staker_remaining_emission_accumulator_filetest.gno	Remaining gov emission accumulator repeat-1000 claim-819	execution-segment-repricing	2609063	2623591	14528	0	0	0	14881	0	0	0	0	0	14.528	14.528	0.000000	+0.000015	+0.000015
gov_staker_remaining_emission_accumulator_filetest.gno	Remaining gov emission accumulator repeat-1000 claim-820	execution-segment-repricing	2606255	2620783	14528	0	0	0	14881	0	0	0	0	0	14.528	14.528	0.000000	+0.000015	+0.000015
gov_staker_remaining_emission_accumulator_filetest.gno	Remaining gov emission accumulator repeat-1000 claim-821	execution-segment-repricing	2609063	2623591	14528	0	0	0	14881	0	0	0	0	0	14.528	14.528	0.000000	+0.000015	+0.000015
gov_staker_remaining_emission_accumulator_filetest.gno	Remaining gov emission accumulator repeat-1000 claim-822	execution-segment-repricing	2610037	2624565	14528	0	0	0	14881	0	0	0	0	0	14.528	14.528	0.000000	+0.000015	+0.000015
gov_staker_remaining_emission_accumulator_filetest.gno	Remaining gov emission accumulator repeat-1000 claim-823	execution-segment-repricing	2609063	2623591	14528	0	0	0	14881	0	0	0	0	0	14.528	14.528	0.000000	+0.000015	+0.000015
gov_staker_remaining_emission_accumulator_filetest.gno	Remaining gov emission accumulator repeat-1000 claim-824	execution-segment-repricing	2606255	2620783	14528	0	0	0	14881	0	0	0	0	0	14.528	14.528	0.000000	+0.000015	+0.000015
gov_staker_remaining_emission_accumulator_filetest.gno	Remaining gov emission accumulator repeat-1000 claim-825	execution-segment-repricing	2609063	2623591	14528	0	0	0	14881	0	0	0	0	0	14.528	14.528	0.000000	+0.000015	+0.000015
gov_staker_remaining_emission_accumulator_filetest.gno	Remaining gov emission accumulator repeat-1000 claim-826	execution-segment-repricing	2609550	2624078	14528	0	0	0	14881	0	0	0	0	0	14.528	14.528	0.000000	+0.000015	+0.000015
gov_staker_remaining_emission_accumulator_filetest.gno	Remaining gov emission accumulator repeat-1000 claim-827	execution-segment-repricing	2609550	2624078	14528	0	0	0	14881	0	0	0	0	0	14.528	14.528	0.000000	+0.000015	+0.000015
gov_staker_remaining_emission_accumulator_filetest.gno	Remaining gov emission accumulator repeat-1000 claim-828	execution-segment-repricing	2609063	2623591	14528	0	0	0	14881	0	0	0	0	0	14.528	14.528	0.000000	+0.000015	+0.000015
gov_staker_remaining_emission_accumulator_filetest.gno	Remaining gov emission accumulator repeat-1000 claim-829	execution-segment-repricing	2606255	2620783	14528	0	0	0	14881	0	0	0	0	0	14.528	14.528	0.000000	+0.000015	+0.000015
gov_staker_remaining_emission_accumulator_filetest.gno	Remaining gov emission accumulator repeat-1000 claim-830	execution-segment-repricing	2609063	2623591	14528	0	0	0	14881	0	0	0	0	0	14.528	14.528	0.000000	+0.000015	+0.000015
gov_staker_remaining_emission_accumulator_filetest.gno	Remaining gov emission accumulator repeat-1000 claim-831	execution-segment-repricing	2601893	2616421	14528	0	0	0	14881	0	0	0	0	0	14.528	14.528	0.000000	+0.000015	+0.000015
gov_staker_remaining_emission_accumulator_filetest.gno	Remaining gov emission accumulator repeat-1000 claim-832	execution-segment-repricing	2609063	2623591	14528	0	0	0	14881	0	0	0	0	0	14.528	14.528	0.000000	+0.000015	+0.000015
gov_staker_remaining_emission_accumulator_filetest.gno	Remaining gov emission accumulator repeat-1000 claim-833	execution-segment-repricing	2609550	2624078	14528	0	0	0	14881	0	0	0	0	0	14.528	14.528	0.000000	+0.000015	+0.000015
gov_staker_remaining_emission_accumulator_filetest.gno	Remaining gov emission accumulator repeat-1000 claim-834	execution-segment-repricing	2609063	2623591	14528	0	0	0	14881	0	0	0	0	0	14.528	14.528	0.000000	+0.000015	+0.000015
gov_staker_remaining_emission_accumulator_filetest.gno	Remaining gov emission accumulator repeat-1000 claim-835	execution-segment-repricing	2609550	2624078	14528	0	0	0	14881	0	0	0	0	0	14.528	14.528	0.000000	+0.000015	+0.000015
gov_staker_remaining_emission_accumulator_filetest.gno	Remaining gov emission accumulator repeat-1000 claim-836	execution-segment-repricing	2609550	2624078	14528	0	0	0	14881	0	0	0	0	0	14.528	14.528	0.000000	+0.000015	+0.000015
gov_staker_remaining_emission_accumulator_filetest.gno	Remaining gov emission accumulator repeat-1000 claim-837	execution-segment-repricing	2609063	2623591	14528	0	0	0	14881	0	0	0	0	0	14.528	14.528	0.000000	+0.000015	+0.000015
gov_staker_remaining_emission_accumulator_filetest.gno	Remaining gov emission accumulator repeat-1000 claim-838	execution-segment-repricing	2609550	2624078	14528	0	0	0	14881	0	0	0	0	0	14.528	14.528	0.000000	+0.000015	+0.000015
gov_staker_remaining_emission_accumulator_filetest.gno	Remaining gov emission accumulator repeat-1000 claim-839	execution-segment-repricing	2608576	2623104	14528	0	0	0	14881	0	0	0	0	0	14.528	14.528	0.000000	+0.000015	+0.000015
gov_staker_remaining_emission_accumulator_filetest.gno	Remaining gov emission accumulator repeat-1000 claim-840	execution-segment-repricing	2605768	2620296	14528	0	0	0	14881	0	0	0	0	0	14.528	14.528	0.000000	+0.000015	+0.000015
gov_staker_remaining_emission_accumulator_filetest.gno	Remaining gov emission accumulator repeat-1000 claim-841	execution-segment-repricing	2609063	2623591	14528	0	0	0	14881	0	0	0	0	0	14.528	14.528	0.000000	+0.000015	+0.000015
gov_staker_remaining_emission_accumulator_filetest.gno	Remaining gov emission accumulator repeat-1000 claim-842	execution-segment-repricing	2609550	2624078	14528	0	0	0	14881	0	0	0	0	0	14.528	14.528	0.000000	+0.000015	+0.000015
gov_staker_remaining_emission_accumulator_filetest.gno	Remaining gov emission accumulator repeat-1000 claim-843	execution-segment-repricing	2609550	2624078	14528	0	0	0	14881	0	0	0	0	0	14.528	14.528	0.000000	+0.000015	+0.000015
gov_staker_remaining_emission_accumulator_filetest.gno	Remaining gov emission accumulator repeat-1000 claim-844	execution-segment-repricing	2609550	2624078	14528	0	0	0	14881	0	0	0	0	0	14.528	14.528	0.000000	+0.000015	+0.000015
gov_staker_remaining_emission_accumulator_filetest.gno	Remaining gov emission accumulator repeat-1000 claim-845	execution-segment-repricing	2609550	2624078	14528	0	0	0	14881	0	0	0	0	0	14.528	14.528	0.000000	+0.000015	+0.000015
gov_staker_remaining_emission_accumulator_filetest.gno	Remaining gov emission accumulator repeat-1000 claim-846	execution-segment-repricing	2605281	2619809	14528	0	0	0	14881	0	0	0	0	0	14.528	14.528	0.000000	+0.000015	+0.000015
gov_staker_remaining_emission_accumulator_filetest.gno	Remaining gov emission accumulator repeat-1000 claim-847	execution-segment-repricing	2609063	2623591	14528	0	0	0	14881	0	0	0	0	0	14.528	14.528	0.000000	+0.000015	+0.000015
gov_staker_remaining_emission_accumulator_filetest.gno	Remaining gov emission accumulator repeat-1000 claim-848	execution-segment-repricing	2609063	2623591	14528	0	0	0	14881	0	0	0	0	0	14.528	14.528	0.000000	+0.000015	+0.000015
gov_staker_remaining_emission_accumulator_filetest.gno	Remaining gov emission accumulator repeat-1000 claim-849	execution-segment-repricing	2609063	2623591	14528	0	0	0	14881	0	0	0	0	0	14.528	14.528	0.000000	+0.000015	+0.000015
gov_staker_remaining_emission_accumulator_filetest.gno	Remaining gov emission accumulator repeat-1000 claim-850	execution-segment-repricing	2609063	2623591	14528	0	0	0	14881	0	0	0	0	0	14.528	14.528	0.000000	+0.000015	+0.000015
gov_staker_remaining_emission_accumulator_filetest.gno	Remaining gov emission accumulator repeat-1000 claim-851	execution-segment-repricing	2605768	2620296	14528	0	0	0	14881	0	0	0	0	0	14.528	14.528	0.000000	+0.000015	+0.000015
gov_staker_remaining_emission_accumulator_filetest.gno	Remaining gov emission accumulator repeat-1000 claim-852	execution-segment-repricing	2609550	2624078	14528	0	0	0	14881	0	0	0	0	0	14.528	14.528	0.000000	+0.000015	+0.000015
gov_staker_remaining_emission_accumulator_filetest.gno	Remaining gov emission accumulator repeat-1000 claim-853	execution-segment-repricing	2605768	2620296	14528	0	0	0	14881	0	0	0	0	0	14.528	14.528	0.000000	+0.000015	+0.000015
gov_staker_remaining_emission_accumulator_filetest.gno	Remaining gov emission accumulator repeat-1000 claim-854	execution-segment-repricing	2609063	2623591	14528	0	0	0	14881	0	0	0	0	0	14.528	14.528	0.000000	+0.000015	+0.000015
gov_staker_remaining_emission_accumulator_filetest.gno	Remaining gov emission accumulator repeat-1000 claim-855	execution-segment-repricing	2609063	2623591	14528	0	0	0	14881	0	0	0	0	0	14.528	14.528	0.000000	+0.000015	+0.000015
gov_staker_remaining_emission_accumulator_filetest.gno	Remaining gov emission accumulator repeat-1000 claim-856	execution-segment-repricing	2609063	2623591	14528	0	0	0	14881	0	0	0	0	0	14.528	14.528	0.000000	+0.000015	+0.000015
gov_staker_remaining_emission_accumulator_filetest.gno	Remaining gov emission accumulator repeat-1000 claim-857	execution-segment-repricing	2609550	2624078	14528	0	0	0	14881	0	0	0	0	0	14.528	14.528	0.000000	+0.000015	+0.000015
gov_staker_remaining_emission_accumulator_filetest.gno	Remaining gov emission accumulator repeat-1000 claim-858	execution-segment-repricing	2609063	2623591	14528	0	0	0	14881	0	0	0	0	0	14.528	14.528	0.000000	+0.000015	+0.000015
gov_staker_remaining_emission_accumulator_filetest.gno	Remaining gov emission accumulator repeat-1000 claim-859	execution-segment-repricing	2609550	2624078	14528	0	0	0	14881	0	0	0	0	0	14.528	14.528	0.000000	+0.000015	+0.000015
gov_staker_remaining_emission_accumulator_filetest.gno	Remaining gov emission accumulator repeat-1000 claim-860	execution-segment-repricing	2605768	2620296	14528	0	0	0	14881	0	0	0	0	0	14.528	14.528	0.000000	+0.000015	+0.000015
gov_staker_remaining_emission_accumulator_filetest.gno	Remaining gov emission accumulator repeat-1000 claim-861	execution-segment-repricing	2609063	2623591	14528	0	0	0	14881	0	0	0	0	0	14.528	14.528	0.000000	+0.000015	+0.000015
gov_staker_remaining_emission_accumulator_filetest.gno	Remaining gov emission accumulator repeat-1000 claim-862	execution-segment-repricing	2605768	2620296	14528	0	0	0	14881	0	0	0	0	0	14.528	14.528	0.000000	+0.000015	+0.000015
gov_staker_remaining_emission_accumulator_filetest.gno	Remaining gov emission accumulator repeat-1000 claim-863	execution-segment-repricing	2609550	2624078	14528	0	0	0	14881	0	0	0	0	0	14.528	14.528	0.000000	+0.000015	+0.000015
gov_staker_remaining_emission_accumulator_filetest.gno	Remaining gov emission accumulator repeat-1000 claim-864	execution-segment-repricing	2609550	2624078	14528	0	0	0	14881	0	0	0	0	0	14.528	14.528	0.000000	+0.000015	+0.000015
gov_staker_remaining_emission_accumulator_filetest.gno	Remaining gov emission accumulator repeat-1000 claim-865	execution-segment-repricing	2609550	2624078	14528	0	0	0	14881	0	0	0	0	0	14.528	14.528	0.000000	+0.000015	+0.000015
gov_staker_remaining_emission_accumulator_filetest.gno	Remaining gov emission accumulator repeat-1000 claim-866	execution-segment-repricing	2609550	2624078	14528	0	0	0	14881	0	0	0	0	0	14.528	14.528	0.000000	+0.000015	+0.000015
gov_staker_remaining_emission_accumulator_filetest.gno	Remaining gov emission accumulator repeat-1000 claim-867	execution-segment-repricing	2604701	2619229	14528	0	0	0	14881	0	0	0	0	0	14.528	14.528	0.000000	+0.000015	+0.000015
gov_staker_remaining_emission_accumulator_filetest.gno	Remaining gov emission accumulator repeat-1000 claim-868	execution-segment-repricing	2609550	2624078	14528	0	0	0	14881	0	0	0	0	0	14.528	14.528	0.000000	+0.000015	+0.000015
gov_staker_remaining_emission_accumulator_filetest.gno	Remaining gov emission accumulator repeat-1000 claim-869	execution-segment-repricing	2609063	2623591	14528	0	0	0	14881	0	0	0	0	0	14.528	14.528	0.000000	+0.000015	+0.000015
gov_staker_remaining_emission_accumulator_filetest.gno	Remaining gov emission accumulator repeat-1000 claim-870	execution-segment-repricing	2609550	2624078	14528	0	0	0	14881	0	0	0	0	0	14.528	14.528	0.000000	+0.000015	+0.000015
gov_staker_remaining_emission_accumulator_filetest.gno	Remaining gov emission accumulator repeat-1000 claim-871	execution-segment-repricing	2609550	2624078	14528	0	0	0	14881	0	0	0	0	0	14.528	14.528	0.000000	+0.000015	+0.000015
gov_staker_remaining_emission_accumulator_filetest.gno	Remaining gov emission accumulator repeat-1000 claim-872	execution-segment-repricing	2610037	2624565	14528	0	0	0	14881	0	0	0	0	0	14.528	14.528	0.000000	+0.000015	+0.000015
gov_staker_remaining_emission_accumulator_filetest.gno	Remaining gov emission accumulator repeat-1000 claim-873	execution-segment-repricing	2606255	2620783	14528	0	0	0	14881	0	0	0	0	0	14.528	14.528	0.000000	+0.000015	+0.000015
gov_staker_remaining_emission_accumulator_filetest.gno	Remaining gov emission accumulator repeat-1000 claim-874	execution-segment-repricing	2609550	2624078	14528	0	0	0	14881	0	0	0	0	0	14.528	14.528	0.000000	+0.000015	+0.000015
gov_staker_remaining_emission_accumulator_filetest.gno	Remaining gov emission accumulator repeat-1000 claim-875	execution-segment-repricing	2609550	2624078	14528	0	0	0	14881	0	0	0	0	0	14.528	14.528	0.000000	+0.000015	+0.000015
gov_staker_remaining_emission_accumulator_filetest.gno	Remaining gov emission accumulator repeat-1000 claim-876	execution-segment-repricing	2609063	2623591	14528	0	0	0	14881	0	0	0	0	0	14.528	14.528	0.000000	+0.000015	+0.000015
gov_staker_remaining_emission_accumulator_filetest.gno	Remaining gov emission accumulator repeat-1000 claim-877	execution-segment-repricing	2609550	2624078	14528	0	0	0	14881	0	0	0	0	0	14.528	14.528	0.000000	+0.000015	+0.000015
gov_staker_remaining_emission_accumulator_filetest.gno	Remaining gov emission accumulator repeat-1000 claim-878	execution-segment-repricing	2609550	2624078	14528	0	0	0	14881	0	0	0	0	0	14.528	14.528	0.000000	+0.000015	+0.000015
gov_staker_remaining_emission_accumulator_filetest.gno	Remaining gov emission accumulator repeat-1000 claim-879	execution-segment-repricing	2610037	2624565	14528	0	0	0	14881	0	0	0	0	0	14.528	14.528	0.000000	+0.000015	+0.000015
gov_staker_remaining_emission_accumulator_filetest.gno	Remaining gov emission accumulator repeat-1000 claim-880	execution-segment-repricing	2609550	2624078	14528	0	0	0	14881	0	0	0	0	0	14.528	14.528	0.000000	+0.000015	+0.000015
gov_staker_remaining_emission_accumulator_filetest.gno	Remaining gov emission accumulator repeat-1000 claim-881	execution-segment-repricing	2610037	2624565	14528	0	0	0	14881	0	0	0	0	0	14.528	14.528	0.000000	+0.000015	+0.000015
gov_staker_remaining_emission_accumulator_filetest.gno	Remaining gov emission accumulator repeat-1000 claim-882	execution-segment-repricing	2605768	2620296	14528	0	0	0	14881	0	0	0	0	0	14.528	14.528	0.000000	+0.000015	+0.000015
gov_staker_remaining_emission_accumulator_filetest.gno	Remaining gov emission accumulator repeat-1000 claim-883	execution-segment-repricing	2609063	2623591	14528	0	0	0	14881	0	0	0	0	0	14.528	14.528	0.000000	+0.000015	+0.000015
gov_staker_remaining_emission_accumulator_filetest.gno	Remaining gov emission accumulator repeat-1000 claim-884	execution-segment-repricing	2605768	2620296	14528	0	0	0	14881	0	0	0	0	0	14.528	14.528	0.000000	+0.000015	+0.000015
gov_staker_remaining_emission_accumulator_filetest.gno	Remaining gov emission accumulator repeat-1000 claim-885	execution-segment-repricing	2609550	2624078	14528	0	0	0	14881	0	0	0	0	0	14.528	14.528	0.000000	+0.000015	+0.000015
gov_staker_remaining_emission_accumulator_filetest.gno	Remaining gov emission accumulator repeat-1000 claim-886	execution-segment-repricing	2609550	2624078	14528	0	0	0	14881	0	0	0	0	0	14.528	14.528	0.000000	+0.000015	+0.000015
gov_staker_remaining_emission_accumulator_filetest.gno	Remaining gov emission accumulator repeat-1000 claim-887	execution-segment-repricing	2609550	2624078	14528	0	0	0	14881	0	0	0	0	0	14.528	14.528	0.000000	+0.000015	+0.000015
gov_staker_remaining_emission_accumulator_filetest.gno	Remaining gov emission accumulator repeat-1000 claim-888	execution-segment-repricing	2609550	2624078	14528	0	0	0	14881	0	0	0	0	0	14.528	14.528	0.000000	+0.000015	+0.000015
gov_staker_remaining_emission_accumulator_filetest.gno	Remaining gov emission accumulator repeat-1000 claim-889	execution-segment-repricing	2605768	2620296	14528	0	0	0	14881	0	0	0	0	0	14.528	14.528	0.000000	+0.000015	+0.000015
gov_staker_remaining_emission_accumulator_filetest.gno	Remaining gov emission accumulator repeat-1000 claim-890	execution-segment-repricing	2609550	2624078	14528	0	0	0	14881	0	0	0	0	0	14.528	14.528	0.000000	+0.000015	+0.000015
gov_staker_remaining_emission_accumulator_filetest.gno	Remaining gov emission accumulator repeat-1000 claim-891	execution-segment-repricing	2609063	2623591	14528	0	0	0	14881	0	0	0	0	0	14.528	14.528	0.000000	+0.000015	+0.000015
gov_staker_remaining_emission_accumulator_filetest.gno	Remaining gov emission accumulator repeat-1000 claim-892	execution-segment-repricing	2609550	2624078	14528	0	0	0	14881	0	0	0	0	0	14.528	14.528	0.000000	+0.000015	+0.000015
gov_staker_remaining_emission_accumulator_filetest.gno	Remaining gov emission accumulator repeat-1000 claim-893	execution-segment-repricing	2609063	2623591	14528	0	0	0	14881	0	0	0	0	0	14.528	14.528	0.000000	+0.000015	+0.000015
gov_staker_remaining_emission_accumulator_filetest.gno	Remaining gov emission accumulator repeat-1000 claim-894	execution-segment-repricing	2609550	2624078	14528	0	0	0	14881	0	0	0	0	0	14.528	14.528	0.000000	+0.000015	+0.000015
gov_staker_remaining_emission_accumulator_filetest.gno	Remaining gov emission accumulator repeat-1000 claim-895	execution-segment-repricing	2604701	2619229	14528	0	0	0	14881	0	0	0	0	0	14.528	14.528	0.000000	+0.000015	+0.000015
gov_staker_remaining_emission_accumulator_filetest.gno	Remaining gov emission accumulator repeat-1000 claim-896	execution-segment-repricing	2605768	2620296	14528	0	0	0	14881	0	0	0	0	0	14.528	14.528	0.000000	+0.000015	+0.000015
gov_staker_remaining_emission_accumulator_filetest.gno	Remaining gov emission accumulator repeat-1000 claim-897	execution-segment-repricing	2609063	2623591	14528	0	0	0	14881	0	0	0	0	0	14.528	14.528	0.000000	+0.000015	+0.000015
gov_staker_remaining_emission_accumulator_filetest.gno	Remaining gov emission accumulator repeat-1000 claim-898	execution-segment-repricing	2609550	2624078	14528	0	0	0	14881	0	0	0	0	0	14.528	14.528	0.000000	+0.000015	+0.000015
gov_staker_remaining_emission_accumulator_filetest.gno	Remaining gov emission accumulator repeat-1000 claim-899	execution-segment-repricing	2610037	2624565	14528	0	0	0	14881	0	0	0	0	0	14.528	14.528	0.000000	+0.000015	+0.000015
gov_staker_remaining_emission_accumulator_filetest.gno	Remaining gov emission accumulator repeat-1000 claim-900	execution-segment-repricing	2609063	2623591	14528	0	0	0	14881	0	0	0	0	0	14.528	14.528	0.000000	+0.000015	+0.000015
gov_staker_remaining_emission_accumulator_filetest.gno	Remaining gov emission accumulator repeat-1000 claim-901	execution-segment-repricing	2609550	2624078	14528	0	0	0	14881	0	0	0	0	0	14.528	14.528	0.000000	+0.000015	+0.000015
gov_staker_remaining_emission_accumulator_filetest.gno	Remaining gov emission accumulator repeat-1000 claim-902	execution-segment-repricing	2609063	2623591	14528	0	0	0	14881	0	0	0	0	0	14.528	14.528	0.000000	+0.000015	+0.000015
gov_staker_remaining_emission_accumulator_filetest.gno	Remaining gov emission accumulator repeat-1000 claim-903	execution-segment-repricing	2605768	2620296	14528	0	0	0	14881	0	0	0	0	0	14.528	14.528	0.000000	+0.000015	+0.000015
gov_staker_remaining_emission_accumulator_filetest.gno	Remaining gov emission accumulator repeat-1000 claim-904	execution-segment-repricing	2605281	2619809	14528	0	0	0	14881	0	0	0	0	0	14.528	14.528	0.000000	+0.000015	+0.000015
gov_staker_remaining_emission_accumulator_filetest.gno	Remaining gov emission accumulator repeat-1000 claim-905	execution-segment-repricing	2609550	2624078	14528	0	0	0	14881	0	0	0	0	0	14.528	14.528	0.000000	+0.000015	+0.000015
gov_staker_remaining_emission_accumulator_filetest.gno	Remaining gov emission accumulator repeat-1000 claim-906	execution-segment-repricing	2609550	2624078	14528	0	0	0	14881	0	0	0	0	0	14.528	14.528	0.000000	+0.000015	+0.000015
gov_staker_remaining_emission_accumulator_filetest.gno	Remaining gov emission accumulator repeat-1000 claim-907	execution-segment-repricing	2609550	2624078	14528	0	0	0	14881	0	0	0	0	0	14.528	14.528	0.000000	+0.000015	+0.000015
gov_staker_remaining_emission_accumulator_filetest.gno	Remaining gov emission accumulator repeat-1000 claim-908	execution-segment-repricing	2610037	2624565	14528	0	0	0	14881	0	0	0	0	0	14.528	14.528	0.000000	+0.000015	+0.000015
gov_staker_remaining_emission_accumulator_filetest.gno	Remaining gov emission accumulator repeat-1000 claim-909	execution-segment-repricing	2609550	2624078	14528	0	0	0	14881	0	0	0	0	0	14.528	14.528	0.000000	+0.000015	+0.000015
gov_staker_remaining_emission_accumulator_filetest.gno	Remaining gov emission accumulator repeat-1000 claim-910	execution-segment-repricing	2609550	2624078	14528	0	0	0	14881	0	0	0	0	0	14.528	14.528	0.000000	+0.000015	+0.000015
gov_staker_remaining_emission_accumulator_filetest.gno	Remaining gov emission accumulator repeat-1000 claim-911	execution-segment-repricing	2608576	2623104	14528	0	0	0	14881	0	0	0	0	0	14.528	14.528	0.000000	+0.000015	+0.000015
gov_staker_remaining_emission_accumulator_filetest.gno	Remaining gov emission accumulator repeat-1000 claim-912	execution-segment-repricing	2609063	2623591	14528	0	0	0	14881	0	0	0	0	0	14.528	14.528	0.000000	+0.000015	+0.000015
gov_staker_remaining_emission_accumulator_filetest.gno	Remaining gov emission accumulator repeat-1000 claim-913	execution-segment-repricing	2608576	2623104	14528	0	0	0	14881	0	0	0	0	0	14.528	14.528	0.000000	+0.000015	+0.000015
gov_staker_remaining_emission_accumulator_filetest.gno	Remaining gov emission accumulator repeat-1000 claim-914	execution-segment-repricing	2609550	2624078	14528	0	0	0	14881	0	0	0	0	0	14.528	14.528	0.000000	+0.000015	+0.000015
gov_staker_remaining_emission_accumulator_filetest.gno	Remaining gov emission accumulator repeat-1000 claim-915	execution-segment-repricing	2606255	2620783	14528	0	0	0	14881	0	0	0	0	0	14.528	14.528	0.000000	+0.000015	+0.000015
gov_staker_remaining_emission_accumulator_filetest.gno	Remaining gov emission accumulator repeat-1000 claim-916	execution-segment-repricing	2609550	2624078	14528	0	0	0	14881	0	0	0	0	0	14.528	14.528	0.000000	+0.000015	+0.000015
gov_staker_remaining_emission_accumulator_filetest.gno	Remaining gov emission accumulator repeat-1000 claim-917	execution-segment-repricing	2610037	2624565	14528	0	0	0	14881	0	0	0	0	0	14.528	14.528	0.000000	+0.000015	+0.000015
gov_staker_remaining_emission_accumulator_filetest.gno	Remaining gov emission accumulator repeat-1000 claim-918	execution-segment-repricing	2605768	2620296	14528	0	0	0	14881	0	0	0	0	0	14.528	14.528	0.000000	+0.000015	+0.000015
gov_staker_remaining_emission_accumulator_filetest.gno	Remaining gov emission accumulator repeat-1000 claim-919	execution-segment-repricing	2609550	2624078	14528	0	0	0	14881	0	0	0	0	0	14.528	14.528	0.000000	+0.000015	+0.000015
gov_staker_remaining_emission_accumulator_filetest.gno	Remaining gov emission accumulator repeat-1000 claim-920	execution-segment-repricing	2608576	2623104	14528	0	0	0	14881	0	0	0	0	0	14.528	14.528	0.000000	+0.000015	+0.000015
gov_staker_remaining_emission_accumulator_filetest.gno	Remaining gov emission accumulator repeat-1000 claim-921	execution-segment-repricing	2609550	2624078	14528	0	0	0	14881	0	0	0	0	0	14.528	14.528	0.000000	+0.000015	+0.000015
gov_staker_remaining_emission_accumulator_filetest.gno	Remaining gov emission accumulator repeat-1000 claim-922	execution-segment-repricing	2609550	2624078	14528	0	0	0	14881	0	0	0	0	0	14.528	14.528	0.000000	+0.000015	+0.000015
gov_staker_remaining_emission_accumulator_filetest.gno	Remaining gov emission accumulator repeat-1000 claim-923	execution-segment-repricing	2609550	2624078	14528	0	0	0	14881	0	0	0	0	0	14.528	14.528	0.000000	+0.000015	+0.000015
gov_staker_remaining_emission_accumulator_filetest.gno	Remaining gov emission accumulator repeat-1000 claim-924	execution-segment-repricing	2609550	2624078	14528	0	0	0	14881	0	0	0	0	0	14.528	14.528	0.000000	+0.000015	+0.000015
gov_staker_remaining_emission_accumulator_filetest.gno	Remaining gov emission accumulator repeat-1000 claim-925	execution-segment-repricing	2605768	2620296	14528	0	0	0	14881	0	0	0	0	0	14.528	14.528	0.000000	+0.000015	+0.000015
gov_staker_remaining_emission_accumulator_filetest.gno	Remaining gov emission accumulator repeat-1000 claim-926	execution-segment-repricing	2605768	2620296	14528	0	0	0	14881	0	0	0	0	0	14.528	14.528	0.000000	+0.000015	+0.000015
gov_staker_remaining_emission_accumulator_filetest.gno	Remaining gov emission accumulator repeat-1000 claim-927	execution-segment-repricing	2609063	2623591	14528	0	0	0	14881	0	0	0	0	0	14.528	14.528	0.000000	+0.000015	+0.000015
gov_staker_remaining_emission_accumulator_filetest.gno	Remaining gov emission accumulator repeat-1000 claim-928	execution-segment-repricing	2609550	2624078	14528	0	0	0	14881	0	0	0	0	0	14.528	14.528	0.000000	+0.000015	+0.000015
gov_staker_remaining_emission_accumulator_filetest.gno	Remaining gov emission accumulator repeat-1000 claim-929	execution-segment-repricing	2609063	2623591	14528	0	0	0	14881	0	0	0	0	0	14.528	14.528	0.000000	+0.000015	+0.000015
gov_staker_remaining_emission_accumulator_filetest.gno	Remaining gov emission accumulator repeat-1000 claim-930	execution-segment-repricing	2609550	2624078	14528	0	0	0	14881	0	0	0	0	0	14.528	14.528	0.000000	+0.000015	+0.000015
gov_staker_remaining_emission_accumulator_filetest.gno	Remaining gov emission accumulator repeat-1000 claim-931	execution-segment-repricing	2609550	2624078	14528	0	0	0	14881	0	0	0	0	0	14.528	14.528	0.000000	+0.000015	+0.000015
gov_staker_remaining_emission_accumulator_filetest.gno	Remaining gov emission accumulator repeat-1000 claim-932	execution-segment-repricing	2605768	2620296	14528	0	0	0	14881	0	0	0	0	0	14.528	14.528	0.000000	+0.000015	+0.000015
gov_staker_remaining_emission_accumulator_filetest.gno	Remaining gov emission accumulator repeat-1000 claim-933	execution-segment-repricing	2609063	2623591	14528	0	0	0	14881	0	0	0	0	0	14.528	14.528	0.000000	+0.000015	+0.000015
gov_staker_remaining_emission_accumulator_filetest.gno	Remaining gov emission accumulator repeat-1000 claim-934	execution-segment-repricing	2609063	2623591	14528	0	0	0	14881	0	0	0	0	0	14.528	14.528	0.000000	+0.000015	+0.000015
gov_staker_remaining_emission_accumulator_filetest.gno	Remaining gov emission accumulator repeat-1000 claim-935	execution-segment-repricing	2609063	2623591	14528	0	0	0	14881	0	0	0	0	0	14.528	14.528	0.000000	+0.000015	+0.000015
gov_staker_remaining_emission_accumulator_filetest.gno	Remaining gov emission accumulator repeat-1000 claim-936	execution-segment-repricing	2609550	2624078	14528	0	0	0	14881	0	0	0	0	0	14.528	14.528	0.000000	+0.000015	+0.000015
gov_staker_remaining_emission_accumulator_filetest.gno	Remaining gov emission accumulator repeat-1000 claim-937	execution-segment-repricing	2605768	2620296	14528	0	0	0	14881	0	0	0	0	0	14.528	14.528	0.000000	+0.000015	+0.000015
gov_staker_remaining_emission_accumulator_filetest.gno	Remaining gov emission accumulator repeat-1000 claim-938	execution-segment-repricing	2609063	2623591	14528	0	0	0	14881	0	0	0	0	0	14.528	14.528	0.000000	+0.000015	+0.000015
gov_staker_remaining_emission_accumulator_filetest.gno	Remaining gov emission accumulator repeat-1000 claim-939	execution-segment-repricing	2606255	2620783	14528	0	0	0	14881	0	0	0	0	0	14.528	14.528	0.000000	+0.000015	+0.000015
gov_staker_remaining_emission_accumulator_filetest.gno	Remaining gov emission accumulator repeat-1000 claim-940	execution-segment-repricing	2608576	2623104	14528	0	0	0	14881	0	0	0	0	0	14.528	14.528	0.000000	+0.000015	+0.000015
gov_staker_remaining_emission_accumulator_filetest.gno	Remaining gov emission accumulator repeat-1000 claim-941	execution-segment-repricing	2609550	2624078	14528	0	0	0	14881	0	0	0	0	0	14.528	14.528	0.000000	+0.000015	+0.000015
gov_staker_remaining_emission_accumulator_filetest.gno	Remaining gov emission accumulator repeat-1000 claim-942	execution-segment-repricing	2609550	2624078	14528	0	0	0	14881	0	0	0	0	0	14.528	14.528	0.000000	+0.000015	+0.000015
gov_staker_remaining_emission_accumulator_filetest.gno	Remaining gov emission accumulator repeat-1000 claim-943	execution-segment-repricing	2609550	2624078	14528	0	0	0	14881	0	0	0	0	0	14.528	14.528	0.000000	+0.000015	+0.000015
gov_staker_remaining_emission_accumulator_filetest.gno	Remaining gov emission accumulator repeat-1000 claim-944	execution-segment-repricing	2610037	2624565	14528	0	0	0	14881	0	0	0	0	0	14.528	14.528	0.000000	+0.000015	+0.000015
gov_staker_remaining_emission_accumulator_filetest.gno	Remaining gov emission accumulator repeat-1000 claim-945	execution-segment-repricing	2610037	2624565	14528	0	0	0	14881	0	0	0	0	0	14.528	14.528	0.000000	+0.000015	+0.000015
gov_staker_remaining_emission_accumulator_filetest.gno	Remaining gov emission accumulator repeat-1000 claim-946	execution-segment-repricing	2609550	2624078	14528	0	0	0	14881	0	0	0	0	0	14.528	14.528	0.000000	+0.000015	+0.000015
gov_staker_remaining_emission_accumulator_filetest.gno	Remaining gov emission accumulator repeat-1000 claim-947	execution-segment-repricing	2609063	2623591	14528	0	0	0	14881	0	0	0	0	0	14.528	14.528	0.000000	+0.000015	+0.000015
gov_staker_remaining_emission_accumulator_filetest.gno	Remaining gov emission accumulator repeat-1000 claim-948	execution-segment-repricing	2605768	2620296	14528	0	0	0	14881	0	0	0	0	0	14.528	14.528	0.000000	+0.000015	+0.000015
gov_staker_remaining_emission_accumulator_filetest.gno	Remaining gov emission accumulator repeat-1000 claim-949	execution-segment-repricing	2609550	2624078	14528	0	0	0	14881	0	0	0	0	0	14.528	14.528	0.000000	+0.000015	+0.000015
gov_staker_remaining_emission_accumulator_filetest.gno	Remaining gov emission accumulator repeat-1000 claim-950	execution-segment-repricing	2609550	2624078	14528	0	0	0	14881	0	0	0	0	0	14.528	14.528	0.000000	+0.000015	+0.000015
gov_staker_remaining_emission_accumulator_filetest.gno	Remaining gov emission accumulator repeat-1000 claim-951	execution-segment-repricing	2609550	2624078	14528	0	0	0	14881	0	0	0	0	0	14.528	14.528	0.000000	+0.000015	+0.000015
gov_staker_remaining_emission_accumulator_filetest.gno	Remaining gov emission accumulator repeat-1000 claim-952	execution-segment-repricing	2610037	2624565	14528	0	0	0	14881	0	0	0	0	0	14.528	14.528	0.000000	+0.000015	+0.000015
gov_staker_remaining_emission_accumulator_filetest.gno	Remaining gov emission accumulator repeat-1000 claim-953	execution-segment-repricing	2610037	2624565	14528	0	0	0	14881	0	0	0	0	0	14.528	14.528	0.000000	+0.000015	+0.000015
gov_staker_remaining_emission_accumulator_filetest.gno	Remaining gov emission accumulator repeat-1000 claim-954	execution-segment-repricing	2609550	2624078	14528	0	0	0	14881	0	0	0	0	0	14.528	14.528	0.000000	+0.000015	+0.000015
gov_staker_remaining_emission_accumulator_filetest.gno	Remaining gov emission accumulator repeat-1000 claim-955	execution-segment-repricing	2609063	2623591	14528	0	0	0	14881	0	0	0	0	0	14.528	14.528	0.000000	+0.000015	+0.000015
gov_staker_remaining_emission_accumulator_filetest.gno	Remaining gov emission accumulator repeat-1000 claim-956	execution-segment-repricing	2609063	2623591	14528	0	0	0	14881	0	0	0	0	0	14.528	14.528	0.000000	+0.000015	+0.000015
gov_staker_remaining_emission_accumulator_filetest.gno	Remaining gov emission accumulator repeat-1000 claim-957	execution-segment-repricing	2609063	2623591	14528	0	0	0	14881	0	0	0	0	0	14.528	14.528	0.000000	+0.000015	+0.000015
gov_staker_remaining_emission_accumulator_filetest.gno	Remaining gov emission accumulator repeat-1000 claim-958	execution-segment-repricing	2609550	2624078	14528	0	0	0	14881	0	0	0	0	0	14.528	14.528	0.000000	+0.000015	+0.000015
gov_staker_remaining_emission_accumulator_filetest.gno	Remaining gov emission accumulator repeat-1000 claim-959	execution-segment-repricing	2606255	2620783	14528	0	0	0	14881	0	0	0	0	0	14.528	14.528	0.000000	+0.000015	+0.000015
gov_staker_remaining_emission_accumulator_filetest.gno	Remaining gov emission accumulator repeat-1000 claim-960	execution-segment-repricing	2610037	2624565	14528	0	0	0	14881	0	0	0	0	0	14.528	14.528	0.000000	+0.000015	+0.000015
gov_staker_remaining_emission_accumulator_filetest.gno	Remaining gov emission accumulator repeat-1000 claim-961	execution-segment-repricing	2606255	2620783	14528	0	0	0	14881	0	0	0	0	0	14.528	14.528	0.000000	+0.000015	+0.000015
gov_staker_remaining_emission_accumulator_filetest.gno	Remaining gov emission accumulator repeat-1000 claim-962	execution-segment-repricing	2609550	2624078	14528	0	0	0	14881	0	0	0	0	0	14.528	14.528	0.000000	+0.000015	+0.000015
gov_staker_remaining_emission_accumulator_filetest.gno	Remaining gov emission accumulator repeat-1000 claim-963	execution-segment-repricing	2609550	2624078	14528	0	0	0	14881	0	0	0	0	0	14.528	14.528	0.000000	+0.000015	+0.000015
gov_staker_remaining_emission_accumulator_filetest.gno	Remaining gov emission accumulator repeat-1000 claim-964	execution-segment-repricing	2609063	2623591	14528	0	0	0	14881	0	0	0	0	0	14.528	14.528	0.000000	+0.000015	+0.000015
gov_staker_remaining_emission_accumulator_filetest.gno	Remaining gov emission accumulator repeat-1000 claim-965	execution-segment-repricing	2609550	2624078	14528	0	0	0	14881	0	0	0	0	0	14.528	14.528	0.000000	+0.000015	+0.000015
gov_staker_remaining_emission_accumulator_filetest.gno	Remaining gov emission accumulator repeat-1000 claim-966	execution-segment-repricing	2609550	2624078	14528	0	0	0	14881	0	0	0	0	0	14.528	14.528	0.000000	+0.000015	+0.000015
gov_staker_remaining_emission_accumulator_filetest.gno	Remaining gov emission accumulator repeat-1000 claim-967	execution-segment-repricing	2609550	2624078	14528	0	0	0	14881	0	0	0	0	0	14.528	14.528	0.000000	+0.000015	+0.000015
gov_staker_remaining_emission_accumulator_filetest.gno	Remaining gov emission accumulator repeat-1000 claim-968	execution-segment-repricing	2602473	2617001	14528	0	0	0	14881	0	0	0	0	0	14.528	14.528	0.000000	+0.000015	+0.000015
gov_staker_remaining_emission_accumulator_filetest.gno	Remaining gov emission accumulator repeat-1000 claim-969	execution-segment-repricing	2609550	2624078	14528	0	0	0	14881	0	0	0	0	0	14.528	14.528	0.000000	+0.000015	+0.000015
gov_staker_remaining_emission_accumulator_filetest.gno	Remaining gov emission accumulator repeat-1000 claim-970	execution-segment-repricing	2604701	2619229	14528	0	0	0	14881	0	0	0	0	0	14.528	14.528	0.000000	+0.000015	+0.000015
gov_staker_remaining_emission_accumulator_filetest.gno	Remaining gov emission accumulator repeat-1000 claim-971	execution-segment-repricing	2609550	2624078	14528	0	0	0	14881	0	0	0	0	0	14.528	14.528	0.000000	+0.000015	+0.000015
gov_staker_remaining_emission_accumulator_filetest.gno	Remaining gov emission accumulator repeat-1000 claim-972	execution-segment-repricing	2609550	2624078	14528	0	0	0	14881	0	0	0	0	0	14.528	14.528	0.000000	+0.000015	+0.000015
gov_staker_remaining_emission_accumulator_filetest.gno	Remaining gov emission accumulator repeat-1000 claim-973	execution-segment-repricing	2609550	2624078	14528	0	0	0	14881	0	0	0	0	0	14.528	14.528	0.000000	+0.000015	+0.000015
gov_staker_remaining_emission_accumulator_filetest.gno	Remaining gov emission accumulator repeat-1000 claim-974	execution-segment-repricing	2609550	2624078	14528	0	0	0	14881	0	0	0	0	0	14.528	14.528	0.000000	+0.000015	+0.000015
gov_staker_remaining_emission_accumulator_filetest.gno	Remaining gov emission accumulator repeat-1000 claim-975	execution-segment-repricing	2605768	2620296	14528	0	0	0	14881	0	0	0	0	0	14.528	14.528	0.000000	+0.000015	+0.000015
gov_staker_remaining_emission_accumulator_filetest.gno	Remaining gov emission accumulator repeat-1000 claim-976	execution-segment-repricing	2609550	2624078	14528	0	0	0	14881	0	0	0	0	0	14.528	14.528	0.000000	+0.000015	+0.000015
gov_staker_remaining_emission_accumulator_filetest.gno	Remaining gov emission accumulator repeat-1000 claim-977	execution-segment-repricing	2609063	2623591	14528	0	0	0	14881	0	0	0	0	0	14.528	14.528	0.000000	+0.000015	+0.000015
gov_staker_remaining_emission_accumulator_filetest.gno	Remaining gov emission accumulator repeat-1000 claim-978	execution-segment-repricing	2609550	2624078	14528	0	0	0	14881	0	0	0	0	0	14.528	14.528	0.000000	+0.000015	+0.000015
gov_staker_remaining_emission_accumulator_filetest.gno	Remaining gov emission accumulator repeat-1000 claim-979	execution-segment-repricing	2605768	2620296	14528	0	0	0	14881	0	0	0	0	0	14.528	14.528	0.000000	+0.000015	+0.000015
gov_staker_remaining_emission_accumulator_filetest.gno	Remaining gov emission accumulator repeat-1000 claim-980	execution-segment-repricing	2609550	2624078	14528	0	0	0	14881	0	0	0	0	0	14.528	14.528	0.000000	+0.000015	+0.000015
gov_staker_remaining_emission_accumulator_filetest.gno	Remaining gov emission accumulator repeat-1000 claim-981	execution-segment-repricing	2609550	2624078	14528	0	0	0	14881	0	0	0	0	0	14.528	14.528	0.000000	+0.000015	+0.000015
gov_staker_remaining_emission_accumulator_filetest.gno	Remaining gov emission accumulator repeat-1000 claim-982	execution-segment-repricing	2609550	2624078	14528	0	0	0	14881	0	0	0	0	0	14.528	14.528	0.000000	+0.000015	+0.000015
gov_staker_remaining_emission_accumulator_filetest.gno	Remaining gov emission accumulator repeat-1000 claim-983	execution-segment-repricing	2609063	2623591	14528	0	0	0	14881	0	0	0	0	0	14.528	14.528	0.000000	+0.000015	+0.000015
gov_staker_remaining_emission_accumulator_filetest.gno	Remaining gov emission accumulator repeat-1000 claim-984	execution-segment-repricing	2609063	2623591	14528	0	0	0	14881	0	0	0	0	0	14.528	14.528	0.000000	+0.000015	+0.000015
gov_staker_remaining_emission_accumulator_filetest.gno	Remaining gov emission accumulator repeat-1000 claim-985	execution-segment-repricing	2609550	2624078	14528	0	0	0	14881	0	0	0	0	0	14.528	14.528	0.000000	+0.000015	+0.000015
gov_staker_remaining_emission_accumulator_filetest.gno	Remaining gov emission accumulator repeat-1000 claim-986	execution-segment-repricing	2609063	2623591	14528	0	0	0	14881	0	0	0	0	0	14.528	14.528	0.000000	+0.000015	+0.000015
gov_staker_remaining_emission_accumulator_filetest.gno	Remaining gov emission accumulator repeat-1000 claim-987	execution-segment-repricing	2609550	2624078	14528	0	0	0	14881	0	0	0	0	0	14.528	14.528	0.000000	+0.000015	+0.000015
gov_staker_remaining_emission_accumulator_filetest.gno	Remaining gov emission accumulator repeat-1000 claim-988	execution-segment-repricing	2609063	2623591	14528	0	0	0	14881	0	0	0	0	0	14.528	14.528	0.000000	+0.000015	+0.000015
gov_staker_remaining_emission_accumulator_filetest.gno	Remaining gov emission accumulator repeat-1000 claim-989	execution-segment-repricing	2610037	2624565	14528	0	0	0	14881	0	0	0	0	0	14.528	14.528	0.000000	+0.000015	+0.000015
gov_staker_remaining_emission_accumulator_filetest.gno	Remaining gov emission accumulator repeat-1000 claim-990	execution-segment-repricing	2605768	2620296	14528	0	0	0	14881	0	0	0	0	0	14.528	14.528	0.000000	+0.000015	+0.000015
gov_staker_remaining_emission_accumulator_filetest.gno	Remaining gov emission accumulator repeat-1000 claim-991	execution-segment-repricing	2609063	2623591	14528	0	0	0	14881	0	0	0	0	0	14.528	14.528	0.000000	+0.000015	+0.000015
gov_staker_remaining_emission_accumulator_filetest.gno	Remaining gov emission accumulator repeat-1000 claim-992	execution-segment-repricing	2609550	2624078	14528	0	0	0	14881	0	0	0	0	0	14.528	14.528	0.000000	+0.000015	+0.000015
gov_staker_remaining_emission_accumulator_filetest.gno	Remaining gov emission accumulator repeat-1000 claim-993	execution-segment-repricing	2609063	2623591	14528	0	0	0	14881	0	0	0	0	0	14.528	14.528	0.000000	+0.000015	+0.000015
gov_staker_remaining_emission_accumulator_filetest.gno	Remaining gov emission accumulator repeat-1000 claim-994	execution-segment-repricing	2609550	2624078	14528	0	0	0	14881	0	0	0	0	0	14.528	14.528	0.000000	+0.000015	+0.000015
gov_staker_remaining_emission_accumulator_filetest.gno	Remaining gov emission accumulator repeat-1000 claim-995	execution-segment-repricing	2609063	2623591	14528	0	0	0	14881	0	0	0	0	0	14.528	14.528	0.000000	+0.000015	+0.000015
gov_staker_remaining_emission_accumulator_filetest.gno	Remaining gov emission accumulator repeat-1000 claim-996	execution-segment-repricing	2610037	2624565	14528	0	0	0	14881	0	0	0	0	0	14.528	14.528	0.000000	+0.000015	+0.000015
gov_staker_remaining_emission_accumulator_filetest.gno	Remaining gov emission accumulator repeat-1000 claim-997	execution-segment-repricing	2605281	2619809	14528	0	0	0	14881	0	0	0	0	0	14.528	14.528	0.000000	+0.000015	+0.000015
gov_staker_remaining_emission_accumulator_filetest.gno	Remaining gov emission accumulator repeat-1000 claim-998	execution-segment-repricing	2609550	2624078	14528	0	0	0	14881	0	0	0	0	0	14.528	14.528	0.000000	+0.000015	+0.000015
gov_staker_remaining_emission_accumulator_filetest.gno	Remaining gov emission accumulator repeat-1000 claim-999	execution-segment-repricing	2609063	2623591	14528	0	0	0	14881	0	0	0	0	0	14.528	14.528	0.000000	+0.000015	+0.000015
gov_staker_remaining_emission_accumulator_filetest.gno	Remaining gov emission accumulator repeat-1000 claim-1000	execution-segment-repricing	2609063	2623591	14528	0	0	0	14881	0	0	0	0	0	14.528	14.528	0.000000	+0.000015	+0.000015
gov_staker_remaining_emission_accumulator_filetest.gno	Remaining gov emission accumulator no-new-reward claim	execution-segment-repricing	1464989	1479931	14942	0	0	0	14881	0	0	0	0	0	14.942	14.942	0.000000	+0.000015	+0.000015
gov_staker_remaining_emission_accumulator_filetest.gno	Remaining gov emission accumulator lifecycle undelegate	execution-segment-repricing	3047250	3069915	22665	1636	1636	0	22945	163600	163600	0	0	0	22.665	22.665	0.000000	+0.000023	+0.000023
gov_staker_remaining_emission_accumulator_filetest.gno	Remaining gov emission accumulator lifecycle withdraw	execution-segment-repricing	4769237	4769237	0	-6664	-6664	0	0	0	0	666400	666400	0	0	0	0.000000	0.000000	0.000000
gov_staker_remaining_emission_accumulator_filetest.gno	Remaining gov emission accumulator lifecycle restake	execution-segment-repricing	3747360	3770025	22665	6866	6866	0	22945	686600	686600	0	0	0	22.665	22.665	0.000000	+0.000023	+0.000023
gov_staker_remaining_fee_accumulator_filetest.gno	Remaining gov fee accumulator delegate allocation	execution-segment-repricing	3098401	3128951	30550	38282	38282	0	31009	3828200	3828200	0	0	0	30.55	30.55	0.000000	+0.000031	+0.000031
gov_staker_remaining_fee_accumulator_filetest.gno	Remaining gov fee accumulator tokens-1	execution-segment-repricing	3674639	3712987	38348	378	-21	-399	37910	249900	210000	212100	212100	-39900	38.348	-39861.652	-0.039900	+0.000038	-0.039862
gov_staker_remaining_fee_accumulator_filetest.gno	Remaining gov fee accumulator tokens-2	execution-segment-repricing	5902047	5969577	67530	-1860	-2259	-399	65484	238200	198300	424200	424200	-39900	67.53	-39832.47	-0.039900	+0.000068	-0.039832
gov_staker_remaining_fee_accumulator_filetest.gno	Remaining gov fee accumulator tokens-3	execution-segment-repricing	8177318	8273754	96436	-3992	-4391	-399	93058	238200	198300	637400	637400	-39900	96.436	-39803.564	-0.039900	+0.000096	-0.039804
gov_staker_remaining_fee_accumulator_filetest.gno	Remaining gov fee accumulator tokens-4	execution-segment-repricing	10463003	10588069	125066	-6122	-6521	-399	120632	238200	198300	850400	850400	-39900	125.066	-39774.934	-0.039900	+0.000125	-0.039775
gov_staker_remaining_fee_accumulator_filetest.gno	Remaining gov fee accumulator repeat-1 claim-1	execution-segment-repricing	10470911	10609202	138291	-8518	-8518	0	133168	0	0	851800	851800	0	138.291	138.291	0.000000	+0.000138	+0.000138
gov_staker_remaining_fee_accumulator_filetest.gno	Remaining gov fee accumulator repeat-10 claim-1	execution-segment-repricing	10467892	10606183	138291	-8525	-8525	0	133168	0	0	852500	852500	0	138.291	138.291	0.000000	+0.000138	+0.000138
gov_staker_remaining_fee_accumulator_filetest.gno	Remaining gov fee accumulator repeat-10 claim-2	execution-segment-repricing	10471898	10610189	138291	-8525	-8525	0	133168	0	0	852500	852500	0	138.291	138.291	0.000000	+0.000138	+0.000138
gov_staker_remaining_fee_accumulator_filetest.gno	Remaining gov fee accumulator repeat-10 claim-3	execution-segment-repricing	10471411	10609702	138291	-8525	-8525	0	133168	0	0	852500	852500	0	138.291	138.291	0.000000	+0.000138	+0.000138
gov_staker_remaining_fee_accumulator_filetest.gno	Remaining gov fee accumulator repeat-10 claim-4	execution-segment-repricing	10471411	10609702	138291	-8525	-8525	0	133168	0	0	852500	852500	0	138.291	138.291	0.000000	+0.000138	+0.000138
gov_staker_remaining_fee_accumulator_filetest.gno	Remaining gov fee accumulator repeat-10 claim-5	execution-segment-repricing	10471947	10610238	138291	-8525	-8525	0	133168	0	0	852500	852500	0	138.291	138.291	0.000000	+0.000138	+0.000138
gov_staker_remaining_fee_accumulator_filetest.gno	Remaining gov fee accumulator repeat-10 claim-6	execution-segment-repricing	10472970	10611261	138291	-8525	-8525	0	133168	0	0	852500	852500	0	138.291	138.291	0.000000	+0.000138	+0.000138
gov_staker_remaining_fee_accumulator_filetest.gno	Remaining gov fee accumulator repeat-10 claim-7	execution-segment-repricing	10471185	10609476	138291	-8525	-8525	0	133168	0	0	852500	852500	0	138.291	138.291	0.000000	+0.000138	+0.000138
gov_staker_remaining_fee_accumulator_filetest.gno	Remaining gov fee accumulator repeat-10 claim-8	execution-segment-repricing	10475503	10613794	138291	-8525	-8525	0	133168	0	0	852500	852500	0	138.291	138.291	0.000000	+0.000138	+0.000138
gov_staker_remaining_fee_accumulator_filetest.gno	Remaining gov fee accumulator repeat-10 claim-9	execution-segment-repricing	10478798	10617089	138291	-8525	-8525	0	133168	0	0	852500	852500	0	138.291	138.291	0.000000	+0.000138	+0.000138
gov_staker_remaining_fee_accumulator_filetest.gno	Remaining gov fee accumulator repeat-10 claim-10	execution-segment-repricing	10471234	10609525	138291	-8525	-8525	0	133168	0	0	852500	852500	0	138.291	138.291	0.000000	+0.000138	+0.000138
gov_staker_remaining_fee_accumulator_filetest.gno	Remaining gov fee accumulator repeat-100 claim-1	execution-segment-repricing	10474792	10613083	138291	-8525	-8525	0	133168	0	0	852500	852500	0	138.291	138.291	0.000000	+0.000138	+0.000138
gov_staker_remaining_fee_accumulator_filetest.gno	Remaining gov fee accumulator repeat-100 claim-2	execution-segment-repricing	10475016	10613307	138291	-8525	-8525	0	133168	0	0	852500	852500	0	138.291	138.291	0.000000	+0.000138	+0.000138
gov_staker_remaining_fee_accumulator_filetest.gno	Remaining gov fee accumulator repeat-100 claim-3	execution-segment-repricing	10472208	10610499	138291	-8525	-8525	0	133168	0	0	852500	852500	0	138.291	138.291	0.000000	+0.000138	+0.000138
gov_staker_remaining_fee_accumulator_filetest.gno	Remaining gov fee accumulator repeat-100 claim-4	execution-segment-repricing	10479772	10618063	138291	-8525	-8525	0	133168	0	0	852500	852500	0	138.291	138.291	0.000000	+0.000138	+0.000138
gov_staker_remaining_fee_accumulator_filetest.gno	Remaining gov fee accumulator repeat-100 claim-5	execution-segment-repricing	10475990	10614281	138291	-8525	-8525	0	133168	0	0	852500	852500	0	138.291	138.291	0.000000	+0.000138	+0.000138
gov_staker_remaining_fee_accumulator_filetest.gno	Remaining gov fee accumulator repeat-100 claim-6	execution-segment-repricing	10471721	10610012	138291	-8525	-8525	0	133168	0	0	852500	852500	0	138.291	138.291	0.000000	+0.000138	+0.000138
gov_staker_remaining_fee_accumulator_filetest.gno	Remaining gov fee accumulator repeat-100 claim-7	execution-segment-repricing	10475016	10613307	138291	-8525	-8525	0	133168	0	0	852500	852500	0	138.291	138.291	0.000000	+0.000138	+0.000138
gov_staker_remaining_fee_accumulator_filetest.gno	Remaining gov fee accumulator repeat-100 claim-8	execution-segment-repricing	10474529	10612820	138291	-8525	-8525	0	133168	0	0	852500	852500	0	138.291	138.291	0.000000	+0.000138	+0.000138
gov_staker_remaining_fee_accumulator_filetest.gno	Remaining gov fee accumulator repeat-100 claim-9	execution-segment-repricing	10475016	10613307	138291	-8525	-8525	0	133168	0	0	852500	852500	0	138.291	138.291	0.000000	+0.000138	+0.000138
gov_staker_remaining_fee_accumulator_filetest.gno	Remaining gov fee accumulator repeat-100 claim-10	execution-segment-repricing	10475503	10613794	138291	-8525	-8525	0	133168	0	0	852500	852500	0	138.291	138.291	0.000000	+0.000138	+0.000138
gov_staker_remaining_fee_accumulator_filetest.gno	Remaining gov fee accumulator repeat-100 claim-11	execution-segment-repricing	10475016	10613307	138291	-8525	-8525	0	133168	0	0	852500	852500	0	138.291	138.291	0.000000	+0.000138	+0.000138
gov_staker_remaining_fee_accumulator_filetest.gno	Remaining gov fee accumulator repeat-100 claim-12	execution-segment-repricing	10475061	10613352	138291	-8531	-8531	0	133168	0	0	853100	853100	0	138.291	138.291	0.000000	+0.000138	+0.000138
gov_staker_remaining_fee_accumulator_filetest.gno	Remaining gov fee accumulator repeat-100 claim-13	execution-segment-repricing	10477914	10616205	138291	-8543	-8543	0	133168	0	0	854300	854300	0	138.291	138.291	0.000000	+0.000138	+0.000138
gov_staker_remaining_fee_accumulator_filetest.gno	Remaining gov fee accumulator repeat-100 claim-14	execution-segment-repricing	10481741	10620032	138291	-8555	-8555	0	133168	0	0	855500	855500	0	138.291	138.291	0.000000	+0.000138	+0.000138
gov_staker_remaining_fee_accumulator_filetest.gno	Remaining gov fee accumulator repeat-100 claim-15	execution-segment-repricing	10495832	10634123	138291	-8567	-8567	0	133168	0	0	856700	856700	0	138.291	138.291	0.000000	+0.000138	+0.000138
gov_staker_remaining_fee_accumulator_filetest.gno	Remaining gov fee accumulator repeat-100 claim-16	execution-segment-repricing	10513660	10651951	138291	-8573	-8573	0	133168	0	0	857300	857300	0	138.291	138.291	0.000000	+0.000138	+0.000138
gov_staker_remaining_fee_accumulator_filetest.gno	Remaining gov fee accumulator repeat-100 claim-17	execution-segment-repricing	10531488	10669779	138291	-8573	-8573	0	133168	0	0	857300	857300	0	138.291	138.291	0.000000	+0.000138	+0.000138
gov_staker_remaining_fee_accumulator_filetest.gno	Remaining gov fee accumulator repeat-100 claim-18	execution-segment-repricing	10547855	10686146	138291	-8573	-8573	0	133168	0	0	857300	857300	0	138.291	138.291	0.000000	+0.000138	+0.000138
gov_staker_remaining_fee_accumulator_filetest.gno	Remaining gov fee accumulator repeat-100 claim-19	execution-segment-repricing	10551637	10689928	138291	-8573	-8573	0	133168	0	0	857300	857300	0	138.291	138.291	0.000000	+0.000138	+0.000138
gov_staker_remaining_fee_accumulator_filetest.gno	Remaining gov fee accumulator repeat-100 claim-20	execution-segment-repricing	10547855	10686146	138291	-8573	-8573	0	133168	0	0	857300	857300	0	138.291	138.291	0.000000	+0.000138	+0.000138
gov_staker_remaining_fee_accumulator_filetest.gno	Remaining gov fee accumulator repeat-100 claim-21	execution-segment-repricing	10547855	10686146	138291	-8573	-8573	0	133168	0	0	857300	857300	0	138.291	138.291	0.000000	+0.000138	+0.000138
gov_staker_remaining_fee_accumulator_filetest.gno	Remaining gov fee accumulator repeat-100 claim-22	execution-segment-repricing	10548829	10687120	138291	-8573	-8573	0	133168	0	0	857300	857300	0	138.291	138.291	0.000000	+0.000138	+0.000138
gov_staker_remaining_fee_accumulator_filetest.gno	Remaining gov fee accumulator repeat-100 claim-23	execution-segment-repricing	10548829	10687120	138291	-8573	-8573	0	133168	0	0	857300	857300	0	138.291	138.291	0.000000	+0.000138	+0.000138
gov_staker_remaining_fee_accumulator_filetest.gno	Remaining gov fee accumulator repeat-100 claim-24	execution-segment-repricing	10551637	10689928	138291	-8573	-8573	0	133168	0	0	857300	857300	0	138.291	138.291	0.000000	+0.000138	+0.000138
gov_staker_remaining_fee_accumulator_filetest.gno	Remaining gov fee accumulator repeat-100 claim-25	execution-segment-repricing	10551150	10689441	138291	-8573	-8573	0	133168	0	0	857300	857300	0	138.291	138.291	0.000000	+0.000138	+0.000138
gov_staker_remaining_fee_accumulator_filetest.gno	Remaining gov fee accumulator repeat-100 claim-26	execution-segment-repricing	10550663	10688954	138291	-8573	-8573	0	133168	0	0	857300	857300	0	138.291	138.291	0.000000	+0.000138	+0.000138
gov_staker_remaining_fee_accumulator_filetest.gno	Remaining gov fee accumulator repeat-100 claim-27	execution-segment-repricing	10550663	10688954	138291	-8573	-8573	0	133168	0	0	857300	857300	0	138.291	138.291	0.000000	+0.000138	+0.000138
gov_staker_remaining_fee_accumulator_filetest.gno	Remaining gov fee accumulator repeat-100 claim-28	execution-segment-repricing	10551853	10689928	138075	-8523	-8573	-50	133168	5000	0	857300	857300	-5000	138.075	-4861.925	-0.005000	+0.000138	-0.004862
gov_staker_remaining_fee_accumulator_filetest.gno	Remaining gov fee accumulator repeat-100 claim-29	execution-segment-repricing	10552376	10690415	138039	-8573	-8573	0	133168	0	0	857300	857300	0	138.039	138.039	0.000000	+0.000138	+0.000138
gov_staker_remaining_fee_accumulator_filetest.gno	Remaining gov fee accumulator repeat-100 claim-30	execution-segment-repricing	10552863	10690902	138039	-8573	-8573	0	133168	0	0	857300	857300	0	138.039	138.039	0.000000	+0.000138	+0.000138
gov_staker_remaining_fee_accumulator_filetest.gno	Remaining gov fee accumulator repeat-100 claim-31	execution-segment-repricing	10552376	10690415	138039	-8573	-8573	0	133168	0	0	857300	857300	0	138.039	138.039	0.000000	+0.000138	+0.000138
gov_staker_remaining_fee_accumulator_filetest.gno	Remaining gov fee accumulator repeat-100 claim-32	execution-segment-repricing	10552376	10690415	138039	-8573	-8573	0	133168	0	0	857300	857300	0	138.039	138.039	0.000000	+0.000138	+0.000138
gov_staker_remaining_fee_accumulator_filetest.gno	Remaining gov fee accumulator repeat-100 claim-33	execution-segment-repricing	10551889	10689928	138039	-8573	-8573	0	133168	0	0	857300	857300	0	138.039	138.039	0.000000	+0.000138	+0.000138
gov_staker_remaining_fee_accumulator_filetest.gno	Remaining gov fee accumulator repeat-100 claim-34	execution-segment-repricing	10551889	10689928	138039	-8573	-8573	0	133168	0	0	857300	857300	0	138.039	138.039	0.000000	+0.000138	+0.000138
gov_staker_remaining_fee_accumulator_filetest.gno	Remaining gov fee accumulator repeat-100 claim-35	execution-segment-repricing	10551889	10689928	138039	-8573	-8573	0	133168	0	0	857300	857300	0	138.039	138.039	0.000000	+0.000138	+0.000138
gov_staker_remaining_fee_accumulator_filetest.gno	Remaining gov fee accumulator repeat-100 claim-36	execution-segment-repricing	10551889	10689928	138039	-8573	-8573	0	133168	0	0	857300	857300	0	138.039	138.039	0.000000	+0.000138	+0.000138
gov_staker_remaining_fee_accumulator_filetest.gno	Remaining gov fee accumulator repeat-100 claim-37	execution-segment-repricing	10552376	10690415	138039	-8573	-8573	0	133168	0	0	857300	857300	0	138.039	138.039	0.000000	+0.000138	+0.000138
gov_staker_remaining_fee_accumulator_filetest.gno	Remaining gov fee accumulator repeat-100 claim-38	execution-segment-repricing	10551889	10689928	138039	-8573	-8573	0	133168	0	0	857300	857300	0	138.039	138.039	0.000000	+0.000138	+0.000138
gov_staker_remaining_fee_accumulator_filetest.gno	Remaining gov fee accumulator repeat-100 claim-39	execution-segment-repricing	10552376	10690415	138039	-8573	-8573	0	133168	0	0	857300	857300	0	138.039	138.039	0.000000	+0.000138	+0.000138
gov_staker_remaining_fee_accumulator_filetest.gno	Remaining gov fee accumulator repeat-100 claim-40	execution-segment-repricing	10551889	10689928	138039	-8573	-8573	0	133168	0	0	857300	857300	0	138.039	138.039	0.000000	+0.000138	+0.000138
gov_staker_remaining_fee_accumulator_filetest.gno	Remaining gov fee accumulator repeat-100 claim-41	execution-segment-repricing	10551889	10689961	138072	-8573	-8563	10	133168	0	1000	857300	857300	1000	138.072	1138.072	+0.001000	+0.000138	+0.001138
gov_staker_remaining_fee_accumulator_filetest.gno	Remaining gov fee accumulator repeat-100 claim-42	execution-segment-repricing	10552376	10690601	138225	-8573	-8548	25	133168	0	2500	857300	857300	2500	138.225	2638.225	+0.002500	+0.000138	+0.002638
gov_staker_remaining_fee_accumulator_filetest.gno	Remaining gov fee accumulator repeat-100 claim-43	execution-segment-repricing	10551889	10690135	138246	-8573	-8573	0	133168	0	0	857300	857300	0	138.246	138.246	0.000000	+0.000138	+0.000138
gov_staker_remaining_fee_accumulator_filetest.gno	Remaining gov fee accumulator repeat-100 claim-44	execution-segment-repricing	10552376	10690622	138246	-8573	-8573	0	133168	0	0	857300	857300	0	138.246	138.246	0.000000	+0.000138	+0.000138
gov_staker_remaining_fee_accumulator_filetest.gno	Remaining gov fee accumulator repeat-100 claim-45	execution-segment-repricing	10551889	10690135	138246	-8573	-8573	0	133168	0	0	857300	857300	0	138.246	138.246	0.000000	+0.000138	+0.000138
gov_staker_remaining_fee_accumulator_filetest.gno	Remaining gov fee accumulator repeat-100 claim-46	execution-segment-repricing	10551889	10690135	138246	-8573	-8573	0	133168	0	0	857300	857300	0	138.246	138.246	0.000000	+0.000138	+0.000138
gov_staker_remaining_fee_accumulator_filetest.gno	Remaining gov fee accumulator repeat-100 claim-47	execution-segment-repricing	10552376	10690622	138246	-8573	-8573	0	133168	0	0	857300	857300	0	138.246	138.246	0.000000	+0.000138	+0.000138
gov_staker_remaining_fee_accumulator_filetest.gno	Remaining gov fee accumulator repeat-100 claim-48	execution-segment-repricing	10552376	10690622	138246	-8573	-8573	0	133168	0	0	857300	857300	0	138.246	138.246	0.000000	+0.000138	+0.000138
gov_staker_remaining_fee_accumulator_filetest.gno	Remaining gov fee accumulator repeat-100 claim-49	execution-segment-repricing	10552863	10691109	138246	-8573	-8573	0	133168	0	0	857300	857300	0	138.246	138.246	0.000000	+0.000138	+0.000138
gov_staker_remaining_fee_accumulator_filetest.gno	Remaining gov fee accumulator repeat-100 claim-50	execution-segment-repricing	10552376	10690622	138246	-8573	-8573	0	133168	0	0	857300	857300	0	138.246	138.246	0.000000	+0.000138	+0.000138
gov_staker_remaining_fee_accumulator_filetest.gno	Remaining gov fee accumulator repeat-100 claim-51	execution-segment-repricing	10551889	10690135	138246	-8573	-8573	0	133168	0	0	857300	857300	0	138.246	138.246	0.000000	+0.000138	+0.000138
gov_staker_remaining_fee_accumulator_filetest.gno	Remaining gov fee accumulator repeat-100 claim-52	execution-segment-repricing	10551889	10690135	138246	-8573	-8573	0	133168	0	0	857300	857300	0	138.246	138.246	0.000000	+0.000138	+0.000138
gov_staker_remaining_fee_accumulator_filetest.gno	Remaining gov fee accumulator repeat-100 claim-53	execution-segment-repricing	10551889	10690135	138246	-8573	-8573	0	133168	0	0	857300	857300	0	138.246	138.246	0.000000	+0.000138	+0.000138
gov_staker_remaining_fee_accumulator_filetest.gno	Remaining gov fee accumulator repeat-100 claim-54	execution-segment-repricing	10552376	10690622	138246	-8573	-8573	0	133168	0	0	857300	857300	0	138.246	138.246	0.000000	+0.000138	+0.000138
gov_staker_remaining_fee_accumulator_filetest.gno	Remaining gov fee accumulator repeat-100 claim-55	execution-segment-repricing	10552863	10691109	138246	-8573	-8573	0	133168	0	0	857300	857300	0	138.246	138.246	0.000000	+0.000138	+0.000138
gov_staker_remaining_fee_accumulator_filetest.gno	Remaining gov fee accumulator repeat-100 claim-56	execution-segment-repricing	10552376	10690622	138246	-8573	-8573	0	133168	0	0	857300	857300	0	138.246	138.246	0.000000	+0.000138	+0.000138
gov_staker_remaining_fee_accumulator_filetest.gno	Remaining gov fee accumulator repeat-100 claim-57	execution-segment-repricing	10547527	10685773	138246	-8573	-8573	0	133168	0	0	857300	857300	0	138.246	138.246	0.000000	+0.000138	+0.000138
gov_staker_remaining_fee_accumulator_filetest.gno	Remaining gov fee accumulator repeat-100 claim-58	execution-segment-repricing	10547040	10685286	138246	-8573	-8573	0	133168	0	0	857300	857300	0	138.246	138.246	0.000000	+0.000138	+0.000138
gov_staker_remaining_fee_accumulator_filetest.gno	Remaining gov fee accumulator repeat-100 claim-59	execution-segment-repricing	10547040	10685286	138246	-8573	-8573	0	133168	0	0	857300	857300	0	138.246	138.246	0.000000	+0.000138	+0.000138
gov_staker_remaining_fee_accumulator_filetest.gno	Remaining gov fee accumulator repeat-100 claim-60	execution-segment-repricing	10547040	10685286	138246	-8573	-8573	0	133168	0	0	857300	857300	0	138.246	138.246	0.000000	+0.000138	+0.000138
gov_staker_remaining_fee_accumulator_filetest.gno	Remaining gov fee accumulator repeat-100 claim-61	execution-segment-repricing	10551889	10690135	138246	-8573	-8573	0	133168	0	0	857300	857300	0	138.246	138.246	0.000000	+0.000138	+0.000138
gov_staker_remaining_fee_accumulator_filetest.gno	Remaining gov fee accumulator repeat-100 claim-62	execution-segment-repricing	10548603	10686849	138246	-8573	-8573	0	133168	0	0	857300	857300	0	138.246	138.246	0.000000	+0.000138	+0.000138
gov_staker_remaining_fee_accumulator_filetest.gno	Remaining gov fee accumulator repeat-100 claim-63	execution-segment-repricing	10548116	10686362	138246	-8573	-8573	0	133168	0	0	857300	857300	0	138.246	138.246	0.000000	+0.000138	+0.000138
gov_staker_remaining_fee_accumulator_filetest.gno	Remaining gov fee accumulator repeat-100 claim-64	execution-segment-repricing	10548603	10686849	138246	-8573	-8573	0	133168	0	0	857300	857300	0	138.246	138.246	0.000000	+0.000138	+0.000138
gov_staker_remaining_fee_accumulator_filetest.gno	Remaining gov fee accumulator repeat-100 claim-65	execution-segment-repricing	10548116	10686362	138246	-8573	-8573	0	133168	0	0	857300	857300	0	138.246	138.246	0.000000	+0.000138	+0.000138
gov_staker_remaining_fee_accumulator_filetest.gno	Remaining gov fee accumulator repeat-100 claim-66	execution-segment-repricing	10551898	10690144	138246	-8573	-8573	0	133168	0	0	857300	857300	0	138.246	138.246	0.000000	+0.000138	+0.000138
gov_staker_remaining_fee_accumulator_filetest.gno	Remaining gov fee accumulator repeat-100 claim-67	execution-segment-repricing	10548603	10686849	138246	-8573	-8573	0	133168	0	0	857300	857300	0	138.246	138.246	0.000000	+0.000138	+0.000138
gov_staker_remaining_fee_accumulator_filetest.gno	Remaining gov fee accumulator repeat-100 claim-68	execution-segment-repricing	10543754	10682000	138246	-8573	-8573	0	133168	0	0	857300	857300	0	138.246	138.246	0.000000	+0.000138	+0.000138
gov_staker_remaining_fee_accumulator_filetest.gno	Remaining gov fee accumulator repeat-100 claim-69	execution-segment-repricing	10544241	10682487	138246	-8573	-8573	0	133168	0	0	857300	857300	0	138.246	138.246	0.000000	+0.000138	+0.000138
gov_staker_remaining_fee_accumulator_filetest.gno	Remaining gov fee accumulator repeat-100 claim-70	execution-segment-repricing	10543754	10682000	138246	-8573	-8573	0	133168	0	0	857300	857300	0	138.246	138.246	0.000000	+0.000138	+0.000138
gov_staker_remaining_fee_accumulator_filetest.gno	Remaining gov fee accumulator repeat-100 claim-71	execution-segment-repricing	10543754	10682000	138246	-8573	-8573	0	133168	0	0	857300	857300	0	138.246	138.246	0.000000	+0.000138	+0.000138
gov_staker_remaining_fee_accumulator_filetest.gno	Remaining gov fee accumulator repeat-100 claim-72	execution-segment-repricing	10544821	10683067	138246	-8573	-8573	0	133168	0	0	857300	857300	0	138.246	138.246	0.000000	+0.000138	+0.000138
gov_staker_remaining_fee_accumulator_filetest.gno	Remaining gov fee accumulator repeat-100 claim-73	execution-segment-repricing	10544821	10683067	138246	-8573	-8573	0	133168	0	0	857300	857300	0	138.246	138.246	0.000000	+0.000138	+0.000138
gov_staker_remaining_fee_accumulator_filetest.gno	Remaining gov fee accumulator repeat-100 claim-74	execution-segment-repricing	10542013	10680259	138246	-8573	-8573	0	133168	0	0	857300	857300	0	138.246	138.246	0.000000	+0.000138	+0.000138
gov_staker_remaining_fee_accumulator_filetest.gno	Remaining gov fee accumulator repeat-100 claim-75	execution-segment-repricing	10545795	10684041	138246	-8573	-8573	0	133168	0	0	857300	857300	0	138.246	138.246	0.000000	+0.000138	+0.000138
gov_staker_remaining_fee_accumulator_filetest.gno	Remaining gov fee accumulator repeat-100 claim-76	execution-segment-repricing	10549090	10687336	138246	-8573	-8573	0	133168	0	0	857300	857300	0	138.246	138.246	0.000000	+0.000138	+0.000138
gov_staker_remaining_fee_accumulator_filetest.gno	Remaining gov fee accumulator repeat-100 claim-77	execution-segment-repricing	10541526	10679772	138246	-8573	-8573	0	133168	0	0	857300	857300	0	138.246	138.246	0.000000	+0.000138	+0.000138
gov_staker_remaining_fee_accumulator_filetest.gno	Remaining gov fee accumulator repeat-100 claim-78	execution-segment-repricing	10544334	10682580	138246	-8573	-8573	0	133168	0	0	857300	857300	0	138.246	138.246	0.000000	+0.000138	+0.000138
gov_staker_remaining_fee_accumulator_filetest.gno	Remaining gov fee accumulator repeat-100 claim-79	execution-segment-repricing	10544334	10682580	138246	-8573	-8573	0	133168	0	0	857300	857300	0	138.246	138.246	0.000000	+0.000138	+0.000138
gov_staker_remaining_fee_accumulator_filetest.gno	Remaining gov fee accumulator repeat-100 claim-80	execution-segment-repricing	10541526	10679772	138246	-8573	-8573	0	133168	0	0	857300	857300	0	138.246	138.246	0.000000	+0.000138	+0.000138
gov_staker_remaining_fee_accumulator_filetest.gno	Remaining gov fee accumulator repeat-100 claim-81	execution-segment-repricing	10549090	10687336	138246	-8573	-8573	0	133168	0	0	857300	857300	0	138.246	138.246	0.000000	+0.000138	+0.000138
gov_staker_remaining_fee_accumulator_filetest.gno	Remaining gov fee accumulator repeat-100 claim-82	execution-segment-repricing	10545795	10684041	138246	-8573	-8573	0	133168	0	0	857300	857300	0	138.246	138.246	0.000000	+0.000138	+0.000138
gov_staker_remaining_fee_accumulator_filetest.gno	Remaining gov fee accumulator repeat-100 claim-83	execution-segment-repricing	10541526	10679772	138246	-8573	-8573	0	133168	0	0	857300	857300	0	138.246	138.246	0.000000	+0.000138	+0.000138
gov_staker_remaining_fee_accumulator_filetest.gno	Remaining gov fee accumulator repeat-100 claim-84	execution-segment-repricing	10544821	10683067	138246	-8573	-8573	0	133168	0	0	857300	857300	0	138.246	138.246	0.000000	+0.000138	+0.000138
gov_staker_remaining_fee_accumulator_filetest.gno	Remaining gov fee accumulator repeat-100 claim-85	execution-segment-repricing	10547586	10685832	138246	-8573	-8573	0	133168	0	0	857300	857300	0	138.246	138.246	0.000000	+0.000138	+0.000138
gov_staker_remaining_fee_accumulator_filetest.gno	Remaining gov fee accumulator repeat-100 claim-86	execution-segment-repricing	10551325	10689571	138246	-8573	-8573	0	133168	0	0	857300	857300	0	138.246	138.246	0.000000	+0.000138	+0.000138
gov_staker_remaining_fee_accumulator_filetest.gno	Remaining gov fee accumulator repeat-100 claim-87	execution-segment-repricing	10555064	10693310	138246	-8573	-8573	0	133168	0	0	857300	857300	0	138.246	138.246	0.000000	+0.000138	+0.000138
gov_staker_remaining_fee_accumulator_filetest.gno	Remaining gov fee accumulator repeat-100 claim-88	execution-segment-repricing	10558316	10696562	138246	-8573	-8573	0	133168	0	0	857300	857300	0	138.246	138.246	0.000000	+0.000138	+0.000138
gov_staker_remaining_fee_accumulator_filetest.gno	Remaining gov fee accumulator repeat-100 claim-89	execution-segment-repricing	10555021	10693267	138246	-8573	-8573	0	133168	0	0	857300	857300	0	138.246	138.246	0.000000	+0.000138	+0.000138
gov_staker_remaining_fee_accumulator_filetest.gno	Remaining gov fee accumulator repeat-100 claim-90	execution-segment-repricing	10557829	10696075	138246	-8573	-8573	0	133168	0	0	857300	857300	0	138.246	138.246	0.000000	+0.000138	+0.000138
gov_staker_remaining_fee_accumulator_filetest.gno	Remaining gov fee accumulator repeat-100 claim-91	execution-segment-repricing	10561611	10699857	138246	-8573	-8573	0	133168	0	0	857300	857300	0	138.246	138.246	0.000000	+0.000138	+0.000138
gov_staker_remaining_fee_accumulator_filetest.gno	Remaining gov fee accumulator repeat-100 claim-92	execution-segment-repricing	10561124	10699370	138246	-8573	-8573	0	133168	0	0	857300	857300	0	138.246	138.246	0.000000	+0.000138	+0.000138
gov_staker_remaining_fee_accumulator_filetest.gno	Remaining gov fee accumulator repeat-100 claim-93	execution-segment-repricing	10564906	10703152	138246	-8573	-8573	0	133168	0	0	857300	857300	0	138.246	138.246	0.000000	+0.000138	+0.000138
gov_staker_remaining_fee_accumulator_filetest.gno	Remaining gov fee accumulator repeat-100 claim-94	execution-segment-repricing	10565393	10703639	138246	-8573	-8573	0	133168	0	0	857300	857300	0	138.246	138.246	0.000000	+0.000138	+0.000138
gov_staker_remaining_fee_accumulator_filetest.gno	Remaining gov fee accumulator repeat-100 claim-95	execution-segment-repricing	10564419	10702665	138246	-8573	-8573	0	133168	0	0	857300	857300	0	138.246	138.246	0.000000	+0.000138	+0.000138
gov_staker_remaining_fee_accumulator_filetest.gno	Remaining gov fee accumulator repeat-100 claim-96	execution-segment-repricing	10564906	10703152	138246	-8573	-8573	0	133168	0	0	857300	857300	0	138.246	138.246	0.000000	+0.000138	+0.000138
gov_staker_remaining_fee_accumulator_filetest.gno	Remaining gov fee accumulator repeat-100 claim-97	execution-segment-repricing	10564419	10702665	138246	-8573	-8573	0	133168	0	0	857300	857300	0	138.246	138.246	0.000000	+0.000138	+0.000138
gov_staker_remaining_fee_accumulator_filetest.gno	Remaining gov fee accumulator repeat-100 claim-98	execution-segment-repricing	10564419	10702665	138246	-8573	-8573	0	133168	0	0	857300	857300	0	138.246	138.246	0.000000	+0.000138	+0.000138
gov_staker_remaining_fee_accumulator_filetest.gno	Remaining gov fee accumulator repeat-100 claim-99	execution-segment-repricing	10565393	10703639	138246	-8573	-8573	0	133168	0	0	857300	857300	0	138.246	138.246	0.000000	+0.000138	+0.000138
gov_staker_remaining_fee_accumulator_filetest.gno	Remaining gov fee accumulator repeat-100 claim-100	execution-segment-repricing	10565393	10703639	138246	-8573	-8573	0	133168	0	0	857300	857300	0	138.246	138.246	0.000000	+0.000138	+0.000138
gov_staker_remaining_fee_accumulator_filetest.gno	Remaining gov fee accumulator repeat-1000 claim-1	execution-segment-repricing	10565169	10703415	138246	-8573	-8573	0	133168	0	0	857300	857300	0	138.246	138.246	0.000000	+0.000138	+0.000138
gov_staker_remaining_fee_accumulator_filetest.gno	Remaining gov fee accumulator repeat-1000 claim-2	execution-segment-repricing	10564419	10702665	138246	-8573	-8573	0	133168	0	0	857300	857300	0	138.246	138.246	0.000000	+0.000138	+0.000138
gov_staker_remaining_fee_accumulator_filetest.gno	Remaining gov fee accumulator repeat-1000 claim-3	execution-segment-repricing	10563932	10702178	138246	-8573	-8573	0	133168	0	0	857300	857300	0	138.246	138.246	0.000000	+0.000138	+0.000138
gov_staker_remaining_fee_accumulator_filetest.gno	Remaining gov fee accumulator repeat-1000 claim-4	execution-segment-repricing	10563932	10702178	138246	-8573	-8573	0	133168	0	0	857300	857300	0	138.246	138.246	0.000000	+0.000138	+0.000138
gov_staker_remaining_fee_accumulator_filetest.gno	Remaining gov fee accumulator repeat-1000 claim-5	execution-segment-repricing	10564906	10703152	138246	-8573	-8573	0	133168	0	0	857300	857300	0	138.246	138.246	0.000000	+0.000138	+0.000138
gov_staker_remaining_fee_accumulator_filetest.gno	Remaining gov fee accumulator repeat-1000 claim-6	execution-segment-repricing	10565393	10703639	138246	-8573	-8573	0	133168	0	0	857300	857300	0	138.246	138.246	0.000000	+0.000138	+0.000138
gov_staker_remaining_fee_accumulator_filetest.gno	Remaining gov fee accumulator repeat-1000 claim-7	execution-segment-repricing	10565880	10704126	138246	-8573	-8573	0	133168	0	0	857300	857300	0	138.246	138.246	0.000000	+0.000138	+0.000138
gov_staker_remaining_fee_accumulator_filetest.gno	Remaining gov fee accumulator repeat-1000 claim-8	execution-segment-repricing	10565393	10703639	138246	-8573	-8573	0	133168	0	0	857300	857300	0	138.246	138.246	0.000000	+0.000138	+0.000138
gov_staker_remaining_fee_accumulator_filetest.gno	Remaining gov fee accumulator repeat-1000 claim-9	execution-segment-repricing	10565393	10703639	138246	-8573	-8573	0	133168	0	0	857300	857300	0	138.246	138.246	0.000000	+0.000138	+0.000138
gov_staker_remaining_fee_accumulator_filetest.gno	Remaining gov fee accumulator repeat-1000 claim-10	execution-segment-repricing	10564906	10703152	138246	-8573	-8573	0	133168	0	0	857300	857300	0	138.246	138.246	0.000000	+0.000138	+0.000138
gov_staker_remaining_fee_accumulator_filetest.gno	Remaining gov fee accumulator repeat-1000 claim-11	execution-segment-repricing	10564906	10703152	138246	-8573	-8573	0	133168	0	0	857300	857300	0	138.246	138.246	0.000000	+0.000138	+0.000138
gov_staker_remaining_fee_accumulator_filetest.gno	Remaining gov fee accumulator repeat-1000 claim-12	execution-segment-repricing	10564906	10703152	138246	-8573	-8573	0	133168	0	0	857300	857300	0	138.246	138.246	0.000000	+0.000138	+0.000138
gov_staker_remaining_fee_accumulator_filetest.gno	Remaining gov fee accumulator repeat-1000 claim-13	execution-segment-repricing	10564906	10703152	138246	-8573	-8573	0	133168	0	0	857300	857300	0	138.246	138.246	0.000000	+0.000138	+0.000138
gov_staker_remaining_fee_accumulator_filetest.gno	Remaining gov fee accumulator repeat-1000 claim-14	execution-segment-repricing	10565393	10703639	138246	-8573	-8573	0	133168	0	0	857300	857300	0	138.246	138.246	0.000000	+0.000138	+0.000138
gov_staker_remaining_fee_accumulator_filetest.gno	Remaining gov fee accumulator repeat-1000 claim-15	execution-segment-repricing	10564906	10703152	138246	-8573	-8573	0	133168	0	0	857300	857300	0	138.246	138.246	0.000000	+0.000138	+0.000138
gov_staker_remaining_fee_accumulator_filetest.gno	Remaining gov fee accumulator repeat-1000 claim-16	execution-segment-repricing	10565393	10703639	138246	-8573	-8573	0	133168	0	0	857300	857300	0	138.246	138.246	0.000000	+0.000138	+0.000138
gov_staker_remaining_fee_accumulator_filetest.gno	Remaining gov fee accumulator repeat-1000 claim-17	execution-segment-repricing	10564906	10703152	138246	-8573	-8573	0	133168	0	0	857300	857300	0	138.246	138.246	0.000000	+0.000138	+0.000138
gov_staker_remaining_fee_accumulator_filetest.gno	Remaining gov fee accumulator repeat-1000 claim-18	execution-segment-repricing	10564906	10703152	138246	-8573	-8573	0	133168	0	0	857300	857300	0	138.246	138.246	0.000000	+0.000138	+0.000138
gov_staker_remaining_fee_accumulator_filetest.gno	Remaining gov fee accumulator repeat-1000 claim-19	execution-segment-repricing	10565393	10703639	138246	-8573	-8573	0	133168	0	0	857300	857300	0	138.246	138.246	0.000000	+0.000138	+0.000138
gov_staker_remaining_fee_accumulator_filetest.gno	Remaining gov fee accumulator repeat-1000 claim-20	execution-segment-repricing	10565393	10703639	138246	-8573	-8573	0	133168	0	0	857300	857300	0	138.246	138.246	0.000000	+0.000138	+0.000138
gov_staker_remaining_fee_accumulator_filetest.gno	Remaining gov fee accumulator repeat-1000 claim-21	execution-segment-repricing	10565880	10704126	138246	-8573	-8573	0	133168	0	0	857300	857300	0	138.246	138.246	0.000000	+0.000138	+0.000138
gov_staker_remaining_fee_accumulator_filetest.gno	Remaining gov fee accumulator repeat-1000 claim-22	execution-segment-repricing	10565393	10703639	138246	-8573	-8573	0	133168	0	0	857300	857300	0	138.246	138.246	0.000000	+0.000138	+0.000138
gov_staker_remaining_fee_accumulator_filetest.gno	Remaining gov fee accumulator repeat-1000 claim-23	execution-segment-repricing	10565393	10703639	138246	-8573	-8573	0	133168	0	0	857300	857300	0	138.246	138.246	0.000000	+0.000138	+0.000138
gov_staker_remaining_fee_accumulator_filetest.gno	Remaining gov fee accumulator repeat-1000 claim-24	execution-segment-repricing	10565393	10703639	138246	-8573	-8573	0	133168	0	0	857300	857300	0	138.246	138.246	0.000000	+0.000138	+0.000138
gov_staker_remaining_fee_accumulator_filetest.gno	Remaining gov fee accumulator repeat-1000 claim-25	execution-segment-repricing	10565393	10703639	138246	-8573	-8573	0	133168	0	0	857300	857300	0	138.246	138.246	0.000000	+0.000138	+0.000138
gov_staker_remaining_fee_accumulator_filetest.gno	Remaining gov fee accumulator repeat-1000 claim-26	execution-segment-repricing	10565880	10704126	138246	-8573	-8573	0	133168	0	0	857300	857300	0	138.246	138.246	0.000000	+0.000138	+0.000138
gov_staker_remaining_fee_accumulator_filetest.gno	Remaining gov fee accumulator repeat-1000 claim-27	execution-segment-repricing	10565393	10703639	138246	-8573	-8573	0	133168	0	0	857300	857300	0	138.246	138.246	0.000000	+0.000138	+0.000138
gov_staker_remaining_fee_accumulator_filetest.gno	Remaining gov fee accumulator repeat-1000 claim-28	execution-segment-repricing	10564906	10703152	138246	-8573	-8573	0	133168	0	0	857300	857300	0	138.246	138.246	0.000000	+0.000138	+0.000138
gov_staker_remaining_fee_accumulator_filetest.gno	Remaining gov fee accumulator repeat-1000 claim-29	execution-segment-repricing	10560057	10698303	138246	-8573	-8573	0	133168	0	0	857300	857300	0	138.246	138.246	0.000000	+0.000138	+0.000138
gov_staker_remaining_fee_accumulator_filetest.gno	Remaining gov fee accumulator repeat-1000 claim-30	execution-segment-repricing	10560057	10698303	138246	-8573	-8573	0	133168	0	0	857300	857300	0	138.246	138.246	0.000000	+0.000138	+0.000138
gov_staker_remaining_fee_accumulator_filetest.gno	Remaining gov fee accumulator repeat-1000 claim-31	execution-segment-repricing	10560544	10698790	138246	-8573	-8573	0	133168	0	0	857300	857300	0	138.246	138.246	0.000000	+0.000138	+0.000138
gov_staker_remaining_fee_accumulator_filetest.gno	Remaining gov fee accumulator repeat-1000 claim-32	execution-segment-repricing	10561031	10699277	138246	-8573	-8573	0	133168	0	0	857300	857300	0	138.246	138.246	0.000000	+0.000138	+0.000138
gov_staker_remaining_fee_accumulator_filetest.gno	Remaining gov fee accumulator repeat-1000 claim-33	execution-segment-repricing	10565880	10704126	138246	-8573	-8573	0	133168	0	0	857300	857300	0	138.246	138.246	0.000000	+0.000138	+0.000138
gov_staker_remaining_fee_accumulator_filetest.gno	Remaining gov fee accumulator repeat-1000 claim-34	execution-segment-repricing	10562098	10700344	138246	-8573	-8573	0	133168	0	0	857300	857300	0	138.246	138.246	0.000000	+0.000138	+0.000138
gov_staker_remaining_fee_accumulator_filetest.gno	Remaining gov fee accumulator repeat-1000 claim-35	execution-segment-repricing	10561611	10699857	138246	-8573	-8573	0	133168	0	0	857300	857300	0	138.246	138.246	0.000000	+0.000138	+0.000138
gov_staker_remaining_fee_accumulator_filetest.gno	Remaining gov fee accumulator repeat-1000 claim-36	execution-segment-repricing	10561611	10699857	138246	-8573	-8573	0	133168	0	0	857300	857300	0	138.246	138.246	0.000000	+0.000138	+0.000138
gov_staker_remaining_fee_accumulator_filetest.gno	Remaining gov fee accumulator repeat-1000 claim-37	execution-segment-repricing	10561124	10699370	138246	-8573	-8573	0	133168	0	0	857300	857300	0	138.246	138.246	0.000000	+0.000138	+0.000138
gov_staker_remaining_fee_accumulator_filetest.gno	Remaining gov fee accumulator repeat-1000 claim-38	execution-segment-repricing	10564906	10703152	138246	-8573	-8573	0	133168	0	0	857300	857300	0	138.246	138.246	0.000000	+0.000138	+0.000138
gov_staker_remaining_fee_accumulator_filetest.gno	Remaining gov fee accumulator repeat-1000 claim-39	execution-segment-repricing	10561611	10699857	138246	-8573	-8573	0	133168	0	0	857300	857300	0	138.246	138.246	0.000000	+0.000138	+0.000138
gov_staker_remaining_fee_accumulator_filetest.gno	Remaining gov fee accumulator repeat-1000 claim-40	execution-segment-repricing	10561124	10699370	138246	-8573	-8573	0	133168	0	0	857300	857300	0	138.246	138.246	0.000000	+0.000138	+0.000138
gov_staker_remaining_fee_accumulator_filetest.gno	Remaining gov fee accumulator repeat-1000 claim-41	execution-segment-repricing	10561611	10699857	138246	-8573	-8573	0	133168	0	0	857300	857300	0	138.246	138.246	0.000000	+0.000138	+0.000138
gov_staker_remaining_fee_accumulator_filetest.gno	Remaining gov fee accumulator repeat-1000 claim-42	execution-segment-repricing	10561124	10699370	138246	-8573	-8573	0	133168	0	0	857300	857300	0	138.246	138.246	0.000000	+0.000138	+0.000138
gov_staker_remaining_fee_accumulator_filetest.gno	Remaining gov fee accumulator repeat-1000 claim-43	execution-segment-repricing	10564906	10703152	138246	-8573	-8573	0	133168	0	0	857300	857300	0	138.246	138.246	0.000000	+0.000138	+0.000138
gov_staker_remaining_fee_accumulator_filetest.gno	Remaining gov fee accumulator repeat-1000 claim-44	execution-segment-repricing	10561611	10699857	138246	-8573	-8573	0	133168	0	0	857300	857300	0	138.246	138.246	0.000000	+0.000138	+0.000138
gov_staker_remaining_fee_accumulator_filetest.gno	Remaining gov fee accumulator repeat-1000 claim-45	execution-segment-repricing	10561611	10699857	138246	-8573	-8573	0	133168	0	0	857300	857300	0	138.246	138.246	0.000000	+0.000138	+0.000138
gov_staker_remaining_fee_accumulator_filetest.gno	Remaining gov fee accumulator repeat-1000 claim-46	execution-segment-repricing	10562098	10700344	138246	-8573	-8573	0	133168	0	0	857300	857300	0	138.246	138.246	0.000000	+0.000138	+0.000138
gov_staker_remaining_fee_accumulator_filetest.gno	Remaining gov fee accumulator repeat-1000 claim-47	execution-segment-repricing	10561611	10699857	138246	-8573	-8573	0	133168	0	0	857300	857300	0	138.246	138.246	0.000000	+0.000138	+0.000138
gov_staker_remaining_fee_accumulator_filetest.gno	Remaining gov fee accumulator repeat-1000 claim-48	execution-segment-repricing	10560544	10698790	138246	-8573	-8573	0	133168	0	0	857300	857300	0	138.246	138.246	0.000000	+0.000138	+0.000138
gov_staker_remaining_fee_accumulator_filetest.gno	Remaining gov fee accumulator repeat-1000 claim-49	execution-segment-repricing	10556762	10695008	138246	-8573	-8573	0	133168	0	0	857300	857300	0	138.246	138.246	0.000000	+0.000138	+0.000138
gov_staker_remaining_fee_accumulator_filetest.gno	Remaining gov fee accumulator repeat-1000 claim-50	execution-segment-repricing	10556762	10695008	138246	-8573	-8573	0	133168	0	0	857300	857300	0	138.246	138.246	0.000000	+0.000138	+0.000138
gov_staker_remaining_fee_accumulator_filetest.gno	Remaining gov fee accumulator repeat-1000 claim-51	execution-segment-repricing	10553467	10691713	138246	-8573	-8573	0	133168	0	0	857300	857300	0	138.246	138.246	0.000000	+0.000138	+0.000138
gov_staker_remaining_fee_accumulator_filetest.gno	Remaining gov fee accumulator repeat-1000 claim-52	execution-segment-repricing	10558316	10696562	138246	-8573	-8573	0	133168	0	0	857300	857300	0	138.246	138.246	0.000000	+0.000138	+0.000138
gov_staker_remaining_fee_accumulator_filetest.gno	Remaining gov fee accumulator repeat-1000 claim-53	execution-segment-repricing	10561611	10699857	138246	-8573	-8573	0	133168	0	0	857300	857300	0	138.246	138.246	0.000000	+0.000138	+0.000138
gov_staker_remaining_fee_accumulator_filetest.gno	Remaining gov fee accumulator repeat-1000 claim-54	execution-segment-repricing	10554047	10692293	138246	-8573	-8573	0	133168	0	0	857300	857300	0	138.246	138.246	0.000000	+0.000138	+0.000138
gov_staker_remaining_fee_accumulator_filetest.gno	Remaining gov fee accumulator repeat-1000 claim-55	execution-segment-repricing	10557342	10695588	138246	-8573	-8573	0	133168	0	0	857300	857300	0	138.246	138.246	0.000000	+0.000138	+0.000138
gov_staker_remaining_fee_accumulator_filetest.gno	Remaining gov fee accumulator repeat-1000 claim-56	execution-segment-repricing	10557342	10695588	138246	-8573	-8573	0	133168	0	0	857300	857300	0	138.246	138.246	0.000000	+0.000138	+0.000138
gov_staker_remaining_fee_accumulator_filetest.gno	Remaining gov fee accumulator repeat-1000 claim-57	execution-segment-repricing	10554047	10692293	138246	-8573	-8573	0	133168	0	0	857300	857300	0	138.246	138.246	0.000000	+0.000138	+0.000138
gov_staker_remaining_fee_accumulator_filetest.gno	Remaining gov fee accumulator repeat-1000 claim-58	execution-segment-repricing	10561611	10699857	138246	-8573	-8573	0	133168	0	0	857300	857300	0	138.246	138.246	0.000000	+0.000138	+0.000138
gov_staker_remaining_fee_accumulator_filetest.gno	Remaining gov fee accumulator repeat-1000 claim-59	execution-segment-repricing	10558316	10696562	138246	-8573	-8573	0	133168	0	0	857300	857300	0	138.246	138.246	0.000000	+0.000138	+0.000138
gov_staker_remaining_fee_accumulator_filetest.gno	Remaining gov fee accumulator repeat-1000 claim-60	execution-segment-repricing	10554047	10692293	138246	-8573	-8573	0	133168	0	0	857300	857300	0	138.246	138.246	0.000000	+0.000138	+0.000138
gov_staker_remaining_fee_accumulator_filetest.gno	Remaining gov fee accumulator repeat-1000 claim-61	execution-segment-repricing	10557829	10696075	138246	-8573	-8573	0	133168	0	0	857300	857300	0	138.246	138.246	0.000000	+0.000138	+0.000138
gov_staker_remaining_fee_accumulator_filetest.gno	Remaining gov fee accumulator repeat-1000 claim-62	execution-segment-repricing	10557342	10695588	138246	-8573	-8573	0	133168	0	0	857300	857300	0	138.246	138.246	0.000000	+0.000138	+0.000138
gov_staker_remaining_fee_accumulator_filetest.gno	Remaining gov fee accumulator repeat-1000 claim-63	execution-segment-repricing	10557829	10696075	138246	-8573	-8573	0	133168	0	0	857300	857300	0	138.246	138.246	0.000000	+0.000138	+0.000138
gov_staker_remaining_fee_accumulator_filetest.gno	Remaining gov fee accumulator repeat-1000 claim-64	execution-segment-repricing	10561611	10699857	138246	-8573	-8573	0	133168	0	0	857300	857300	0	138.246	138.246	0.000000	+0.000138	+0.000138
gov_staker_remaining_fee_accumulator_filetest.gno	Remaining gov fee accumulator repeat-1000 claim-65	execution-segment-repricing	10561611	10699857	138246	-8573	-8573	0	133168	0	0	857300	857300	0	138.246	138.246	0.000000	+0.000138	+0.000138
gov_staker_remaining_fee_accumulator_filetest.gno	Remaining gov fee accumulator repeat-1000 claim-66	execution-segment-repricing	10558316	10696562	138246	-8573	-8573	0	133168	0	0	857300	857300	0	138.246	138.246	0.000000	+0.000138	+0.000138
gov_staker_remaining_fee_accumulator_filetest.gno	Remaining gov fee accumulator repeat-1000 claim-67	execution-segment-repricing	10561124	10699370	138246	-8573	-8573	0	133168	0	0	857300	857300	0	138.246	138.246	0.000000	+0.000138	+0.000138
gov_staker_remaining_fee_accumulator_filetest.gno	Remaining gov fee accumulator repeat-1000 claim-68	execution-segment-repricing	10561611	10699857	138246	-8573	-8573	0	133168	0	0	857300	857300	0	138.246	138.246	0.000000	+0.000138	+0.000138
gov_staker_remaining_fee_accumulator_filetest.gno	Remaining gov fee accumulator repeat-1000 claim-69	execution-segment-repricing	10557829	10696075	138246	-8573	-8573	0	133168	0	0	857300	857300	0	138.246	138.246	0.000000	+0.000138	+0.000138
gov_staker_remaining_fee_accumulator_filetest.gno	Remaining gov fee accumulator repeat-1000 claim-70	execution-segment-repricing	10561611	10699857	138246	-8573	-8573	0	133168	0	0	857300	857300	0	138.246	138.246	0.000000	+0.000138	+0.000138
gov_staker_remaining_fee_accumulator_filetest.gno	Remaining gov fee accumulator repeat-1000 claim-71	execution-segment-repricing	10562098	10700344	138246	-8573	-8573	0	133168	0	0	857300	857300	0	138.246	138.246	0.000000	+0.000138	+0.000138
gov_staker_remaining_fee_accumulator_filetest.gno	Remaining gov fee accumulator repeat-1000 claim-72	execution-segment-repricing	10561124	10699370	138246	-8573	-8573	0	133168	0	0	857300	857300	0	138.246	138.246	0.000000	+0.000138	+0.000138
gov_staker_remaining_fee_accumulator_filetest.gno	Remaining gov fee accumulator repeat-1000 claim-73	execution-segment-repricing	10564906	10703152	138246	-8573	-8573	0	133168	0	0	857300	857300	0	138.246	138.246	0.000000	+0.000138	+0.000138
gov_staker_remaining_fee_accumulator_filetest.gno	Remaining gov fee accumulator repeat-1000 claim-74	execution-segment-repricing	10564419	10702665	138246	-8573	-8573	0	133168	0	0	857300	857300	0	138.246	138.246	0.000000	+0.000138	+0.000138
gov_staker_remaining_fee_accumulator_filetest.gno	Remaining gov fee accumulator repeat-1000 claim-75	execution-segment-repricing	10564419	10702665	138246	-8573	-8573	0	133168	0	0	857300	857300	0	138.246	138.246	0.000000	+0.000138	+0.000138
gov_staker_remaining_fee_accumulator_filetest.gno	Remaining gov fee accumulator repeat-1000 claim-76	execution-segment-repricing	10565393	10703639	138246	-8573	-8573	0	133168	0	0	857300	857300	0	138.246	138.246	0.000000	+0.000138	+0.000138
gov_staker_remaining_fee_accumulator_filetest.gno	Remaining gov fee accumulator repeat-1000 claim-77	execution-segment-repricing	10565393	10703639	138246	-8573	-8573	0	133168	0	0	857300	857300	0	138.246	138.246	0.000000	+0.000138	+0.000138
gov_staker_remaining_fee_accumulator_filetest.gno	Remaining gov fee accumulator repeat-1000 claim-78	execution-segment-repricing	10565880	10704126	138246	-8573	-8573	0	133168	0	0	857300	857300	0	138.246	138.246	0.000000	+0.000138	+0.000138
gov_staker_remaining_fee_accumulator_filetest.gno	Remaining gov fee accumulator repeat-1000 claim-79	execution-segment-repricing	10565393	10703639	138246	-8573	-8573	0	133168	0	0	857300	857300	0	138.246	138.246	0.000000	+0.000138	+0.000138
gov_staker_remaining_fee_accumulator_filetest.gno	Remaining gov fee accumulator repeat-1000 claim-80	execution-segment-repricing	10564906	10703152	138246	-8573	-8573	0	133168	0	0	857300	857300	0	138.246	138.246	0.000000	+0.000138	+0.000138
gov_staker_remaining_fee_accumulator_filetest.gno	Remaining gov fee accumulator repeat-1000 claim-81	execution-segment-repricing	10564906	10703152	138246	-8573	-8573	0	133168	0	0	857300	857300	0	138.246	138.246	0.000000	+0.000138	+0.000138
gov_staker_remaining_fee_accumulator_filetest.gno	Remaining gov fee accumulator repeat-1000 claim-82	execution-segment-repricing	10564906	10703152	138246	-8573	-8573	0	133168	0	0	857300	857300	0	138.246	138.246	0.000000	+0.000138	+0.000138
gov_staker_remaining_fee_accumulator_filetest.gno	Remaining gov fee accumulator repeat-1000 claim-83	execution-segment-repricing	10565393	10703639	138246	-8573	-8573	0	133168	0	0	857300	857300	0	138.246	138.246	0.000000	+0.000138	+0.000138
gov_staker_remaining_fee_accumulator_filetest.gno	Remaining gov fee accumulator repeat-1000 claim-84	execution-segment-repricing	10565880	10704126	138246	-8573	-8573	0	133168	0	0	857300	857300	0	138.246	138.246	0.000000	+0.000138	+0.000138
gov_staker_remaining_fee_accumulator_filetest.gno	Remaining gov fee accumulator repeat-1000 claim-85	execution-segment-repricing	10565393	10703639	138246	-8573	-8573	0	133168	0	0	857300	857300	0	138.246	138.246	0.000000	+0.000138	+0.000138
gov_staker_remaining_fee_accumulator_filetest.gno	Remaining gov fee accumulator repeat-1000 claim-86	execution-segment-repricing	10565393	10703639	138246	-8573	-8573	0	133168	0	0	857300	857300	0	138.246	138.246	0.000000	+0.000138	+0.000138
gov_staker_remaining_fee_accumulator_filetest.gno	Remaining gov fee accumulator repeat-1000 claim-87	execution-segment-repricing	10564906	10703152	138246	-8573	-8573	0	133168	0	0	857300	857300	0	138.246	138.246	0.000000	+0.000138	+0.000138
gov_staker_remaining_fee_accumulator_filetest.gno	Remaining gov fee accumulator repeat-1000 claim-88	execution-segment-repricing	10564906	10703152	138246	-8573	-8573	0	133168	0	0	857300	857300	0	138.246	138.246	0.000000	+0.000138	+0.000138
gov_staker_remaining_fee_accumulator_filetest.gno	Remaining gov fee accumulator repeat-1000 claim-89	execution-segment-repricing	10564906	10703152	138246	-8573	-8573	0	133168	0	0	857300	857300	0	138.246	138.246	0.000000	+0.000138	+0.000138
gov_staker_remaining_fee_accumulator_filetest.gno	Remaining gov fee accumulator repeat-1000 claim-90	execution-segment-repricing	10564906	10703152	138246	-8573	-8573	0	133168	0	0	857300	857300	0	138.246	138.246	0.000000	+0.000138	+0.000138
gov_staker_remaining_fee_accumulator_filetest.gno	Remaining gov fee accumulator repeat-1000 claim-91	execution-segment-repricing	10565393	10703639	138246	-8573	-8573	0	133168	0	0	857300	857300	0	138.246	138.246	0.000000	+0.000138	+0.000138
gov_staker_remaining_fee_accumulator_filetest.gno	Remaining gov fee accumulator repeat-1000 claim-92	execution-segment-repricing	10564906	10703152	138246	-8573	-8573	0	133168	0	0	857300	857300	0	138.246	138.246	0.000000	+0.000138	+0.000138
gov_staker_remaining_fee_accumulator_filetest.gno	Remaining gov fee accumulator repeat-1000 claim-93	execution-segment-repricing	10565393	10703639	138246	-8573	-8573	0	133168	0	0	857300	857300	0	138.246	138.246	0.000000	+0.000138	+0.000138
gov_staker_remaining_fee_accumulator_filetest.gno	Remaining gov fee accumulator repeat-1000 claim-94	execution-segment-repricing	10564906	10703152	138246	-8573	-8573	0	133168	0	0	857300	857300	0	138.246	138.246	0.000000	+0.000138	+0.000138
gov_staker_remaining_fee_accumulator_filetest.gno	Remaining gov fee accumulator repeat-1000 claim-95	execution-segment-repricing	10564906	10703152	138246	-8573	-8573	0	133168	0	0	857300	857300	0	138.246	138.246	0.000000	+0.000138	+0.000138
gov_staker_remaining_fee_accumulator_filetest.gno	Remaining gov fee accumulator repeat-1000 claim-96	execution-segment-repricing	10565393	10703639	138246	-8573	-8573	0	133168	0	0	857300	857300	0	138.246	138.246	0.000000	+0.000138	+0.000138
gov_staker_remaining_fee_accumulator_filetest.gno	Remaining gov fee accumulator repeat-1000 claim-97	execution-segment-repricing	10565393	10703639	138246	-8573	-8573	0	133168	0	0	857300	857300	0	138.246	138.246	0.000000	+0.000138	+0.000138
gov_staker_remaining_fee_accumulator_filetest.gno	Remaining gov fee accumulator repeat-1000 claim-98	execution-segment-repricing	10565880	10704126	138246	-8573	-8573	0	133168	0	0	857300	857300	0	138.246	138.246	0.000000	+0.000138	+0.000138
gov_staker_remaining_fee_accumulator_filetest.gno	Remaining gov fee accumulator repeat-1000 claim-99	execution-segment-repricing	10565393	10703639	138246	-8573	-8573	0	133168	0	0	857300	857300	0	138.246	138.246	0.000000	+0.000138	+0.000138
gov_staker_remaining_fee_accumulator_filetest.gno	Remaining gov fee accumulator repeat-1000 claim-100	execution-segment-repricing	10565393	10703639	138246	-8573	-8573	0	133168	0	0	857300	857300	0	138.246	138.246	0.000000	+0.000138	+0.000138
gov_staker_remaining_fee_accumulator_filetest.gno	Remaining gov fee accumulator repeat-1000 claim-101	execution-segment-repricing	10560544	10698790	138246	-8573	-8573	0	133168	0	0	857300	857300	0	138.246	138.246	0.000000	+0.000138	+0.000138
gov_staker_remaining_fee_accumulator_filetest.gno	Remaining gov fee accumulator repeat-1000 claim-102	execution-segment-repricing	10560544	10698790	138246	-8573	-8573	0	133168	0	0	857300	857300	0	138.246	138.246	0.000000	+0.000138	+0.000138
gov_staker_remaining_fee_accumulator_filetest.gno	Remaining gov fee accumulator repeat-1000 claim-103	execution-segment-repricing	10561031	10699277	138246	-8573	-8573	0	133168	0	0	857300	857300	0	138.246	138.246	0.000000	+0.000138	+0.000138
gov_staker_remaining_fee_accumulator_filetest.gno	Remaining gov fee accumulator repeat-1000 claim-104	execution-segment-repricing	10560544	10698790	138246	-8573	-8573	0	133168	0	0	857300	857300	0	138.246	138.246	0.000000	+0.000138	+0.000138
gov_staker_remaining_fee_accumulator_filetest.gno	Remaining gov fee accumulator repeat-1000 claim-105	execution-segment-repricing	10564906	10703152	138246	-8573	-8573	0	133168	0	0	857300	857300	0	138.246	138.246	0.000000	+0.000138	+0.000138
gov_staker_remaining_fee_accumulator_filetest.gno	Remaining gov fee accumulator repeat-1000 claim-106	execution-segment-repricing	10561124	10699370	138246	-8573	-8573	0	133168	0	0	857300	857300	0	138.246	138.246	0.000000	+0.000138	+0.000138
gov_staker_remaining_fee_accumulator_filetest.gno	Remaining gov fee accumulator repeat-1000 claim-107	execution-segment-repricing	10560637	10698883	138246	-8573	-8573	0	133168	0	0	857300	857300	0	138.246	138.246	0.000000	+0.000138	+0.000138
gov_staker_remaining_fee_accumulator_filetest.gno	Remaining gov fee accumulator repeat-1000 claim-108	execution-segment-repricing	10561124	10699370	138246	-8573	-8573	0	133168	0	0	857300	857300	0	138.246	138.246	0.000000	+0.000138	+0.000138
gov_staker_remaining_fee_accumulator_filetest.gno	Remaining gov fee accumulator repeat-1000 claim-109	execution-segment-repricing	10561611	10699857	138246	-8573	-8573	0	133168	0	0	857300	857300	0	138.246	138.246	0.000000	+0.000138	+0.000138
gov_staker_remaining_fee_accumulator_filetest.gno	Remaining gov fee accumulator repeat-1000 claim-110	execution-segment-repricing	10565393	10703639	138246	-8573	-8573	0	133168	0	0	857300	857300	0	138.246	138.246	0.000000	+0.000138	+0.000138
gov_staker_remaining_fee_accumulator_filetest.gno	Remaining gov fee accumulator repeat-1000 claim-111	execution-segment-repricing	10562098	10700344	138246	-8573	-8573	0	133168	0	0	857300	857300	0	138.246	138.246	0.000000	+0.000138	+0.000138
gov_staker_remaining_fee_accumulator_filetest.gno	Remaining gov fee accumulator repeat-1000 claim-112	execution-segment-repricing	10561611	10699857	138246	-8573	-8573	0	133168	0	0	857300	857300	0	138.246	138.246	0.000000	+0.000138	+0.000138
gov_staker_remaining_fee_accumulator_filetest.gno	Remaining gov fee accumulator repeat-1000 claim-113	execution-segment-repricing	10561611	10699857	138246	-8573	-8573	0	133168	0	0	857300	857300	0	138.246	138.246	0.000000	+0.000138	+0.000138
gov_staker_remaining_fee_accumulator_filetest.gno	Remaining gov fee accumulator repeat-1000 claim-114	execution-segment-repricing	10561124	10699370	138246	-8573	-8573	0	133168	0	0	857300	857300	0	138.246	138.246	0.000000	+0.000138	+0.000138
gov_staker_remaining_fee_accumulator_filetest.gno	Remaining gov fee accumulator repeat-1000 claim-115	execution-segment-repricing	10564906	10703152	138246	-8573	-8573	0	133168	0	0	857300	857300	0	138.246	138.246	0.000000	+0.000138	+0.000138
gov_staker_remaining_fee_accumulator_filetest.gno	Remaining gov fee accumulator repeat-1000 claim-116	execution-segment-repricing	10561611	10699857	138246	-8573	-8573	0	133168	0	0	857300	857300	0	138.246	138.246	0.000000	+0.000138	+0.000138
gov_staker_remaining_fee_accumulator_filetest.gno	Remaining gov fee accumulator repeat-1000 claim-117	execution-segment-repricing	10561124	10699370	138246	-8573	-8573	0	133168	0	0	857300	857300	0	138.246	138.246	0.000000	+0.000138	+0.000138
gov_staker_remaining_fee_accumulator_filetest.gno	Remaining gov fee accumulator repeat-1000 claim-118	execution-segment-repricing	10561611	10699857	138246	-8573	-8573	0	133168	0	0	857300	857300	0	138.246	138.246	0.000000	+0.000138	+0.000138
gov_staker_remaining_fee_accumulator_filetest.gno	Remaining gov fee accumulator repeat-1000 claim-119	execution-segment-repricing	10561124	10699370	138246	-8573	-8573	0	133168	0	0	857300	857300	0	138.246	138.246	0.000000	+0.000138	+0.000138
gov_staker_remaining_fee_accumulator_filetest.gno	Remaining gov fee accumulator repeat-1000 claim-120	execution-segment-repricing	10564906	10703152	138246	-8573	-8573	0	133168	0	0	857300	857300	0	138.246	138.246	0.000000	+0.000138	+0.000138
gov_staker_remaining_fee_accumulator_filetest.gno	Remaining gov fee accumulator repeat-1000 claim-121	execution-segment-repricing	10561611	10699857	138246	-8573	-8573	0	133168	0	0	857300	857300	0	138.246	138.246	0.000000	+0.000138	+0.000138
gov_staker_remaining_fee_accumulator_filetest.gno	Remaining gov fee accumulator repeat-1000 claim-122	execution-segment-repricing	10561611	10699857	138246	-8573	-8573	0	133168	0	0	857300	857300	0	138.246	138.246	0.000000	+0.000138	+0.000138
gov_staker_remaining_fee_accumulator_filetest.gno	Remaining gov fee accumulator repeat-1000 claim-123	execution-segment-repricing	10562098	10700344	138246	-8573	-8573	0	133168	0	0	857300	857300	0	138.246	138.246	0.000000	+0.000138	+0.000138
gov_staker_remaining_fee_accumulator_filetest.gno	Remaining gov fee accumulator repeat-1000 claim-124	execution-segment-repricing	10561611	10699857	138246	-8573	-8573	0	133168	0	0	857300	857300	0	138.246	138.246	0.000000	+0.000138	+0.000138
gov_staker_remaining_fee_accumulator_filetest.gno	Remaining gov fee accumulator repeat-1000 claim-125	execution-segment-repricing	10565393	10703639	138246	-8573	-8573	0	133168	0	0	857300	857300	0	138.246	138.246	0.000000	+0.000138	+0.000138
gov_staker_remaining_fee_accumulator_filetest.gno	Remaining gov fee accumulator repeat-1000 claim-126	execution-segment-repricing	10561611	10699857	138246	-8573	-8573	0	133168	0	0	857300	857300	0	138.246	138.246	0.000000	+0.000138	+0.000138
gov_staker_remaining_fee_accumulator_filetest.gno	Remaining gov fee accumulator repeat-1000 claim-127	execution-segment-repricing	10561611	10699857	138246	-8573	-8573	0	133168	0	0	857300	857300	0	138.246	138.246	0.000000	+0.000138	+0.000138
gov_staker_remaining_fee_accumulator_filetest.gno	Remaining gov fee accumulator repeat-1000 claim-128	execution-segment-repricing	10557249	10695495	138246	-8573	-8573	0	133168	0	0	857300	857300	0	138.246	138.246	0.000000	+0.000138	+0.000138
gov_staker_remaining_fee_accumulator_filetest.gno	Remaining gov fee accumulator repeat-1000 claim-129	execution-segment-repricing	10557249	10695495	138246	-8573	-8573	0	133168	0	0	857300	857300	0	138.246	138.246	0.000000	+0.000138	+0.000138
gov_staker_remaining_fee_accumulator_filetest.gno	Remaining gov fee accumulator repeat-1000 claim-130	execution-segment-repricing	10560544	10698790	138246	-8573	-8573	0	133168	0	0	857300	857300	0	138.246	138.246	0.000000	+0.000138	+0.000138
gov_staker_remaining_fee_accumulator_filetest.gno	Remaining gov fee accumulator repeat-1000 claim-131	execution-segment-repricing	10552980	10691226	138246	-8573	-8573	0	133168	0	0	857300	857300	0	138.246	138.246	0.000000	+0.000138	+0.000138
gov_staker_remaining_fee_accumulator_filetest.gno	Remaining gov fee accumulator repeat-1000 claim-132	execution-segment-repricing	10557342	10695588	138246	-8573	-8573	0	133168	0	0	857300	857300	0	138.246	138.246	0.000000	+0.000138	+0.000138
gov_staker_remaining_fee_accumulator_filetest.gno	Remaining gov fee accumulator repeat-1000 claim-133	execution-segment-repricing	10557342	10695588	138246	-8573	-8573	0	133168	0	0	857300	857300	0	138.246	138.246	0.000000	+0.000138	+0.000138
gov_staker_remaining_fee_accumulator_filetest.gno	Remaining gov fee accumulator repeat-1000 claim-134	execution-segment-repricing	10554047	10692293	138246	-8573	-8573	0	133168	0	0	857300	857300	0	138.246	138.246	0.000000	+0.000138	+0.000138
gov_staker_remaining_fee_accumulator_filetest.gno	Remaining gov fee accumulator repeat-1000 claim-135	execution-segment-repricing	10561611	10699857	138246	-8573	-8573	0	133168	0	0	857300	857300	0	138.246	138.246	0.000000	+0.000138	+0.000138
gov_staker_remaining_fee_accumulator_filetest.gno	Remaining gov fee accumulator repeat-1000 claim-136	execution-segment-repricing	10562098	10700344	138246	-8573	-8573	0	133168	0	0	857300	857300	0	138.246	138.246	0.000000	+0.000138	+0.000138
gov_staker_remaining_fee_accumulator_filetest.gno	Remaining gov fee accumulator repeat-1000 claim-137	execution-segment-repricing	10557829	10696075	138246	-8573	-8573	0	133168	0	0	857300	857300	0	138.246	138.246	0.000000	+0.000138	+0.000138
gov_staker_remaining_fee_accumulator_filetest.gno	Remaining gov fee accumulator repeat-1000 claim-138	execution-segment-repricing	10561611	10699857	138246	-8573	-8573	0	133168	0	0	857300	857300	0	138.246	138.246	0.000000	+0.000138	+0.000138
gov_staker_remaining_fee_accumulator_filetest.gno	Remaining gov fee accumulator repeat-1000 claim-139	execution-segment-repricing	10561124	10699370	138246	-8573	-8573	0	133168	0	0	857300	857300	0	138.246	138.246	0.000000	+0.000138	+0.000138
gov_staker_remaining_fee_accumulator_filetest.gno	Remaining gov fee accumulator repeat-1000 claim-140	execution-segment-repricing	10557342	10695588	138246	-8573	-8573	0	133168	0	0	857300	857300	0	138.246	138.246	0.000000	+0.000138	+0.000138
gov_staker_remaining_fee_accumulator_filetest.gno	Remaining gov fee accumulator repeat-1000 claim-141	execution-segment-repricing	10561124	10699370	138246	-8573	-8573	0	133168	0	0	857300	857300	0	138.246	138.246	0.000000	+0.000138	+0.000138
gov_staker_remaining_fee_accumulator_filetest.gno	Remaining gov fee accumulator repeat-1000 claim-142	execution-segment-repricing	10561124	10699370	138246	-8573	-8573	0	133168	0	0	857300	857300	0	138.246	138.246	0.000000	+0.000138	+0.000138
gov_staker_remaining_fee_accumulator_filetest.gno	Remaining gov fee accumulator repeat-1000 claim-143	execution-segment-repricing	10557829	10696075	138246	-8573	-8573	0	133168	0	0	857300	857300	0	138.246	138.246	0.000000	+0.000138	+0.000138
gov_staker_remaining_fee_accumulator_filetest.gno	Remaining gov fee accumulator repeat-1000 claim-144	execution-segment-repricing	10561124	10699370	138246	-8573	-8573	0	133168	0	0	857300	857300	0	138.246	138.246	0.000000	+0.000138	+0.000138
gov_staker_remaining_fee_accumulator_filetest.gno	Remaining gov fee accumulator repeat-1000 claim-145	execution-segment-repricing	10561611	10699857	138246	-8573	-8573	0	133168	0	0	857300	857300	0	138.246	138.246	0.000000	+0.000138	+0.000138
gov_staker_remaining_fee_accumulator_filetest.gno	Remaining gov fee accumulator repeat-1000 claim-146	execution-segment-repricing	10557342	10695588	138246	-8573	-8573	0	133168	0	0	857300	857300	0	138.246	138.246	0.000000	+0.000138	+0.000138
gov_staker_remaining_fee_accumulator_filetest.gno	Remaining gov fee accumulator repeat-1000 claim-147	execution-segment-repricing	10561124	10699370	138246	-8573	-8573	0	133168	0	0	857300	857300	0	138.246	138.246	0.000000	+0.000138	+0.000138
gov_staker_remaining_fee_accumulator_filetest.gno	Remaining gov fee accumulator repeat-1000 claim-148	execution-segment-repricing	10561611	10699857	138246	-8573	-8573	0	133168	0	0	857300	857300	0	138.246	138.246	0.000000	+0.000138	+0.000138
gov_staker_remaining_fee_accumulator_filetest.gno	Remaining gov fee accumulator repeat-1000 claim-149	execution-segment-repricing	10557342	10695588	138246	-8573	-8573	0	133168	0	0	857300	857300	0	138.246	138.246	0.000000	+0.000138	+0.000138
gov_staker_remaining_fee_accumulator_filetest.gno	Remaining gov fee accumulator repeat-1000 claim-150	execution-segment-repricing	10561611	10699857	138246	-8573	-8573	0	133168	0	0	857300	857300	0	138.246	138.246	0.000000	+0.000138	+0.000138
gov_staker_remaining_fee_accumulator_filetest.gno	Remaining gov fee accumulator repeat-1000 claim-151	execution-segment-repricing	10561124	10699370	138246	-8573	-8573	0	133168	0	0	857300	857300	0	138.246	138.246	0.000000	+0.000138	+0.000138
gov_staker_remaining_fee_accumulator_filetest.gno	Remaining gov fee accumulator repeat-1000 claim-152	execution-segment-repricing	10561124	10699370	138246	-8573	-8573	0	133168	0	0	857300	857300	0	138.246	138.246	0.000000	+0.000138	+0.000138
gov_staker_remaining_fee_accumulator_filetest.gno	Remaining gov fee accumulator repeat-1000 claim-153	execution-segment-repricing	10565393	10703639	138246	-8573	-8573	0	133168	0	0	857300	857300	0	138.246	138.246	0.000000	+0.000138	+0.000138
gov_staker_remaining_fee_accumulator_filetest.gno	Remaining gov fee accumulator repeat-1000 claim-154	execution-segment-repricing	10565393	10703639	138246	-8573	-8573	0	133168	0	0	857300	857300	0	138.246	138.246	0.000000	+0.000138	+0.000138
gov_staker_remaining_fee_accumulator_filetest.gno	Remaining gov fee accumulator repeat-1000 claim-155	execution-segment-repricing	10565880	10704126	138246	-8573	-8573	0	133168	0	0	857300	857300	0	138.246	138.246	0.000000	+0.000138	+0.000138
gov_staker_remaining_fee_accumulator_filetest.gno	Remaining gov fee accumulator repeat-1000 claim-156	execution-segment-repricing	10565393	10703639	138246	-8573	-8573	0	133168	0	0	857300	857300	0	138.246	138.246	0.000000	+0.000138	+0.000138
gov_staker_remaining_fee_accumulator_filetest.gno	Remaining gov fee accumulator repeat-1000 claim-157	execution-segment-repricing	10564906	10703152	138246	-8573	-8573	0	133168	0	0	857300	857300	0	138.246	138.246	0.000000	+0.000138	+0.000138
gov_staker_remaining_fee_accumulator_filetest.gno	Remaining gov fee accumulator repeat-1000 claim-158	execution-segment-repricing	10564906	10703152	138246	-8573	-8573	0	133168	0	0	857300	857300	0	138.246	138.246	0.000000	+0.000138	+0.000138
gov_staker_remaining_fee_accumulator_filetest.gno	Remaining gov fee accumulator repeat-1000 claim-159	execution-segment-repricing	10564906	10703152	138246	-8573	-8573	0	133168	0	0	857300	857300	0	138.246	138.246	0.000000	+0.000138	+0.000138
gov_staker_remaining_fee_accumulator_filetest.gno	Remaining gov fee accumulator repeat-1000 claim-160	execution-segment-repricing	10565393	10703639	138246	-8573	-8573	0	133168	0	0	857300	857300	0	138.246	138.246	0.000000	+0.000138	+0.000138
gov_staker_remaining_fee_accumulator_filetest.gno	Remaining gov fee accumulator repeat-1000 claim-161	execution-segment-repricing	10565880	10704126	138246	-8573	-8573	0	133168	0	0	857300	857300	0	138.246	138.246	0.000000	+0.000138	+0.000138
gov_staker_remaining_fee_accumulator_filetest.gno	Remaining gov fee accumulator repeat-1000 claim-162	execution-segment-repricing	10565438	10703684	138246	-8579	-8579	0	133168	0	0	857900	857900	0	138.246	138.246	0.000000	+0.000138	+0.000138
gov_staker_remaining_fee_accumulator_filetest.gno	Remaining gov fee accumulator repeat-1000 claim-163	execution-segment-repricing	10565483	10703729	138246	-8591	-8591	0	133168	0	0	859100	859100	0	138.246	138.246	0.000000	+0.000138	+0.000138
gov_staker_remaining_fee_accumulator_filetest.gno	Remaining gov fee accumulator repeat-1000 claim-164	execution-segment-repricing	10565041	10703287	138246	-8603	-8603	0	133168	0	0	860300	860300	0	138.246	138.246	0.000000	+0.000138	+0.000138
gov_staker_remaining_fee_accumulator_filetest.gno	Remaining gov fee accumulator repeat-1000 claim-165	execution-segment-repricing	10565086	10703332	138246	-8615	-8615	0	133168	0	0	861500	861500	0	138.246	138.246	0.000000	+0.000138	+0.000138
gov_staker_remaining_fee_accumulator_filetest.gno	Remaining gov fee accumulator repeat-1000 claim-166	execution-segment-repricing	10565086	10703332	138246	-8621	-8621	0	133168	0	0	862100	862100	0	138.246	138.246	0.000000	+0.000138	+0.000138
gov_staker_remaining_fee_accumulator_filetest.gno	Remaining gov fee accumulator repeat-1000 claim-167	execution-segment-repricing	10565086	10703332	138246	-8621	-8621	0	133168	0	0	862100	862100	0	138.246	138.246	0.000000	+0.000138	+0.000138
gov_staker_remaining_fee_accumulator_filetest.gno	Remaining gov fee accumulator repeat-1000 claim-168	execution-segment-repricing	10565573	10703819	138246	-8621	-8621	0	133168	0	0	862100	862100	0	138.246	138.246	0.000000	+0.000138	+0.000138
gov_staker_remaining_fee_accumulator_filetest.gno	Remaining gov fee accumulator repeat-1000 claim-169	execution-segment-repricing	10565086	10703332	138246	-8621	-8621	0	133168	0	0	862100	862100	0	138.246	138.246	0.000000	+0.000138	+0.000138
gov_staker_remaining_fee_accumulator_filetest.gno	Remaining gov fee accumulator repeat-1000 claim-170	execution-segment-repricing	10565573	10703819	138246	-8621	-8621	0	133168	0	0	862100	862100	0	138.246	138.246	0.000000	+0.000138	+0.000138
gov_staker_remaining_fee_accumulator_filetest.gno	Remaining gov fee accumulator repeat-1000 claim-171	execution-segment-repricing	10565086	10703332	138246	-8621	-8621	0	133168	0	0	862100	862100	0	138.246	138.246	0.000000	+0.000138	+0.000138
gov_staker_remaining_fee_accumulator_filetest.gno	Remaining gov fee accumulator repeat-1000 claim-172	execution-segment-repricing	10565086	10703332	138246	-8621	-8621	0	133168	0	0	862100	862100	0	138.246	138.246	0.000000	+0.000138	+0.000138
gov_staker_remaining_fee_accumulator_filetest.gno	Remaining gov fee accumulator repeat-1000 claim-173	execution-segment-repricing	10561791	10700037	138246	-8621	-8621	0	133168	0	0	862100	862100	0	138.246	138.246	0.000000	+0.000138	+0.000138
gov_staker_remaining_fee_accumulator_filetest.gno	Remaining gov fee accumulator repeat-1000 claim-174	execution-segment-repricing	10561791	10700037	138246	-8621	-8621	0	133168	0	0	862100	862100	0	138.246	138.246	0.000000	+0.000138	+0.000138
gov_staker_remaining_fee_accumulator_filetest.gno	Remaining gov fee accumulator repeat-1000 claim-175	execution-segment-repricing	10562278	10700524	138246	-8621	-8621	0	133168	0	0	862100	862100	0	138.246	138.246	0.000000	+0.000138	+0.000138
gov_staker_remaining_fee_accumulator_filetest.gno	Remaining gov fee accumulator repeat-1000 claim-176	execution-segment-repricing	10561791	10700037	138246	-8621	-8621	0	133168	0	0	862100	862100	0	138.246	138.246	0.000000	+0.000138	+0.000138
gov_staker_remaining_fee_accumulator_filetest.gno	Remaining gov fee accumulator repeat-1000 claim-177	execution-segment-repricing	10565573	10703819	138246	-8621	-8621	0	133168	0	0	862100	862100	0	138.246	138.246	0.000000	+0.000138	+0.000138
gov_staker_remaining_fee_accumulator_filetest.gno	Remaining gov fee accumulator repeat-1000 claim-178	execution-segment-repricing	10561791	10700037	138246	-8621	-8621	0	133168	0	0	862100	862100	0	138.246	138.246	0.000000	+0.000138	+0.000138
gov_staker_remaining_fee_accumulator_filetest.gno	Remaining gov fee accumulator repeat-1000 claim-179	execution-segment-repricing	10562858	10701104	138246	-8621	-8621	0	133168	0	0	862100	862100	0	138.246	138.246	0.000000	+0.000138	+0.000138
gov_staker_remaining_fee_accumulator_filetest.gno	Remaining gov fee accumulator repeat-1000 claim-180	execution-segment-repricing	10564412	10702658	138246	-8621	-8621	0	133168	0	0	862100	862100	0	138.246	138.246	0.000000	+0.000138	+0.000138
gov_staker_remaining_fee_accumulator_filetest.gno	Remaining gov fee accumulator repeat-1000 claim-181	execution-segment-repricing	10565479	10703725	138246	-8621	-8621	0	133168	0	0	862100	862100	0	138.246	138.246	0.000000	+0.000138	+0.000138
gov_staker_remaining_fee_accumulator_filetest.gno	Remaining gov fee accumulator repeat-1000 claim-182	execution-segment-repricing	10569841	10708087	138246	-8621	-8621	0	133168	0	0	862100	862100	0	138.246	138.246	0.000000	+0.000138	+0.000138
gov_staker_remaining_fee_accumulator_filetest.gno	Remaining gov fee accumulator repeat-1000 claim-183	execution-segment-repricing	10566059	10704305	138246	-8621	-8621	0	133168	0	0	862100	862100	0	138.246	138.246	0.000000	+0.000138	+0.000138
gov_staker_remaining_fee_accumulator_filetest.gno	Remaining gov fee accumulator repeat-1000 claim-184	execution-segment-repricing	10565572	10703818	138246	-8621	-8621	0	133168	0	0	862100	862100	0	138.246	138.246	0.000000	+0.000138	+0.000138
gov_staker_remaining_fee_accumulator_filetest.gno	Remaining gov fee accumulator repeat-1000 claim-185	execution-segment-repricing	10565572	10703818	138246	-8621	-8621	0	133168	0	0	862100	862100	0	138.246	138.246	0.000000	+0.000138	+0.000138
gov_staker_remaining_fee_accumulator_filetest.gno	Remaining gov fee accumulator repeat-1000 claim-186	execution-segment-repricing	10566059	10704305	138246	-8621	-8621	0	133168	0	0	862100	862100	0	138.246	138.246	0.000000	+0.000138	+0.000138
gov_staker_remaining_fee_accumulator_filetest.gno	Remaining gov fee accumulator repeat-1000 claim-187	execution-segment-repricing	10569841	10708087	138246	-8621	-8621	0	133168	0	0	862100	862100	0	138.246	138.246	0.000000	+0.000138	+0.000138
gov_staker_remaining_fee_accumulator_filetest.gno	Remaining gov fee accumulator repeat-1000 claim-188	execution-segment-repricing	10566546	10704792	138246	-8621	-8621	0	133168	0	0	862100	862100	0	138.246	138.246	0.000000	+0.000138	+0.000138
gov_staker_remaining_fee_accumulator_filetest.gno	Remaining gov fee accumulator repeat-1000 claim-189	execution-segment-repricing	10566059	10704305	138246	-8621	-8621	0	133168	0	0	862100	862100	0	138.246	138.246	0.000000	+0.000138	+0.000138
gov_staker_remaining_fee_accumulator_filetest.gno	Remaining gov fee accumulator repeat-1000 claim-190	execution-segment-repricing	10566059	10704305	138246	-8621	-8621	0	133168	0	0	862100	862100	0	138.246	138.246	0.000000	+0.000138	+0.000138
gov_staker_remaining_fee_accumulator_filetest.gno	Remaining gov fee accumulator repeat-1000 claim-191	execution-segment-repricing	10565572	10703818	138246	-8621	-8621	0	133168	0	0	862100	862100	0	138.246	138.246	0.000000	+0.000138	+0.000138
gov_staker_remaining_fee_accumulator_filetest.gno	Remaining gov fee accumulator repeat-1000 claim-192	execution-segment-repricing	10569354	10707600	138246	-8621	-8621	0	133168	0	0	862100	862100	0	138.246	138.246	0.000000	+0.000138	+0.000138
gov_staker_remaining_fee_accumulator_filetest.gno	Remaining gov fee accumulator repeat-1000 claim-193	execution-segment-repricing	10566059	10704305	138246	-8621	-8621	0	133168	0	0	862100	862100	0	138.246	138.246	0.000000	+0.000138	+0.000138
gov_staker_remaining_fee_accumulator_filetest.gno	Remaining gov fee accumulator repeat-1000 claim-194	execution-segment-repricing	10566059	10704305	138246	-8621	-8621	0	133168	0	0	862100	862100	0	138.246	138.246	0.000000	+0.000138	+0.000138
gov_staker_remaining_fee_accumulator_filetest.gno	Remaining gov fee accumulator repeat-1000 claim-195	execution-segment-repricing	10566546	10704792	138246	-8621	-8621	0	133168	0	0	862100	862100	0	138.246	138.246	0.000000	+0.000138	+0.000138
gov_staker_remaining_fee_accumulator_filetest.gno	Remaining gov fee accumulator repeat-1000 claim-196	execution-segment-repricing	10566059	10704305	138246	-8621	-8621	0	133168	0	0	862100	862100	0	138.246	138.246	0.000000	+0.000138	+0.000138
gov_staker_remaining_fee_accumulator_filetest.gno	Remaining gov fee accumulator repeat-1000 claim-197	execution-segment-repricing	10569841	10708087	138246	-8621	-8621	0	133168	0	0	862100	862100	0	138.246	138.246	0.000000	+0.000138	+0.000138
gov_staker_remaining_fee_accumulator_filetest.gno	Remaining gov fee accumulator repeat-1000 claim-198	execution-segment-repricing	10566059	10704305	138246	-8621	-8621	0	133168	0	0	862100	862100	0	138.246	138.246	0.000000	+0.000138	+0.000138
gov_staker_remaining_fee_accumulator_filetest.gno	Remaining gov fee accumulator repeat-1000 claim-199	execution-segment-repricing	10566059	10704305	138246	-8621	-8621	0	133168	0	0	862100	862100	0	138.246	138.246	0.000000	+0.000138	+0.000138
gov_staker_remaining_fee_accumulator_filetest.gno	Remaining gov fee accumulator repeat-1000 claim-200	execution-segment-repricing	10566546	10704792	138246	-8621	-8621	0	133168	0	0	862100	862100	0	138.246	138.246	0.000000	+0.000138	+0.000138
gov_staker_remaining_fee_accumulator_filetest.gno	Remaining gov fee accumulator repeat-1000 claim-201	execution-segment-repricing	10566059	10704305	138246	-8621	-8621	0	133168	0	0	862100	862100	0	138.246	138.246	0.000000	+0.000138	+0.000138
gov_staker_remaining_fee_accumulator_filetest.gno	Remaining gov fee accumulator repeat-1000 claim-202	execution-segment-repricing	10569841	10708087	138246	-8621	-8621	0	133168	0	0	862100	862100	0	138.246	138.246	0.000000	+0.000138	+0.000138
gov_staker_remaining_fee_accumulator_filetest.gno	Remaining gov fee accumulator repeat-1000 claim-203	execution-segment-repricing	10566059	10704305	138246	-8621	-8621	0	133168	0	0	862100	862100	0	138.246	138.246	0.000000	+0.000138	+0.000138
gov_staker_remaining_fee_accumulator_filetest.gno	Remaining gov fee accumulator repeat-1000 claim-204	execution-segment-repricing	10566059	10704305	138246	-8621	-8621	0	133168	0	0	862100	862100	0	138.246	138.246	0.000000	+0.000138	+0.000138
gov_staker_remaining_fee_accumulator_filetest.gno	Remaining gov fee accumulator repeat-1000 claim-205	execution-segment-repricing	10566546	10704792	138246	-8621	-8621	0	133168	0	0	862100	862100	0	138.246	138.246	0.000000	+0.000138	+0.000138
gov_staker_remaining_fee_accumulator_filetest.gno	Remaining gov fee accumulator repeat-1000 claim-206	execution-segment-repricing	10566546	10704792	138246	-8621	-8621	0	133168	0	0	862100	862100	0	138.246	138.246	0.000000	+0.000138	+0.000138
gov_staker_remaining_fee_accumulator_filetest.gno	Remaining gov fee accumulator repeat-1000 claim-207	execution-segment-repricing	10569841	10708087	138246	-8621	-8621	0	133168	0	0	862100	862100	0	138.246	138.246	0.000000	+0.000138	+0.000138
gov_staker_remaining_fee_accumulator_filetest.gno	Remaining gov fee accumulator repeat-1000 claim-208	execution-segment-repricing	10569354	10707600	138246	-8621	-8621	0	133168	0	0	862100	862100	0	138.246	138.246	0.000000	+0.000138	+0.000138
gov_staker_remaining_fee_accumulator_filetest.gno	Remaining gov fee accumulator repeat-1000 claim-209	execution-segment-repricing	10568867	10707113	138246	-8621	-8621	0	133168	0	0	862100	862100	0	138.246	138.246	0.000000	+0.000138	+0.000138
gov_staker_remaining_fee_accumulator_filetest.gno	Remaining gov fee accumulator repeat-1000 claim-210	execution-segment-repricing	10568867	10707113	138246	-8621	-8621	0	133168	0	0	862100	862100	0	138.246	138.246	0.000000	+0.000138	+0.000138
gov_staker_remaining_fee_accumulator_filetest.gno	Remaining gov fee accumulator repeat-1000 claim-211	execution-segment-repricing	10565572	10703818	138246	-8621	-8621	0	133168	0	0	862100	862100	0	138.246	138.246	0.000000	+0.000138	+0.000138
gov_staker_remaining_fee_accumulator_filetest.gno	Remaining gov fee accumulator repeat-1000 claim-212	execution-segment-repricing	10566059	10704305	138246	-8621	-8621	0	133168	0	0	862100	862100	0	138.246	138.246	0.000000	+0.000138	+0.000138
gov_staker_remaining_fee_accumulator_filetest.gno	Remaining gov fee accumulator repeat-1000 claim-213	execution-segment-repricing	10566546	10704792	138246	-8621	-8621	0	133168	0	0	862100	862100	0	138.246	138.246	0.000000	+0.000138	+0.000138
gov_staker_remaining_fee_accumulator_filetest.gno	Remaining gov fee accumulator repeat-1000 claim-214	execution-segment-repricing	10562277	10700523	138246	-8621	-8621	0	133168	0	0	862100	862100	0	138.246	138.246	0.000000	+0.000138	+0.000138
gov_staker_remaining_fee_accumulator_filetest.gno	Remaining gov fee accumulator repeat-1000 claim-215	execution-segment-repricing	10566059	10704305	138246	-8621	-8621	0	133168	0	0	862100	862100	0	138.246	138.246	0.000000	+0.000138	+0.000138
gov_staker_remaining_fee_accumulator_filetest.gno	Remaining gov fee accumulator repeat-1000 claim-216	execution-segment-repricing	10565572	10703818	138246	-8621	-8621	0	133168	0	0	862100	862100	0	138.246	138.246	0.000000	+0.000138	+0.000138
gov_staker_remaining_fee_accumulator_filetest.gno	Remaining gov fee accumulator repeat-1000 claim-217	execution-segment-repricing	10561790	10700036	138246	-8621	-8621	0	133168	0	0	862100	862100	0	138.246	138.246	0.000000	+0.000138	+0.000138
gov_staker_remaining_fee_accumulator_filetest.gno	Remaining gov fee accumulator repeat-1000 claim-218	execution-segment-repricing	10565572	10703818	138246	-8621	-8621	0	133168	0	0	862100	862100	0	138.246	138.246	0.000000	+0.000138	+0.000138
gov_staker_remaining_fee_accumulator_filetest.gno	Remaining gov fee accumulator repeat-1000 claim-219	execution-segment-repricing	10565572	10703818	138246	-8621	-8621	0	133168	0	0	862100	862100	0	138.246	138.246	0.000000	+0.000138	+0.000138
gov_staker_remaining_fee_accumulator_filetest.gno	Remaining gov fee accumulator repeat-1000 claim-220	execution-segment-repricing	10562277	10700523	138246	-8621	-8621	0	133168	0	0	862100	862100	0	138.246	138.246	0.000000	+0.000138	+0.000138
gov_staker_remaining_fee_accumulator_filetest.gno	Remaining gov fee accumulator repeat-1000 claim-221	execution-segment-repricing	10565572	10703818	138246	-8621	-8621	0	133168	0	0	862100	862100	0	138.246	138.246	0.000000	+0.000138	+0.000138
gov_staker_remaining_fee_accumulator_filetest.gno	Remaining gov fee accumulator repeat-1000 claim-222	execution-segment-repricing	10566059	10704305	138246	-8621	-8621	0	133168	0	0	862100	862100	0	138.246	138.246	0.000000	+0.000138	+0.000138
gov_staker_remaining_fee_accumulator_filetest.gno	Remaining gov fee accumulator repeat-1000 claim-223	execution-segment-repricing	10561790	10700036	138246	-8621	-8621	0	133168	0	0	862100	862100	0	138.246	138.246	0.000000	+0.000138	+0.000138
gov_staker_remaining_fee_accumulator_filetest.gno	Remaining gov fee accumulator repeat-1000 claim-224	execution-segment-repricing	10565572	10703818	138246	-8621	-8621	0	133168	0	0	862100	862100	0	138.246	138.246	0.000000	+0.000138	+0.000138
gov_staker_remaining_fee_accumulator_filetest.gno	Remaining gov fee accumulator repeat-1000 claim-225	execution-segment-repricing	10566059	10704305	138246	-8621	-8621	0	133168	0	0	862100	862100	0	138.246	138.246	0.000000	+0.000138	+0.000138
gov_staker_remaining_fee_accumulator_filetest.gno	Remaining gov fee accumulator repeat-1000 claim-226	execution-segment-repricing	10562764	10701010	138246	-8621	-8621	0	133168	0	0	862100	862100	0	138.246	138.246	0.000000	+0.000138	+0.000138
gov_staker_remaining_fee_accumulator_filetest.gno	Remaining gov fee accumulator repeat-1000 claim-227	execution-segment-repricing	10567033	10705279	138246	-8621	-8621	0	133168	0	0	862100	862100	0	138.246	138.246	0.000000	+0.000138	+0.000138
gov_staker_remaining_fee_accumulator_filetest.gno	Remaining gov fee accumulator repeat-1000 claim-228	execution-segment-repricing	10566546	10704792	138246	-8621	-8621	0	133168	0	0	862100	862100	0	138.246	138.246	0.000000	+0.000138	+0.000138
gov_staker_remaining_fee_accumulator_filetest.gno	Remaining gov fee accumulator repeat-1000 claim-229	execution-segment-repricing	10562764	10701010	138246	-8621	-8621	0	133168	0	0	862100	862100	0	138.246	138.246	0.000000	+0.000138	+0.000138
gov_staker_remaining_fee_accumulator_filetest.gno	Remaining gov fee accumulator repeat-1000 claim-230	execution-segment-repricing	10566059	10704305	138246	-8621	-8621	0	133168	0	0	862100	862100	0	138.246	138.246	0.000000	+0.000138	+0.000138
gov_staker_remaining_fee_accumulator_filetest.gno	Remaining gov fee accumulator repeat-1000 claim-231	execution-segment-repricing	10566059	10704305	138246	-8621	-8621	0	133168	0	0	862100	862100	0	138.246	138.246	0.000000	+0.000138	+0.000138
gov_staker_remaining_fee_accumulator_filetest.gno	Remaining gov fee accumulator repeat-1000 claim-232	execution-segment-repricing	10563251	10701497	138246	-8621	-8621	0	133168	0	0	862100	862100	0	138.246	138.246	0.000000	+0.000138	+0.000138
gov_staker_remaining_fee_accumulator_filetest.gno	Remaining gov fee accumulator repeat-1000 claim-233	execution-segment-repricing	10566546	10704792	138246	-8621	-8621	0	133168	0	0	862100	862100	0	138.246	138.246	0.000000	+0.000138	+0.000138
gov_staker_remaining_fee_accumulator_filetest.gno	Remaining gov fee accumulator repeat-1000 claim-234	execution-segment-repricing	10566059	10704305	138246	-8621	-8621	0	133168	0	0	862100	862100	0	138.246	138.246	0.000000	+0.000138	+0.000138
gov_staker_remaining_fee_accumulator_filetest.gno	Remaining gov fee accumulator repeat-1000 claim-235	execution-segment-repricing	10565572	10703818	138246	-8621	-8621	0	133168	0	0	862100	862100	0	138.246	138.246	0.000000	+0.000138	+0.000138
gov_staker_remaining_fee_accumulator_filetest.gno	Remaining gov fee accumulator repeat-1000 claim-236	execution-segment-repricing	10568380	10706626	138246	-8621	-8621	0	133168	0	0	862100	862100	0	138.246	138.246	0.000000	+0.000138	+0.000138
gov_staker_remaining_fee_accumulator_filetest.gno	Remaining gov fee accumulator repeat-1000 claim-237	execution-segment-repricing	10568867	10707113	138246	-8621	-8621	0	133168	0	0	862100	862100	0	138.246	138.246	0.000000	+0.000138	+0.000138
gov_staker_remaining_fee_accumulator_filetest.gno	Remaining gov fee accumulator repeat-1000 claim-238	execution-segment-repricing	10569354	10707600	138246	-8621	-8621	0	133168	0	0	862100	862100	0	138.246	138.246	0.000000	+0.000138	+0.000138
gov_staker_remaining_fee_accumulator_filetest.gno	Remaining gov fee accumulator repeat-1000 claim-239	execution-segment-repricing	10569841	10708087	138246	-8621	-8621	0	133168	0	0	862100	862100	0	138.246	138.246	0.000000	+0.000138	+0.000138
gov_staker_remaining_fee_accumulator_filetest.gno	Remaining gov fee accumulator repeat-1000 claim-240	execution-segment-repricing	10565479	10703725	138246	-8621	-8621	0	133168	0	0	862100	862100	0	138.246	138.246	0.000000	+0.000138	+0.000138
gov_staker_remaining_fee_accumulator_filetest.gno	Remaining gov fee accumulator repeat-1000 claim-241	execution-segment-repricing	10564992	10703238	138246	-8621	-8621	0	133168	0	0	862100	862100	0	138.246	138.246	0.000000	+0.000138	+0.000138
gov_staker_remaining_fee_accumulator_filetest.gno	Remaining gov fee accumulator repeat-1000 claim-242	execution-segment-repricing	10564992	10703238	138246	-8621	-8621	0	133168	0	0	862100	862100	0	138.246	138.246	0.000000	+0.000138	+0.000138
gov_staker_remaining_fee_accumulator_filetest.gno	Remaining gov fee accumulator repeat-1000 claim-243	execution-segment-repricing	10564505	10702751	138246	-8621	-8621	0	133168	0	0	862100	862100	0	138.246	138.246	0.000000	+0.000138	+0.000138
gov_staker_remaining_fee_accumulator_filetest.gno	Remaining gov fee accumulator repeat-1000 claim-244	execution-segment-repricing	10569354	10707600	138246	-8621	-8621	0	133168	0	0	862100	862100	0	138.246	138.246	0.000000	+0.000138	+0.000138
gov_staker_remaining_fee_accumulator_filetest.gno	Remaining gov fee accumulator repeat-1000 claim-245	execution-segment-repricing	10566059	10704305	138246	-8621	-8621	0	133168	0	0	862100	862100	0	138.246	138.246	0.000000	+0.000138	+0.000138
gov_staker_remaining_fee_accumulator_filetest.gno	Remaining gov fee accumulator repeat-1000 claim-246	execution-segment-repricing	10565572	10703818	138246	-8621	-8621	0	133168	0	0	862100	862100	0	138.246	138.246	0.000000	+0.000138	+0.000138
gov_staker_remaining_fee_accumulator_filetest.gno	Remaining gov fee accumulator repeat-1000 claim-247	execution-segment-repricing	10566059	10704305	138246	-8621	-8621	0	133168	0	0	862100	862100	0	138.246	138.246	0.000000	+0.000138	+0.000138
gov_staker_remaining_fee_accumulator_filetest.gno	Remaining gov fee accumulator repeat-1000 claim-248	execution-segment-repricing	10565572	10703818	138246	-8621	-8621	0	133168	0	0	862100	862100	0	138.246	138.246	0.000000	+0.000138	+0.000138
gov_staker_remaining_fee_accumulator_filetest.gno	Remaining gov fee accumulator repeat-1000 claim-249	execution-segment-repricing	10569354	10707600	138246	-8621	-8621	0	133168	0	0	862100	862100	0	138.246	138.246	0.000000	+0.000138	+0.000138
gov_staker_remaining_fee_accumulator_filetest.gno	Remaining gov fee accumulator repeat-1000 claim-250	execution-segment-repricing	10566059	10704305	138246	-8621	-8621	0	133168	0	0	862100	862100	0	138.246	138.246	0.000000	+0.000138	+0.000138
gov_staker_remaining_fee_accumulator_filetest.gno	Remaining gov fee accumulator repeat-1000 claim-251	execution-segment-repricing	10566059	10704305	138246	-8621	-8621	0	133168	0	0	862100	862100	0	138.246	138.246	0.000000	+0.000138	+0.000138
gov_staker_remaining_fee_accumulator_filetest.gno	Remaining gov fee accumulator repeat-1000 claim-252	execution-segment-repricing	10566059	10704305	138246	-8621	-8621	0	133168	0	0	862100	862100	0	138.246	138.246	0.000000	+0.000138	+0.000138
gov_staker_remaining_fee_accumulator_filetest.gno	Remaining gov fee accumulator repeat-1000 claim-253	execution-segment-repricing	10565572	10703818	138246	-8621	-8621	0	133168	0	0	862100	862100	0	138.246	138.246	0.000000	+0.000138	+0.000138
gov_staker_remaining_fee_accumulator_filetest.gno	Remaining gov fee accumulator repeat-1000 claim-254	execution-segment-repricing	10569354	10707600	138246	-8621	-8621	0	133168	0	0	862100	862100	0	138.246	138.246	0.000000	+0.000138	+0.000138
gov_staker_remaining_fee_accumulator_filetest.gno	Remaining gov fee accumulator repeat-1000 claim-255	execution-segment-repricing	10565572	10703818	138246	-8621	-8621	0	133168	0	0	862100	862100	0	138.246	138.246	0.000000	+0.000138	+0.000138
gov_staker_remaining_fee_accumulator_filetest.gno	Remaining gov fee accumulator repeat-1000 claim-256	execution-segment-repricing	10566059	10704305	138246	-8621	-8621	0	133168	0	0	862100	862100	0	138.246	138.246	0.000000	+0.000138	+0.000138
gov_staker_remaining_fee_accumulator_filetest.gno	Remaining gov fee accumulator repeat-1000 claim-257	execution-segment-repricing	10566546	10704792	138246	-8621	-8621	0	133168	0	0	862100	862100	0	138.246	138.246	0.000000	+0.000138	+0.000138
gov_staker_remaining_fee_accumulator_filetest.gno	Remaining gov fee accumulator repeat-1000 claim-258	execution-segment-repricing	10566546	10704792	138246	-8621	-8621	0	133168	0	0	862100	862100	0	138.246	138.246	0.000000	+0.000138	+0.000138
gov_staker_remaining_fee_accumulator_filetest.gno	Remaining gov fee accumulator repeat-1000 claim-259	execution-segment-repricing	10569841	10708087	138246	-8621	-8621	0	133168	0	0	862100	862100	0	138.246	138.246	0.000000	+0.000138	+0.000138
gov_staker_remaining_fee_accumulator_filetest.gno	Remaining gov fee accumulator repeat-1000 claim-260	execution-segment-repricing	10566059	10704305	138246	-8621	-8621	0	133168	0	0	862100	862100	0	138.246	138.246	0.000000	+0.000138	+0.000138
gov_staker_remaining_fee_accumulator_filetest.gno	Remaining gov fee accumulator repeat-1000 claim-261	execution-segment-repricing	10565572	10703818	138246	-8621	-8621	0	133168	0	0	862100	862100	0	138.246	138.246	0.000000	+0.000138	+0.000138
gov_staker_remaining_fee_accumulator_filetest.gno	Remaining gov fee accumulator repeat-1000 claim-262	execution-segment-repricing	10565572	10703818	138246	-8621	-8621	0	133168	0	0	862100	862100	0	138.246	138.246	0.000000	+0.000138	+0.000138
gov_staker_remaining_fee_accumulator_filetest.gno	Remaining gov fee accumulator repeat-1000 claim-263	execution-segment-repricing	10566059	10704305	138246	-8621	-8621	0	133168	0	0	862100	862100	0	138.246	138.246	0.000000	+0.000138	+0.000138
gov_staker_remaining_fee_accumulator_filetest.gno	Remaining gov fee accumulator repeat-1000 claim-264	execution-segment-repricing	10569841	10708087	138246	-8621	-8621	0	133168	0	0	862100	862100	0	138.246	138.246	0.000000	+0.000138	+0.000138
gov_staker_remaining_fee_accumulator_filetest.gno	Remaining gov fee accumulator repeat-1000 claim-265	execution-segment-repricing	10566546	10704792	138246	-8621	-8621	0	133168	0	0	862100	862100	0	138.246	138.246	0.000000	+0.000138	+0.000138
gov_staker_remaining_fee_accumulator_filetest.gno	Remaining gov fee accumulator repeat-1000 claim-266	execution-segment-repricing	10566059	10704305	138246	-8621	-8621	0	133168	0	0	862100	862100	0	138.246	138.246	0.000000	+0.000138	+0.000138
gov_staker_remaining_fee_accumulator_filetest.gno	Remaining gov fee accumulator repeat-1000 claim-267	execution-segment-repricing	10566059	10704305	138246	-8621	-8621	0	133168	0	0	862100	862100	0	138.246	138.246	0.000000	+0.000138	+0.000138
gov_staker_remaining_fee_accumulator_filetest.gno	Remaining gov fee accumulator repeat-1000 claim-268	execution-segment-repricing	10565572	10703818	138246	-8621	-8621	0	133168	0	0	862100	862100	0	138.246	138.246	0.000000	+0.000138	+0.000138
gov_staker_remaining_fee_accumulator_filetest.gno	Remaining gov fee accumulator repeat-1000 claim-269	execution-segment-repricing	10569354	10707600	138246	-8621	-8621	0	133168	0	0	862100	862100	0	138.246	138.246	0.000000	+0.000138	+0.000138
gov_staker_remaining_fee_accumulator_filetest.gno	Remaining gov fee accumulator repeat-1000 claim-270	execution-segment-repricing	10566059	10704305	138246	-8621	-8621	0	133168	0	0	862100	862100	0	138.246	138.246	0.000000	+0.000138	+0.000138
gov_staker_remaining_fee_accumulator_filetest.gno	Remaining gov fee accumulator repeat-1000 claim-271	execution-segment-repricing	10566059	10704305	138246	-8621	-8621	0	133168	0	0	862100	862100	0	138.246	138.246	0.000000	+0.000138	+0.000138
gov_staker_remaining_fee_accumulator_filetest.gno	Remaining gov fee accumulator repeat-1000 claim-272	execution-segment-repricing	10566546	10704792	138246	-8621	-8621	0	133168	0	0	862100	862100	0	138.246	138.246	0.000000	+0.000138	+0.000138
gov_staker_remaining_fee_accumulator_filetest.gno	Remaining gov fee accumulator repeat-1000 claim-273	execution-segment-repricing	10566059	10704305	138246	-8621	-8621	0	133168	0	0	862100	862100	0	138.246	138.246	0.000000	+0.000138	+0.000138
gov_staker_remaining_fee_accumulator_filetest.gno	Remaining gov fee accumulator repeat-1000 claim-274	execution-segment-repricing	10569841	10708087	138246	-8621	-8621	0	133168	0	0	862100	862100	0	138.246	138.246	0.000000	+0.000138	+0.000138
gov_staker_remaining_fee_accumulator_filetest.gno	Remaining gov fee accumulator repeat-1000 claim-275	execution-segment-repricing	10569354	10707600	138246	-8621	-8621	0	133168	0	0	862100	862100	0	138.246	138.246	0.000000	+0.000138	+0.000138
gov_staker_remaining_fee_accumulator_filetest.gno	Remaining gov fee accumulator repeat-1000 claim-276	execution-segment-repricing	10569354	10707600	138246	-8621	-8621	0	133168	0	0	862100	862100	0	138.246	138.246	0.000000	+0.000138	+0.000138
gov_staker_remaining_fee_accumulator_filetest.gno	Remaining gov fee accumulator repeat-1000 claim-277	execution-segment-repricing	10569841	10708087	138246	-8621	-8621	0	133168	0	0	862100	862100	0	138.246	138.246	0.000000	+0.000138	+0.000138
gov_staker_remaining_fee_accumulator_filetest.gno	Remaining gov fee accumulator repeat-1000 claim-278	execution-segment-repricing	10569354	10707600	138246	-8621	-8621	0	133168	0	0	862100	862100	0	138.246	138.246	0.000000	+0.000138	+0.000138
gov_staker_remaining_fee_accumulator_filetest.gno	Remaining gov fee accumulator repeat-1000 claim-279	execution-segment-repricing	10569841	10708087	138246	-8621	-8621	0	133168	0	0	862100	862100	0	138.246	138.246	0.000000	+0.000138	+0.000138
gov_staker_remaining_fee_accumulator_filetest.gno	Remaining gov fee accumulator repeat-1000 claim-280	execution-segment-repricing	10569354	10707600	138246	-8621	-8621	0	133168	0	0	862100	862100	0	138.246	138.246	0.000000	+0.000138	+0.000138
gov_staker_remaining_fee_accumulator_filetest.gno	Remaining gov fee accumulator repeat-1000 claim-281	execution-segment-repricing	10569354	10707600	138246	-8621	-8621	0	133168	0	0	862100	862100	0	138.246	138.246	0.000000	+0.000138	+0.000138
gov_staker_remaining_fee_accumulator_filetest.gno	Remaining gov fee accumulator repeat-1000 claim-282	execution-segment-repricing	10569841	10708087	138246	-8621	-8621	0	133168	0	0	862100	862100	0	138.246	138.246	0.000000	+0.000138	+0.000138
gov_staker_remaining_fee_accumulator_filetest.gno	Remaining gov fee accumulator repeat-1000 claim-283	execution-segment-repricing	10569841	10708087	138246	-8621	-8621	0	133168	0	0	862100	862100	0	138.246	138.246	0.000000	+0.000138	+0.000138
gov_staker_remaining_fee_accumulator_filetest.gno	Remaining gov fee accumulator repeat-1000 claim-284	execution-segment-repricing	10570328	10708574	138246	-8621	-8621	0	133168	0	0	862100	862100	0	138.246	138.246	0.000000	+0.000138	+0.000138
gov_staker_remaining_fee_accumulator_filetest.gno	Remaining gov fee accumulator repeat-1000 claim-285	execution-segment-repricing	10569841	10708087	138246	-8621	-8621	0	133168	0	0	862100	862100	0	138.246	138.246	0.000000	+0.000138	+0.000138
gov_staker_remaining_fee_accumulator_filetest.gno	Remaining gov fee accumulator repeat-1000 claim-286	execution-segment-repricing	10569354	10707600	138246	-8621	-8621	0	133168	0	0	862100	862100	0	138.246	138.246	0.000000	+0.000138	+0.000138
gov_staker_remaining_fee_accumulator_filetest.gno	Remaining gov fee accumulator repeat-1000 claim-287	execution-segment-repricing	10569354	10707600	138246	-8621	-8621	0	133168	0	0	862100	862100	0	138.246	138.246	0.000000	+0.000138	+0.000138
gov_staker_remaining_fee_accumulator_filetest.gno	Remaining gov fee accumulator repeat-1000 claim-288	execution-segment-repricing	10568867	10707113	138246	-8621	-8621	0	133168	0	0	862100	862100	0	138.246	138.246	0.000000	+0.000138	+0.000138
gov_staker_remaining_fee_accumulator_filetest.gno	Remaining gov fee accumulator repeat-1000 claim-289	execution-segment-repricing	10569354	10707600	138246	-8621	-8621	0	133168	0	0	862100	862100	0	138.246	138.246	0.000000	+0.000138	+0.000138
gov_staker_remaining_fee_accumulator_filetest.gno	Remaining gov fee accumulator repeat-1000 claim-290	execution-segment-repricing	10569841	10708087	138246	-8621	-8621	0	133168	0	0	862100	862100	0	138.246	138.246	0.000000	+0.000138	+0.000138
gov_staker_remaining_fee_accumulator_filetest.gno	Remaining gov fee accumulator repeat-1000 claim-291	execution-segment-repricing	10564505	10702751	138246	-8621	-8621	0	133168	0	0	862100	862100	0	138.246	138.246	0.000000	+0.000138	+0.000138
gov_staker_remaining_fee_accumulator_filetest.gno	Remaining gov fee accumulator repeat-1000 claim-292	execution-segment-repricing	10564992	10703238	138246	-8621	-8621	0	133168	0	0	862100	862100	0	138.246	138.246	0.000000	+0.000138	+0.000138
gov_staker_remaining_fee_accumulator_filetest.gno	Remaining gov fee accumulator repeat-1000 claim-293	execution-segment-repricing	10564505	10702751	138246	-8621	-8621	0	133168	0	0	862100	862100	0	138.246	138.246	0.000000	+0.000138	+0.000138
gov_staker_remaining_fee_accumulator_filetest.gno	Remaining gov fee accumulator repeat-1000 claim-294	execution-segment-repricing	10560723	10698969	138246	-8621	-8621	0	133168	0	0	862100	862100	0	138.246	138.246	0.000000	+0.000138	+0.000138
gov_staker_remaining_fee_accumulator_filetest.gno	Remaining gov fee accumulator repeat-1000 claim-295	execution-segment-repricing	10565572	10703818	138246	-8621	-8621	0	133168	0	0	862100	862100	0	138.246	138.246	0.000000	+0.000138	+0.000138
gov_staker_remaining_fee_accumulator_filetest.gno	Remaining gov fee accumulator repeat-1000 claim-296	execution-segment-repricing	10565572	10703818	138246	-8621	-8621	0	133168	0	0	862100	862100	0	138.246	138.246	0.000000	+0.000138	+0.000138
gov_staker_remaining_fee_accumulator_filetest.gno	Remaining gov fee accumulator repeat-1000 claim-297	execution-segment-repricing	10562764	10701010	138246	-8621	-8621	0	133168	0	0	862100	862100	0	138.246	138.246	0.000000	+0.000138	+0.000138
gov_staker_remaining_fee_accumulator_filetest.gno	Remaining gov fee accumulator repeat-1000 claim-298	execution-segment-repricing	10566059	10704305	138246	-8621	-8621	0	133168	0	0	862100	862100	0	138.246	138.246	0.000000	+0.000138	+0.000138
gov_staker_remaining_fee_accumulator_filetest.gno	Remaining gov fee accumulator repeat-1000 claim-299	execution-segment-repricing	10566546	10704792	138246	-8621	-8621	0	133168	0	0	862100	862100	0	138.246	138.246	0.000000	+0.000138	+0.000138
gov_staker_remaining_fee_accumulator_filetest.gno	Remaining gov fee accumulator repeat-1000 claim-300	execution-segment-repricing	10562277	10700523	138246	-8621	-8621	0	133168	0	0	862100	862100	0	138.246	138.246	0.000000	+0.000138	+0.000138
gov_staker_remaining_fee_accumulator_filetest.gno	Remaining gov fee accumulator repeat-1000 claim-301	execution-segment-repricing	10565572	10703818	138246	-8621	-8621	0	133168	0	0	862100	862100	0	138.246	138.246	0.000000	+0.000138	+0.000138
gov_staker_remaining_fee_accumulator_filetest.gno	Remaining gov fee accumulator repeat-1000 claim-302	execution-segment-repricing	10566059	10704305	138246	-8621	-8621	0	133168	0	0	862100	862100	0	138.246	138.246	0.000000	+0.000138	+0.000138
gov_staker_remaining_fee_accumulator_filetest.gno	Remaining gov fee accumulator repeat-1000 claim-303	execution-segment-repricing	10562764	10701010	138246	-8621	-8621	0	133168	0	0	862100	862100	0	138.246	138.246	0.000000	+0.000138	+0.000138
gov_staker_remaining_fee_accumulator_filetest.gno	Remaining gov fee accumulator repeat-1000 claim-304	execution-segment-repricing	10567033	10705279	138246	-8621	-8621	0	133168	0	0	862100	862100	0	138.246	138.246	0.000000	+0.000138	+0.000138
gov_staker_remaining_fee_accumulator_filetest.gno	Remaining gov fee accumulator repeat-1000 claim-305	execution-segment-repricing	10566546	10704792	138246	-8621	-8621	0	133168	0	0	862100	862100	0	138.246	138.246	0.000000	+0.000138	+0.000138
gov_staker_remaining_fee_accumulator_filetest.gno	Remaining gov fee accumulator repeat-1000 claim-306	execution-segment-repricing	10562764	10701010	138246	-8621	-8621	0	133168	0	0	862100	862100	0	138.246	138.246	0.000000	+0.000138	+0.000138
gov_staker_remaining_fee_accumulator_filetest.gno	Remaining gov fee accumulator repeat-1000 claim-307	execution-segment-repricing	10566059	10704305	138246	-8621	-8621	0	133168	0	0	862100	862100	0	138.246	138.246	0.000000	+0.000138	+0.000138
gov_staker_remaining_fee_accumulator_filetest.gno	Remaining gov fee accumulator repeat-1000 claim-308	execution-segment-repricing	10566059	10704305	138246	-8621	-8621	0	133168	0	0	862100	862100	0	138.246	138.246	0.000000	+0.000138	+0.000138
gov_staker_remaining_fee_accumulator_filetest.gno	Remaining gov fee accumulator repeat-1000 claim-309	execution-segment-repricing	10563251	10701497	138246	-8621	-8621	0	133168	0	0	862100	862100	0	138.246	138.246	0.000000	+0.000138	+0.000138
gov_staker_remaining_fee_accumulator_filetest.gno	Remaining gov fee accumulator repeat-1000 claim-310	execution-segment-repricing	10566546	10704792	138246	-8621	-8621	0	133168	0	0	862100	862100	0	138.246	138.246	0.000000	+0.000138	+0.000138
gov_staker_remaining_fee_accumulator_filetest.gno	Remaining gov fee accumulator repeat-1000 claim-311	execution-segment-repricing	10566059	10704305	138246	-8621	-8621	0	133168	0	0	862100	862100	0	138.246	138.246	0.000000	+0.000138	+0.000138
gov_staker_remaining_fee_accumulator_filetest.gno	Remaining gov fee accumulator repeat-1000 claim-312	execution-segment-repricing	10557428	10695674	138246	-8621	-8621	0	133168	0	0	862100	862100	0	138.246	138.246	0.000000	+0.000138	+0.000138
gov_staker_remaining_fee_accumulator_filetest.gno	Remaining gov fee accumulator repeat-1000 claim-313	execution-segment-repricing	10560236	10698482	138246	-8621	-8621	0	133168	0	0	862100	862100	0	138.246	138.246	0.000000	+0.000138	+0.000138
gov_staker_remaining_fee_accumulator_filetest.gno	Remaining gov fee accumulator repeat-1000 claim-314	execution-segment-repricing	10560723	10698969	138246	-8621	-8621	0	133168	0	0	862100	862100	0	138.246	138.246	0.000000	+0.000138	+0.000138
gov_staker_remaining_fee_accumulator_filetest.gno	Remaining gov fee accumulator repeat-1000 claim-315	execution-segment-repricing	10561210	10699456	138246	-8621	-8621	0	133168	0	0	862100	862100	0	138.246	138.246	0.000000	+0.000138	+0.000138
gov_staker_remaining_fee_accumulator_filetest.gno	Remaining gov fee accumulator repeat-1000 claim-316	execution-segment-repricing	10569841	10708087	138246	-8621	-8621	0	133168	0	0	862100	862100	0	138.246	138.246	0.000000	+0.000138	+0.000138
gov_staker_remaining_fee_accumulator_filetest.gno	Remaining gov fee accumulator repeat-1000 claim-317	execution-segment-repricing	10566546	10704792	138246	-8621	-8621	0	133168	0	0	862100	862100	0	138.246	138.246	0.000000	+0.000138	+0.000138
gov_staker_remaining_fee_accumulator_filetest.gno	Remaining gov fee accumulator repeat-1000 claim-318	execution-segment-repricing	10565572	10703818	138246	-8621	-8621	0	133168	0	0	862100	862100	0	138.246	138.246	0.000000	+0.000138	+0.000138
gov_staker_remaining_fee_accumulator_filetest.gno	Remaining gov fee accumulator repeat-1000 claim-319	execution-segment-repricing	10565572	10703818	138246	-8621	-8621	0	133168	0	0	862100	862100	0	138.246	138.246	0.000000	+0.000138	+0.000138
gov_staker_remaining_fee_accumulator_filetest.gno	Remaining gov fee accumulator repeat-1000 claim-320	execution-segment-repricing	10565085	10703331	138246	-8621	-8621	0	133168	0	0	862100	862100	0	138.246	138.246	0.000000	+0.000138	+0.000138
gov_staker_remaining_fee_accumulator_filetest.gno	Remaining gov fee accumulator repeat-1000 claim-321	execution-segment-repricing	10568867	10707113	138246	-8621	-8621	0	133168	0	0	862100	862100	0	138.246	138.246	0.000000	+0.000138	+0.000138
gov_staker_remaining_fee_accumulator_filetest.gno	Remaining gov fee accumulator repeat-1000 claim-322	execution-segment-repricing	10566059	10704305	138246	-8621	-8621	0	133168	0	0	862100	862100	0	138.246	138.246	0.000000	+0.000138	+0.000138
gov_staker_remaining_fee_accumulator_filetest.gno	Remaining gov fee accumulator repeat-1000 claim-323	execution-segment-repricing	10565572	10703818	138246	-8621	-8621	0	133168	0	0	862100	862100	0	138.246	138.246	0.000000	+0.000138	+0.000138
gov_staker_remaining_fee_accumulator_filetest.gno	Remaining gov fee accumulator repeat-1000 claim-324	execution-segment-repricing	10565572	10703818	138246	-8621	-8621	0	133168	0	0	862100	862100	0	138.246	138.246	0.000000	+0.000138	+0.000138
gov_staker_remaining_fee_accumulator_filetest.gno	Remaining gov fee accumulator repeat-1000 claim-325	execution-segment-repricing	10565085	10703331	138246	-8621	-8621	0	133168	0	0	862100	862100	0	138.246	138.246	0.000000	+0.000138	+0.000138
gov_staker_remaining_fee_accumulator_filetest.gno	Remaining gov fee accumulator repeat-1000 claim-326	execution-segment-repricing	10568867	10707113	138246	-8621	-8621	0	133168	0	0	862100	862100	0	138.246	138.246	0.000000	+0.000138	+0.000138
gov_staker_remaining_fee_accumulator_filetest.gno	Remaining gov fee accumulator repeat-1000 claim-327	execution-segment-repricing	10565572	10703818	138246	-8621	-8621	0	133168	0	0	862100	862100	0	138.246	138.246	0.000000	+0.000138	+0.000138
gov_staker_remaining_fee_accumulator_filetest.gno	Remaining gov fee accumulator repeat-1000 claim-328	execution-segment-repricing	10566059	10704305	138246	-8621	-8621	0	133168	0	0	862100	862100	0	138.246	138.246	0.000000	+0.000138	+0.000138
gov_staker_remaining_fee_accumulator_filetest.gno	Remaining gov fee accumulator repeat-1000 claim-329	execution-segment-repricing	10566546	10704792	138246	-8621	-8621	0	133168	0	0	862100	862100	0	138.246	138.246	0.000000	+0.000138	+0.000138
gov_staker_remaining_fee_accumulator_filetest.gno	Remaining gov fee accumulator repeat-1000 claim-330	execution-segment-repricing	10566059	10704305	138246	-8621	-8621	0	133168	0	0	862100	862100	0	138.246	138.246	0.000000	+0.000138	+0.000138
gov_staker_remaining_fee_accumulator_filetest.gno	Remaining gov fee accumulator repeat-1000 claim-331	execution-segment-repricing	10569841	10708087	138246	-8621	-8621	0	133168	0	0	862100	862100	0	138.246	138.246	0.000000	+0.000138	+0.000138
gov_staker_remaining_fee_accumulator_filetest.gno	Remaining gov fee accumulator repeat-1000 claim-332	execution-segment-repricing	10566059	10704305	138246	-8621	-8621	0	133168	0	0	862100	862100	0	138.246	138.246	0.000000	+0.000138	+0.000138
gov_staker_remaining_fee_accumulator_filetest.gno	Remaining gov fee accumulator repeat-1000 claim-333	execution-segment-repricing	10566059	10704305	138246	-8621	-8621	0	133168	0	0	862100	862100	0	138.246	138.246	0.000000	+0.000138	+0.000138
gov_staker_remaining_fee_accumulator_filetest.gno	Remaining gov fee accumulator repeat-1000 claim-334	execution-segment-repricing	10566546	10704792	138246	-8621	-8621	0	133168	0	0	862100	862100	0	138.246	138.246	0.000000	+0.000138	+0.000138
gov_staker_remaining_fee_accumulator_filetest.gno	Remaining gov fee accumulator repeat-1000 claim-335	execution-segment-repricing	10566546	10704792	138246	-8621	-8621	0	133168	0	0	862100	862100	0	138.246	138.246	0.000000	+0.000138	+0.000138
gov_staker_remaining_fee_accumulator_filetest.gno	Remaining gov fee accumulator repeat-1000 claim-336	execution-segment-repricing	10569841	10708087	138246	-8621	-8621	0	133168	0	0	862100	862100	0	138.246	138.246	0.000000	+0.000138	+0.000138
gov_staker_remaining_fee_accumulator_filetest.gno	Remaining gov fee accumulator repeat-1000 claim-337	execution-segment-repricing	10566059	10704305	138246	-8621	-8621	0	133168	0	0	862100	862100	0	138.246	138.246	0.000000	+0.000138	+0.000138
gov_staker_remaining_fee_accumulator_filetest.gno	Remaining gov fee accumulator repeat-1000 claim-338	execution-segment-repricing	10565572	10703818	138246	-8621	-8621	0	133168	0	0	862100	862100	0	138.246	138.246	0.000000	+0.000138	+0.000138
gov_staker_remaining_fee_accumulator_filetest.gno	Remaining gov fee accumulator repeat-1000 claim-339	execution-segment-repricing	10565584	10703830	138246	-8618	-8618	0	133168	0	0	861800	861800	0	138.246	138.246	0.000000	+0.000138	+0.000138
gov_staker_remaining_fee_accumulator_filetest.gno	Remaining gov fee accumulator repeat-1000 claim-340	execution-segment-repricing	10566086	10704332	138246	-8618	-8618	0	133168	0	0	861800	861800	0	138.246	138.246	0.000000	+0.000138	+0.000138
gov_staker_remaining_fee_accumulator_filetest.gno	Remaining gov fee accumulator repeat-1000 claim-341	execution-segment-repricing	10569883	10708129	138246	-8618	-8618	0	133168	0	0	861800	861800	0	138.246	138.246	0.000000	+0.000138	+0.000138
gov_staker_remaining_fee_accumulator_filetest.gno	Remaining gov fee accumulator repeat-1000 claim-342	execution-segment-repricing	10567090	10705336	138246	-8618	-8618	0	133168	0	0	861800	861800	0	138.246	138.246	0.000000	+0.000138	+0.000138
gov_staker_remaining_fee_accumulator_filetest.gno	Remaining gov fee accumulator repeat-1000 claim-343	execution-segment-repricing	10566606	10704852	138246	-8621	-8621	0	133168	0	0	862100	862100	0	138.246	138.246	0.000000	+0.000138	+0.000138
gov_staker_remaining_fee_accumulator_filetest.gno	Remaining gov fee accumulator repeat-1000 claim-344	execution-segment-repricing	10566606	10704852	138246	-8621	-8621	0	133168	0	0	862100	862100	0	138.246	138.246	0.000000	+0.000138	+0.000138
gov_staker_remaining_fee_accumulator_filetest.gno	Remaining gov fee accumulator repeat-1000 claim-345	execution-segment-repricing	10566119	10704365	138246	-8621	-8621	0	133168	0	0	862100	862100	0	138.246	138.246	0.000000	+0.000138	+0.000138
gov_staker_remaining_fee_accumulator_filetest.gno	Remaining gov fee accumulator repeat-1000 claim-346	execution-segment-repricing	10569414	10707660	138246	-8621	-8621	0	133168	0	0	862100	862100	0	138.246	138.246	0.000000	+0.000138	+0.000138
gov_staker_remaining_fee_accumulator_filetest.gno	Remaining gov fee accumulator repeat-1000 claim-347	execution-segment-repricing	10569414	10707660	138246	-8621	-8621	0	133168	0	0	862100	862100	0	138.246	138.246	0.000000	+0.000138	+0.000138
gov_staker_remaining_fee_accumulator_filetest.gno	Remaining gov fee accumulator repeat-1000 claim-348	execution-segment-repricing	10569414	10707660	138246	-8621	-8621	0	133168	0	0	862100	862100	0	138.246	138.246	0.000000	+0.000138	+0.000138
gov_staker_remaining_fee_accumulator_filetest.gno	Remaining gov fee accumulator repeat-1000 claim-349	execution-segment-repricing	10569901	10708147	138246	-8621	-8621	0	133168	0	0	862100	862100	0	138.246	138.246	0.000000	+0.000138	+0.000138
gov_staker_remaining_fee_accumulator_filetest.gno	Remaining gov fee accumulator repeat-1000 claim-350	execution-segment-repricing	10569414	10707660	138246	-8621	-8621	0	133168	0	0	862100	862100	0	138.246	138.246	0.000000	+0.000138	+0.000138
gov_staker_remaining_fee_accumulator_filetest.gno	Remaining gov fee accumulator repeat-1000 claim-351	execution-segment-repricing	10569901	10708147	138246	-8621	-8621	0	133168	0	0	862100	862100	0	138.246	138.246	0.000000	+0.000138	+0.000138
gov_staker_remaining_fee_accumulator_filetest.gno	Remaining gov fee accumulator repeat-1000 claim-352	execution-segment-repricing	10569414	10707660	138246	-8621	-8621	0	133168	0	0	862100	862100	0	138.246	138.246	0.000000	+0.000138	+0.000138
gov_staker_remaining_fee_accumulator_filetest.gno	Remaining gov fee accumulator repeat-1000 claim-353	execution-segment-repricing	10569414	10707660	138246	-8621	-8621	0	133168	0	0	862100	862100	0	138.246	138.246	0.000000	+0.000138	+0.000138
gov_staker_remaining_fee_accumulator_filetest.gno	Remaining gov fee accumulator repeat-1000 claim-354	execution-segment-repricing	10569901	10708147	138246	-8621	-8621	0	133168	0	0	862100	862100	0	138.246	138.246	0.000000	+0.000138	+0.000138
gov_staker_remaining_fee_accumulator_filetest.gno	Remaining gov fee accumulator repeat-1000 claim-355	execution-segment-repricing	10569414	10707660	138246	-8621	-8621	0	133168	0	0	862100	862100	0	138.246	138.246	0.000000	+0.000138	+0.000138
gov_staker_remaining_fee_accumulator_filetest.gno	Remaining gov fee accumulator repeat-1000 claim-356	execution-segment-repricing	10569901	10708147	138246	-8621	-8621	0	133168	0	0	862100	862100	0	138.246	138.246	0.000000	+0.000138	+0.000138
gov_staker_remaining_fee_accumulator_filetest.gno	Remaining gov fee accumulator repeat-1000 claim-357	execution-segment-repricing	10569414	10707660	138246	-8621	-8621	0	133168	0	0	862100	862100	0	138.246	138.246	0.000000	+0.000138	+0.000138
gov_staker_remaining_fee_accumulator_filetest.gno	Remaining gov fee accumulator repeat-1000 claim-358	execution-segment-repricing	10569414	10707660	138246	-8621	-8621	0	133168	0	0	862100	862100	0	138.246	138.246	0.000000	+0.000138	+0.000138
gov_staker_remaining_fee_accumulator_filetest.gno	Remaining gov fee accumulator repeat-1000 claim-359	execution-segment-repricing	10569901	10708147	138246	-8621	-8621	0	133168	0	0	862100	862100	0	138.246	138.246	0.000000	+0.000138	+0.000138
gov_staker_remaining_fee_accumulator_filetest.gno	Remaining gov fee accumulator repeat-1000 claim-360	execution-segment-repricing	10569901	10708147	138246	-8621	-8621	0	133168	0	0	862100	862100	0	138.246	138.246	0.000000	+0.000138	+0.000138
gov_staker_remaining_fee_accumulator_filetest.gno	Remaining gov fee accumulator repeat-1000 claim-361	execution-segment-repricing	10570388	10708634	138246	-8621	-8621	0	133168	0	0	862100	862100	0	138.246	138.246	0.000000	+0.000138	+0.000138
gov_staker_remaining_fee_accumulator_filetest.gno	Remaining gov fee accumulator repeat-1000 claim-362	execution-segment-repricing	10569901	10708147	138246	-8621	-8621	0	133168	0	0	862100	862100	0	138.246	138.246	0.000000	+0.000138	+0.000138
gov_staker_remaining_fee_accumulator_filetest.gno	Remaining gov fee accumulator repeat-1000 claim-363	execution-segment-repricing	10569414	10707660	138246	-8621	-8621	0	133168	0	0	862100	862100	0	138.246	138.246	0.000000	+0.000138	+0.000138
gov_staker_remaining_fee_accumulator_filetest.gno	Remaining gov fee accumulator repeat-1000 claim-364	execution-segment-repricing	10569414	10707660	138246	-8621	-8621	0	133168	0	0	862100	862100	0	138.246	138.246	0.000000	+0.000138	+0.000138
gov_staker_remaining_fee_accumulator_filetest.gno	Remaining gov fee accumulator repeat-1000 claim-365	execution-segment-repricing	10568927	10707173	138246	-8621	-8621	0	133168	0	0	862100	862100	0	138.246	138.246	0.000000	+0.000138	+0.000138
gov_staker_remaining_fee_accumulator_filetest.gno	Remaining gov fee accumulator repeat-1000 claim-366	execution-segment-repricing	10569414	10707660	138246	-8621	-8621	0	133168	0	0	862100	862100	0	138.246	138.246	0.000000	+0.000138	+0.000138
gov_staker_remaining_fee_accumulator_filetest.gno	Remaining gov fee accumulator repeat-1000 claim-367	execution-segment-repricing	10569901	10708147	138246	-8621	-8621	0	133168	0	0	862100	862100	0	138.246	138.246	0.000000	+0.000138	+0.000138
gov_staker_remaining_fee_accumulator_filetest.gno	Remaining gov fee accumulator repeat-1000 claim-368	execution-segment-repricing	10569414	10707660	138246	-8621	-8621	0	133168	0	0	862100	862100	0	138.246	138.246	0.000000	+0.000138	+0.000138
gov_staker_remaining_fee_accumulator_filetest.gno	Remaining gov fee accumulator repeat-1000 claim-369	execution-segment-repricing	10569901	10708147	138246	-8621	-8621	0	133168	0	0	862100	862100	0	138.246	138.246	0.000000	+0.000138	+0.000138
gov_staker_remaining_fee_accumulator_filetest.gno	Remaining gov fee accumulator repeat-1000 claim-370	execution-segment-repricing	10569414	10707660	138246	-8621	-8621	0	133168	0	0	862100	862100	0	138.246	138.246	0.000000	+0.000138	+0.000138
gov_staker_remaining_fee_accumulator_filetest.gno	Remaining gov fee accumulator repeat-1000 claim-371	execution-segment-repricing	10564565	10702811	138246	-8621	-8621	0	133168	0	0	862100	862100	0	138.246	138.246	0.000000	+0.000138	+0.000138
gov_staker_remaining_fee_accumulator_filetest.gno	Remaining gov fee accumulator repeat-1000 claim-372	execution-segment-repricing	10564565	10702811	138246	-8621	-8621	0	133168	0	0	862100	862100	0	138.246	138.246	0.000000	+0.000138	+0.000138
gov_staker_remaining_fee_accumulator_filetest.gno	Remaining gov fee accumulator repeat-1000 claim-373	execution-segment-repricing	10564565	10702811	138246	-8621	-8621	0	133168	0	0	862100	862100	0	138.246	138.246	0.000000	+0.000138	+0.000138
gov_staker_remaining_fee_accumulator_filetest.gno	Remaining gov fee accumulator repeat-1000 claim-374	execution-segment-repricing	10561757	10700003	138246	-8621	-8621	0	133168	0	0	862100	862100	0	138.246	138.246	0.000000	+0.000138	+0.000138
gov_staker_remaining_fee_accumulator_filetest.gno	Remaining gov fee accumulator repeat-1000 claim-375	execution-segment-repricing	10566119	10704365	138246	-8621	-8621	0	133168	0	0	862100	862100	0	138.246	138.246	0.000000	+0.000138	+0.000138
gov_staker_remaining_fee_accumulator_filetest.gno	Remaining gov fee accumulator repeat-1000 claim-376	execution-segment-repricing	10566606	10704852	138246	-8621	-8621	0	133168	0	0	862100	862100	0	138.246	138.246	0.000000	+0.000138	+0.000138
gov_staker_remaining_fee_accumulator_filetest.gno	Remaining gov fee accumulator repeat-1000 claim-377	execution-segment-repricing	10562337	10700583	138246	-8621	-8621	0	133168	0	0	862100	862100	0	138.246	138.246	0.000000	+0.000138	+0.000138
gov_staker_remaining_fee_accumulator_filetest.gno	Remaining gov fee accumulator repeat-1000 claim-378	execution-segment-repricing	10565848	10703878	138030	-8571	-8621	-50	133168	5000	0	862100	862100	-5000	138.03	-4861.97	-0.005000	+0.000138	-0.004862
gov_staker_remaining_fee_accumulator_filetest.gno	Remaining gov fee accumulator repeat-1000 claim-379	execution-segment-repricing	10566371	10704365	137994	-8621	-8621	0	133168	0	0	862100	862100	0	137.994	137.994	0.000000	+0.000138	+0.000138
gov_staker_remaining_fee_accumulator_filetest.gno	Remaining gov fee accumulator repeat-1000 claim-380	execution-segment-repricing	10563076	10701070	137994	-8621	-8621	0	133168	0	0	862100	862100	0	137.994	137.994	0.000000	+0.000138	+0.000138
gov_staker_remaining_fee_accumulator_filetest.gno	Remaining gov fee accumulator repeat-1000 claim-381	execution-segment-repricing	10566858	10704852	137994	-8621	-8621	0	133168	0	0	862100	862100	0	137.994	137.994	0.000000	+0.000138	+0.000138
gov_staker_remaining_fee_accumulator_filetest.gno	Remaining gov fee accumulator repeat-1000 claim-382	execution-segment-repricing	10566371	10704365	137994	-8621	-8621	0	133168	0	0	862100	862100	0	137.994	137.994	0.000000	+0.000138	+0.000138
gov_staker_remaining_fee_accumulator_filetest.gno	Remaining gov fee accumulator repeat-1000 claim-383	execution-segment-repricing	10562589	10700583	137994	-8621	-8621	0	133168	0	0	862100	862100	0	137.994	137.994	0.000000	+0.000138	+0.000138
gov_staker_remaining_fee_accumulator_filetest.gno	Remaining gov fee accumulator repeat-1000 claim-384	execution-segment-repricing	10561035	10699029	137994	-8621	-8621	0	133168	0	0	862100	862100	0	137.994	137.994	0.000000	+0.000138	+0.000138
gov_staker_remaining_fee_accumulator_filetest.gno	Remaining gov fee accumulator repeat-1000 claim-385	execution-segment-repricing	10561522	10699516	137994	-8621	-8621	0	133168	0	0	862100	862100	0	137.994	137.994	0.000000	+0.000138	+0.000138
gov_staker_remaining_fee_accumulator_filetest.gno	Remaining gov fee accumulator repeat-1000 claim-386	execution-segment-repricing	10558714	10696708	137994	-8621	-8621	0	133168	0	0	862100	862100	0	137.994	137.994	0.000000	+0.000138	+0.000138
gov_staker_remaining_fee_accumulator_filetest.gno	Remaining gov fee accumulator repeat-1000 claim-387	execution-segment-repricing	10562496	10700490	137994	-8621	-8621	0	133168	0	0	862100	862100	0	137.994	137.994	0.000000	+0.000138	+0.000138
gov_staker_remaining_fee_accumulator_filetest.gno	Remaining gov fee accumulator repeat-1000 claim-388	execution-segment-repricing	10566858	10704852	137994	-8621	-8621	0	133168	0	0	862100	862100	0	137.994	137.994	0.000000	+0.000138	+0.000138
gov_staker_remaining_fee_accumulator_filetest.gno	Remaining gov fee accumulator repeat-1000 claim-389	execution-segment-repricing	10559294	10697288	137994	-8621	-8621	0	133168	0	0	862100	862100	0	137.994	137.994	0.000000	+0.000138	+0.000138
gov_staker_remaining_fee_accumulator_filetest.gno	Remaining gov fee accumulator repeat-1000 claim-390	execution-segment-repricing	10562102	10700096	137994	-8621	-8621	0	133168	0	0	862100	862100	0	137.994	137.994	0.000000	+0.000138	+0.000138
gov_staker_remaining_fee_accumulator_filetest.gno	Remaining gov fee accumulator repeat-1000 claim-391	execution-segment-repricing	10562102	10700096	137994	-8621	-8621	0	133168	0	0	862100	862100	0	137.994	137.994	0.000000	+0.000138	+0.000138
gov_staker_remaining_fee_accumulator_filetest.gno	Remaining gov fee accumulator repeat-1000 claim-392	execution-segment-repricing	10559294	10697288	137994	-8621	-8621	0	133168	0	0	862100	862100	0	137.994	137.994	0.000000	+0.000138	+0.000138
gov_staker_remaining_fee_accumulator_filetest.gno	Remaining gov fee accumulator repeat-1000 claim-393	execution-segment-repricing	10566858	10704852	137994	-8621	-8621	0	133168	0	0	862100	862100	0	137.994	137.994	0.000000	+0.000138	+0.000138
gov_staker_remaining_fee_accumulator_filetest.gno	Remaining gov fee accumulator repeat-1000 claim-394	execution-segment-repricing	10563563	10701557	137994	-8621	-8621	0	133168	0	0	862100	862100	0	137.994	137.994	0.000000	+0.000138	+0.000138
gov_staker_remaining_fee_accumulator_filetest.gno	Remaining gov fee accumulator repeat-1000 claim-395	execution-segment-repricing	10562589	10700583	137994	-8621	-8621	0	133168	0	0	862100	862100	0	137.994	137.994	0.000000	+0.000138	+0.000138
gov_staker_remaining_fee_accumulator_filetest.gno	Remaining gov fee accumulator repeat-1000 claim-396	execution-segment-repricing	10565884	10703878	137994	-8621	-8621	0	133168	0	0	862100	862100	0	137.994	137.994	0.000000	+0.000138	+0.000138
gov_staker_remaining_fee_accumulator_filetest.gno	Remaining gov fee accumulator repeat-1000 claim-397	execution-segment-repricing	10565397	10703391	137994	-8621	-8621	0	133168	0	0	862100	862100	0	137.994	137.994	0.000000	+0.000138	+0.000138
gov_staker_remaining_fee_accumulator_filetest.gno	Remaining gov fee accumulator repeat-1000 claim-398	execution-segment-repricing	10569179	10707173	137994	-8621	-8621	0	133168	0	0	862100	862100	0	137.994	137.994	0.000000	+0.000138	+0.000138
gov_staker_remaining_fee_accumulator_filetest.gno	Remaining gov fee accumulator repeat-1000 claim-399	execution-segment-repricing	10566371	10704365	137994	-8621	-8621	0	133168	0	0	862100	862100	0	137.994	137.994	0.000000	+0.000138	+0.000138
gov_staker_remaining_fee_accumulator_filetest.gno	Remaining gov fee accumulator repeat-1000 claim-400	execution-segment-repricing	10566371	10704365	137994	-8621	-8621	0	133168	0	0	862100	862100	0	137.994	137.994	0.000000	+0.000138	+0.000138
gov_staker_remaining_fee_accumulator_filetest.gno	Remaining gov fee accumulator repeat-1000 claim-401	execution-segment-repricing	10566371	10704365	137994	-8621	-8621	0	133168	0	0	862100	862100	0	137.994	137.994	0.000000	+0.000138	+0.000138
gov_staker_remaining_fee_accumulator_filetest.gno	Remaining gov fee accumulator repeat-1000 claim-402	execution-segment-repricing	10565884	10703878	137994	-8621	-8621	0	133168	0	0	862100	862100	0	137.994	137.994	0.000000	+0.000138	+0.000138
gov_staker_remaining_fee_accumulator_filetest.gno	Remaining gov fee accumulator repeat-1000 claim-403	execution-segment-repricing	10569666	10707660	137994	-8621	-8621	0	133168	0	0	862100	862100	0	137.994	137.994	0.000000	+0.000138	+0.000138
gov_staker_remaining_fee_accumulator_filetest.gno	Remaining gov fee accumulator repeat-1000 claim-404	execution-segment-repricing	10565884	10703878	137994	-8621	-8621	0	133168	0	0	862100	862100	0	137.994	137.994	0.000000	+0.000138	+0.000138
gov_staker_remaining_fee_accumulator_filetest.gno	Remaining gov fee accumulator repeat-1000 claim-405	execution-segment-repricing	10566371	10704365	137994	-8621	-8621	0	133168	0	0	862100	862100	0	137.994	137.994	0.000000	+0.000138	+0.000138
gov_staker_remaining_fee_accumulator_filetest.gno	Remaining gov fee accumulator repeat-1000 claim-406	execution-segment-repricing	10566858	10704852	137994	-8621	-8621	0	133168	0	0	862100	862100	0	137.994	137.994	0.000000	+0.000138	+0.000138
gov_staker_remaining_fee_accumulator_filetest.gno	Remaining gov fee accumulator repeat-1000 claim-407	execution-segment-repricing	10565884	10703878	137994	-8621	-8621	0	133168	0	0	862100	862100	0	137.994	137.994	0.000000	+0.000138	+0.000138
gov_staker_remaining_fee_accumulator_filetest.gno	Remaining gov fee accumulator repeat-1000 claim-408	execution-segment-repricing	10569666	10707660	137994	-8621	-8621	0	133168	0	0	862100	862100	0	137.994	137.994	0.000000	+0.000138	+0.000138
gov_staker_remaining_fee_accumulator_filetest.gno	Remaining gov fee accumulator repeat-1000 claim-409	execution-segment-repricing	10565884	10703878	137994	-8621	-8621	0	133168	0	0	862100	862100	0	137.994	137.994	0.000000	+0.000138	+0.000138
gov_staker_remaining_fee_accumulator_filetest.gno	Remaining gov fee accumulator repeat-1000 claim-410	execution-segment-repricing	10565884	10703878	137994	-8621	-8621	0	133168	0	0	862100	862100	0	137.994	137.994	0.000000	+0.000138	+0.000138
gov_staker_remaining_fee_accumulator_filetest.gno	Remaining gov fee accumulator repeat-1000 claim-411	execution-segment-repricing	10566858	10704852	137994	-8621	-8621	0	133168	0	0	862100	862100	0	137.994	137.994	0.000000	+0.000138	+0.000138
gov_staker_remaining_fee_accumulator_filetest.gno	Remaining gov fee accumulator repeat-1000 claim-412	execution-segment-repricing	10566858	10704852	137994	-8621	-8621	0	133168	0	0	862100	862100	0	137.994	137.994	0.000000	+0.000138	+0.000138
gov_staker_remaining_fee_accumulator_filetest.gno	Remaining gov fee accumulator repeat-1000 claim-413	execution-segment-repricing	10569666	10707660	137994	-8621	-8621	0	133168	0	0	862100	862100	0	137.994	137.994	0.000000	+0.000138	+0.000138
gov_staker_remaining_fee_accumulator_filetest.gno	Remaining gov fee accumulator repeat-1000 claim-414	execution-segment-repricing	10565884	10703878	137994	-8621	-8621	0	133168	0	0	862100	862100	0	137.994	137.994	0.000000	+0.000138	+0.000138
gov_staker_remaining_fee_accumulator_filetest.gno	Remaining gov fee accumulator repeat-1000 claim-415	execution-segment-repricing	10565397	10703391	137994	-8621	-8621	0	133168	0	0	862100	862100	0	137.994	137.994	0.000000	+0.000138	+0.000138
gov_staker_remaining_fee_accumulator_filetest.gno	Remaining gov fee accumulator repeat-1000 claim-416	execution-segment-repricing	10565397	10703391	137994	-8621	-8621	0	133168	0	0	862100	862100	0	137.994	137.994	0.000000	+0.000138	+0.000138
gov_staker_remaining_fee_accumulator_filetest.gno	Remaining gov fee accumulator repeat-1000 claim-417	execution-segment-repricing	10565884	10703878	137994	-8621	-8621	0	133168	0	0	862100	862100	0	137.994	137.994	0.000000	+0.000138	+0.000138
gov_staker_remaining_fee_accumulator_filetest.gno	Remaining gov fee accumulator repeat-1000 claim-418	execution-segment-repricing	10569666	10707660	137994	-8621	-8621	0	133168	0	0	862100	862100	0	137.994	137.994	0.000000	+0.000138	+0.000138
gov_staker_remaining_fee_accumulator_filetest.gno	Remaining gov fee accumulator repeat-1000 claim-419	execution-segment-repricing	10570153	10708147	137994	-8621	-8621	0	133168	0	0	862100	862100	0	137.994	137.994	0.000000	+0.000138	+0.000138
gov_staker_remaining_fee_accumulator_filetest.gno	Remaining gov fee accumulator repeat-1000 claim-420	execution-segment-repricing	10569666	10707660	137994	-8621	-8621	0	133168	0	0	862100	862100	0	137.994	137.994	0.000000	+0.000138	+0.000138
gov_staker_remaining_fee_accumulator_filetest.gno	Remaining gov fee accumulator repeat-1000 claim-421	execution-segment-repricing	10570153	10708147	137994	-8621	-8621	0	133168	0	0	862100	862100	0	137.994	137.994	0.000000	+0.000138	+0.000138
gov_staker_remaining_fee_accumulator_filetest.gno	Remaining gov fee accumulator repeat-1000 claim-422	execution-segment-repricing	10569666	10707660	137994	-8621	-8621	0	133168	0	0	862100	862100	0	137.994	137.994	0.000000	+0.000138	+0.000138
gov_staker_remaining_fee_accumulator_filetest.gno	Remaining gov fee accumulator repeat-1000 claim-423	execution-segment-repricing	10569666	10707660	137994	-8621	-8621	0	133168	0	0	862100	862100	0	137.994	137.994	0.000000	+0.000138	+0.000138
gov_staker_remaining_fee_accumulator_filetest.gno	Remaining gov fee accumulator repeat-1000 claim-424	execution-segment-repricing	10569666	10707660	137994	-8621	-8621	0	133168	0	0	862100	862100	0	137.994	137.994	0.000000	+0.000138	+0.000138
gov_staker_remaining_fee_accumulator_filetest.gno	Remaining gov fee accumulator repeat-1000 claim-425	execution-segment-repricing	10569666	10707660	137994	-8621	-8621	0	133168	0	0	862100	862100	0	137.994	137.994	0.000000	+0.000138	+0.000138
gov_staker_remaining_fee_accumulator_filetest.gno	Remaining gov fee accumulator repeat-1000 claim-426	execution-segment-repricing	10570153	10708147	137994	-8621	-8621	0	133168	0	0	862100	862100	0	137.994	137.994	0.000000	+0.000138	+0.000138
gov_staker_remaining_fee_accumulator_filetest.gno	Remaining gov fee accumulator repeat-1000 claim-427	execution-segment-repricing	10569666	10707660	137994	-8621	-8621	0	133168	0	0	862100	862100	0	137.994	137.994	0.000000	+0.000138	+0.000138
gov_staker_remaining_fee_accumulator_filetest.gno	Remaining gov fee accumulator repeat-1000 claim-428	execution-segment-repricing	10570153	10708147	137994	-8621	-8621	0	133168	0	0	862100	862100	0	137.994	137.994	0.000000	+0.000138	+0.000138
gov_staker_remaining_fee_accumulator_filetest.gno	Remaining gov fee accumulator repeat-1000 claim-429	execution-segment-repricing	10569666	10707660	137994	-8621	-8621	0	133168	0	0	862100	862100	0	137.994	137.994	0.000000	+0.000138	+0.000138
gov_staker_remaining_fee_accumulator_filetest.gno	Remaining gov fee accumulator repeat-1000 claim-430	execution-segment-repricing	10569666	10707660	137994	-8621	-8621	0	133168	0	0	862100	862100	0	137.994	137.994	0.000000	+0.000138	+0.000138
gov_staker_remaining_fee_accumulator_filetest.gno	Remaining gov fee accumulator repeat-1000 claim-431	execution-segment-repricing	10570153	10708147	137994	-8621	-8621	0	133168	0	0	862100	862100	0	137.994	137.994	0.000000	+0.000138	+0.000138
gov_staker_remaining_fee_accumulator_filetest.gno	Remaining gov fee accumulator repeat-1000 claim-432	execution-segment-repricing	10570153	10708147	137994	-8621	-8621	0	133168	0	0	862100	862100	0	137.994	137.994	0.000000	+0.000138	+0.000138
gov_staker_remaining_fee_accumulator_filetest.gno	Remaining gov fee accumulator repeat-1000 claim-433	execution-segment-repricing	10570640	10708634	137994	-8621	-8621	0	133168	0	0	862100	862100	0	137.994	137.994	0.000000	+0.000138	+0.000138
gov_staker_remaining_fee_accumulator_filetest.gno	Remaining gov fee accumulator repeat-1000 claim-434	execution-segment-repricing	10570153	10708147	137994	-8621	-8621	0	133168	0	0	862100	862100	0	137.994	137.994	0.000000	+0.000138	+0.000138
gov_staker_remaining_fee_accumulator_filetest.gno	Remaining gov fee accumulator repeat-1000 claim-435	execution-segment-repricing	10570153	10708147	137994	-8621	-8621	0	133168	0	0	862100	862100	0	137.994	137.994	0.000000	+0.000138	+0.000138
gov_staker_remaining_fee_accumulator_filetest.gno	Remaining gov fee accumulator repeat-1000 claim-436	execution-segment-repricing	10570153	10708147	137994	-8621	-8621	0	133168	0	0	862100	862100	0	137.994	137.994	0.000000	+0.000138	+0.000138
gov_staker_remaining_fee_accumulator_filetest.gno	Remaining gov fee accumulator repeat-1000 claim-437	execution-segment-repricing	10570153	10708147	137994	-8621	-8621	0	133168	0	0	862100	862100	0	137.994	137.994	0.000000	+0.000138	+0.000138
gov_staker_remaining_fee_accumulator_filetest.gno	Remaining gov fee accumulator repeat-1000 claim-438	execution-segment-repricing	10570640	10708634	137994	-8621	-8621	0	133168	0	0	862100	862100	0	137.994	137.994	0.000000	+0.000138	+0.000138
gov_staker_remaining_fee_accumulator_filetest.gno	Remaining gov fee accumulator repeat-1000 claim-439	execution-segment-repricing	10570153	10708147	137994	-8621	-8621	0	133168	0	0	862100	862100	0	137.994	137.994	0.000000	+0.000138	+0.000138
gov_staker_remaining_fee_accumulator_filetest.gno	Remaining gov fee accumulator repeat-1000 claim-440	execution-segment-repricing	10569666	10707660	137994	-8621	-8621	0	133168	0	0	862100	862100	0	137.994	137.994	0.000000	+0.000138	+0.000138
gov_staker_remaining_fee_accumulator_filetest.gno	Remaining gov fee accumulator repeat-1000 claim-441	execution-segment-repricing	10569666	10707660	137994	-8621	-8621	0	133168	0	0	862100	862100	0	137.994	137.994	0.000000	+0.000138	+0.000138
gov_staker_remaining_fee_accumulator_filetest.gno	Remaining gov fee accumulator repeat-1000 claim-442	execution-segment-repricing	10569179	10707173	137994	-8621	-8621	0	133168	0	0	862100	862100	0	137.994	137.994	0.000000	+0.000138	+0.000138
gov_staker_remaining_fee_accumulator_filetest.gno	Remaining gov fee accumulator repeat-1000 claim-443	execution-segment-repricing	10569666	10707660	137994	-8621	-8621	0	133168	0	0	862100	862100	0	137.994	137.994	0.000000	+0.000138	+0.000138
gov_staker_remaining_fee_accumulator_filetest.gno	Remaining gov fee accumulator repeat-1000 claim-444	execution-segment-repricing	10570153	10708147	137994	-8621	-8621	0	133168	0	0	862100	862100	0	137.994	137.994	0.000000	+0.000138	+0.000138
gov_staker_remaining_fee_accumulator_filetest.gno	Remaining gov fee accumulator repeat-1000 claim-445	execution-segment-repricing	10570153	10708147	137994	-8621	-8621	0	133168	0	0	862100	862100	0	137.994	137.994	0.000000	+0.000138	+0.000138
gov_staker_remaining_fee_accumulator_filetest.gno	Remaining gov fee accumulator repeat-1000 claim-446	execution-segment-repricing	10570640	10708634	137994	-8621	-8621	0	133168	0	0	862100	862100	0	137.994	137.994	0.000000	+0.000138	+0.000138
gov_staker_remaining_fee_accumulator_filetest.gno	Remaining gov fee accumulator repeat-1000 claim-447	execution-segment-repricing	10570153	10708147	137994	-8621	-8621	0	133168	0	0	862100	862100	0	137.994	137.994	0.000000	+0.000138	+0.000138
gov_staker_remaining_fee_accumulator_filetest.gno	Remaining gov fee accumulator repeat-1000 claim-448	execution-segment-repricing	10570153	10708147	137994	-8621	-8621	0	133168	0	0	862100	862100	0	137.994	137.994	0.000000	+0.000138	+0.000138
gov_staker_remaining_fee_accumulator_filetest.gno	Remaining gov fee accumulator repeat-1000 claim-449	execution-segment-repricing	10569666	10707660	137994	-8621	-8621	0	133168	0	0	862100	862100	0	137.994	137.994	0.000000	+0.000138	+0.000138
gov_staker_remaining_fee_accumulator_filetest.gno	Remaining gov fee accumulator repeat-1000 claim-450	execution-segment-repricing	10569666	10707660	137994	-8621	-8621	0	133168	0	0	862100	862100	0	137.994	137.994	0.000000	+0.000138	+0.000138
gov_staker_remaining_fee_accumulator_filetest.gno	Remaining gov fee accumulator repeat-1000 claim-451	execution-segment-repricing	10565304	10703298	137994	-8621	-8621	0	133168	0	0	862100	862100	0	137.994	137.994	0.000000	+0.000138	+0.000138
gov_staker_remaining_fee_accumulator_filetest.gno	Remaining gov fee accumulator repeat-1000 claim-452	execution-segment-repricing	10564817	10702811	137994	-8621	-8621	0	133168	0	0	862100	862100	0	137.994	137.994	0.000000	+0.000138	+0.000138
gov_staker_remaining_fee_accumulator_filetest.gno	Remaining gov fee accumulator repeat-1000 claim-453	execution-segment-repricing	10565304	10703298	137994	-8621	-8621	0	133168	0	0	862100	862100	0	137.994	137.994	0.000000	+0.000138	+0.000138
gov_staker_remaining_fee_accumulator_filetest.gno	Remaining gov fee accumulator repeat-1000 claim-454	execution-segment-repricing	10561035	10699029	137994	-8621	-8621	0	133168	0	0	862100	862100	0	137.994	137.994	0.000000	+0.000138	+0.000138
gov_staker_remaining_fee_accumulator_filetest.gno	Remaining gov fee accumulator repeat-1000 claim-455	execution-segment-repricing	10565884	10703878	137994	-8621	-8621	0	133168	0	0	862100	862100	0	137.994	137.994	0.000000	+0.000138	+0.000138
gov_staker_remaining_fee_accumulator_filetest.gno	Remaining gov fee accumulator repeat-1000 claim-456	execution-segment-repricing	10562589	10700583	137994	-8621	-8621	0	133168	0	0	862100	862100	0	137.994	137.994	0.000000	+0.000138	+0.000138
gov_staker_remaining_fee_accumulator_filetest.gno	Remaining gov fee accumulator repeat-1000 claim-457	execution-segment-repricing	10558807	10696801	137994	-8621	-8621	0	133168	0	0	862100	862100	0	137.994	137.994	0.000000	+0.000138	+0.000138
gov_staker_remaining_fee_accumulator_filetest.gno	Remaining gov fee accumulator repeat-1000 claim-458	execution-segment-repricing	10562589	10700583	137994	-8621	-8621	0	133168	0	0	862100	862100	0	137.994	137.994	0.000000	+0.000138	+0.000138
gov_staker_remaining_fee_accumulator_filetest.gno	Remaining gov fee accumulator repeat-1000 claim-459	execution-segment-repricing	10562102	10700096	137994	-8621	-8621	0	133168	0	0	862100	862100	0	137.994	137.994	0.000000	+0.000138	+0.000138
gov_staker_remaining_fee_accumulator_filetest.gno	Remaining gov fee accumulator repeat-1000 claim-460	execution-segment-repricing	10562102	10700096	137994	-8621	-8621	0	133168	0	0	862100	862100	0	137.994	137.994	0.000000	+0.000138	+0.000138
gov_staker_remaining_fee_accumulator_filetest.gno	Remaining gov fee accumulator repeat-1000 claim-461	execution-segment-repricing	10562102	10700096	137994	-8621	-8621	0	133168	0	0	862100	862100	0	137.994	137.994	0.000000	+0.000138	+0.000138
gov_staker_remaining_fee_accumulator_filetest.gno	Remaining gov fee accumulator repeat-1000 claim-462	execution-segment-repricing	10562589	10700583	137994	-8621	-8621	0	133168	0	0	862100	862100	0	137.994	137.994	0.000000	+0.000138	+0.000138
gov_staker_remaining_fee_accumulator_filetest.gno	Remaining gov fee accumulator repeat-1000 claim-463	execution-segment-repricing	10559781	10697775	137994	-8621	-8621	0	133168	0	0	862100	862100	0	137.994	137.994	0.000000	+0.000138	+0.000138
gov_staker_remaining_fee_accumulator_filetest.gno	Remaining gov fee accumulator repeat-1000 claim-464	execution-segment-repricing	10563563	10701557	137994	-8621	-8621	0	133168	0	0	862100	862100	0	137.994	137.994	0.000000	+0.000138	+0.000138
gov_staker_remaining_fee_accumulator_filetest.gno	Remaining gov fee accumulator repeat-1000 claim-465	execution-segment-repricing	10566858	10704852	137994	-8621	-8621	0	133168	0	0	862100	862100	0	137.994	137.994	0.000000	+0.000138	+0.000138
gov_staker_remaining_fee_accumulator_filetest.gno	Remaining gov fee accumulator repeat-1000 claim-466	execution-segment-repricing	10559294	10697288	137994	-8621	-8621	0	133168	0	0	862100	862100	0	137.994	137.994	0.000000	+0.000138	+0.000138
gov_staker_remaining_fee_accumulator_filetest.gno	Remaining gov fee accumulator repeat-1000 claim-467	execution-segment-repricing	10562102	10700096	137994	-8621	-8621	0	133168	0	0	862100	862100	0	137.994	137.994	0.000000	+0.000138	+0.000138
gov_staker_remaining_fee_accumulator_filetest.gno	Remaining gov fee accumulator repeat-1000 claim-468	execution-segment-repricing	10562102	10700096	137994	-8621	-8621	0	133168	0	0	862100	862100	0	137.994	137.994	0.000000	+0.000138	+0.000138
gov_staker_remaining_fee_accumulator_filetest.gno	Remaining gov fee accumulator repeat-1000 claim-469	execution-segment-repricing	10559294	10697288	137994	-8621	-8621	0	133168	0	0	862100	862100	0	137.994	137.994	0.000000	+0.000138	+0.000138
gov_staker_remaining_fee_accumulator_filetest.gno	Remaining gov fee accumulator repeat-1000 claim-470	execution-segment-repricing	10566858	10704852	137994	-8621	-8621	0	133168	0	0	862100	862100	0	137.994	137.994	0.000000	+0.000138	+0.000138
gov_staker_remaining_fee_accumulator_filetest.gno	Remaining gov fee accumulator repeat-1000 claim-471	execution-segment-repricing	10563563	10701557	137994	-8621	-8621	0	133168	0	0	862100	862100	0	137.994	137.994	0.000000	+0.000138	+0.000138
gov_staker_remaining_fee_accumulator_filetest.gno	Remaining gov fee accumulator repeat-1000 claim-472	execution-segment-repricing	10559294	10697288	137994	-8621	-8621	0	133168	0	0	862100	862100	0	137.994	137.994	0.000000	+0.000138	+0.000138
gov_staker_remaining_fee_accumulator_filetest.gno	Remaining gov fee accumulator repeat-1000 claim-473	execution-segment-repricing	10562589	10700583	137994	-8621	-8621	0	133168	0	0	862100	862100	0	137.994	137.994	0.000000	+0.000138	+0.000138
gov_staker_remaining_fee_accumulator_filetest.gno	Remaining gov fee accumulator repeat-1000 claim-474	execution-segment-repricing	10562102	10700096	137994	-8621	-8621	0	133168	0	0	862100	862100	0	137.994	137.994	0.000000	+0.000138	+0.000138
gov_staker_remaining_fee_accumulator_filetest.gno	Remaining gov fee accumulator repeat-1000 claim-475	execution-segment-repricing	10565884	10703878	137994	-8621	-8621	0	133168	0	0	862100	862100	0	137.994	137.994	0.000000	+0.000138	+0.000138
gov_staker_remaining_fee_accumulator_filetest.gno	Remaining gov fee accumulator repeat-1000 claim-476	execution-segment-repricing	10566371	10704365	137994	-8621	-8621	0	133168	0	0	862100	862100	0	137.994	137.994	0.000000	+0.000138	+0.000138
gov_staker_remaining_fee_accumulator_filetest.gno	Remaining gov fee accumulator repeat-1000 claim-477	execution-segment-repricing	10566371	10704365	137994	-8621	-8621	0	133168	0	0	862100	862100	0	137.994	137.994	0.000000	+0.000138	+0.000138
gov_staker_remaining_fee_accumulator_filetest.gno	Remaining gov fee accumulator repeat-1000 claim-478	execution-segment-repricing	10566371	10704365	137994	-8621	-8621	0	133168	0	0	862100	862100	0	137.994	137.994	0.000000	+0.000138	+0.000138
gov_staker_remaining_fee_accumulator_filetest.gno	Remaining gov fee accumulator repeat-1000 claim-479	execution-segment-repricing	10565884	10703878	137994	-8621	-8621	0	133168	0	0	862100	862100	0	137.994	137.994	0.000000	+0.000138	+0.000138
gov_staker_remaining_fee_accumulator_filetest.gno	Remaining gov fee accumulator repeat-1000 claim-480	execution-segment-repricing	10569666	10707660	137994	-8621	-8621	0	133168	0	0	862100	862100	0	137.994	137.994	0.000000	+0.000138	+0.000138
gov_staker_remaining_fee_accumulator_filetest.gno	Remaining gov fee accumulator repeat-1000 claim-481	execution-segment-repricing	10565884	10703878	137994	-8621	-8621	0	133168	0	0	862100	862100	0	137.994	137.994	0.000000	+0.000138	+0.000138
gov_staker_remaining_fee_accumulator_filetest.gno	Remaining gov fee accumulator repeat-1000 claim-482	execution-segment-repricing	10566371	10704365	137994	-8621	-8621	0	133168	0	0	862100	862100	0	137.994	137.994	0.000000	+0.000138	+0.000138
gov_staker_remaining_fee_accumulator_filetest.gno	Remaining gov fee accumulator repeat-1000 claim-483	execution-segment-repricing	10566858	10704852	137994	-8621	-8621	0	133168	0	0	862100	862100	0	137.994	137.994	0.000000	+0.000138	+0.000138
gov_staker_remaining_fee_accumulator_filetest.gno	Remaining gov fee accumulator repeat-1000 claim-484	execution-segment-repricing	10565884	10703878	137994	-8621	-8621	0	133168	0	0	862100	862100	0	137.994	137.994	0.000000	+0.000138	+0.000138
gov_staker_remaining_fee_accumulator_filetest.gno	Remaining gov fee accumulator repeat-1000 claim-485	execution-segment-repricing	10569666	10707660	137994	-8621	-8621	0	133168	0	0	862100	862100	0	137.994	137.994	0.000000	+0.000138	+0.000138
gov_staker_remaining_fee_accumulator_filetest.gno	Remaining gov fee accumulator repeat-1000 claim-486	execution-segment-repricing	10565884	10703878	137994	-8621	-8621	0	133168	0	0	862100	862100	0	137.994	137.994	0.000000	+0.000138	+0.000138
gov_staker_remaining_fee_accumulator_filetest.gno	Remaining gov fee accumulator repeat-1000 claim-487	execution-segment-repricing	10565884	10703878	137994	-8621	-8621	0	133168	0	0	862100	862100	0	137.994	137.994	0.000000	+0.000138	+0.000138
gov_staker_remaining_fee_accumulator_filetest.gno	Remaining gov fee accumulator repeat-1000 claim-488	execution-segment-repricing	10566858	10704852	137994	-8621	-8621	0	133168	0	0	862100	862100	0	137.994	137.994	0.000000	+0.000138	+0.000138
gov_staker_remaining_fee_accumulator_filetest.gno	Remaining gov fee accumulator repeat-1000 claim-489	execution-segment-repricing	10566858	10704852	137994	-8621	-8621	0	133168	0	0	862100	862100	0	137.994	137.994	0.000000	+0.000138	+0.000138
gov_staker_remaining_fee_accumulator_filetest.gno	Remaining gov fee accumulator repeat-1000 claim-490	execution-segment-repricing	10570640	10708634	137994	-8621	-8621	0	133168	0	0	862100	862100	0	137.994	137.994	0.000000	+0.000138	+0.000138
gov_staker_remaining_fee_accumulator_filetest.gno	Remaining gov fee accumulator repeat-1000 claim-491	execution-segment-repricing	10570153	10708147	137994	-8621	-8621	0	133168	0	0	862100	862100	0	137.994	137.994	0.000000	+0.000138	+0.000138
gov_staker_remaining_fee_accumulator_filetest.gno	Remaining gov fee accumulator repeat-1000 claim-492	execution-segment-repricing	10569666	10707660	137994	-8621	-8621	0	133168	0	0	862100	862100	0	137.994	137.994	0.000000	+0.000138	+0.000138
gov_staker_remaining_fee_accumulator_filetest.gno	Remaining gov fee accumulator repeat-1000 claim-493	execution-segment-repricing	10569666	10707660	137994	-8621	-8621	0	133168	0	0	862100	862100	0	137.994	137.994	0.000000	+0.000138	+0.000138
gov_staker_remaining_fee_accumulator_filetest.gno	Remaining gov fee accumulator repeat-1000 claim-494	execution-segment-repricing	10569179	10707173	137994	-8621	-8621	0	133168	0	0	862100	862100	0	137.994	137.994	0.000000	+0.000138	+0.000138
gov_staker_remaining_fee_accumulator_filetest.gno	Remaining gov fee accumulator repeat-1000 claim-495	execution-segment-repricing	10569666	10707660	137994	-8621	-8621	0	133168	0	0	862100	862100	0	137.994	137.994	0.000000	+0.000138	+0.000138
gov_staker_remaining_fee_accumulator_filetest.gno	Remaining gov fee accumulator repeat-1000 claim-496	execution-segment-repricing	10570153	10708147	137994	-8621	-8621	0	133168	0	0	862100	862100	0	137.994	137.994	0.000000	+0.000138	+0.000138
gov_staker_remaining_fee_accumulator_filetest.gno	Remaining gov fee accumulator repeat-1000 claim-497	execution-segment-repricing	10569666	10707660	137994	-8621	-8621	0	133168	0	0	862100	862100	0	137.994	137.994	0.000000	+0.000138	+0.000138
gov_staker_remaining_fee_accumulator_filetest.gno	Remaining gov fee accumulator repeat-1000 claim-498	execution-segment-repricing	10570153	10708147	137994	-8621	-8621	0	133168	0	0	862100	862100	0	137.994	137.994	0.000000	+0.000138	+0.000138
gov_staker_remaining_fee_accumulator_filetest.gno	Remaining gov fee accumulator repeat-1000 claim-499	execution-segment-repricing	10569666	10707660	137994	-8621	-8621	0	133168	0	0	862100	862100	0	137.994	137.994	0.000000	+0.000138	+0.000138
gov_staker_remaining_fee_accumulator_filetest.gno	Remaining gov fee accumulator repeat-1000 claim-500	execution-segment-repricing	10569666	10707660	137994	-8621	-8621	0	133168	0	0	862100	862100	0	137.994	137.994	0.000000	+0.000138	+0.000138
gov_staker_remaining_fee_accumulator_filetest.gno	Remaining gov fee accumulator repeat-1000 claim-501	execution-segment-repricing	10569666	10707660	137994	-8621	-8621	0	133168	0	0	862100	862100	0	137.994	137.994	0.000000	+0.000138	+0.000138
gov_staker_remaining_fee_accumulator_filetest.gno	Remaining gov fee accumulator repeat-1000 claim-502	execution-segment-repricing	10569666	10707660	137994	-8621	-8621	0	133168	0	0	862100	862100	0	137.994	137.994	0.000000	+0.000138	+0.000138
gov_staker_remaining_fee_accumulator_filetest.gno	Remaining gov fee accumulator repeat-1000 claim-503	execution-segment-repricing	10570153	10708147	137994	-8621	-8621	0	133168	0	0	862100	862100	0	137.994	137.994	0.000000	+0.000138	+0.000138
gov_staker_remaining_fee_accumulator_filetest.gno	Remaining gov fee accumulator repeat-1000 claim-504	execution-segment-repricing	10569666	10707660	137994	-8621	-8621	0	133168	0	0	862100	862100	0	137.994	137.994	0.000000	+0.000138	+0.000138
gov_staker_remaining_fee_accumulator_filetest.gno	Remaining gov fee accumulator repeat-1000 claim-505	execution-segment-repricing	10570153	10708147	137994	-8621	-8621	0	133168	0	0	862100	862100	0	137.994	137.994	0.000000	+0.000138	+0.000138
gov_staker_remaining_fee_accumulator_filetest.gno	Remaining gov fee accumulator repeat-1000 claim-506	execution-segment-repricing	10569666	10707660	137994	-8621	-8621	0	133168	0	0	862100	862100	0	137.994	137.994	0.000000	+0.000138	+0.000138
gov_staker_remaining_fee_accumulator_filetest.gno	Remaining gov fee accumulator repeat-1000 claim-507	execution-segment-repricing	10569666	10707660	137994	-8621	-8621	0	133168	0	0	862100	862100	0	137.994	137.994	0.000000	+0.000138	+0.000138
gov_staker_remaining_fee_accumulator_filetest.gno	Remaining gov fee accumulator repeat-1000 claim-508	execution-segment-repricing	10570153	10708147	137994	-8621	-8621	0	133168	0	0	862100	862100	0	137.994	137.994	0.000000	+0.000138	+0.000138
gov_staker_remaining_fee_accumulator_filetest.gno	Remaining gov fee accumulator repeat-1000 claim-509	execution-segment-repricing	10570153	10708147	137994	-8621	-8621	0	133168	0	0	862100	862100	0	137.994	137.994	0.000000	+0.000138	+0.000138
gov_staker_remaining_fee_accumulator_filetest.gno	Remaining gov fee accumulator repeat-1000 claim-510	execution-segment-repricing	10570153	10708147	137994	-8621	-8621	0	133168	0	0	862100	862100	0	137.994	137.994	0.000000	+0.000138	+0.000138
gov_staker_remaining_fee_accumulator_filetest.gno	Remaining gov fee accumulator repeat-1000 claim-511	execution-segment-repricing	10569666	10707660	137994	-8621	-8621	0	133168	0	0	862100	862100	0	137.994	137.994	0.000000	+0.000138	+0.000138
gov_staker_remaining_fee_accumulator_filetest.gno	Remaining gov fee accumulator repeat-1000 claim-512	execution-segment-repricing	10569666	10707660	137994	-8621	-8621	0	133168	0	0	862100	862100	0	137.994	137.994	0.000000	+0.000138	+0.000138
gov_staker_remaining_fee_accumulator_filetest.gno	Remaining gov fee accumulator repeat-1000 claim-513	execution-segment-repricing	10569666	10707660	137994	-8621	-8621	0	133168	0	0	862100	862100	0	137.994	137.994	0.000000	+0.000138	+0.000138
gov_staker_remaining_fee_accumulator_filetest.gno	Remaining gov fee accumulator repeat-1000 claim-514	execution-segment-repricing	10570153	10708147	137994	-8621	-8621	0	133168	0	0	862100	862100	0	137.994	137.994	0.000000	+0.000138	+0.000138
gov_staker_remaining_fee_accumulator_filetest.gno	Remaining gov fee accumulator repeat-1000 claim-515	execution-segment-repricing	10570640	10708634	137994	-8621	-8621	0	133168	0	0	862100	862100	0	137.994	137.994	0.000000	+0.000138	+0.000138
gov_staker_remaining_fee_accumulator_filetest.gno	Remaining gov fee accumulator repeat-1000 claim-516	execution-segment-repricing	10570153	10708147	137994	-8621	-8621	0	133168	0	0	862100	862100	0	137.994	137.994	0.000000	+0.000138	+0.000138
gov_staker_remaining_fee_accumulator_filetest.gno	Remaining gov fee accumulator repeat-1000 claim-517	execution-segment-repricing	10569666	10707660	137994	-8621	-8621	0	133168	0	0	862100	862100	0	137.994	137.994	0.000000	+0.000138	+0.000138
gov_staker_remaining_fee_accumulator_filetest.gno	Remaining gov fee accumulator repeat-1000 claim-518	execution-segment-repricing	10569666	10707660	137994	-8621	-8621	0	133168	0	0	862100	862100	0	137.994	137.994	0.000000	+0.000138	+0.000138
gov_staker_remaining_fee_accumulator_filetest.gno	Remaining gov fee accumulator repeat-1000 claim-519	execution-segment-repricing	10569179	10707173	137994	-8621	-8621	0	133168	0	0	862100	862100	0	137.994	137.994	0.000000	+0.000138	+0.000138
gov_staker_remaining_fee_accumulator_filetest.gno	Remaining gov fee accumulator repeat-1000 claim-520	execution-segment-repricing	10569666	10707660	137994	-8621	-8621	0	133168	0	0	862100	862100	0	137.994	137.994	0.000000	+0.000138	+0.000138
gov_staker_remaining_fee_accumulator_filetest.gno	Remaining gov fee accumulator repeat-1000 claim-521	execution-segment-repricing	10570153	10708147	137994	-8621	-8621	0	133168	0	0	862100	862100	0	137.994	137.994	0.000000	+0.000138	+0.000138
gov_staker_remaining_fee_accumulator_filetest.gno	Remaining gov fee accumulator repeat-1000 claim-522	execution-segment-repricing	10570153	10708147	137994	-8621	-8621	0	133168	0	0	862100	862100	0	137.994	137.994	0.000000	+0.000138	+0.000138
gov_staker_remaining_fee_accumulator_filetest.gno	Remaining gov fee accumulator repeat-1000 claim-523	execution-segment-repricing	10565791	10703785	137994	-8621	-8621	0	133168	0	0	862100	862100	0	137.994	137.994	0.000000	+0.000138	+0.000138
gov_staker_remaining_fee_accumulator_filetest.gno	Remaining gov fee accumulator repeat-1000 claim-524	execution-segment-repricing	10565304	10703298	137994	-8621	-8621	0	133168	0	0	862100	862100	0	137.994	137.994	0.000000	+0.000138	+0.000138
gov_staker_remaining_fee_accumulator_filetest.gno	Remaining gov fee accumulator repeat-1000 claim-525	execution-segment-repricing	10565304	10703298	137994	-8621	-8621	0	133168	0	0	862100	862100	0	137.994	137.994	0.000000	+0.000138	+0.000138
gov_staker_remaining_fee_accumulator_filetest.gno	Remaining gov fee accumulator repeat-1000 claim-526	execution-segment-repricing	10564817	10702811	137994	-8621	-8621	0	133168	0	0	862100	862100	0	137.994	137.994	0.000000	+0.000138	+0.000138
gov_staker_remaining_fee_accumulator_filetest.gno	Remaining gov fee accumulator repeat-1000 claim-527	execution-segment-repricing	10569666	10707660	137994	-8621	-8621	0	133168	0	0	862100	862100	0	137.994	137.994	0.000000	+0.000138	+0.000138
gov_staker_remaining_fee_accumulator_filetest.gno	Remaining gov fee accumulator repeat-1000 claim-528	execution-segment-repricing	10566371	10704365	137994	-8621	-8621	0	133168	0	0	862100	862100	0	137.994	137.994	0.000000	+0.000138	+0.000138
gov_staker_remaining_fee_accumulator_filetest.gno	Remaining gov fee accumulator repeat-1000 claim-529	execution-segment-repricing	10565884	10703878	137994	-8621	-8621	0	133168	0	0	862100	862100	0	137.994	137.994	0.000000	+0.000138	+0.000138
gov_staker_remaining_fee_accumulator_filetest.gno	Remaining gov fee accumulator repeat-1000 claim-530	execution-segment-repricing	10566371	10704365	137994	-8621	-8621	0	133168	0	0	862100	862100	0	137.994	137.994	0.000000	+0.000138	+0.000138
gov_staker_remaining_fee_accumulator_filetest.gno	Remaining gov fee accumulator repeat-1000 claim-531	execution-segment-repricing	10565884	10703878	137994	-8621	-8621	0	133168	0	0	862100	862100	0	137.994	137.994	0.000000	+0.000138	+0.000138
gov_staker_remaining_fee_accumulator_filetest.gno	Remaining gov fee accumulator repeat-1000 claim-532	execution-segment-repricing	10569666	10707660	137994	-8621	-8621	0	133168	0	0	862100	862100	0	137.994	137.994	0.000000	+0.000138	+0.000138
gov_staker_remaining_fee_accumulator_filetest.gno	Remaining gov fee accumulator repeat-1000 claim-533	execution-segment-repricing	10566371	10704365	137994	-8621	-8621	0	133168	0	0	862100	862100	0	137.994	137.994	0.000000	+0.000138	+0.000138
gov_staker_remaining_fee_accumulator_filetest.gno	Remaining gov fee accumulator repeat-1000 claim-534	execution-segment-repricing	10562589	10700583	137994	-8621	-8621	0	133168	0	0	862100	862100	0	137.994	137.994	0.000000	+0.000138	+0.000138
gov_staker_remaining_fee_accumulator_filetest.gno	Remaining gov fee accumulator repeat-1000 claim-535	execution-segment-repricing	10563076	10701070	137994	-8621	-8621	0	133168	0	0	862100	862100	0	137.994	137.994	0.000000	+0.000138	+0.000138
gov_staker_remaining_fee_accumulator_filetest.gno	Remaining gov fee accumulator repeat-1000 claim-536	execution-segment-repricing	10562589	10700583	137994	-8621	-8621	0	133168	0	0	862100	862100	0	137.994	137.994	0.000000	+0.000138	+0.000138
gov_staker_remaining_fee_accumulator_filetest.gno	Remaining gov fee accumulator repeat-1000 claim-537	execution-segment-repricing	10562589	10700583	137994	-8621	-8621	0	133168	0	0	862100	862100	0	137.994	137.994	0.000000	+0.000138	+0.000138
gov_staker_remaining_fee_accumulator_filetest.gno	Remaining gov fee accumulator repeat-1000 claim-538	execution-segment-repricing	10562589	10700583	137994	-8621	-8621	0	133168	0	0	862100	862100	0	137.994	137.994	0.000000	+0.000138	+0.000138
gov_staker_remaining_fee_accumulator_filetest.gno	Remaining gov fee accumulator repeat-1000 claim-539	execution-segment-repricing	10562589	10700583	137994	-8621	-8621	0	133168	0	0	862100	862100	0	137.994	137.994	0.000000	+0.000138	+0.000138
gov_staker_remaining_fee_accumulator_filetest.gno	Remaining gov fee accumulator repeat-1000 claim-540	execution-segment-repricing	10559294	10697288	137994	-8621	-8621	0	133168	0	0	862100	862100	0	137.994	137.994	0.000000	+0.000138	+0.000138
gov_staker_remaining_fee_accumulator_filetest.gno	Remaining gov fee accumulator repeat-1000 claim-541	execution-segment-repricing	10563076	10701103	138027	-8621	-8611	10	133168	0	1000	862100	862100	1000	138.027	1138.027	+0.001000	+0.000138	+0.001138
gov_staker_remaining_fee_accumulator_filetest.gno	Remaining gov fee accumulator repeat-1000 claim-542	execution-segment-repricing	10566371	10704551	138180	-8621	-8596	25	133168	0	2500	862100	862100	2500	138.18	2638.18	+0.002500	+0.000138	+0.002638
gov_staker_remaining_fee_accumulator_filetest.gno	Remaining gov fee accumulator repeat-1000 claim-543	execution-segment-repricing	10558807	10697008	138201	-8621	-8621	0	133168	0	0	862100	862100	0	138.201	138.201	0.000000	+0.000138	+0.000138
gov_staker_remaining_fee_accumulator_filetest.gno	Remaining gov fee accumulator repeat-1000 claim-544	execution-segment-repricing	10562102	10700303	138201	-8621	-8621	0	133168	0	0	862100	862100	0	138.201	138.201	0.000000	+0.000138	+0.000138
gov_staker_remaining_fee_accumulator_filetest.gno	Remaining gov fee accumulator repeat-1000 claim-545	execution-segment-repricing	10562102	10700303	138201	-8621	-8621	0	133168	0	0	862100	862100	0	138.201	138.201	0.000000	+0.000138	+0.000138
gov_staker_remaining_fee_accumulator_filetest.gno	Remaining gov fee accumulator repeat-1000 claim-546	execution-segment-repricing	10558807	10697008	138201	-8621	-8621	0	133168	0	0	862100	862100	0	138.201	138.201	0.000000	+0.000138	+0.000138
gov_staker_remaining_fee_accumulator_filetest.gno	Remaining gov fee accumulator repeat-1000 claim-547	execution-segment-repricing	10566371	10704572	138201	-8621	-8621	0	133168	0	0	862100	862100	0	138.201	138.201	0.000000	+0.000138	+0.000138
gov_staker_remaining_fee_accumulator_filetest.gno	Remaining gov fee accumulator repeat-1000 claim-548	execution-segment-repricing	10563563	10701764	138201	-8621	-8621	0	133168	0	0	862100	862100	0	138.201	138.201	0.000000	+0.000138	+0.000138
gov_staker_remaining_fee_accumulator_filetest.gno	Remaining gov fee accumulator repeat-1000 claim-549	execution-segment-repricing	10559294	10697495	138201	-8621	-8621	0	133168	0	0	862100	862100	0	138.201	138.201	0.000000	+0.000138	+0.000138
gov_staker_remaining_fee_accumulator_filetest.gno	Remaining gov fee accumulator repeat-1000 claim-550	execution-segment-repricing	10563076	10701277	138201	-8621	-8621	0	133168	0	0	862100	862100	0	138.201	138.201	0.000000	+0.000138	+0.000138
gov_staker_remaining_fee_accumulator_filetest.gno	Remaining gov fee accumulator repeat-1000 claim-551	execution-segment-repricing	10562589	10700790	138201	-8621	-8621	0	133168	0	0	862100	862100	0	138.201	138.201	0.000000	+0.000138	+0.000138
gov_staker_remaining_fee_accumulator_filetest.gno	Remaining gov fee accumulator repeat-1000 claim-552	execution-segment-repricing	10562589	10700790	138201	-8621	-8621	0	133168	0	0	862100	862100	0	138.201	138.201	0.000000	+0.000138	+0.000138
gov_staker_remaining_fee_accumulator_filetest.gno	Remaining gov fee accumulator repeat-1000 claim-553	execution-segment-repricing	10563076	10701277	138201	-8621	-8621	0	133168	0	0	862100	862100	0	138.201	138.201	0.000000	+0.000138	+0.000138
gov_staker_remaining_fee_accumulator_filetest.gno	Remaining gov fee accumulator repeat-1000 claim-554	execution-segment-repricing	10563076	10701277	138201	-8621	-8621	0	133168	0	0	862100	862100	0	138.201	138.201	0.000000	+0.000138	+0.000138
gov_staker_remaining_fee_accumulator_filetest.gno	Remaining gov fee accumulator repeat-1000 claim-555	execution-segment-repricing	10559781	10697982	138201	-8621	-8621	0	133168	0	0	862100	862100	0	138.201	138.201	0.000000	+0.000138	+0.000138
gov_staker_remaining_fee_accumulator_filetest.gno	Remaining gov fee accumulator repeat-1000 claim-556	execution-segment-repricing	10562589	10700790	138201	-8621	-8621	0	133168	0	0	862100	862100	0	138.201	138.201	0.000000	+0.000138	+0.000138
gov_staker_remaining_fee_accumulator_filetest.gno	Remaining gov fee accumulator repeat-1000 claim-557	execution-segment-repricing	10566371	10704572	138201	-8621	-8621	0	133168	0	0	862100	862100	0	138.201	138.201	0.000000	+0.000138	+0.000138
gov_staker_remaining_fee_accumulator_filetest.gno	Remaining gov fee accumulator repeat-1000 claim-558	execution-segment-repricing	10565884	10704085	138201	-8621	-8621	0	133168	0	0	862100	862100	0	138.201	138.201	0.000000	+0.000138	+0.000138
gov_staker_remaining_fee_accumulator_filetest.gno	Remaining gov fee accumulator repeat-1000 claim-559	execution-segment-repricing	10569666	10707867	138201	-8621	-8621	0	133168	0	0	862100	862100	0	138.201	138.201	0.000000	+0.000138	+0.000138
gov_staker_remaining_fee_accumulator_filetest.gno	Remaining gov fee accumulator repeat-1000 claim-560	execution-segment-repricing	10570153	10708354	138201	-8621	-8621	0	133168	0	0	862100	862100	0	138.201	138.201	0.000000	+0.000138	+0.000138
gov_staker_remaining_fee_accumulator_filetest.gno	Remaining gov fee accumulator repeat-1000 claim-561	execution-segment-repricing	10569179	10707380	138201	-8621	-8621	0	133168	0	0	862100	862100	0	138.201	138.201	0.000000	+0.000138	+0.000138
gov_staker_remaining_fee_accumulator_filetest.gno	Remaining gov fee accumulator repeat-1000 claim-562	execution-segment-repricing	10569179	10707380	138201	-8621	-8621	0	133168	0	0	862100	862100	0	138.201	138.201	0.000000	+0.000138	+0.000138
gov_staker_remaining_fee_accumulator_filetest.gno	Remaining gov fee accumulator repeat-1000 claim-563	execution-segment-repricing	10568692	10706893	138201	-8621	-8621	0	133168	0	0	862100	862100	0	138.201	138.201	0.000000	+0.000138	+0.000138
gov_staker_remaining_fee_accumulator_filetest.gno	Remaining gov fee accumulator repeat-1000 claim-564	execution-segment-repricing	10568692	10706893	138201	-8621	-8621	0	133168	0	0	862100	862100	0	138.201	138.201	0.000000	+0.000138	+0.000138
gov_staker_remaining_fee_accumulator_filetest.gno	Remaining gov fee accumulator repeat-1000 claim-565	execution-segment-repricing	10569666	10707867	138201	-8621	-8621	0	133168	0	0	862100	862100	0	138.201	138.201	0.000000	+0.000138	+0.000138
gov_staker_remaining_fee_accumulator_filetest.gno	Remaining gov fee accumulator repeat-1000 claim-566	execution-segment-repricing	10570153	10708354	138201	-8621	-8621	0	133168	0	0	862100	862100	0	138.201	138.201	0.000000	+0.000138	+0.000138
gov_staker_remaining_fee_accumulator_filetest.gno	Remaining gov fee accumulator repeat-1000 claim-567	execution-segment-repricing	10570640	10708841	138201	-8621	-8621	0	133168	0	0	862100	862100	0	138.201	138.201	0.000000	+0.000138	+0.000138
gov_staker_remaining_fee_accumulator_filetest.gno	Remaining gov fee accumulator repeat-1000 claim-568	execution-segment-repricing	10570153	10708354	138201	-8621	-8621	0	133168	0	0	862100	862100	0	138.201	138.201	0.000000	+0.000138	+0.000138
gov_staker_remaining_fee_accumulator_filetest.gno	Remaining gov fee accumulator repeat-1000 claim-569	execution-segment-repricing	10569666	10707867	138201	-8621	-8621	0	133168	0	0	862100	862100	0	138.201	138.201	0.000000	+0.000138	+0.000138
gov_staker_remaining_fee_accumulator_filetest.gno	Remaining gov fee accumulator repeat-1000 claim-570	execution-segment-repricing	10569666	10707867	138201	-8621	-8621	0	133168	0	0	862100	862100	0	138.201	138.201	0.000000	+0.000138	+0.000138
gov_staker_remaining_fee_accumulator_filetest.gno	Remaining gov fee accumulator repeat-1000 claim-571	execution-segment-repricing	10569179	10707380	138201	-8621	-8621	0	133168	0	0	862100	862100	0	138.201	138.201	0.000000	+0.000138	+0.000138
gov_staker_remaining_fee_accumulator_filetest.gno	Remaining gov fee accumulator repeat-1000 claim-572	execution-segment-repricing	10569666	10707867	138201	-8621	-8621	0	133168	0	0	862100	862100	0	138.201	138.201	0.000000	+0.000138	+0.000138
gov_staker_remaining_fee_accumulator_filetest.gno	Remaining gov fee accumulator repeat-1000 claim-573	execution-segment-repricing	10570153	10708354	138201	-8621	-8621	0	133168	0	0	862100	862100	0	138.201	138.201	0.000000	+0.000138	+0.000138
gov_staker_remaining_fee_accumulator_filetest.gno	Remaining gov fee accumulator repeat-1000 claim-574	execution-segment-repricing	10569666	10707867	138201	-8621	-8621	0	133168	0	0	862100	862100	0	138.201	138.201	0.000000	+0.000138	+0.000138
gov_staker_remaining_fee_accumulator_filetest.gno	Remaining gov fee accumulator repeat-1000 claim-575	execution-segment-repricing	10570153	10708354	138201	-8621	-8621	0	133168	0	0	862100	862100	0	138.201	138.201	0.000000	+0.000138	+0.000138
gov_staker_remaining_fee_accumulator_filetest.gno	Remaining gov fee accumulator repeat-1000 claim-576	execution-segment-repricing	10569666	10707867	138201	-8621	-8621	0	133168	0	0	862100	862100	0	138.201	138.201	0.000000	+0.000138	+0.000138
gov_staker_remaining_fee_accumulator_filetest.gno	Remaining gov fee accumulator repeat-1000 claim-577	execution-segment-repricing	10569666	10707867	138201	-8621	-8621	0	133168	0	0	862100	862100	0	138.201	138.201	0.000000	+0.000138	+0.000138
gov_staker_remaining_fee_accumulator_filetest.gno	Remaining gov fee accumulator repeat-1000 claim-578	execution-segment-repricing	10569666	10707867	138201	-8621	-8621	0	133168	0	0	862100	862100	0	138.201	138.201	0.000000	+0.000138	+0.000138
gov_staker_remaining_fee_accumulator_filetest.gno	Remaining gov fee accumulator repeat-1000 claim-579	execution-segment-repricing	10569666	10707867	138201	-8621	-8621	0	133168	0	0	862100	862100	0	138.201	138.201	0.000000	+0.000138	+0.000138
gov_staker_remaining_fee_accumulator_filetest.gno	Remaining gov fee accumulator repeat-1000 claim-580	execution-segment-repricing	10570153	10708354	138201	-8621	-8621	0	133168	0	0	862100	862100	0	138.201	138.201	0.000000	+0.000138	+0.000138
gov_staker_remaining_fee_accumulator_filetest.gno	Remaining gov fee accumulator repeat-1000 claim-581	execution-segment-repricing	10569666	10707867	138201	-8621	-8621	0	133168	0	0	862100	862100	0	138.201	138.201	0.000000	+0.000138	+0.000138
gov_staker_remaining_fee_accumulator_filetest.gno	Remaining gov fee accumulator repeat-1000 claim-582	execution-segment-repricing	10570153	10708354	138201	-8621	-8621	0	133168	0	0	862100	862100	0	138.201	138.201	0.000000	+0.000138	+0.000138
gov_staker_remaining_fee_accumulator_filetest.gno	Remaining gov fee accumulator repeat-1000 claim-583	execution-segment-repricing	10569666	10707867	138201	-8621	-8621	0	133168	0	0	862100	862100	0	138.201	138.201	0.000000	+0.000138	+0.000138
gov_staker_remaining_fee_accumulator_filetest.gno	Remaining gov fee accumulator repeat-1000 claim-584	execution-segment-repricing	10569666	10707867	138201	-8621	-8621	0	133168	0	0	862100	862100	0	138.201	138.201	0.000000	+0.000138	+0.000138
gov_staker_remaining_fee_accumulator_filetest.gno	Remaining gov fee accumulator repeat-1000 claim-585	execution-segment-repricing	10570153	10708354	138201	-8621	-8621	0	133168	0	0	862100	862100	0	138.201	138.201	0.000000	+0.000138	+0.000138
gov_staker_remaining_fee_accumulator_filetest.gno	Remaining gov fee accumulator repeat-1000 claim-586	execution-segment-repricing	10570153	10708354	138201	-8621	-8621	0	133168	0	0	862100	862100	0	138.201	138.201	0.000000	+0.000138	+0.000138
gov_staker_remaining_fee_accumulator_filetest.gno	Remaining gov fee accumulator repeat-1000 claim-587	execution-segment-repricing	10570153	10708354	138201	-8621	-8621	0	133168	0	0	862100	862100	0	138.201	138.201	0.000000	+0.000138	+0.000138
gov_staker_remaining_fee_accumulator_filetest.gno	Remaining gov fee accumulator repeat-1000 claim-588	execution-segment-repricing	10569666	10707867	138201	-8621	-8621	0	133168	0	0	862100	862100	0	138.201	138.201	0.000000	+0.000138	+0.000138
gov_staker_remaining_fee_accumulator_filetest.gno	Remaining gov fee accumulator repeat-1000 claim-589	execution-segment-repricing	10569666	10707867	138201	-8621	-8621	0	133168	0	0	862100	862100	0	138.201	138.201	0.000000	+0.000138	+0.000138
gov_staker_remaining_fee_accumulator_filetest.gno	Remaining gov fee accumulator repeat-1000 claim-590	execution-segment-repricing	10569666	10707867	138201	-8621	-8621	0	133168	0	0	862100	862100	0	138.201	138.201	0.000000	+0.000138	+0.000138
gov_staker_remaining_fee_accumulator_filetest.gno	Remaining gov fee accumulator repeat-1000 claim-591	execution-segment-repricing	10570153	10708354	138201	-8621	-8621	0	133168	0	0	862100	862100	0	138.201	138.201	0.000000	+0.000138	+0.000138
gov_staker_remaining_fee_accumulator_filetest.gno	Remaining gov fee accumulator repeat-1000 claim-592	execution-segment-repricing	10570640	10708841	138201	-8621	-8621	0	133168	0	0	862100	862100	0	138.201	138.201	0.000000	+0.000138	+0.000138
gov_staker_remaining_fee_accumulator_filetest.gno	Remaining gov fee accumulator repeat-1000 claim-593	execution-segment-repricing	10570640	10708841	138201	-8621	-8621	0	133168	0	0	862100	862100	0	138.201	138.201	0.000000	+0.000138	+0.000138
gov_staker_remaining_fee_accumulator_filetest.gno	Remaining gov fee accumulator repeat-1000 claim-594	execution-segment-repricing	10570153	10708354	138201	-8621	-8621	0	133168	0	0	862100	862100	0	138.201	138.201	0.000000	+0.000138	+0.000138
gov_staker_remaining_fee_accumulator_filetest.gno	Remaining gov fee accumulator repeat-1000 claim-595	execution-segment-repricing	10565304	10703505	138201	-8621	-8621	0	133168	0	0	862100	862100	0	138.201	138.201	0.000000	+0.000138	+0.000138
gov_staker_remaining_fee_accumulator_filetest.gno	Remaining gov fee accumulator repeat-1000 claim-596	execution-segment-repricing	10564817	10703018	138201	-8621	-8621	0	133168	0	0	862100	862100	0	138.201	138.201	0.000000	+0.000138	+0.000138
gov_staker_remaining_fee_accumulator_filetest.gno	Remaining gov fee accumulator repeat-1000 claim-597	execution-segment-repricing	10564817	10703018	138201	-8621	-8621	0	133168	0	0	862100	862100	0	138.201	138.201	0.000000	+0.000138	+0.000138
gov_staker_remaining_fee_accumulator_filetest.gno	Remaining gov fee accumulator repeat-1000 claim-598	execution-segment-repricing	10564817	10703018	138201	-8621	-8621	0	133168	0	0	862100	862100	0	138.201	138.201	0.000000	+0.000138	+0.000138
gov_staker_remaining_fee_accumulator_filetest.gno	Remaining gov fee accumulator repeat-1000 claim-599	execution-segment-repricing	10569666	10707867	138201	-8621	-8621	0	133168	0	0	862100	862100	0	138.201	138.201	0.000000	+0.000138	+0.000138
gov_staker_remaining_fee_accumulator_filetest.gno	Remaining gov fee accumulator repeat-1000 claim-600	execution-segment-repricing	10566371	10704572	138201	-8621	-8621	0	133168	0	0	862100	862100	0	138.201	138.201	0.000000	+0.000138	+0.000138
gov_staker_remaining_fee_accumulator_filetest.gno	Remaining gov fee accumulator repeat-1000 claim-601	execution-segment-repricing	10565884	10704085	138201	-8621	-8621	0	133168	0	0	862100	862100	0	138.201	138.201	0.000000	+0.000138	+0.000138
gov_staker_remaining_fee_accumulator_filetest.gno	Remaining gov fee accumulator repeat-1000 claim-602	execution-segment-repricing	10566371	10704572	138201	-8621	-8621	0	133168	0	0	862100	862100	0	138.201	138.201	0.000000	+0.000138	+0.000138
gov_staker_remaining_fee_accumulator_filetest.gno	Remaining gov fee accumulator repeat-1000 claim-603	execution-segment-repricing	10565884	10704085	138201	-8621	-8621	0	133168	0	0	862100	862100	0	138.201	138.201	0.000000	+0.000138	+0.000138
gov_staker_remaining_fee_accumulator_filetest.gno	Remaining gov fee accumulator repeat-1000 claim-604	execution-segment-repricing	10569666	10707867	138201	-8621	-8621	0	133168	0	0	862100	862100	0	138.201	138.201	0.000000	+0.000138	+0.000138
gov_staker_remaining_fee_accumulator_filetest.gno	Remaining gov fee accumulator repeat-1000 claim-605	execution-segment-repricing	10566371	10704572	138201	-8621	-8621	0	133168	0	0	862100	862100	0	138.201	138.201	0.000000	+0.000138	+0.000138
gov_staker_remaining_fee_accumulator_filetest.gno	Remaining gov fee accumulator repeat-1000 claim-606	execution-segment-repricing	10566371	10704572	138201	-8621	-8621	0	133168	0	0	862100	862100	0	138.201	138.201	0.000000	+0.000138	+0.000138
gov_staker_remaining_fee_accumulator_filetest.gno	Remaining gov fee accumulator repeat-1000 claim-607	execution-segment-repricing	10566858	10705059	138201	-8621	-8621	0	133168	0	0	862100	862100	0	138.201	138.201	0.000000	+0.000138	+0.000138
gov_staker_remaining_fee_accumulator_filetest.gno	Remaining gov fee accumulator repeat-1000 claim-608	execution-segment-repricing	10566371	10704572	138201	-8621	-8621	0	133168	0	0	862100	862100	0	138.201	138.201	0.000000	+0.000138	+0.000138
gov_staker_remaining_fee_accumulator_filetest.gno	Remaining gov fee accumulator repeat-1000 claim-609	execution-segment-repricing	10570153	10708354	138201	-8621	-8621	0	133168	0	0	862100	862100	0	138.201	138.201	0.000000	+0.000138	+0.000138
gov_staker_remaining_fee_accumulator_filetest.gno	Remaining gov fee accumulator repeat-1000 claim-610	execution-segment-repricing	10566371	10704572	138201	-8621	-8621	0	133168	0	0	862100	862100	0	138.201	138.201	0.000000	+0.000138	+0.000138
gov_staker_remaining_fee_accumulator_filetest.gno	Remaining gov fee accumulator repeat-1000 claim-611	execution-segment-repricing	10566371	10704572	138201	-8621	-8621	0	133168	0	0	862100	862100	0	138.201	138.201	0.000000	+0.000138	+0.000138
gov_staker_remaining_fee_accumulator_filetest.gno	Remaining gov fee accumulator repeat-1000 claim-612	execution-segment-repricing	10566858	10705059	138201	-8621	-8621	0	133168	0	0	862100	862100	0	138.201	138.201	0.000000	+0.000138	+0.000138
gov_staker_remaining_fee_accumulator_filetest.gno	Remaining gov fee accumulator repeat-1000 claim-613	execution-segment-repricing	10566371	10704572	138201	-8621	-8621	0	133168	0	0	862100	862100	0	138.201	138.201	0.000000	+0.000138	+0.000138
gov_staker_remaining_fee_accumulator_filetest.gno	Remaining gov fee accumulator repeat-1000 claim-614	execution-segment-repricing	10565304	10703505	138201	-8621	-8621	0	133168	0	0	862100	862100	0	138.201	138.201	0.000000	+0.000138	+0.000138
gov_staker_remaining_fee_accumulator_filetest.gno	Remaining gov fee accumulator repeat-1000 claim-615	execution-segment-repricing	10561522	10699723	138201	-8621	-8621	0	133168	0	0	862100	862100	0	138.201	138.201	0.000000	+0.000138	+0.000138
gov_staker_remaining_fee_accumulator_filetest.gno	Remaining gov fee accumulator repeat-1000 claim-616	execution-segment-repricing	10561522	10699723	138201	-8621	-8621	0	133168	0	0	862100	862100	0	138.201	138.201	0.000000	+0.000138	+0.000138
gov_staker_remaining_fee_accumulator_filetest.gno	Remaining gov fee accumulator repeat-1000 claim-617	execution-segment-repricing	10558227	10696428	138201	-8621	-8621	0	133168	0	0	862100	862100	0	138.201	138.201	0.000000	+0.000138	+0.000138
gov_staker_remaining_fee_accumulator_filetest.gno	Remaining gov fee accumulator repeat-1000 claim-618	execution-segment-repricing	10563076	10701277	138201	-8621	-8621	0	133168	0	0	862100	862100	0	138.201	138.201	0.000000	+0.000138	+0.000138
gov_staker_remaining_fee_accumulator_filetest.gno	Remaining gov fee accumulator repeat-1000 claim-619	execution-segment-repricing	10566371	10704572	138201	-8621	-8621	0	133168	0	0	862100	862100	0	138.201	138.201	0.000000	+0.000138	+0.000138
gov_staker_remaining_fee_accumulator_filetest.gno	Remaining gov fee accumulator repeat-1000 claim-620	execution-segment-repricing	10558807	10697008	138201	-8621	-8621	0	133168	0	0	862100	862100	0	138.201	138.201	0.000000	+0.000138	+0.000138
gov_staker_remaining_fee_accumulator_filetest.gno	Remaining gov fee accumulator repeat-1000 claim-621	execution-segment-repricing	10562102	10700303	138201	-8621	-8621	0	133168	0	0	862100	862100	0	138.201	138.201	0.000000	+0.000138	+0.000138
gov_staker_remaining_fee_accumulator_filetest.gno	Remaining gov fee accumulator repeat-1000 claim-622	execution-segment-repricing	10562102	10700303	138201	-8621	-8621	0	133168	0	0	862100	862100	0	138.201	138.201	0.000000	+0.000138	+0.000138
gov_staker_remaining_fee_accumulator_filetest.gno	Remaining gov fee accumulator repeat-1000 claim-623	execution-segment-repricing	10558320	10696521	138201	-8621	-8621	0	133168	0	0	862100	862100	0	138.201	138.201	0.000000	+0.000138	+0.000138
gov_staker_remaining_fee_accumulator_filetest.gno	Remaining gov fee accumulator repeat-1000 claim-624	execution-segment-repricing	10565884	10704085	138201	-8621	-8621	0	133168	0	0	862100	862100	0	138.201	138.201	0.000000	+0.000138	+0.000138
gov_staker_remaining_fee_accumulator_filetest.gno	Remaining gov fee accumulator repeat-1000 claim-625	execution-segment-repricing	10563076	10701277	138201	-8621	-8621	0	133168	0	0	862100	862100	0	138.201	138.201	0.000000	+0.000138	+0.000138
gov_staker_remaining_fee_accumulator_filetest.gno	Remaining gov fee accumulator repeat-1000 claim-626	execution-segment-repricing	10558807	10697008	138201	-8621	-8621	0	133168	0	0	862100	862100	0	138.201	138.201	0.000000	+0.000138	+0.000138
gov_staker_remaining_fee_accumulator_filetest.gno	Remaining gov fee accumulator repeat-1000 claim-627	execution-segment-repricing	10563076	10701277	138201	-8621	-8621	0	133168	0	0	862100	862100	0	138.201	138.201	0.000000	+0.000138	+0.000138
gov_staker_remaining_fee_accumulator_filetest.gno	Remaining gov fee accumulator repeat-1000 claim-628	execution-segment-repricing	10562589	10700790	138201	-8621	-8621	0	133168	0	0	862100	862100	0	138.201	138.201	0.000000	+0.000138	+0.000138
gov_staker_remaining_fee_accumulator_filetest.gno	Remaining gov fee accumulator repeat-1000 claim-629	execution-segment-repricing	10562102	10700303	138201	-8621	-8621	0	133168	0	0	862100	862100	0	138.201	138.201	0.000000	+0.000138	+0.000138
gov_staker_remaining_fee_accumulator_filetest.gno	Remaining gov fee accumulator repeat-1000 claim-630	execution-segment-repricing	10565884	10704085	138201	-8621	-8621	0	133168	0	0	862100	862100	0	138.201	138.201	0.000000	+0.000138	+0.000138
gov_staker_remaining_fee_accumulator_filetest.gno	Remaining gov fee accumulator repeat-1000 claim-631	execution-segment-repricing	10565884	10704085	138201	-8621	-8621	0	133168	0	0	862100	862100	0	138.201	138.201	0.000000	+0.000138	+0.000138
gov_staker_remaining_fee_accumulator_filetest.gno	Remaining gov fee accumulator repeat-1000 claim-632	execution-segment-repricing	10562589	10700790	138201	-8621	-8621	0	133168	0	0	862100	862100	0	138.201	138.201	0.000000	+0.000138	+0.000138
gov_staker_remaining_fee_accumulator_filetest.gno	Remaining gov fee accumulator repeat-1000 claim-633	execution-segment-repricing	10565884	10704085	138201	-8621	-8621	0	133168	0	0	862100	862100	0	138.201	138.201	0.000000	+0.000138	+0.000138
gov_staker_remaining_fee_accumulator_filetest.gno	Remaining gov fee accumulator repeat-1000 claim-634	execution-segment-repricing	10566371	10704572	138201	-8621	-8621	0	133168	0	0	862100	862100	0	138.201	138.201	0.000000	+0.000138	+0.000138
gov_staker_remaining_fee_accumulator_filetest.gno	Remaining gov fee accumulator repeat-1000 claim-635	execution-segment-repricing	10562589	10700790	138201	-8621	-8621	0	133168	0	0	862100	862100	0	138.201	138.201	0.000000	+0.000138	+0.000138
gov_staker_remaining_fee_accumulator_filetest.gno	Remaining gov fee accumulator repeat-1000 claim-636	execution-segment-repricing	10566371	10704572	138201	-8621	-8621	0	133168	0	0	862100	862100	0	138.201	138.201	0.000000	+0.000138	+0.000138
gov_staker_remaining_fee_accumulator_filetest.gno	Remaining gov fee accumulator repeat-1000 claim-637	execution-segment-repricing	10566858	10705059	138201	-8621	-8621	0	133168	0	0	862100	862100	0	138.201	138.201	0.000000	+0.000138	+0.000138
gov_staker_remaining_fee_accumulator_filetest.gno	Remaining gov fee accumulator repeat-1000 claim-638	execution-segment-repricing	10566858	10705059	138201	-8621	-8621	0	133168	0	0	862100	862100	0	138.201	138.201	0.000000	+0.000138	+0.000138
gov_staker_remaining_fee_accumulator_filetest.gno	Remaining gov fee accumulator repeat-1000 claim-639	execution-segment-repricing	10570153	10708354	138201	-8621	-8621	0	133168	0	0	862100	862100	0	138.201	138.201	0.000000	+0.000138	+0.000138
gov_staker_remaining_fee_accumulator_filetest.gno	Remaining gov fee accumulator repeat-1000 claim-640	execution-segment-repricing	10569666	10707867	138201	-8621	-8621	0	133168	0	0	862100	862100	0	138.201	138.201	0.000000	+0.000138	+0.000138
gov_staker_remaining_fee_accumulator_filetest.gno	Remaining gov fee accumulator repeat-1000 claim-641	execution-segment-repricing	10569666	10707867	138201	-8621	-8621	0	133168	0	0	862100	862100	0	138.201	138.201	0.000000	+0.000138	+0.000138
gov_staker_remaining_fee_accumulator_filetest.gno	Remaining gov fee accumulator repeat-1000 claim-642	execution-segment-repricing	10569666	10707867	138201	-8621	-8621	0	133168	0	0	862100	862100	0	138.201	138.201	0.000000	+0.000138	+0.000138
gov_staker_remaining_fee_accumulator_filetest.gno	Remaining gov fee accumulator repeat-1000 claim-643	execution-segment-repricing	10570153	10708354	138201	-8621	-8621	0	133168	0	0	862100	862100	0	138.201	138.201	0.000000	+0.000138	+0.000138
gov_staker_remaining_fee_accumulator_filetest.gno	Remaining gov fee accumulator repeat-1000 claim-644	execution-segment-repricing	10570640	10708841	138201	-8621	-8621	0	133168	0	0	862100	862100	0	138.201	138.201	0.000000	+0.000138	+0.000138
gov_staker_remaining_fee_accumulator_filetest.gno	Remaining gov fee accumulator repeat-1000 claim-645	execution-segment-repricing	10570153	10708354	138201	-8621	-8621	0	133168	0	0	862100	862100	0	138.201	138.201	0.000000	+0.000138	+0.000138
gov_staker_remaining_fee_accumulator_filetest.gno	Remaining gov fee accumulator repeat-1000 claim-646	execution-segment-repricing	10569666	10707867	138201	-8621	-8621	0	133168	0	0	862100	862100	0	138.201	138.201	0.000000	+0.000138	+0.000138
gov_staker_remaining_fee_accumulator_filetest.gno	Remaining gov fee accumulator repeat-1000 claim-647	execution-segment-repricing	10569666	10707867	138201	-8621	-8621	0	133168	0	0	862100	862100	0	138.201	138.201	0.000000	+0.000138	+0.000138
gov_staker_remaining_fee_accumulator_filetest.gno	Remaining gov fee accumulator repeat-1000 claim-648	execution-segment-repricing	10569179	10707380	138201	-8621	-8621	0	133168	0	0	862100	862100	0	138.201	138.201	0.000000	+0.000138	+0.000138
gov_staker_remaining_fee_accumulator_filetest.gno	Remaining gov fee accumulator repeat-1000 claim-649	execution-segment-repricing	10569666	10707867	138201	-8621	-8621	0	133168	0	0	862100	862100	0	138.201	138.201	0.000000	+0.000138	+0.000138
gov_staker_remaining_fee_accumulator_filetest.gno	Remaining gov fee accumulator repeat-1000 claim-650	execution-segment-repricing	10570153	10708354	138201	-8621	-8621	0	133168	0	0	862100	862100	0	138.201	138.201	0.000000	+0.000138	+0.000138
gov_staker_remaining_fee_accumulator_filetest.gno	Remaining gov fee accumulator repeat-1000 claim-651	execution-segment-repricing	10570153	10708354	138201	-8621	-8621	0	133168	0	0	862100	862100	0	138.201	138.201	0.000000	+0.000138	+0.000138
gov_staker_remaining_fee_accumulator_filetest.gno	Remaining gov fee accumulator repeat-1000 claim-652	execution-segment-repricing	10570640	10708841	138201	-8621	-8621	0	133168	0	0	862100	862100	0	138.201	138.201	0.000000	+0.000138	+0.000138
gov_staker_remaining_fee_accumulator_filetest.gno	Remaining gov fee accumulator repeat-1000 claim-653	execution-segment-repricing	10570153	10708354	138201	-8621	-8621	0	133168	0	0	862100	862100	0	138.201	138.201	0.000000	+0.000138	+0.000138
gov_staker_remaining_fee_accumulator_filetest.gno	Remaining gov fee accumulator repeat-1000 claim-654	execution-segment-repricing	10570153	10708354	138201	-8621	-8621	0	133168	0	0	862100	862100	0	138.201	138.201	0.000000	+0.000138	+0.000138
gov_staker_remaining_fee_accumulator_filetest.gno	Remaining gov fee accumulator repeat-1000 claim-655	execution-segment-repricing	10569666	10707867	138201	-8621	-8621	0	133168	0	0	862100	862100	0	138.201	138.201	0.000000	+0.000138	+0.000138
gov_staker_remaining_fee_accumulator_filetest.gno	Remaining gov fee accumulator repeat-1000 claim-656	execution-segment-repricing	10569666	10707867	138201	-8621	-8621	0	133168	0	0	862100	862100	0	138.201	138.201	0.000000	+0.000138	+0.000138
gov_staker_remaining_fee_accumulator_filetest.gno	Remaining gov fee accumulator repeat-1000 claim-657	execution-segment-repricing	10570153	10708354	138201	-8621	-8621	0	133168	0	0	862100	862100	0	138.201	138.201	0.000000	+0.000138	+0.000138
gov_staker_remaining_fee_accumulator_filetest.gno	Remaining gov fee accumulator repeat-1000 claim-658	execution-segment-repricing	10569666	10707867	138201	-8621	-8621	0	133168	0	0	862100	862100	0	138.201	138.201	0.000000	+0.000138	+0.000138
gov_staker_remaining_fee_accumulator_filetest.gno	Remaining gov fee accumulator repeat-1000 claim-659	execution-segment-repricing	10570153	10708354	138201	-8621	-8621	0	133168	0	0	862100	862100	0	138.201	138.201	0.000000	+0.000138	+0.000138
gov_staker_remaining_fee_accumulator_filetest.gno	Remaining gov fee accumulator repeat-1000 claim-660	execution-segment-repricing	10569666	10707867	138201	-8621	-8621	0	133168	0	0	862100	862100	0	138.201	138.201	0.000000	+0.000138	+0.000138
gov_staker_remaining_fee_accumulator_filetest.gno	Remaining gov fee accumulator repeat-1000 claim-661	execution-segment-repricing	10569666	10707867	138201	-8621	-8621	0	133168	0	0	862100	862100	0	138.201	138.201	0.000000	+0.000138	+0.000138
gov_staker_remaining_fee_accumulator_filetest.gno	Remaining gov fee accumulator repeat-1000 claim-662	execution-segment-repricing	10570153	10708354	138201	-8621	-8621	0	133168	0	0	862100	862100	0	138.201	138.201	0.000000	+0.000138	+0.000138
gov_staker_remaining_fee_accumulator_filetest.gno	Remaining gov fee accumulator repeat-1000 claim-663	execution-segment-repricing	10570153	10708354	138201	-8621	-8621	0	133168	0	0	862100	862100	0	138.201	138.201	0.000000	+0.000138	+0.000138
gov_staker_remaining_fee_accumulator_filetest.gno	Remaining gov fee accumulator repeat-1000 claim-664	execution-segment-repricing	10570640	10708841	138201	-8621	-8621	0	133168	0	0	862100	862100	0	138.201	138.201	0.000000	+0.000138	+0.000138
gov_staker_remaining_fee_accumulator_filetest.gno	Remaining gov fee accumulator repeat-1000 claim-665	execution-segment-repricing	10570153	10708354	138201	-8621	-8621	0	133168	0	0	862100	862100	0	138.201	138.201	0.000000	+0.000138	+0.000138
gov_staker_remaining_fee_accumulator_filetest.gno	Remaining gov fee accumulator repeat-1000 claim-666	execution-segment-repricing	10570153	10708354	138201	-8621	-8621	0	133168	0	0	862100	862100	0	138.201	138.201	0.000000	+0.000138	+0.000138
gov_staker_remaining_fee_accumulator_filetest.gno	Remaining gov fee accumulator repeat-1000 claim-667	execution-segment-repricing	10565304	10703505	138201	-8621	-8621	0	133168	0	0	862100	862100	0	138.201	138.201	0.000000	+0.000138	+0.000138
gov_staker_remaining_fee_accumulator_filetest.gno	Remaining gov fee accumulator repeat-1000 claim-668	execution-segment-repricing	10565304	10703505	138201	-8621	-8621	0	133168	0	0	862100	862100	0	138.201	138.201	0.000000	+0.000138	+0.000138
gov_staker_remaining_fee_accumulator_filetest.gno	Remaining gov fee accumulator repeat-1000 claim-669	execution-segment-repricing	10565791	10703992	138201	-8621	-8621	0	133168	0	0	862100	862100	0	138.201	138.201	0.000000	+0.000138	+0.000138
gov_staker_remaining_fee_accumulator_filetest.gno	Remaining gov fee accumulator repeat-1000 claim-670	execution-segment-repricing	10565791	10703992	138201	-8621	-8621	0	133168	0	0	862100	862100	0	138.201	138.201	0.000000	+0.000138	+0.000138
gov_staker_remaining_fee_accumulator_filetest.gno	Remaining gov fee accumulator repeat-1000 claim-671	execution-segment-repricing	10570153	10708354	138201	-8621	-8621	0	133168	0	0	862100	862100	0	138.201	138.201	0.000000	+0.000138	+0.000138
gov_staker_remaining_fee_accumulator_filetest.gno	Remaining gov fee accumulator repeat-1000 claim-672	execution-segment-repricing	10566371	10704572	138201	-8621	-8621	0	133168	0	0	862100	862100	0	138.201	138.201	0.000000	+0.000138	+0.000138
gov_staker_remaining_fee_accumulator_filetest.gno	Remaining gov fee accumulator repeat-1000 claim-673	execution-segment-repricing	10565884	10704085	138201	-8621	-8621	0	133168	0	0	862100	862100	0	138.201	138.201	0.000000	+0.000138	+0.000138
gov_staker_remaining_fee_accumulator_filetest.gno	Remaining gov fee accumulator repeat-1000 claim-674	execution-segment-repricing	10565884	10704085	138201	-8621	-8621	0	133168	0	0	862100	862100	0	138.201	138.201	0.000000	+0.000138	+0.000138
gov_staker_remaining_fee_accumulator_filetest.gno	Remaining gov fee accumulator repeat-1000 claim-675	execution-segment-repricing	10565884	10704085	138201	-8621	-8621	0	133168	0	0	862100	862100	0	138.201	138.201	0.000000	+0.000138	+0.000138
gov_staker_remaining_fee_accumulator_filetest.gno	Remaining gov fee accumulator repeat-1000 claim-676	execution-segment-repricing	10569666	10707867	138201	-8621	-8621	0	133168	0	0	862100	862100	0	138.201	138.201	0.000000	+0.000138	+0.000138
gov_staker_remaining_fee_accumulator_filetest.gno	Remaining gov fee accumulator repeat-1000 claim-677	execution-segment-repricing	10566371	10704572	138201	-8621	-8621	0	133168	0	0	862100	862100	0	138.201	138.201	0.000000	+0.000138	+0.000138
gov_staker_remaining_fee_accumulator_filetest.gno	Remaining gov fee accumulator repeat-1000 claim-678	execution-segment-repricing	10565884	10704085	138201	-8621	-8621	0	133168	0	0	862100	862100	0	138.201	138.201	0.000000	+0.000138	+0.000138
gov_staker_remaining_fee_accumulator_filetest.gno	Remaining gov fee accumulator repeat-1000 claim-679	execution-segment-repricing	10566371	10704572	138201	-8621	-8621	0	133168	0	0	862100	862100	0	138.201	138.201	0.000000	+0.000138	+0.000138
gov_staker_remaining_fee_accumulator_filetest.gno	Remaining gov fee accumulator repeat-1000 claim-680	execution-segment-repricing	10565884	10704085	138201	-8621	-8621	0	133168	0	0	862100	862100	0	138.201	138.201	0.000000	+0.000138	+0.000138
gov_staker_remaining_fee_accumulator_filetest.gno	Remaining gov fee accumulator repeat-1000 claim-681	execution-segment-repricing	10569666	10707867	138201	-8621	-8621	0	133168	0	0	862100	862100	0	138.201	138.201	0.000000	+0.000138	+0.000138
gov_staker_remaining_fee_accumulator_filetest.gno	Remaining gov fee accumulator repeat-1000 claim-682	execution-segment-repricing	10566371	10704572	138201	-8621	-8621	0	133168	0	0	862100	862100	0	138.201	138.201	0.000000	+0.000138	+0.000138
gov_staker_remaining_fee_accumulator_filetest.gno	Remaining gov fee accumulator repeat-1000 claim-683	execution-segment-repricing	10566371	10704572	138201	-8621	-8621	0	133168	0	0	862100	862100	0	138.201	138.201	0.000000	+0.000138	+0.000138
gov_staker_remaining_fee_accumulator_filetest.gno	Remaining gov fee accumulator repeat-1000 claim-684	execution-segment-repricing	10566858	10705059	138201	-8621	-8621	0	133168	0	0	862100	862100	0	138.201	138.201	0.000000	+0.000138	+0.000138
gov_staker_remaining_fee_accumulator_filetest.gno	Remaining gov fee accumulator repeat-1000 claim-685	execution-segment-repricing	10566371	10704572	138201	-8621	-8621	0	133168	0	0	862100	862100	0	138.201	138.201	0.000000	+0.000138	+0.000138
gov_staker_remaining_fee_accumulator_filetest.gno	Remaining gov fee accumulator repeat-1000 claim-686	execution-segment-repricing	10570153	10708354	138201	-8621	-8621	0	133168	0	0	862100	862100	0	138.201	138.201	0.000000	+0.000138	+0.000138
gov_staker_remaining_fee_accumulator_filetest.gno	Remaining gov fee accumulator repeat-1000 claim-687	execution-segment-repricing	10566371	10704572	138201	-8621	-8621	0	133168	0	0	862100	862100	0	138.201	138.201	0.000000	+0.000138	+0.000138
gov_staker_remaining_fee_accumulator_filetest.gno	Remaining gov fee accumulator repeat-1000 claim-688	execution-segment-repricing	10566371	10704572	138201	-8621	-8621	0	133168	0	0	862100	862100	0	138.201	138.201	0.000000	+0.000138	+0.000138
gov_staker_remaining_fee_accumulator_filetest.gno	Remaining gov fee accumulator repeat-1000 claim-689	execution-segment-repricing	10566858	10705059	138201	-8621	-8621	0	133168	0	0	862100	862100	0	138.201	138.201	0.000000	+0.000138	+0.000138
gov_staker_remaining_fee_accumulator_filetest.gno	Remaining gov fee accumulator repeat-1000 claim-690	execution-segment-repricing	10566371	10704572	138201	-8621	-8621	0	133168	0	0	862100	862100	0	138.201	138.201	0.000000	+0.000138	+0.000138
gov_staker_remaining_fee_accumulator_filetest.gno	Remaining gov fee accumulator repeat-1000 claim-691	execution-segment-repricing	10569666	10707867	138201	-8621	-8621	0	133168	0	0	862100	862100	0	138.201	138.201	0.000000	+0.000138	+0.000138
gov_staker_remaining_fee_accumulator_filetest.gno	Remaining gov fee accumulator repeat-1000 claim-692	execution-segment-repricing	10565884	10704085	138201	-8621	-8621	0	133168	0	0	862100	862100	0	138.201	138.201	0.000000	+0.000138	+0.000138
gov_staker_remaining_fee_accumulator_filetest.gno	Remaining gov fee accumulator repeat-1000 claim-693	execution-segment-repricing	10565884	10704085	138201	-8621	-8621	0	133168	0	0	862100	862100	0	138.201	138.201	0.000000	+0.000138	+0.000138
gov_staker_remaining_fee_accumulator_filetest.gno	Remaining gov fee accumulator repeat-1000 claim-694	execution-segment-repricing	10561522	10699723	138201	-8621	-8621	0	133168	0	0	862100	862100	0	138.201	138.201	0.000000	+0.000138	+0.000138
gov_staker_remaining_fee_accumulator_filetest.gno	Remaining gov fee accumulator repeat-1000 claim-695	execution-segment-repricing	10562009	10700210	138201	-8621	-8621	0	133168	0	0	862100	862100	0	138.201	138.201	0.000000	+0.000138	+0.000138
gov_staker_remaining_fee_accumulator_filetest.gno	Remaining gov fee accumulator repeat-1000 claim-696	execution-segment-repricing	10565791	10703992	138201	-8621	-8621	0	133168	0	0	862100	862100	0	138.201	138.201	0.000000	+0.000138	+0.000138
gov_staker_remaining_fee_accumulator_filetest.gno	Remaining gov fee accumulator repeat-1000 claim-697	execution-segment-repricing	10559037	10696428	137391	-8603	-8621	-18	133168	1800	0	862100	862100	-1800	137.391	-1662.609	-0.001800	+0.000137	-0.001663
gov_staker_remaining_fee_accumulator_filetest.gno	Remaining gov fee accumulator repeat-1000 claim-698	execution-segment-repricing	10563657	10700790	137133	-8611	-8621	-10	133168	1000	0	862100	862100	-1000	137.133	-862.867	-0.001000	+0.000137	-0.000863
gov_staker_remaining_fee_accumulator_filetest.gno	Remaining gov fee accumulator repeat-1000 claim-699	execution-segment-repricing	10563657	10700790	137133	-8621	-8621	0	133168	0	0	862100	862100	0	137.133	137.133	0.000000	+0.000137	+0.000137
gov_staker_remaining_fee_accumulator_filetest.gno	Remaining gov fee accumulator repeat-1000 claim-700	execution-segment-repricing	10559388	10696521	137133	-8621	-8621	0	133168	0	0	862100	862100	0	137.133	137.133	0.000000	+0.000137	+0.000137
gov_staker_remaining_fee_accumulator_filetest.gno	Remaining gov fee accumulator repeat-1000 claim-701	execution-segment-repricing	10566952	10704085	137133	-8621	-8621	0	133168	0	0	862100	862100	0	137.133	137.133	0.000000	+0.000137	+0.000137
gov_staker_remaining_fee_accumulator_filetest.gno	Remaining gov fee accumulator repeat-1000 claim-702	execution-segment-repricing	10567439	10704572	137133	-8621	-8621	0	133168	0	0	862100	862100	0	137.133	137.133	0.000000	+0.000137	+0.000137
gov_staker_remaining_fee_accumulator_filetest.gno	Remaining gov fee accumulator repeat-1000 claim-703	execution-segment-repricing	10563170	10700303	137133	-8621	-8621	0	133168	0	0	862100	862100	0	137.133	137.133	0.000000	+0.000137	+0.000137
gov_staker_remaining_fee_accumulator_filetest.gno	Remaining gov fee accumulator repeat-1000 claim-704	execution-segment-repricing	10567439	10704572	137133	-8621	-8621	0	133168	0	0	862100	862100	0	137.133	137.133	0.000000	+0.000137	+0.000137
gov_staker_remaining_fee_accumulator_filetest.gno	Remaining gov fee accumulator repeat-1000 claim-705	execution-segment-repricing	10566952	10704085	137133	-8621	-8621	0	133168	0	0	862100	862100	0	137.133	137.133	0.000000	+0.000137	+0.000137
gov_staker_remaining_fee_accumulator_filetest.gno	Remaining gov fee accumulator repeat-1000 claim-706	execution-segment-repricing	10563170	10700303	137133	-8621	-8621	0	133168	0	0	862100	862100	0	137.133	137.133	0.000000	+0.000137	+0.000137
gov_staker_remaining_fee_accumulator_filetest.gno	Remaining gov fee accumulator repeat-1000 claim-707	execution-segment-repricing	10566952	10704085	137133	-8621	-8621	0	133168	0	0	862100	862100	0	137.133	137.133	0.000000	+0.000137	+0.000137
gov_staker_remaining_fee_accumulator_filetest.gno	Remaining gov fee accumulator repeat-1000 claim-708	execution-segment-repricing	10566952	10704085	137133	-8621	-8621	0	133168	0	0	862100	862100	0	137.133	137.133	0.000000	+0.000137	+0.000137
gov_staker_remaining_fee_accumulator_filetest.gno	Remaining gov fee accumulator repeat-1000 claim-709	execution-segment-repricing	10564144	10701277	137133	-8621	-8621	0	133168	0	0	862100	862100	0	137.133	137.133	0.000000	+0.000137	+0.000137
gov_staker_remaining_fee_accumulator_filetest.gno	Remaining gov fee accumulator repeat-1000 claim-710	execution-segment-repricing	10567439	10704572	137133	-8621	-8621	0	133168	0	0	862100	862100	0	137.133	137.133	0.000000	+0.000137	+0.000137
gov_staker_remaining_fee_accumulator_filetest.gno	Remaining gov fee accumulator repeat-1000 claim-711	execution-segment-repricing	10567926	10705059	137133	-8621	-8621	0	133168	0	0	862100	862100	0	137.133	137.133	0.000000	+0.000137	+0.000137
gov_staker_remaining_fee_accumulator_filetest.gno	Remaining gov fee accumulator repeat-1000 claim-712	execution-segment-repricing	10563669	10700802	137133	-8620	-8620	0	133168	0	0	862000	862000	0	137.133	137.133	0.000000	+0.000137	+0.000137
gov_staker_remaining_fee_accumulator_filetest.gno	Remaining gov fee accumulator repeat-1000 claim-713	execution-segment-repricing	10566964	10704097	137133	-8620	-8620	0	133168	0	0	862000	862000	0	137.133	137.133	0.000000	+0.000137	+0.000137
gov_staker_remaining_fee_accumulator_filetest.gno	Remaining gov fee accumulator repeat-1000 claim-714	execution-segment-repricing	10567451	10704584	137133	-8620	-8620	0	133168	0	0	862000	862000	0	137.133	137.133	0.000000	+0.000137	+0.000137
gov_staker_remaining_fee_accumulator_filetest.gno	Remaining gov fee accumulator repeat-1000 claim-715	execution-segment-repricing	10564156	10701289	137133	-8620	-8620	0	133168	0	0	862000	862000	0	137.133	137.133	0.000000	+0.000137	+0.000137
gov_staker_remaining_fee_accumulator_filetest.gno	Remaining gov fee accumulator repeat-1000 claim-716	execution-segment-repricing	10567938	10705071	137133	-8620	-8620	0	133168	0	0	862000	862000	0	137.133	137.133	0.000000	+0.000137	+0.000137
gov_staker_remaining_fee_accumulator_filetest.gno	Remaining gov fee accumulator repeat-1000 claim-717	execution-segment-repricing	10567451	10704584	137133	-8620	-8620	0	133168	0	0	862000	862000	0	137.133	137.133	0.000000	+0.000137	+0.000137
gov_staker_remaining_fee_accumulator_filetest.gno	Remaining gov fee accumulator repeat-1000 claim-718	execution-segment-repricing	10566964	10704097	137133	-8620	-8620	0	133168	0	0	862000	862000	0	137.133	137.133	0.000000	+0.000137	+0.000137
gov_staker_remaining_fee_accumulator_filetest.gno	Remaining gov fee accumulator repeat-1000 claim-719	execution-segment-repricing	10570259	10707392	137133	-8620	-8620	0	133168	0	0	862000	862000	0	137.133	137.133	0.000000	+0.000137	+0.000137
gov_staker_remaining_fee_accumulator_filetest.gno	Remaining gov fee accumulator repeat-1000 claim-720	execution-segment-repricing	10570746	10707879	137133	-8620	-8620	0	133168	0	0	862000	862000	0	137.133	137.133	0.000000	+0.000137	+0.000137
gov_staker_remaining_fee_accumulator_filetest.gno	Remaining gov fee accumulator repeat-1000 claim-721	execution-segment-repricing	10571233	10708366	137133	-8620	-8620	0	133168	0	0	862000	862000	0	137.133	137.133	0.000000	+0.000137	+0.000137
gov_staker_remaining_fee_accumulator_filetest.gno	Remaining gov fee accumulator repeat-1000 claim-722	execution-segment-repricing	10571233	10708366	137133	-8620	-8620	0	133168	0	0	862000	862000	0	137.133	137.133	0.000000	+0.000137	+0.000137
gov_staker_remaining_fee_accumulator_filetest.gno	Remaining gov fee accumulator repeat-1000 claim-723	execution-segment-repricing	10570746	10707879	137133	-8620	-8620	0	133168	0	0	862000	862000	0	137.133	137.133	0.000000	+0.000137	+0.000137
gov_staker_remaining_fee_accumulator_filetest.gno	Remaining gov fee accumulator repeat-1000 claim-724	execution-segment-repricing	10570746	10707879	137133	-8620	-8620	0	133168	0	0	862000	862000	0	137.133	137.133	0.000000	+0.000137	+0.000137
gov_staker_remaining_fee_accumulator_filetest.gno	Remaining gov fee accumulator repeat-1000 claim-725	execution-segment-repricing	10570259	10707392	137133	-8620	-8620	0	133168	0	0	862000	862000	0	137.133	137.133	0.000000	+0.000137	+0.000137
gov_staker_remaining_fee_accumulator_filetest.gno	Remaining gov fee accumulator repeat-1000 claim-726	execution-segment-repricing	10570746	10707879	137133	-8620	-8620	0	133168	0	0	862000	862000	0	137.133	137.133	0.000000	+0.000137	+0.000137
gov_staker_remaining_fee_accumulator_filetest.gno	Remaining gov fee accumulator repeat-1000 claim-727	execution-segment-repricing	10570746	10707879	137133	-8620	-8620	0	133168	0	0	862000	862000	0	137.133	137.133	0.000000	+0.000137	+0.000137
gov_staker_remaining_fee_accumulator_filetest.gno	Remaining gov fee accumulator repeat-1000 claim-728	execution-segment-repricing	10570746	10707879	137133	-8620	-8620	0	133168	0	0	862000	862000	0	137.133	137.133	0.000000	+0.000137	+0.000137
gov_staker_remaining_fee_accumulator_filetest.gno	Remaining gov fee accumulator repeat-1000 claim-729	execution-segment-repricing	10571233	10708366	137133	-8620	-8620	0	133168	0	0	862000	862000	0	137.133	137.133	0.000000	+0.000137	+0.000137
gov_staker_remaining_fee_accumulator_filetest.gno	Remaining gov fee accumulator repeat-1000 claim-730	execution-segment-repricing	10570746	10707879	137133	-8620	-8620	0	133168	0	0	862000	862000	0	137.133	137.133	0.000000	+0.000137	+0.000137
gov_staker_remaining_fee_accumulator_filetest.gno	Remaining gov fee accumulator repeat-1000 claim-731	execution-segment-repricing	10571233	10708366	137133	-8620	-8620	0	133168	0	0	862000	862000	0	137.133	137.133	0.000000	+0.000137	+0.000137
gov_staker_remaining_fee_accumulator_filetest.gno	Remaining gov fee accumulator repeat-1000 claim-732	execution-segment-repricing	10570746	10707879	137133	-8620	-8620	0	133168	0	0	862000	862000	0	137.133	137.133	0.000000	+0.000137	+0.000137
gov_staker_remaining_fee_accumulator_filetest.gno	Remaining gov fee accumulator repeat-1000 claim-733	execution-segment-repricing	10570746	10707879	137133	-8620	-8620	0	133168	0	0	862000	862000	0	137.133	137.133	0.000000	+0.000137	+0.000137
gov_staker_remaining_fee_accumulator_filetest.gno	Remaining gov fee accumulator repeat-1000 claim-734	execution-segment-repricing	10571233	10708366	137133	-8620	-8620	0	133168	0	0	862000	862000	0	137.133	137.133	0.000000	+0.000137	+0.000137
gov_staker_remaining_fee_accumulator_filetest.gno	Remaining gov fee accumulator repeat-1000 claim-735	execution-segment-repricing	10570746	10707879	137133	-8620	-8620	0	133168	0	0	862000	862000	0	137.133	137.133	0.000000	+0.000137	+0.000137
gov_staker_remaining_fee_accumulator_filetest.gno	Remaining gov fee accumulator repeat-1000 claim-736	execution-segment-repricing	10571233	10708366	137133	-8620	-8620	0	133168	0	0	862000	862000	0	137.133	137.133	0.000000	+0.000137	+0.000137
gov_staker_remaining_fee_accumulator_filetest.gno	Remaining gov fee accumulator repeat-1000 claim-737	execution-segment-repricing	10570746	10707879	137133	-8620	-8620	0	133168	0	0	862000	862000	0	137.133	137.133	0.000000	+0.000137	+0.000137
gov_staker_remaining_fee_accumulator_filetest.gno	Remaining gov fee accumulator repeat-1000 claim-738	execution-segment-repricing	10570746	10707879	137133	-8620	-8620	0	133168	0	0	862000	862000	0	137.133	137.133	0.000000	+0.000137	+0.000137
gov_staker_remaining_fee_accumulator_filetest.gno	Remaining gov fee accumulator repeat-1000 claim-739	execution-segment-repricing	10567451	10704584	137133	-8620	-8620	0	133168	0	0	862000	862000	0	137.133	137.133	0.000000	+0.000137	+0.000137
gov_staker_remaining_fee_accumulator_filetest.gno	Remaining gov fee accumulator repeat-1000 claim-740	execution-segment-repricing	10567451	10704584	137133	-8620	-8620	0	133168	0	0	862000	862000	0	137.133	137.133	0.000000	+0.000137	+0.000137
gov_staker_remaining_fee_accumulator_filetest.gno	Remaining gov fee accumulator repeat-1000 claim-741	execution-segment-repricing	10567938	10705071	137133	-8620	-8620	0	133168	0	0	862000	862000	0	137.133	137.133	0.000000	+0.000137	+0.000137
gov_staker_remaining_fee_accumulator_filetest.gno	Remaining gov fee accumulator repeat-1000 claim-742	execution-segment-repricing	10567451	10704584	137133	-8620	-8620	0	133168	0	0	862000	862000	0	137.133	137.133	0.000000	+0.000137	+0.000137
gov_staker_remaining_fee_accumulator_filetest.gno	Remaining gov fee accumulator repeat-1000 claim-743	execution-segment-repricing	10571233	10708366	137133	-8620	-8620	0	133168	0	0	862000	862000	0	137.133	137.133	0.000000	+0.000137	+0.000137
gov_staker_remaining_fee_accumulator_filetest.gno	Remaining gov fee accumulator repeat-1000 claim-744	execution-segment-repricing	10567451	10704584	137133	-8620	-8620	0	133168	0	0	862000	862000	0	137.133	137.133	0.000000	+0.000137	+0.000137
gov_staker_remaining_fee_accumulator_filetest.gno	Remaining gov fee accumulator repeat-1000 claim-745	execution-segment-repricing	10567451	10704584	137133	-8620	-8620	0	133168	0	0	862000	862000	0	137.133	137.133	0.000000	+0.000137	+0.000137
gov_staker_remaining_fee_accumulator_filetest.gno	Remaining gov fee accumulator repeat-1000 claim-746	execution-segment-repricing	10567938	10705071	137133	-8620	-8620	0	133168	0	0	862000	862000	0	137.133	137.133	0.000000	+0.000137	+0.000137
gov_staker_remaining_fee_accumulator_filetest.gno	Remaining gov fee accumulator repeat-1000 claim-747	execution-segment-repricing	10567938	10705071	137133	-8620	-8620	0	133168	0	0	862000	862000	0	137.133	137.133	0.000000	+0.000137	+0.000137
gov_staker_remaining_fee_accumulator_filetest.gno	Remaining gov fee accumulator repeat-1000 claim-748	execution-segment-repricing	10571233	10708366	137133	-8620	-8620	0	133168	0	0	862000	862000	0	137.133	137.133	0.000000	+0.000137	+0.000137
gov_staker_remaining_fee_accumulator_filetest.gno	Remaining gov fee accumulator repeat-1000 claim-749	execution-segment-repricing	10567451	10704584	137133	-8620	-8620	0	133168	0	0	862000	862000	0	137.133	137.133	0.000000	+0.000137	+0.000137
gov_staker_remaining_fee_accumulator_filetest.gno	Remaining gov fee accumulator repeat-1000 claim-750	execution-segment-repricing	10566964	10704097	137133	-8620	-8620	0	133168	0	0	862000	862000	0	137.133	137.133	0.000000	+0.000137	+0.000137
gov_staker_remaining_fee_accumulator_filetest.gno	Remaining gov fee accumulator repeat-1000 claim-751	execution-segment-repricing	10566964	10704097	137133	-8620	-8620	0	133168	0	0	862000	862000	0	137.133	137.133	0.000000	+0.000137	+0.000137
gov_staker_remaining_fee_accumulator_filetest.gno	Remaining gov fee accumulator repeat-1000 claim-752	execution-segment-repricing	10566964	10704097	137133	-8620	-8620	0	133168	0	0	862000	862000	0	137.133	137.133	0.000000	+0.000137	+0.000137
gov_staker_remaining_fee_accumulator_filetest.gno	Remaining gov fee accumulator repeat-1000 claim-753	execution-segment-repricing	10570746	10707879	137133	-8620	-8620	0	133168	0	0	862000	862000	0	137.133	137.133	0.000000	+0.000137	+0.000137
gov_staker_remaining_fee_accumulator_filetest.gno	Remaining gov fee accumulator repeat-1000 claim-754	execution-segment-repricing	10567938	10705071	137133	-8620	-8620	0	133168	0	0	862000	862000	0	137.133	137.133	0.000000	+0.000137	+0.000137
gov_staker_remaining_fee_accumulator_filetest.gno	Remaining gov fee accumulator repeat-1000 claim-755	execution-segment-repricing	10567451	10704584	137133	-8620	-8620	0	133168	0	0	862000	862000	0	137.133	137.133	0.000000	+0.000137	+0.000137
gov_staker_remaining_fee_accumulator_filetest.gno	Remaining gov fee accumulator repeat-1000 claim-756	execution-segment-repricing	10567938	10705071	137133	-8620	-8620	0	133168	0	0	862000	862000	0	137.133	137.133	0.000000	+0.000137	+0.000137
gov_staker_remaining_fee_accumulator_filetest.gno	Remaining gov fee accumulator repeat-1000 claim-757	execution-segment-repricing	10567451	10704584	137133	-8620	-8620	0	133168	0	0	862000	862000	0	137.133	137.133	0.000000	+0.000137	+0.000137
gov_staker_remaining_fee_accumulator_filetest.gno	Remaining gov fee accumulator repeat-1000 claim-758	execution-segment-repricing	10570746	10707879	137133	-8620	-8620	0	133168	0	0	862000	862000	0	137.133	137.133	0.000000	+0.000137	+0.000137
gov_staker_remaining_fee_accumulator_filetest.gno	Remaining gov fee accumulator repeat-1000 claim-759	execution-segment-repricing	10567451	10704584	137133	-8620	-8620	0	133168	0	0	862000	862000	0	137.133	137.133	0.000000	+0.000137	+0.000137
gov_staker_remaining_fee_accumulator_filetest.gno	Remaining gov fee accumulator repeat-1000 claim-760	execution-segment-repricing	10567451	10704584	137133	-8620	-8620	0	133168	0	0	862000	862000	0	137.133	137.133	0.000000	+0.000137	+0.000137
gov_staker_remaining_fee_accumulator_filetest.gno	Remaining gov fee accumulator repeat-1000 claim-761	execution-segment-repricing	10567938	10705071	137133	-8620	-8620	0	133168	0	0	862000	862000	0	137.133	137.133	0.000000	+0.000137	+0.000137
gov_staker_remaining_fee_accumulator_filetest.gno	Remaining gov fee accumulator repeat-1000 claim-762	execution-segment-repricing	10567451	10704584	137133	-8620	-8620	0	133168	0	0	862000	862000	0	137.133	137.133	0.000000	+0.000137	+0.000137
gov_staker_remaining_fee_accumulator_filetest.gno	Remaining gov fee accumulator repeat-1000 claim-763	execution-segment-repricing	10571233	10708366	137133	-8620	-8620	0	133168	0	0	862000	862000	0	137.133	137.133	0.000000	+0.000137	+0.000137
gov_staker_remaining_fee_accumulator_filetest.gno	Remaining gov fee accumulator repeat-1000 claim-764	execution-segment-repricing	10567451	10704584	137133	-8620	-8620	0	133168	0	0	862000	862000	0	137.133	137.133	0.000000	+0.000137	+0.000137
gov_staker_remaining_fee_accumulator_filetest.gno	Remaining gov fee accumulator repeat-1000 claim-765	execution-segment-repricing	10567451	10704584	137133	-8620	-8620	0	133168	0	0	862000	862000	0	137.133	137.133	0.000000	+0.000137	+0.000137
gov_staker_remaining_fee_accumulator_filetest.gno	Remaining gov fee accumulator repeat-1000 claim-766	execution-segment-repricing	10567938	10705071	137133	-8620	-8620	0	133168	0	0	862000	862000	0	137.133	137.133	0.000000	+0.000137	+0.000137
gov_staker_remaining_fee_accumulator_filetest.gno	Remaining gov fee accumulator repeat-1000 claim-767	execution-segment-repricing	10567938	10705071	137133	-8620	-8620	0	133168	0	0	862000	862000	0	137.133	137.133	0.000000	+0.000137	+0.000137
gov_staker_remaining_fee_accumulator_filetest.gno	Remaining gov fee accumulator repeat-1000 claim-768	execution-segment-repricing	10571233	10708366	137133	-8620	-8620	0	133168	0	0	862000	862000	0	137.133	137.133	0.000000	+0.000137	+0.000137
gov_staker_remaining_fee_accumulator_filetest.gno	Remaining gov fee accumulator repeat-1000 claim-769	execution-segment-repricing	10567451	10704584	137133	-8620	-8620	0	133168	0	0	862000	862000	0	137.133	137.133	0.000000	+0.000137	+0.000137
gov_staker_remaining_fee_accumulator_filetest.gno	Remaining gov fee accumulator repeat-1000 claim-770	execution-segment-repricing	10567451	10704584	137133	-8620	-8620	0	133168	0	0	862000	862000	0	137.133	137.133	0.000000	+0.000137	+0.000137
gov_staker_remaining_fee_accumulator_filetest.gno	Remaining gov fee accumulator repeat-1000 claim-771	execution-segment-repricing	10567451	10704584	137133	-8620	-8620	0	133168	0	0	862000	862000	0	137.133	137.133	0.000000	+0.000137	+0.000137
gov_staker_remaining_fee_accumulator_filetest.gno	Remaining gov fee accumulator repeat-1000 claim-772	execution-segment-repricing	10567938	10705071	137133	-8620	-8620	0	133168	0	0	862000	862000	0	137.133	137.133	0.000000	+0.000137	+0.000137
gov_staker_remaining_fee_accumulator_filetest.gno	Remaining gov fee accumulator repeat-1000 claim-773	execution-segment-repricing	10571720	10708853	137133	-8620	-8620	0	133168	0	0	862000	862000	0	137.133	137.133	0.000000	+0.000137	+0.000137
gov_staker_remaining_fee_accumulator_filetest.gno	Remaining gov fee accumulator repeat-1000 claim-774	execution-segment-repricing	10566384	10703517	137133	-8620	-8620	0	133168	0	0	862000	862000	0	137.133	137.133	0.000000	+0.000137	+0.000137
gov_staker_remaining_fee_accumulator_filetest.gno	Remaining gov fee accumulator repeat-1000 claim-775	execution-segment-repricing	10565897	10703030	137133	-8620	-8620	0	133168	0	0	862000	862000	0	137.133	137.133	0.000000	+0.000137	+0.000137
gov_staker_remaining_fee_accumulator_filetest.gno	Remaining gov fee accumulator repeat-1000 claim-776	execution-segment-repricing	10565897	10703030	137133	-8620	-8620	0	133168	0	0	862000	862000	0	137.133	137.133	0.000000	+0.000137	+0.000137
gov_staker_remaining_fee_accumulator_filetest.gno	Remaining gov fee accumulator repeat-1000 claim-777	execution-segment-repricing	10561628	10698761	137133	-8620	-8620	0	133168	0	0	862000	862000	0	137.133	137.133	0.000000	+0.000137	+0.000137
gov_staker_remaining_fee_accumulator_filetest.gno	Remaining gov fee accumulator repeat-1000 claim-778	execution-segment-repricing	10566964	10704097	137133	-8620	-8620	0	133168	0	0	862000	862000	0	137.133	137.133	0.000000	+0.000137	+0.000137
gov_staker_remaining_fee_accumulator_filetest.gno	Remaining gov fee accumulator repeat-1000 claim-779	execution-segment-repricing	10567451	10704584	137133	-8620	-8620	0	133168	0	0	862000	862000	0	137.133	137.133	0.000000	+0.000137	+0.000137
gov_staker_remaining_fee_accumulator_filetest.gno	Remaining gov fee accumulator repeat-1000 claim-780	execution-segment-repricing	10563182	10700315	137133	-8620	-8620	0	133168	0	0	862000	862000	0	137.133	137.133	0.000000	+0.000137	+0.000137
gov_staker_remaining_fee_accumulator_filetest.gno	Remaining gov fee accumulator repeat-1000 claim-781	execution-segment-repricing	10567451	10704584	137133	-8620	-8620	0	133168	0	0	862000	862000	0	137.133	137.133	0.000000	+0.000137	+0.000137
gov_staker_remaining_fee_accumulator_filetest.gno	Remaining gov fee accumulator repeat-1000 claim-782	execution-segment-repricing	10566964	10704097	137133	-8620	-8620	0	133168	0	0	862000	862000	0	137.133	137.133	0.000000	+0.000137	+0.000137
gov_staker_remaining_fee_accumulator_filetest.gno	Remaining gov fee accumulator repeat-1000 claim-783	execution-segment-repricing	10563182	10700315	137133	-8620	-8620	0	133168	0	0	862000	862000	0	137.133	137.133	0.000000	+0.000137	+0.000137
gov_staker_remaining_fee_accumulator_filetest.gno	Remaining gov fee accumulator repeat-1000 claim-784	execution-segment-repricing	10566964	10704097	137133	-8620	-8620	0	133168	0	0	862000	862000	0	137.133	137.133	0.000000	+0.000137	+0.000137
gov_staker_remaining_fee_accumulator_filetest.gno	Remaining gov fee accumulator repeat-1000 claim-785	execution-segment-repricing	10566964	10704097	137133	-8620	-8620	0	133168	0	0	862000	862000	0	137.133	137.133	0.000000	+0.000137	+0.000137
gov_staker_remaining_fee_accumulator_filetest.gno	Remaining gov fee accumulator repeat-1000 claim-786	execution-segment-repricing	10564156	10701289	137133	-8620	-8620	0	133168	0	0	862000	862000	0	137.133	137.133	0.000000	+0.000137	+0.000137
gov_staker_remaining_fee_accumulator_filetest.gno	Remaining gov fee accumulator repeat-1000 claim-787	execution-segment-repricing	10567451	10704584	137133	-8620	-8620	0	133168	0	0	862000	862000	0	137.133	137.133	0.000000	+0.000137	+0.000137
gov_staker_remaining_fee_accumulator_filetest.gno	Remaining gov fee accumulator repeat-1000 claim-788	execution-segment-repricing	10567938	10705071	137133	-8620	-8620	0	133168	0	0	862000	862000	0	137.133	137.133	0.000000	+0.000137	+0.000137
gov_staker_remaining_fee_accumulator_filetest.gno	Remaining gov fee accumulator repeat-1000 claim-789	execution-segment-repricing	10563669	10700802	137133	-8620	-8620	0	133168	0	0	862000	862000	0	137.133	137.133	0.000000	+0.000137	+0.000137
gov_staker_remaining_fee_accumulator_filetest.gno	Remaining gov fee accumulator repeat-1000 claim-790	execution-segment-repricing	10566964	10704097	137133	-8620	-8620	0	133168	0	0	862000	862000	0	137.133	137.133	0.000000	+0.000137	+0.000137
gov_staker_remaining_fee_accumulator_filetest.gno	Remaining gov fee accumulator repeat-1000 claim-791	execution-segment-repricing	10567451	10704584	137133	-8620	-8620	0	133168	0	0	862000	862000	0	137.133	137.133	0.000000	+0.000137	+0.000137
gov_staker_remaining_fee_accumulator_filetest.gno	Remaining gov fee accumulator repeat-1000 claim-792	execution-segment-repricing	10564156	10701289	137133	-8620	-8620	0	133168	0	0	862000	862000	0	137.133	137.133	0.000000	+0.000137	+0.000137
gov_staker_remaining_fee_accumulator_filetest.gno	Remaining gov fee accumulator repeat-1000 claim-793	execution-segment-repricing	10567938	10705071	137133	-8620	-8620	0	133168	0	0	862000	862000	0	137.133	137.133	0.000000	+0.000137	+0.000137
gov_staker_remaining_fee_accumulator_filetest.gno	Remaining gov fee accumulator repeat-1000 claim-794	execution-segment-repricing	10567451	10704584	137133	-8620	-8620	0	133168	0	0	862000	862000	0	137.133	137.133	0.000000	+0.000137	+0.000137
gov_staker_remaining_fee_accumulator_filetest.gno	Remaining gov fee accumulator repeat-1000 claim-795	execution-segment-repricing	10563669	10700802	137133	-8620	-8620	0	133168	0	0	862000	862000	0	137.133	137.133	0.000000	+0.000137	+0.000137
gov_staker_remaining_fee_accumulator_filetest.gno	Remaining gov fee accumulator repeat-1000 claim-796	execution-segment-repricing	10566964	10704097	137133	-8620	-8620	0	133168	0	0	862000	862000	0	137.133	137.133	0.000000	+0.000137	+0.000137
gov_staker_remaining_fee_accumulator_filetest.gno	Remaining gov fee accumulator repeat-1000 claim-797	execution-segment-repricing	10567451	10704584	137133	-8620	-8620	0	133168	0	0	862000	862000	0	137.133	137.133	0.000000	+0.000137	+0.000137
gov_staker_remaining_fee_accumulator_filetest.gno	Remaining gov fee accumulator repeat-1000 claim-798	execution-segment-repricing	10567938	10705071	137133	-8620	-8620	0	133168	0	0	862000	862000	0	137.133	137.133	0.000000	+0.000137	+0.000137
gov_staker_remaining_fee_accumulator_filetest.gno	Remaining gov fee accumulator repeat-1000 claim-799	execution-segment-repricing	10571720	10708853	137133	-8620	-8620	0	133168	0	0	862000	862000	0	137.133	137.133	0.000000	+0.000137	+0.000137
gov_staker_remaining_fee_accumulator_filetest.gno	Remaining gov fee accumulator repeat-1000 claim-800	execution-segment-repricing	10571233	10708366	137133	-8620	-8620	0	133168	0	0	862000	862000	0	137.133	137.133	0.000000	+0.000137	+0.000137
gov_staker_remaining_fee_accumulator_filetest.gno	Remaining gov fee accumulator repeat-1000 claim-801	execution-segment-repricing	10570746	10707879	137133	-8620	-8620	0	133168	0	0	862000	862000	0	137.133	137.133	0.000000	+0.000137	+0.000137
gov_staker_remaining_fee_accumulator_filetest.gno	Remaining gov fee accumulator repeat-1000 claim-802	execution-segment-repricing	10570259	10707392	137133	-8620	-8620	0	133168	0	0	862000	862000	0	137.133	137.133	0.000000	+0.000137	+0.000137
gov_staker_remaining_fee_accumulator_filetest.gno	Remaining gov fee accumulator repeat-1000 claim-803	execution-segment-repricing	10570259	10707392	137133	-8620	-8620	0	133168	0	0	862000	862000	0	137.133	137.133	0.000000	+0.000137	+0.000137
gov_staker_remaining_fee_accumulator_filetest.gno	Remaining gov fee accumulator repeat-1000 claim-804	execution-segment-repricing	10570259	10707392	137133	-8620	-8620	0	133168	0	0	862000	862000	0	137.133	137.133	0.000000	+0.000137	+0.000137
gov_staker_remaining_fee_accumulator_filetest.gno	Remaining gov fee accumulator repeat-1000 claim-805	execution-segment-repricing	10570746	10707879	137133	-8620	-8620	0	133168	0	0	862000	862000	0	137.133	137.133	0.000000	+0.000137	+0.000137
gov_staker_remaining_fee_accumulator_filetest.gno	Remaining gov fee accumulator repeat-1000 claim-806	execution-segment-repricing	10563089	10700222	137133	-8620	-8620	0	133168	0	0	862000	862000	0	137.133	137.133	0.000000	+0.000137	+0.000137
gov_staker_remaining_fee_accumulator_filetest.gno	Remaining gov fee accumulator repeat-1000 claim-807	execution-segment-repricing	10562115	10699248	137133	-8620	-8620	0	133168	0	0	862000	862000	0	137.133	137.133	0.000000	+0.000137	+0.000137
gov_staker_remaining_fee_accumulator_filetest.gno	Remaining gov fee accumulator repeat-1000 claim-808	execution-segment-repricing	10562602	10699735	137133	-8620	-8620	0	133168	0	0	862000	862000	0	137.133	137.133	0.000000	+0.000137	+0.000137
gov_staker_remaining_fee_accumulator_filetest.gno	Remaining gov fee accumulator repeat-1000 claim-809	execution-segment-repricing	10562115	10699248	137133	-8620	-8620	0	133168	0	0	862000	862000	0	137.133	137.133	0.000000	+0.000137	+0.000137
gov_staker_remaining_fee_accumulator_filetest.gno	Remaining gov fee accumulator repeat-1000 claim-810	execution-segment-repricing	10570259	10707392	137133	-8620	-8620	0	133168	0	0	862000	862000	0	137.133	137.133	0.000000	+0.000137	+0.000137
gov_staker_remaining_fee_accumulator_filetest.gno	Remaining gov fee accumulator repeat-1000 claim-811	execution-segment-repricing	10567451	10704584	137133	-8620	-8620	0	133168	0	0	862000	862000	0	137.133	137.133	0.000000	+0.000137	+0.000137
gov_staker_remaining_fee_accumulator_filetest.gno	Remaining gov fee accumulator repeat-1000 claim-812	execution-segment-repricing	10567451	10704584	137133	-8620	-8620	0	133168	0	0	862000	862000	0	137.133	137.133	0.000000	+0.000137	+0.000137
gov_staker_remaining_fee_accumulator_filetest.gno	Remaining gov fee accumulator repeat-1000 claim-813	execution-segment-repricing	10567938	10705071	137133	-8620	-8620	0	133168	0	0	862000	862000	0	137.133	137.133	0.000000	+0.000137	+0.000137
gov_staker_remaining_fee_accumulator_filetest.gno	Remaining gov fee accumulator repeat-1000 claim-814	execution-segment-repricing	10567451	10704584	137133	-8620	-8620	0	133168	0	0	862000	862000	0	137.133	137.133	0.000000	+0.000137	+0.000137
gov_staker_remaining_fee_accumulator_filetest.gno	Remaining gov fee accumulator repeat-1000 claim-815	execution-segment-repricing	10571233	10708366	137133	-8620	-8620	0	133168	0	0	862000	862000	0	137.133	137.133	0.000000	+0.000137	+0.000137
gov_staker_remaining_fee_accumulator_filetest.gno	Remaining gov fee accumulator repeat-1000 claim-816	execution-segment-repricing	10567451	10704584	137133	-8620	-8620	0	133168	0	0	862000	862000	0	137.133	137.133	0.000000	+0.000137	+0.000137
gov_staker_remaining_fee_accumulator_filetest.gno	Remaining gov fee accumulator repeat-1000 claim-817	execution-segment-repricing	10567451	10704584	137133	-8620	-8620	0	133168	0	0	862000	862000	0	137.133	137.133	0.000000	+0.000137	+0.000137
gov_staker_remaining_fee_accumulator_filetest.gno	Remaining gov fee accumulator repeat-1000 claim-818	execution-segment-repricing	10567938	10705071	137133	-8620	-8620	0	133168	0	0	862000	862000	0	137.133	137.133	0.000000	+0.000137	+0.000137
gov_staker_remaining_fee_accumulator_filetest.gno	Remaining gov fee accumulator repeat-1000 claim-819	execution-segment-repricing	10567451	10704584	137133	-8620	-8620	0	133168	0	0	862000	862000	0	137.133	137.133	0.000000	+0.000137	+0.000137
gov_staker_remaining_fee_accumulator_filetest.gno	Remaining gov fee accumulator repeat-1000 claim-820	execution-segment-repricing	10570746	10707879	137133	-8620	-8620	0	133168	0	0	862000	862000	0	137.133	137.133	0.000000	+0.000137	+0.000137
gov_staker_remaining_fee_accumulator_filetest.gno	Remaining gov fee accumulator repeat-1000 claim-821	execution-segment-repricing	10566964	10704097	137133	-8620	-8620	0	133168	0	0	862000	862000	0	137.133	137.133	0.000000	+0.000137	+0.000137
gov_staker_remaining_fee_accumulator_filetest.gno	Remaining gov fee accumulator repeat-1000 claim-822	execution-segment-repricing	10566964	10704097	137133	-8620	-8620	0	133168	0	0	862000	862000	0	137.133	137.133	0.000000	+0.000137	+0.000137
gov_staker_remaining_fee_accumulator_filetest.gno	Remaining gov fee accumulator repeat-1000 claim-823	execution-segment-repricing	10567451	10704584	137133	-8620	-8620	0	133168	0	0	862000	862000	0	137.133	137.133	0.000000	+0.000137	+0.000137
gov_staker_remaining_fee_accumulator_filetest.gno	Remaining gov fee accumulator repeat-1000 claim-824	execution-segment-repricing	10567938	10705071	137133	-8620	-8620	0	133168	0	0	862000	862000	0	137.133	137.133	0.000000	+0.000137	+0.000137
gov_staker_remaining_fee_accumulator_filetest.gno	Remaining gov fee accumulator repeat-1000 claim-825	execution-segment-repricing	10571233	10708366	137133	-8620	-8620	0	133168	0	0	862000	862000	0	137.133	137.133	0.000000	+0.000137	+0.000137
gov_staker_remaining_fee_accumulator_filetest.gno	Remaining gov fee accumulator repeat-1000 claim-826	execution-segment-repricing	10567451	10704584	137133	-8620	-8620	0	133168	0	0	862000	862000	0	137.133	137.133	0.000000	+0.000137	+0.000137
gov_staker_remaining_fee_accumulator_filetest.gno	Remaining gov fee accumulator repeat-1000 claim-827	execution-segment-repricing	10566964	10704097	137133	-8620	-8620	0	133168	0	0	862000	862000	0	137.133	137.133	0.000000	+0.000137	+0.000137
gov_staker_remaining_fee_accumulator_filetest.gno	Remaining gov fee accumulator repeat-1000 claim-828	execution-segment-repricing	10566964	10704097	137133	-8620	-8620	0	133168	0	0	862000	862000	0	137.133	137.133	0.000000	+0.000137	+0.000137
gov_staker_remaining_fee_accumulator_filetest.gno	Remaining gov fee accumulator repeat-1000 claim-829	execution-segment-repricing	10566964	10704097	137133	-8620	-8620	0	133168	0	0	862000	862000	0	137.133	137.133	0.000000	+0.000137	+0.000137
gov_staker_remaining_fee_accumulator_filetest.gno	Remaining gov fee accumulator repeat-1000 claim-830	execution-segment-repricing	10570746	10707879	137133	-8620	-8620	0	133168	0	0	862000	862000	0	137.133	137.133	0.000000	+0.000137	+0.000137
gov_staker_remaining_fee_accumulator_filetest.gno	Remaining gov fee accumulator repeat-1000 claim-831	execution-segment-repricing	10567938	10705071	137133	-8620	-8620	0	133168	0	0	862000	862000	0	137.133	137.133	0.000000	+0.000137	+0.000137
gov_staker_remaining_fee_accumulator_filetest.gno	Remaining gov fee accumulator repeat-1000 claim-832	execution-segment-repricing	10567451	10704584	137133	-8620	-8620	0	133168	0	0	862000	862000	0	137.133	137.133	0.000000	+0.000137	+0.000137
gov_staker_remaining_fee_accumulator_filetest.gno	Remaining gov fee accumulator repeat-1000 claim-833	execution-segment-repricing	10567938	10705071	137133	-8620	-8620	0	133168	0	0	862000	862000	0	137.133	137.133	0.000000	+0.000137	+0.000137
gov_staker_remaining_fee_accumulator_filetest.gno	Remaining gov fee accumulator repeat-1000 claim-834	execution-segment-repricing	10567451	10704584	137133	-8620	-8620	0	133168	0	0	862000	862000	0	137.133	137.133	0.000000	+0.000137	+0.000137
gov_staker_remaining_fee_accumulator_filetest.gno	Remaining gov fee accumulator repeat-1000 claim-835	execution-segment-repricing	10570746	10707879	137133	-8620	-8620	0	133168	0	0	862000	862000	0	137.133	137.133	0.000000	+0.000137	+0.000137
gov_staker_remaining_fee_accumulator_filetest.gno	Remaining gov fee accumulator repeat-1000 claim-836	execution-segment-repricing	10567451	10704584	137133	-8620	-8620	0	133168	0	0	862000	862000	0	137.133	137.133	0.000000	+0.000137	+0.000137
gov_staker_remaining_fee_accumulator_filetest.gno	Remaining gov fee accumulator repeat-1000 claim-837	execution-segment-repricing	10567451	10704584	137133	-8620	-8620	0	133168	0	0	862000	862000	0	137.133	137.133	0.000000	+0.000137	+0.000137
gov_staker_remaining_fee_accumulator_filetest.gno	Remaining gov fee accumulator repeat-1000 claim-838	execution-segment-repricing	10567938	10705071	137133	-8620	-8620	0	133168	0	0	862000	862000	0	137.133	137.133	0.000000	+0.000137	+0.000137
gov_staker_remaining_fee_accumulator_filetest.gno	Remaining gov fee accumulator repeat-1000 claim-839	execution-segment-repricing	10567451	10704584	137133	-8620	-8620	0	133168	0	0	862000	862000	0	137.133	137.133	0.000000	+0.000137	+0.000137
gov_staker_remaining_fee_accumulator_filetest.gno	Remaining gov fee accumulator repeat-1000 claim-840	execution-segment-repricing	10571233	10708366	137133	-8620	-8620	0	133168	0	0	862000	862000	0	137.133	137.133	0.000000	+0.000137	+0.000137
gov_staker_remaining_fee_accumulator_filetest.gno	Remaining gov fee accumulator repeat-1000 claim-841	execution-segment-repricing	10567451	10704584	137133	-8620	-8620	0	133168	0	0	862000	862000	0	137.133	137.133	0.000000	+0.000137	+0.000137
gov_staker_remaining_fee_accumulator_filetest.gno	Remaining gov fee accumulator repeat-1000 claim-842	execution-segment-repricing	10567451	10704584	137133	-8620	-8620	0	133168	0	0	862000	862000	0	137.133	137.133	0.000000	+0.000137	+0.000137
gov_staker_remaining_fee_accumulator_filetest.gno	Remaining gov fee accumulator repeat-1000 claim-843	execution-segment-repricing	10567938	10705071	137133	-8620	-8620	0	133168	0	0	862000	862000	0	137.133	137.133	0.000000	+0.000137	+0.000137
gov_staker_remaining_fee_accumulator_filetest.gno	Remaining gov fee accumulator repeat-1000 claim-844	execution-segment-repricing	10567938	10705071	137133	-8620	-8620	0	133168	0	0	862000	862000	0	137.133	137.133	0.000000	+0.000137	+0.000137
gov_staker_remaining_fee_accumulator_filetest.gno	Remaining gov fee accumulator repeat-1000 claim-845	execution-segment-repricing	10571233	10708366	137133	-8620	-8620	0	133168	0	0	862000	862000	0	137.133	137.133	0.000000	+0.000137	+0.000137
gov_staker_remaining_fee_accumulator_filetest.gno	Remaining gov fee accumulator repeat-1000 claim-846	execution-segment-repricing	10570746	10707879	137133	-8620	-8620	0	133168	0	0	862000	862000	0	137.133	137.133	0.000000	+0.000137	+0.000137
gov_staker_remaining_fee_accumulator_filetest.gno	Remaining gov fee accumulator repeat-1000 claim-847	execution-segment-repricing	10570746	10707879	137133	-8620	-8620	0	133168	0	0	862000	862000	0	137.133	137.133	0.000000	+0.000137	+0.000137
gov_staker_remaining_fee_accumulator_filetest.gno	Remaining gov fee accumulator repeat-1000 claim-848	execution-segment-repricing	10570746	10707879	137133	-8620	-8620	0	133168	0	0	862000	862000	0	137.133	137.133	0.000000	+0.000137	+0.000137
gov_staker_remaining_fee_accumulator_filetest.gno	Remaining gov fee accumulator repeat-1000 claim-849	execution-segment-repricing	10571233	10708366	137133	-8620	-8620	0	133168	0	0	862000	862000	0	137.133	137.133	0.000000	+0.000137	+0.000137
gov_staker_remaining_fee_accumulator_filetest.gno	Remaining gov fee accumulator repeat-1000 claim-850	execution-segment-repricing	10571720	10708853	137133	-8620	-8620	0	133168	0	0	862000	862000	0	137.133	137.133	0.000000	+0.000137	+0.000137
gov_staker_remaining_fee_accumulator_filetest.gno	Remaining gov fee accumulator repeat-1000 claim-851	execution-segment-repricing	10571233	10708366	137133	-8620	-8620	0	133168	0	0	862000	862000	0	137.133	137.133	0.000000	+0.000137	+0.000137
gov_staker_remaining_fee_accumulator_filetest.gno	Remaining gov fee accumulator repeat-1000 claim-852	execution-segment-repricing	10570746	10707879	137133	-8620	-8620	0	133168	0	0	862000	862000	0	137.133	137.133	0.000000	+0.000137	+0.000137
gov_staker_remaining_fee_accumulator_filetest.gno	Remaining gov fee accumulator repeat-1000 claim-853	execution-segment-repricing	10570746	10707879	137133	-8620	-8620	0	133168	0	0	862000	862000	0	137.133	137.133	0.000000	+0.000137	+0.000137
gov_staker_remaining_fee_accumulator_filetest.gno	Remaining gov fee accumulator repeat-1000 claim-854	execution-segment-repricing	10570259	10707392	137133	-8620	-8620	0	133168	0	0	862000	862000	0	137.133	137.133	0.000000	+0.000137	+0.000137
gov_staker_remaining_fee_accumulator_filetest.gno	Remaining gov fee accumulator repeat-1000 claim-855	execution-segment-repricing	10570746	10707879	137133	-8620	-8620	0	133168	0	0	862000	862000	0	137.133	137.133	0.000000	+0.000137	+0.000137
gov_staker_remaining_fee_accumulator_filetest.gno	Remaining gov fee accumulator repeat-1000 claim-856	execution-segment-repricing	10570746	10707879	137133	-8620	-8620	0	133168	0	0	862000	862000	0	137.133	137.133	0.000000	+0.000137	+0.000137
gov_staker_remaining_fee_accumulator_filetest.gno	Remaining gov fee accumulator repeat-1000 claim-857	execution-segment-repricing	10567451	10704584	137133	-8620	-8620	0	133168	0	0	862000	862000	0	137.133	137.133	0.000000	+0.000137	+0.000137
gov_staker_remaining_fee_accumulator_filetest.gno	Remaining gov fee accumulator repeat-1000 claim-858	execution-segment-repricing	10567938	10705071	137133	-8620	-8620	0	133168	0	0	862000	862000	0	137.133	137.133	0.000000	+0.000137	+0.000137
gov_staker_remaining_fee_accumulator_filetest.gno	Remaining gov fee accumulator repeat-1000 claim-859	execution-segment-repricing	10567451	10704584	137133	-8620	-8620	0	133168	0	0	862000	862000	0	137.133	137.133	0.000000	+0.000137	+0.000137
gov_staker_remaining_fee_accumulator_filetest.gno	Remaining gov fee accumulator repeat-1000 claim-860	execution-segment-repricing	10564156	10701289	137133	-8620	-8620	0	133168	0	0	862000	862000	0	137.133	137.133	0.000000	+0.000137	+0.000137
gov_staker_remaining_fee_accumulator_filetest.gno	Remaining gov fee accumulator repeat-1000 claim-861	execution-segment-repricing	10566964	10704097	137133	-8620	-8620	0	133168	0	0	862000	862000	0	137.133	137.133	0.000000	+0.000137	+0.000137
gov_staker_remaining_fee_accumulator_filetest.gno	Remaining gov fee accumulator repeat-1000 claim-862	execution-segment-repricing	10566964	10704097	137133	-8620	-8620	0	133168	0	0	862000	862000	0	137.133	137.133	0.000000	+0.000137	+0.000137
gov_staker_remaining_fee_accumulator_filetest.gno	Remaining gov fee accumulator repeat-1000 claim-863	execution-segment-repricing	10564156	10701289	137133	-8620	-8620	0	133168	0	0	862000	862000	0	137.133	137.133	0.000000	+0.000137	+0.000137
gov_staker_remaining_fee_accumulator_filetest.gno	Remaining gov fee accumulator repeat-1000 claim-864	execution-segment-repricing	10567451	10704584	137133	-8620	-8620	0	133168	0	0	862000	862000	0	137.133	137.133	0.000000	+0.000137	+0.000137
gov_staker_remaining_fee_accumulator_filetest.gno	Remaining gov fee accumulator repeat-1000 claim-865	execution-segment-repricing	10567938	10705071	137133	-8620	-8620	0	133168	0	0	862000	862000	0	137.133	137.133	0.000000	+0.000137	+0.000137
gov_staker_remaining_fee_accumulator_filetest.gno	Remaining gov fee accumulator repeat-1000 claim-866	execution-segment-repricing	10563669	10700802	137133	-8620	-8620	0	133168	0	0	862000	862000	0	137.133	137.133	0.000000	+0.000137	+0.000137
gov_staker_remaining_fee_accumulator_filetest.gno	Remaining gov fee accumulator repeat-1000 claim-867	execution-segment-repricing	10566964	10704097	137133	-8620	-8620	0	133168	0	0	862000	862000	0	137.133	137.133	0.000000	+0.000137	+0.000137
gov_staker_remaining_fee_accumulator_filetest.gno	Remaining gov fee accumulator repeat-1000 claim-868	execution-segment-repricing	10567451	10704584	137133	-8620	-8620	0	133168	0	0	862000	862000	0	137.133	137.133	0.000000	+0.000137	+0.000137
gov_staker_remaining_fee_accumulator_filetest.gno	Remaining gov fee accumulator repeat-1000 claim-869	execution-segment-repricing	10564156	10701289	137133	-8620	-8620	0	133168	0	0	862000	862000	0	137.133	137.133	0.000000	+0.000137	+0.000137
gov_staker_remaining_fee_accumulator_filetest.gno	Remaining gov fee accumulator repeat-1000 claim-870	execution-segment-repricing	10568425	10705558	137133	-8620	-8620	0	133168	0	0	862000	862000	0	137.133	137.133	0.000000	+0.000137	+0.000137
gov_staker_remaining_fee_accumulator_filetest.gno	Remaining gov fee accumulator repeat-1000 claim-871	execution-segment-repricing	10567938	10705071	137133	-8620	-8620	0	133168	0	0	862000	862000	0	137.133	137.133	0.000000	+0.000137	+0.000137
gov_staker_remaining_fee_accumulator_filetest.gno	Remaining gov fee accumulator repeat-1000 claim-872	execution-segment-repricing	10564156	10701289	137133	-8620	-8620	0	133168	0	0	862000	862000	0	137.133	137.133	0.000000	+0.000137	+0.000137
gov_staker_remaining_fee_accumulator_filetest.gno	Remaining gov fee accumulator repeat-1000 claim-873	execution-segment-repricing	10567451	10704584	137133	-8620	-8620	0	133168	0	0	862000	862000	0	137.133	137.133	0.000000	+0.000137	+0.000137
gov_staker_remaining_fee_accumulator_filetest.gno	Remaining gov fee accumulator repeat-1000 claim-874	execution-segment-repricing	10567451	10704584	137133	-8620	-8620	0	133168	0	0	862000	862000	0	137.133	137.133	0.000000	+0.000137	+0.000137
gov_staker_remaining_fee_accumulator_filetest.gno	Remaining gov fee accumulator repeat-1000 claim-875	execution-segment-repricing	10564643	10701776	137133	-8620	-8620	0	133168	0	0	862000	862000	0	137.133	137.133	0.000000	+0.000137	+0.000137
gov_staker_remaining_fee_accumulator_filetest.gno	Remaining gov fee accumulator repeat-1000 claim-876	execution-segment-repricing	10568425	10705558	137133	-8620	-8620	0	133168	0	0	862000	862000	0	137.133	137.133	0.000000	+0.000137	+0.000137
gov_staker_remaining_fee_accumulator_filetest.gno	Remaining gov fee accumulator repeat-1000 claim-877	execution-segment-repricing	10567938	10705071	137133	-8620	-8620	0	133168	0	0	862000	862000	0	137.133	137.133	0.000000	+0.000137	+0.000137
gov_staker_remaining_fee_accumulator_filetest.gno	Remaining gov fee accumulator repeat-1000 claim-878	execution-segment-repricing	10559307	10696440	137133	-8620	-8620	0	133168	0	0	862000	862000	0	137.133	137.133	0.000000	+0.000137	+0.000137
gov_staker_remaining_fee_accumulator_filetest.gno	Remaining gov fee accumulator repeat-1000 claim-879	execution-segment-repricing	10562115	10699248	137133	-8620	-8620	0	133168	0	0	862000	862000	0	137.133	137.133	0.000000	+0.000137	+0.000137
gov_staker_remaining_fee_accumulator_filetest.gno	Remaining gov fee accumulator repeat-1000 claim-880	execution-segment-repricing	10562115	10699248	137133	-8620	-8620	0	133168	0	0	862000	862000	0	137.133	137.133	0.000000	+0.000137	+0.000137
gov_staker_remaining_fee_accumulator_filetest.gno	Remaining gov fee accumulator repeat-1000 claim-881	execution-segment-repricing	10562115	10699248	137133	-8620	-8620	0	133168	0	0	862000	862000	0	137.133	137.133	0.000000	+0.000137	+0.000137
gov_staker_remaining_fee_accumulator_filetest.gno	Remaining gov fee accumulator repeat-1000 claim-882	execution-segment-repricing	10570746	10707879	137133	-8620	-8620	0	133168	0	0	862000	862000	0	137.133	137.133	0.000000	+0.000137	+0.000137
gov_staker_remaining_fee_accumulator_filetest.gno	Remaining gov fee accumulator repeat-1000 claim-883	execution-segment-repricing	10567451	10704584	137133	-8620	-8620	0	133168	0	0	862000	862000	0	137.133	137.133	0.000000	+0.000137	+0.000137
gov_staker_remaining_fee_accumulator_filetest.gno	Remaining gov fee accumulator repeat-1000 claim-884	execution-segment-repricing	10566477	10703610	137133	-8620	-8620	0	133168	0	0	862000	862000	0	137.133	137.133	0.000000	+0.000137	+0.000137
gov_staker_remaining_fee_accumulator_filetest.gno	Remaining gov fee accumulator repeat-1000 claim-885	execution-segment-repricing	10567987	10705120	137133	-8620	-8620	0	133168	0	0	862000	862000	0	137.133	137.133	0.000000	+0.000137	+0.000137
gov_staker_remaining_fee_accumulator_filetest.gno	Remaining gov fee accumulator repeat-1000 claim-886	execution-segment-repricing	10568523	10705656	137133	-8620	-8620	0	133168	0	0	862000	862000	0	137.133	137.133	0.000000	+0.000137	+0.000137
gov_staker_remaining_fee_accumulator_filetest.gno	Remaining gov fee accumulator repeat-1000 claim-887	execution-segment-repricing	10573328	10710461	137133	-8620	-8620	0	133168	0	0	862000	862000	0	137.133	137.133	0.000000	+0.000137	+0.000137
gov_staker_remaining_fee_accumulator_filetest.gno	Remaining gov fee accumulator repeat-1000 claim-888	execution-segment-repricing	10571543	10708676	137133	-8620	-8620	0	133168	0	0	862000	862000	0	137.133	137.133	0.000000	+0.000137	+0.000137
gov_staker_remaining_fee_accumulator_filetest.gno	Remaining gov fee accumulator repeat-1000 claim-889	execution-segment-repricing	10571543	10708676	137133	-8620	-8620	0	133168	0	0	862000	862000	0	137.133	137.133	0.000000	+0.000137	+0.000137
gov_staker_remaining_fee_accumulator_filetest.gno	Remaining gov fee accumulator repeat-1000 claim-890	execution-segment-repricing	10571543	10708676	137133	-8620	-8620	0	133168	0	0	862000	862000	0	137.133	137.133	0.000000	+0.000137	+0.000137
gov_staker_remaining_fee_accumulator_filetest.gno	Remaining gov fee accumulator repeat-1000 claim-891	execution-segment-repricing	10571056	10708189	137133	-8620	-8620	0	133168	0	0	862000	862000	0	137.133	137.133	0.000000	+0.000137	+0.000137
gov_staker_remaining_fee_accumulator_filetest.gno	Remaining gov fee accumulator repeat-1000 claim-892	execution-segment-repricing	10574838	10711971	137133	-8620	-8620	0	133168	0	0	862000	862000	0	137.133	137.133	0.000000	+0.000137	+0.000137
gov_staker_remaining_fee_accumulator_filetest.gno	Remaining gov fee accumulator repeat-1000 claim-893	execution-segment-repricing	10571056	10708189	137133	-8620	-8620	0	133168	0	0	862000	862000	0	137.133	137.133	0.000000	+0.000137	+0.000137
gov_staker_remaining_fee_accumulator_filetest.gno	Remaining gov fee accumulator repeat-1000 claim-894	execution-segment-repricing	10571543	10708676	137133	-8620	-8620	0	133168	0	0	862000	862000	0	137.133	137.133	0.000000	+0.000137	+0.000137
gov_staker_remaining_fee_accumulator_filetest.gno	Remaining gov fee accumulator repeat-1000 claim-895	execution-segment-repricing	10572030	10709163	137133	-8620	-8620	0	133168	0	0	862000	862000	0	137.133	137.133	0.000000	+0.000137	+0.000137
gov_staker_remaining_fee_accumulator_filetest.gno	Remaining gov fee accumulator repeat-1000 claim-896	execution-segment-repricing	10571056	10708189	137133	-8620	-8620	0	133168	0	0	862000	862000	0	137.133	137.133	0.000000	+0.000137	+0.000137
gov_staker_remaining_fee_accumulator_filetest.gno	Remaining gov fee accumulator repeat-1000 claim-897	execution-segment-repricing	10574351	10711484	137133	-8620	-8620	0	133168	0	0	862000	862000	0	137.133	137.133	0.000000	+0.000137	+0.000137
gov_staker_remaining_fee_accumulator_filetest.gno	Remaining gov fee accumulator repeat-1000 claim-898	execution-segment-repricing	10570569	10707702	137133	-8620	-8620	0	133168	0	0	862000	862000	0	137.133	137.133	0.000000	+0.000137	+0.000137
gov_staker_remaining_fee_accumulator_filetest.gno	Remaining gov fee accumulator repeat-1000 claim-899	execution-segment-repricing	10570569	10707702	137133	-8620	-8620	0	133168	0	0	862000	862000	0	137.133	137.133	0.000000	+0.000137	+0.000137
gov_staker_remaining_fee_accumulator_filetest.gno	Remaining gov fee accumulator repeat-1000 claim-900	execution-segment-repricing	10571543	10708676	137133	-8620	-8620	0	133168	0	0	862000	862000	0	137.133	137.133	0.000000	+0.000137	+0.000137
gov_staker_remaining_fee_accumulator_filetest.gno	Remaining gov fee accumulator repeat-1000 claim-901	execution-segment-repricing	10572030	10709163	137133	-8620	-8620	0	133168	0	0	862000	862000	0	137.133	137.133	0.000000	+0.000137	+0.000137
gov_staker_remaining_fee_accumulator_filetest.gno	Remaining gov fee accumulator repeat-1000 claim-902	execution-segment-repricing	10575812	10712945	137133	-8620	-8620	0	133168	0	0	862000	862000	0	137.133	137.133	0.000000	+0.000137	+0.000137
gov_staker_remaining_fee_accumulator_filetest.gno	Remaining gov fee accumulator repeat-1000 claim-903	execution-segment-repricing	10572030	10709163	137133	-8620	-8620	0	133168	0	0	862000	862000	0	137.133	137.133	0.000000	+0.000137	+0.000137
gov_staker_remaining_fee_accumulator_filetest.gno	Remaining gov fee accumulator repeat-1000 claim-904	execution-segment-repricing	10571543	10708676	137133	-8620	-8620	0	133168	0	0	862000	862000	0	137.133	137.133	0.000000	+0.000137	+0.000137
gov_staker_remaining_fee_accumulator_filetest.gno	Remaining gov fee accumulator repeat-1000 claim-905	execution-segment-repricing	10571543	10708676	137133	-8620	-8620	0	133168	0	0	862000	862000	0	137.133	137.133	0.000000	+0.000137	+0.000137
gov_staker_remaining_fee_accumulator_filetest.gno	Remaining gov fee accumulator repeat-1000 claim-906	execution-segment-repricing	10571056	10708189	137133	-8620	-8620	0	133168	0	0	862000	862000	0	137.133	137.133	0.000000	+0.000137	+0.000137
gov_staker_remaining_fee_accumulator_filetest.gno	Remaining gov fee accumulator repeat-1000 claim-907	execution-segment-repricing	10574838	10711971	137133	-8620	-8620	0	133168	0	0	862000	862000	0	137.133	137.133	0.000000	+0.000137	+0.000137
gov_staker_remaining_fee_accumulator_filetest.gno	Remaining gov fee accumulator repeat-1000 claim-908	execution-segment-repricing	10572030	10709163	137133	-8620	-8620	0	133168	0	0	862000	862000	0	137.133	137.133	0.000000	+0.000137	+0.000137
gov_staker_remaining_fee_accumulator_filetest.gno	Remaining gov fee accumulator repeat-1000 claim-909	execution-segment-repricing	10571543	10708676	137133	-8620	-8620	0	133168	0	0	862000	862000	0	137.133	137.133	0.000000	+0.000137	+0.000137
gov_staker_remaining_fee_accumulator_filetest.gno	Remaining gov fee accumulator repeat-1000 claim-910	execution-segment-repricing	10572030	10709163	137133	-8620	-8620	0	133168	0	0	862000	862000	0	137.133	137.133	0.000000	+0.000137	+0.000137
gov_staker_remaining_fee_accumulator_filetest.gno	Remaining gov fee accumulator repeat-1000 claim-911	execution-segment-repricing	10571543	10708676	137133	-8620	-8620	0	133168	0	0	862000	862000	0	137.133	137.133	0.000000	+0.000137	+0.000137
gov_staker_remaining_fee_accumulator_filetest.gno	Remaining gov fee accumulator repeat-1000 claim-912	execution-segment-repricing	10574838	10711971	137133	-8620	-8620	0	133168	0	0	862000	862000	0	137.133	137.133	0.000000	+0.000137	+0.000137
gov_staker_remaining_fee_accumulator_filetest.gno	Remaining gov fee accumulator repeat-1000 claim-913	execution-segment-repricing	10574838	10711971	137133	-8620	-8620	0	133168	0	0	862000	862000	0	137.133	137.133	0.000000	+0.000137	+0.000137
gov_staker_remaining_fee_accumulator_filetest.gno	Remaining gov fee accumulator repeat-1000 claim-914	execution-segment-repricing	10574838	10711971	137133	-8620	-8620	0	133168	0	0	862000	862000	0	137.133	137.133	0.000000	+0.000137	+0.000137
gov_staker_remaining_fee_accumulator_filetest.gno	Remaining gov fee accumulator repeat-1000 claim-915	execution-segment-repricing	10575325	10712458	137133	-8620	-8620	0	133168	0	0	862000	862000	0	137.133	137.133	0.000000	+0.000137	+0.000137
gov_staker_remaining_fee_accumulator_filetest.gno	Remaining gov fee accumulator repeat-1000 claim-916	execution-segment-repricing	10574838	10711971	137133	-8620	-8620	0	133168	0	0	862000	862000	0	137.133	137.133	0.000000	+0.000137	+0.000137
gov_staker_remaining_fee_accumulator_filetest.gno	Remaining gov fee accumulator repeat-1000 claim-917	execution-segment-repricing	10575325	10712458	137133	-8620	-8620	0	133168	0	0	862000	862000	0	137.133	137.133	0.000000	+0.000137	+0.000137
gov_staker_remaining_fee_accumulator_filetest.gno	Remaining gov fee accumulator repeat-1000 claim-918	execution-segment-repricing	10574838	10711971	137133	-8620	-8620	0	133168	0	0	862000	862000	0	137.133	137.133	0.000000	+0.000137	+0.000137
gov_staker_remaining_fee_accumulator_filetest.gno	Remaining gov fee accumulator repeat-1000 claim-919	execution-segment-repricing	10574838	10711971	137133	-8620	-8620	0	133168	0	0	862000	862000	0	137.133	137.133	0.000000	+0.000137	+0.000137
gov_staker_remaining_fee_accumulator_filetest.gno	Remaining gov fee accumulator repeat-1000 claim-920	execution-segment-repricing	10575325	10712458	137133	-8620	-8620	0	133168	0	0	862000	862000	0	137.133	137.133	0.000000	+0.000137	+0.000137
gov_staker_remaining_fee_accumulator_filetest.gno	Remaining gov fee accumulator repeat-1000 claim-921	execution-segment-repricing	10575325	10712458	137133	-8620	-8620	0	133168	0	0	862000	862000	0	137.133	137.133	0.000000	+0.000137	+0.000137
gov_staker_remaining_fee_accumulator_filetest.gno	Remaining gov fee accumulator repeat-1000 claim-922	execution-segment-repricing	10575325	10712458	137133	-8620	-8620	0	133168	0	0	862000	862000	0	137.133	137.133	0.000000	+0.000137	+0.000137
gov_staker_remaining_fee_accumulator_filetest.gno	Remaining gov fee accumulator repeat-1000 claim-923	execution-segment-repricing	10574838	10711971	137133	-8620	-8620	0	133168	0	0	862000	862000	0	137.133	137.133	0.000000	+0.000137	+0.000137
gov_staker_remaining_fee_accumulator_filetest.gno	Remaining gov fee accumulator repeat-1000 claim-924	execution-segment-repricing	10574838	10711971	137133	-8620	-8620	0	133168	0	0	862000	862000	0	137.133	137.133	0.000000	+0.000137	+0.000137
gov_staker_remaining_fee_accumulator_filetest.gno	Remaining gov fee accumulator repeat-1000 claim-925	execution-segment-repricing	10574838	10711971	137133	-8620	-8620	0	133168	0	0	862000	862000	0	137.133	137.133	0.000000	+0.000137	+0.000137
gov_staker_remaining_fee_accumulator_filetest.gno	Remaining gov fee accumulator repeat-1000 claim-926	execution-segment-repricing	10575325	10712458	137133	-8620	-8620	0	133168	0	0	862000	862000	0	137.133	137.133	0.000000	+0.000137	+0.000137
gov_staker_remaining_fee_accumulator_filetest.gno	Remaining gov fee accumulator repeat-1000 claim-927	execution-segment-repricing	10575812	10712945	137133	-8620	-8620	0	133168	0	0	862000	862000	0	137.133	137.133	0.000000	+0.000137	+0.000137
gov_staker_remaining_fee_accumulator_filetest.gno	Remaining gov fee accumulator repeat-1000 claim-928	execution-segment-repricing	10575325	10712458	137133	-8620	-8620	0	133168	0	0	862000	862000	0	137.133	137.133	0.000000	+0.000137	+0.000137
gov_staker_remaining_fee_accumulator_filetest.gno	Remaining gov fee accumulator repeat-1000 claim-929	execution-segment-repricing	10574838	10711971	137133	-8620	-8620	0	133168	0	0	862000	862000	0	137.133	137.133	0.000000	+0.000137	+0.000137
gov_staker_remaining_fee_accumulator_filetest.gno	Remaining gov fee accumulator repeat-1000 claim-930	execution-segment-repricing	10574838	10711971	137133	-8620	-8620	0	133168	0	0	862000	862000	0	137.133	137.133	0.000000	+0.000137	+0.000137
gov_staker_remaining_fee_accumulator_filetest.gno	Remaining gov fee accumulator repeat-1000 claim-931	execution-segment-repricing	10574351	10711484	137133	-8620	-8620	0	133168	0	0	862000	862000	0	137.133	137.133	0.000000	+0.000137	+0.000137
gov_staker_remaining_fee_accumulator_filetest.gno	Remaining gov fee accumulator repeat-1000 claim-932	execution-segment-repricing	10574838	10711971	137133	-8620	-8620	0	133168	0	0	862000	862000	0	137.133	137.133	0.000000	+0.000137	+0.000137
gov_staker_remaining_fee_accumulator_filetest.gno	Remaining gov fee accumulator repeat-1000 claim-933	execution-segment-repricing	10574838	10711971	137133	-8620	-8620	0	133168	0	0	862000	862000	0	137.133	137.133	0.000000	+0.000137	+0.000137
gov_staker_remaining_fee_accumulator_filetest.gno	Remaining gov fee accumulator repeat-1000 claim-934	execution-segment-repricing	10574838	10711971	137133	-8620	-8620	0	133168	0	0	862000	862000	0	137.133	137.133	0.000000	+0.000137	+0.000137
gov_staker_remaining_fee_accumulator_filetest.gno	Remaining gov fee accumulator repeat-1000 claim-935	execution-segment-repricing	10575325	10712458	137133	-8620	-8620	0	133168	0	0	862000	862000	0	137.133	137.133	0.000000	+0.000137	+0.000137
gov_staker_remaining_fee_accumulator_filetest.gno	Remaining gov fee accumulator repeat-1000 claim-936	execution-segment-repricing	10574838	10711971	137133	-8620	-8620	0	133168	0	0	862000	862000	0	137.133	137.133	0.000000	+0.000137	+0.000137
gov_staker_remaining_fee_accumulator_filetest.gno	Remaining gov fee accumulator repeat-1000 claim-937	execution-segment-repricing	10570476	10707609	137133	-8620	-8620	0	133168	0	0	862000	862000	0	137.133	137.133	0.000000	+0.000137	+0.000137
gov_staker_remaining_fee_accumulator_filetest.gno	Remaining gov fee accumulator repeat-1000 claim-938	execution-segment-repricing	10569989	10707122	137133	-8620	-8620	0	133168	0	0	862000	862000	0	137.133	137.133	0.000000	+0.000137	+0.000137
gov_staker_remaining_fee_accumulator_filetest.gno	Remaining gov fee accumulator repeat-1000 claim-939	execution-segment-repricing	10569989	10707122	137133	-8620	-8620	0	133168	0	0	862000	862000	0	137.133	137.133	0.000000	+0.000137	+0.000137
gov_staker_remaining_fee_accumulator_filetest.gno	Remaining gov fee accumulator repeat-1000 claim-940	execution-segment-repricing	10566694	10703827	137133	-8620	-8620	0	133168	0	0	862000	862000	0	137.133	137.133	0.000000	+0.000137	+0.000137
gov_staker_remaining_fee_accumulator_filetest.gno	Remaining gov fee accumulator repeat-1000 claim-941	execution-segment-repricing	10571056	10708189	137133	-8620	-8620	0	133168	0	0	862000	862000	0	137.133	137.133	0.000000	+0.000137	+0.000137
gov_staker_remaining_fee_accumulator_filetest.gno	Remaining gov fee accumulator repeat-1000 claim-942	execution-segment-repricing	10571543	10708676	137133	-8620	-8620	0	133168	0	0	862000	862000	0	137.133	137.133	0.000000	+0.000137	+0.000137
gov_staker_remaining_fee_accumulator_filetest.gno	Remaining gov fee accumulator repeat-1000 claim-943	execution-segment-repricing	10567274	10704407	137133	-8620	-8620	0	133168	0	0	862000	862000	0	137.133	137.133	0.000000	+0.000137	+0.000137
gov_staker_remaining_fee_accumulator_filetest.gno	Remaining gov fee accumulator repeat-1000 claim-944	execution-segment-repricing	10571056	10708189	137133	-8620	-8620	0	133168	0	0	862000	862000	0	137.133	137.133	0.000000	+0.000137	+0.000137
gov_staker_remaining_fee_accumulator_filetest.gno	Remaining gov fee accumulator repeat-1000 claim-945	execution-segment-repricing	10571543	10708676	137133	-8620	-8620	0	133168	0	0	862000	862000	0	137.133	137.133	0.000000	+0.000137	+0.000137
gov_staker_remaining_fee_accumulator_filetest.gno	Remaining gov fee accumulator repeat-1000 claim-946	execution-segment-repricing	10568248	10705381	137133	-8620	-8620	0	133168	0	0	862000	862000	0	137.133	137.133	0.000000	+0.000137	+0.000137
gov_staker_remaining_fee_accumulator_filetest.gno	Remaining gov fee accumulator repeat-1000 claim-947	execution-segment-repricing	10572517	10709650	137133	-8620	-8620	0	133168	0	0	862000	862000	0	137.133	137.133	0.000000	+0.000137	+0.000137
gov_staker_remaining_fee_accumulator_filetest.gno	Remaining gov fee accumulator repeat-1000 claim-948	execution-segment-repricing	10572030	10709163	137133	-8620	-8620	0	133168	0	0	862000	862000	0	137.133	137.133	0.000000	+0.000137	+0.000137
gov_staker_remaining_fee_accumulator_filetest.gno	Remaining gov fee accumulator repeat-1000 claim-949	execution-segment-repricing	10567761	10704894	137133	-8620	-8620	0	133168	0	0	862000	862000	0	137.133	137.133	0.000000	+0.000137	+0.000137
gov_staker_remaining_fee_accumulator_filetest.gno	Remaining gov fee accumulator repeat-1000 claim-950	execution-segment-repricing	10566207	10703340	137133	-8620	-8620	0	133168	0	0	862000	862000	0	137.133	137.133	0.000000	+0.000137	+0.000137
gov_staker_remaining_fee_accumulator_filetest.gno	Remaining gov fee accumulator repeat-1000 claim-951	execution-segment-repricing	10566207	10703340	137133	-8620	-8620	0	133168	0	0	862000	862000	0	137.133	137.133	0.000000	+0.000137	+0.000137
gov_staker_remaining_fee_accumulator_filetest.gno	Remaining gov fee accumulator repeat-1000 claim-952	execution-segment-repricing	10563399	10700532	137133	-8620	-8620	0	133168	0	0	862000	862000	0	137.133	137.133	0.000000	+0.000137	+0.000137
gov_staker_remaining_fee_accumulator_filetest.gno	Remaining gov fee accumulator repeat-1000 claim-953	execution-segment-repricing	10567668	10704801	137133	-8620	-8620	0	133168	0	0	862000	862000	0	137.133	137.133	0.000000	+0.000137	+0.000137
gov_staker_remaining_fee_accumulator_filetest.gno	Remaining gov fee accumulator repeat-1000 claim-954	execution-segment-repricing	10572030	10709163	137133	-8620	-8620	0	133168	0	0	862000	862000	0	137.133	137.133	0.000000	+0.000137	+0.000137
gov_staker_remaining_fee_accumulator_filetest.gno	Remaining gov fee accumulator repeat-1000 claim-955	execution-segment-repricing	10564466	10701599	137133	-8620	-8620	0	133168	0	0	862000	862000	0	137.133	137.133	0.000000	+0.000137	+0.000137
gov_staker_remaining_fee_accumulator_filetest.gno	Remaining gov fee accumulator repeat-1000 claim-956	execution-segment-repricing	10567274	10704407	137133	-8620	-8620	0	133168	0	0	862000	862000	0	137.133	137.133	0.000000	+0.000137	+0.000137
gov_staker_remaining_fee_accumulator_filetest.gno	Remaining gov fee accumulator repeat-1000 claim-957	execution-segment-repricing	10567274	10704407	137133	-8620	-8620	0	133168	0	0	862000	862000	0	137.133	137.133	0.000000	+0.000137	+0.000137
gov_staker_remaining_fee_accumulator_filetest.gno	Remaining gov fee accumulator repeat-1000 claim-958	execution-segment-repricing	10563979	10701112	137133	-8620	-8620	0	133168	0	0	862000	862000	0	137.133	137.133	0.000000	+0.000137	+0.000137
gov_staker_remaining_fee_accumulator_filetest.gno	Remaining gov fee accumulator repeat-1000 claim-959	execution-segment-repricing	10571543	10708676	137133	-8620	-8620	0	133168	0	0	862000	862000	0	137.133	137.133	0.000000	+0.000137	+0.000137
gov_staker_remaining_fee_accumulator_filetest.gno	Remaining gov fee accumulator repeat-1000 claim-960	execution-segment-repricing	10568735	10705868	137133	-8620	-8620	0	133168	0	0	862000	862000	0	137.133	137.133	0.000000	+0.000137	+0.000137
gov_staker_remaining_fee_accumulator_filetest.gno	Remaining gov fee accumulator repeat-1000 claim-961	execution-segment-repricing	10567761	10704894	137133	-8620	-8620	0	133168	0	0	862000	862000	0	137.133	137.133	0.000000	+0.000137	+0.000137
gov_staker_remaining_fee_accumulator_filetest.gno	Remaining gov fee accumulator repeat-1000 claim-962	execution-segment-repricing	10571543	10708676	137133	-8620	-8620	0	133168	0	0	862000	862000	0	137.133	137.133	0.000000	+0.000137	+0.000137
gov_staker_remaining_fee_accumulator_filetest.gno	Remaining gov fee accumulator repeat-1000 claim-963	execution-segment-repricing	10571056	10708189	137133	-8620	-8620	0	133168	0	0	862000	862000	0	137.133	137.133	0.000000	+0.000137	+0.000137
gov_staker_remaining_fee_accumulator_filetest.gno	Remaining gov fee accumulator repeat-1000 claim-964	execution-segment-repricing	10574351	10711484	137133	-8620	-8620	0	133168	0	0	862000	862000	0	137.133	137.133	0.000000	+0.000137	+0.000137
gov_staker_remaining_fee_accumulator_filetest.gno	Remaining gov fee accumulator repeat-1000 claim-965	execution-segment-repricing	10571543	10708676	137133	-8620	-8620	0	133168	0	0	862000	862000	0	137.133	137.133	0.000000	+0.000137	+0.000137
gov_staker_remaining_fee_accumulator_filetest.gno	Remaining gov fee accumulator repeat-1000 claim-966	execution-segment-repricing	10571543	10708676	137133	-8620	-8620	0	133168	0	0	862000	862000	0	137.133	137.133	0.000000	+0.000137	+0.000137
gov_staker_remaining_fee_accumulator_filetest.gno	Remaining gov fee accumulator repeat-1000 claim-967	execution-segment-repricing	10571543	10709444	137901	-8620	-8602	18	133168	0	1800	862000	862000	1800	137.901	1937.901	+0.001800	+0.000138	+0.001938
gov_staker_remaining_fee_accumulator_filetest.gno	Remaining gov fee accumulator repeat-1000 claim-968	execution-segment-repricing	10571056	10709257	138201	-8620	-8610	10	133168	0	1000	862000	862000	1000	138.201	1138.201	+0.001000	+0.000138	+0.001138
gov_staker_remaining_fee_accumulator_filetest.gno	Remaining gov fee accumulator repeat-1000 claim-969	execution-segment-repricing	10574838	10713039	138201	-8620	-8620	0	133168	0	0	862000	862000	0	138.201	138.201	0.000000	+0.000138	+0.000138
gov_staker_remaining_fee_accumulator_filetest.gno	Remaining gov fee accumulator repeat-1000 claim-970	execution-segment-repricing	10571056	10709257	138201	-8620	-8620	0	133168	0	0	862000	862000	0	138.201	138.201	0.000000	+0.000138	+0.000138
gov_staker_remaining_fee_accumulator_filetest.gno	Remaining gov fee accumulator repeat-1000 claim-971	execution-segment-repricing	10571543	10709744	138201	-8620	-8620	0	133168	0	0	862000	862000	0	138.201	138.201	0.000000	+0.000138	+0.000138
gov_staker_remaining_fee_accumulator_filetest.gno	Remaining gov fee accumulator repeat-1000 claim-972	execution-segment-repricing	10572030	10710231	138201	-8620	-8620	0	133168	0	0	862000	862000	0	138.201	138.201	0.000000	+0.000138	+0.000138
gov_staker_remaining_fee_accumulator_filetest.gno	Remaining gov fee accumulator repeat-1000 claim-973	execution-segment-repricing	10572030	10710231	138201	-8620	-8620	0	133168	0	0	862000	862000	0	138.201	138.201	0.000000	+0.000138	+0.000138
gov_staker_remaining_fee_accumulator_filetest.gno	Remaining gov fee accumulator repeat-1000 claim-974	execution-segment-repricing	10575325	10713526	138201	-8620	-8620	0	133168	0	0	862000	862000	0	138.201	138.201	0.000000	+0.000138	+0.000138
gov_staker_remaining_fee_accumulator_filetest.gno	Remaining gov fee accumulator repeat-1000 claim-975	execution-segment-repricing	10571543	10709744	138201	-8620	-8620	0	133168	0	0	862000	862000	0	138.201	138.201	0.000000	+0.000138	+0.000138
gov_staker_remaining_fee_accumulator_filetest.gno	Remaining gov fee accumulator repeat-1000 claim-976	execution-segment-repricing	10571543	10709744	138201	-8620	-8620	0	133168	0	0	862000	862000	0	138.201	138.201	0.000000	+0.000138	+0.000138
gov_staker_remaining_fee_accumulator_filetest.gno	Remaining gov fee accumulator repeat-1000 claim-977	execution-segment-repricing	10571543	10709744	138201	-8620	-8620	0	133168	0	0	862000	862000	0	138.201	138.201	0.000000	+0.000138	+0.000138
gov_staker_remaining_fee_accumulator_filetest.gno	Remaining gov fee accumulator repeat-1000 claim-978	execution-segment-repricing	10572030	10710231	138201	-8620	-8620	0	133168	0	0	862000	862000	0	138.201	138.201	0.000000	+0.000138	+0.000138
gov_staker_remaining_fee_accumulator_filetest.gno	Remaining gov fee accumulator repeat-1000 claim-979	execution-segment-repricing	10575812	10714013	138201	-8620	-8620	0	133168	0	0	862000	862000	0	138.201	138.201	0.000000	+0.000138	+0.000138
gov_staker_remaining_fee_accumulator_filetest.gno	Remaining gov fee accumulator repeat-1000 claim-980	execution-segment-repricing	10572030	10710231	138201	-8620	-8620	0	133168	0	0	862000	862000	0	138.201	138.201	0.000000	+0.000138	+0.000138
gov_staker_remaining_fee_accumulator_filetest.gno	Remaining gov fee accumulator repeat-1000 claim-981	execution-segment-repricing	10571543	10709744	138201	-8620	-8620	0	133168	0	0	862000	862000	0	138.201	138.201	0.000000	+0.000138	+0.000138
gov_staker_remaining_fee_accumulator_filetest.gno	Remaining gov fee accumulator repeat-1000 claim-982	execution-segment-repricing	10571543	10709744	138201	-8620	-8620	0	133168	0	0	862000	862000	0	138.201	138.201	0.000000	+0.000138	+0.000138
gov_staker_remaining_fee_accumulator_filetest.gno	Remaining gov fee accumulator repeat-1000 claim-983	execution-segment-repricing	10571056	10709257	138201	-8620	-8620	0	133168	0	0	862000	862000	0	138.201	138.201	0.000000	+0.000138	+0.000138
gov_staker_remaining_fee_accumulator_filetest.gno	Remaining gov fee accumulator repeat-1000 claim-984	execution-segment-repricing	10574838	10713039	138201	-8620	-8620	0	133168	0	0	862000	862000	0	138.201	138.201	0.000000	+0.000138	+0.000138
gov_staker_remaining_fee_accumulator_filetest.gno	Remaining gov fee accumulator repeat-1000 claim-985	execution-segment-repricing	10574838	10713039	138201	-8620	-8620	0	133168	0	0	862000	862000	0	138.201	138.201	0.000000	+0.000138	+0.000138
gov_staker_remaining_fee_accumulator_filetest.gno	Remaining gov fee accumulator repeat-1000 claim-986	execution-segment-repricing	10574351	10712552	138201	-8620	-8620	0	133168	0	0	862000	862000	0	138.201	138.201	0.000000	+0.000138	+0.000138
gov_staker_remaining_fee_accumulator_filetest.gno	Remaining gov fee accumulator repeat-1000 claim-987	execution-segment-repricing	10574838	10713039	138201	-8620	-8620	0	133168	0	0	862000	862000	0	138.201	138.201	0.000000	+0.000138	+0.000138
gov_staker_remaining_fee_accumulator_filetest.gno	Remaining gov fee accumulator repeat-1000 claim-988	execution-segment-repricing	10574351	10712552	138201	-8620	-8620	0	133168	0	0	862000	862000	0	138.201	138.201	0.000000	+0.000138	+0.000138
gov_staker_remaining_fee_accumulator_filetest.gno	Remaining gov fee accumulator repeat-1000 claim-989	execution-segment-repricing	10574838	10713039	138201	-8620	-8620	0	133168	0	0	862000	862000	0	138.201	138.201	0.000000	+0.000138	+0.000138
gov_staker_remaining_fee_accumulator_filetest.gno	Remaining gov fee accumulator repeat-1000 claim-990	execution-segment-repricing	10574838	10713039	138201	-8620	-8620	0	133168	0	0	862000	862000	0	138.201	138.201	0.000000	+0.000138	+0.000138
gov_staker_remaining_fee_accumulator_filetest.gno	Remaining gov fee accumulator repeat-1000 claim-991	execution-segment-repricing	10574838	10713039	138201	-8620	-8620	0	133168	0	0	862000	862000	0	138.201	138.201	0.000000	+0.000138	+0.000138
gov_staker_remaining_fee_accumulator_filetest.gno	Remaining gov fee accumulator repeat-1000 claim-992	execution-segment-repricing	10575325	10713526	138201	-8620	-8620	0	133168	0	0	862000	862000	0	138.201	138.201	0.000000	+0.000138	+0.000138
gov_staker_remaining_fee_accumulator_filetest.gno	Remaining gov fee accumulator repeat-1000 claim-993	execution-segment-repricing	10574838	10713039	138201	-8620	-8620	0	133168	0	0	862000	862000	0	138.201	138.201	0.000000	+0.000138	+0.000138
gov_staker_remaining_fee_accumulator_filetest.gno	Remaining gov fee accumulator repeat-1000 claim-994	execution-segment-repricing	10575325	10713526	138201	-8620	-8620	0	133168	0	0	862000	862000	0	138.201	138.201	0.000000	+0.000138	+0.000138
gov_staker_remaining_fee_accumulator_filetest.gno	Remaining gov fee accumulator repeat-1000 claim-995	execution-segment-repricing	10574838	10713039	138201	-8620	-8620	0	133168	0	0	862000	862000	0	138.201	138.201	0.000000	+0.000138	+0.000138
gov_staker_remaining_fee_accumulator_filetest.gno	Remaining gov fee accumulator repeat-1000 claim-996	execution-segment-repricing	10574838	10713039	138201	-8620	-8620	0	133168	0	0	862000	862000	0	138.201	138.201	0.000000	+0.000138	+0.000138
gov_staker_remaining_fee_accumulator_filetest.gno	Remaining gov fee accumulator repeat-1000 claim-997	execution-segment-repricing	10575325	10713526	138201	-8620	-8620	0	133168	0	0	862000	862000	0	138.201	138.201	0.000000	+0.000138	+0.000138
gov_staker_remaining_fee_accumulator_filetest.gno	Remaining gov fee accumulator repeat-1000 claim-998	execution-segment-repricing	10575325	10713526	138201	-8620	-8620	0	133168	0	0	862000	862000	0	138.201	138.201	0.000000	+0.000138	+0.000138
gov_staker_remaining_fee_accumulator_filetest.gno	Remaining gov fee accumulator repeat-1000 claim-999	execution-segment-repricing	10575325	10713526	138201	-8620	-8620	0	133168	0	0	862000	862000	0	138.201	138.201	0.000000	+0.000138	+0.000138
gov_staker_remaining_fee_accumulator_filetest.gno	Remaining gov fee accumulator repeat-1000 claim-1000	execution-segment-repricing	10574838	10713039	138201	-8620	-8620	0	133168	0	0	862000	862000	0	138.201	138.201	0.000000	+0.000138	+0.000138
gov_staker_remaining_fee_accumulator_filetest.gno	Remaining gov fee accumulator no-new-reward claim	execution-segment-repricing	1411378	1465577	54199	0	0	0	50196	0	0	0	0	0	54.199	54.199	0.000000	+0.000054	+0.000054
gov_staker_remaining_fee_accumulator_filetest.gno	Remaining gov fee accumulator lifecycle undelegate	execution-segment-repricing	2497274	2551065	53791	1631	1631	0	50196	163100	163100	0	0	0	53.791	53.791	0.000000	+0.000054	+0.000054
gov_staker_remaining_fee_accumulator_filetest.gno	Remaining gov fee accumulator lifecycle withdraw	execution-segment-repricing	1547767	1547767	0	-8703	-8703	0	0	0	0	870300	870300	0	0	0	0.000000	0.000000	0.000000
gov_staker_remaining_fee_accumulator_filetest.gno	Remaining gov fee accumulator lifecycle restake	execution-segment-repricing	3059751	3113542	53791	8932	8932	0	50196	893200	893200	0	0	0	53.791	53.791	0.000000	+0.000054	+0.000054
gov_staker_undelegate_many_delegatees_filetest.gno	Undelegate (50 delegatees, large AVL traversal)	execution-segment-repricing	2459149	2481823	22674	708	708	0	22945	70800	70800	0	0	0	22.674	22.674	0.000000	+0.000023	+0.000023
launchpad_collect_deposit_gns_accumulation_filetest.gno	CollectDepositGns (deposit 1/5, remaining 4)	execution-segment-repricing	7714112	7736786	22674	1850	1850	0	22945	407700	407700	222700	222700	0	22.674	22.674	0.000000	+0.000023	+0.000023
launchpad_collect_deposit_gns_accumulation_filetest.gno	CollectDepositGns (deposit 2/5, remaining 3)	execution-segment-repricing	7372603	7395277	22674	-2257	-2257	0	22945	0	0	225700	225700	0	22.674	22.674	0.000000	+0.000023	+0.000023
launchpad_collect_deposit_gns_accumulation_filetest.gno	CollectDepositGns (deposit 3/5, remaining 2)	execution-segment-repricing	7346223	7368897	22674	-2257	-2257	0	22945	0	0	225700	225700	0	22.674	22.674	0.000000	+0.000023	+0.000023
launchpad_collect_deposit_gns_accumulation_filetest.gno	CollectDepositGns (deposit 4/5, remaining 1)	execution-segment-repricing	7351669	7374343	22674	-2257	-2257	0	22945	0	0	225700	225700	0	22.674	22.674	0.000000	+0.000023	+0.000023
launchpad_collect_deposit_gns_accumulation_filetest.gno	CollectDepositGns (deposit 5/5, remaining 0)	execution-segment-repricing	7224026	7246700	22674	-8456	-8456	0	22945	0	0	845600	845600	0	22.674	22.674	0.000000	+0.000023	+0.000023
launchpad_collect_deposit_gns_filetest.gno	Launchpad CollectDepositGns	execution-segment-repricing	7581354	7604028	22674	-4155	-4155	0	22945	213000	213000	628500	628500	0	22.674	22.674	0.000000	+0.000023	+0.000023
launchpad_collect_protocol_fee_1_token_filetest.gno	CollectProtocolFee (1 token)	execution-segment-repricing	3608805	3647153	38348	4426	4027	-399	37910	451800	411900	9200	9200	-39900	38.348	-39861.652	-0.039900	+0.000038	-0.039862
launchpad_collect_protocol_fee_2_tokens_filetest.gno	CollectProtocolFee (2 tokens)	execution-segment-repricing	5670124	5724015	53891	8750	7952	-798	52948	892900	813100	17900	17900	-79800	53.891	-79746.109	-0.079800	+0.000054	-0.079746
launchpad_collect_protocol_fee_5_tokens_filetest.gno	CollectProtocolFee (5 tokens)	execution-segment-repricing	11893565	11993257	99692	21724	19729	-1995	98062	2216200	2016700	43800	43800	-199500	99.692	-199400.308	-0.199500	+0.000100	-0.199400
launchpad_collect_protocol_fee_filetest.gno	Launchpad CollectProtocolFee (tokens: 10)	execution-segment-repricing	22346834	22520138	173304	43713	39723	-3990	173252	4467700	4068700	96400	96400	-399000	173.304	-398826.696	-0.399000	+0.000173	-0.398827
launchpad_collect_reward_filetest.gno	Launchpad CollectRewardByDepositId	execution-segment-repricing	3300520	3300520	0	2070	2070	0	0	207000	207000	0	0	0	0	0	0.000000	0.000000	0.000000
launchpad_create_project_filetest.gno	Create Launchpad Project	execution-segment-repricing	8585740	8585740	0	33729	33729	0	0	3372900	3372900	0	0	0	0	0	0.000000	0.000000	0.000000
launchpad_deposit_gns_filetest.gno	Launchpad DepositGns	execution-segment-repricing	6420331	6450545	30214	24246	24246	0	31009	2531000	2531000	106400	106400	0	30.214	30.214	0.000000	+0.000030	+0.000030
launchpad_transfer_left_from_project_filetest.gno	Launchpad TransferLeftFromProjectByAdmin	execution-segment-repricing	1260660	1260660	0	41	41	0	0	4100	4100	0	0	0	0	0	0.000000	0.000000	0.000000
pool_create_and_mint_filetest.gno	CreatePool	execution-segment-repricing	6717948	6717948	0	25361	25361	0	0	2536100	2536100	0	0	0	0	0	0.000000	0.000000	0.000000
pool_create_and_mint_filetest.gno	Mint (fee:3000, wide range)	execution-segment-repricing	31555797	31555797	0	22702	22702	0	0	2270200	2270200	0	0	0	0	0	0.000000	0.000000	0.000000
pool_swap_wugnot_gns_filetest.gno	Swap (gns -> wugnot, fee:500)	execution-segment-repricing	47051045	47051045	0	0	0	0	0	600	600	600	600	0	0	0	0.000000	0.000000	0.000000
position_decrease_liquidity_filetest.gno	DecreaseLiquidity	execution-segment-repricing	25630642	25630642	0	18	18	0	0	1800	1800	0	0	0	0	0	0.000000	0.000000	0.000000
position_increase_liquidity_filetest.gno	IncreaseLiquidity	execution-segment-repricing	23148004	23148004	0	-2084	-2084	0	0	5600	5600	214000	214000	0	0	0	0.000000	0.000000	0.000000
position_mint_filetest.gno	Mint (bar:foo:500)	execution-segment-repricing	29749968	29749968	0	22689	22689	0	0	2268900	2268900	0	0	0	0	0	0.000000	0.000000	0.000000
position_mint_with_gnot_filetest.gno	CollectFee (with unwrap)	execution-segment-repricing	7921566	7921566	0	44	44	0	0	4400	4400	0	0	0	0	0	0.000000	0.000000	0.000000
position_reposition_filetest.gno	DecreaseLiquidity (w. Remove)	execution-segment-repricing	22338548	22338548	0	62	62	0	0	6200	6200	0	0	0	0	0	0.000000	0.000000	0.000000
position_reposition_filetest.gno	Mint (reposition)	execution-segment-repricing	30576495	30576495	0	8619	8619	0	0	861900	861900	0	0	0	0	0	0.000000	0.000000	0.000000
position_stake_position_filetest.gno	SetPoolTier (tier 1)	execution-segment-repricing	4030471	4030471	0	47025	47025	0	0	4702500	4702500	0	0	0	0	0	0.000000	0.000000	0.000000
position_stake_position_filetest.gno	StakeToken	execution-segment-repricing	10617929	10617929	0	23393	23393	0	0	2445400	2445400	106100	106100	0	0	0	0.000000	0.000000	0.000000
raw_uint_tree_key_magnitude_filetest.gno	UintTree Set (0)	execution-segment-repricing	73225	73225	0	0	0	0	0	0	0	0	0	0	0	0	0.000000	0.000000	0.000000
raw_uint_tree_key_magnitude_filetest.gno	UintTree Get (0)	execution-segment-repricing	56128	56128	0	0	0	0	0	0	0	0	0	0	0	0	0.000000	0.000000	0.000000
raw_uint_tree_key_magnitude_filetest.gno	UintTree Set (1)	execution-segment-repricing	57310	57310	0	0	0	0	0	0	0	0	0	0	0	0	0.000000	0.000000	0.000000
raw_uint_tree_key_magnitude_filetest.gno	UintTree Get (1)	execution-segment-repricing	56128	56128	0	0	0	0	0	0	0	0	0	0	0	0	0.000000	0.000000	0.000000
raw_uint_tree_key_magnitude_filetest.gno	UintTree Set (255)	execution-segment-repricing	57310	57310	0	0	0	0	0	0	0	0	0	0	0	0	0.000000	0.000000	0.000000
raw_uint_tree_key_magnitude_filetest.gno	UintTree Get (255)	execution-segment-repricing	56128	56128	0	0	0	0	0	0	0	0	0	0	0	0	0.000000	0.000000	0.000000
raw_uint_tree_key_magnitude_filetest.gno	UintTree Set (256)	execution-segment-repricing	57310	57310	0	0	0	0	0	0	0	0	0	0	0	0	0.000000	0.000000	0.000000
raw_uint_tree_key_magnitude_filetest.gno	UintTree Get (256)	execution-segment-repricing	56128	56128	0	0	0	0	0	0	0	0	0	0	0	0	0.000000	0.000000	0.000000
raw_uint_tree_key_magnitude_filetest.gno	UintTree Set (65535)	execution-segment-repricing	57310	57310	0	0	0	0	0	0	0	0	0	0	0	0	0.000000	0.000000	0.000000
raw_uint_tree_key_magnitude_filetest.gno	UintTree Get (65535)	execution-segment-repricing	56128	56128	0	0	0	0	0	0	0	0	0	0	0	0	0.000000	0.000000	0.000000
raw_uint_tree_key_magnitude_filetest.gno	UintTree Set (4294967295)	execution-segment-repricing	57310	57310	0	0	0	0	0	0	0	0	0	0	0	0	0.000000	0.000000	0.000000
raw_uint_tree_key_magnitude_filetest.gno	UintTree Get (4294967295)	execution-segment-repricing	56128	56128	0	0	0	0	0	0	0	0	0	0	0	0	0.000000	0.000000	0.000000
raw_uint_tree_key_magnitude_filetest.gno	UintTree Set (9223372036854775807)	execution-segment-repricing	57310	57310	0	0	0	0	0	0	0	0	0	0	0	0	0.000000	0.000000	0.000000
raw_uint_tree_key_magnitude_filetest.gno	UintTree Get (9223372036854775807)	execution-segment-repricing	56128	56128	0	0	0	0	0	0	0	0	0	0	0	0	0.000000	0.000000	0.000000
remaining_gov_manager_allocation_filetest.gno	Remaining gov allocation factory fee manager	execution-segment-repricing	876509	876127	-382	2396	2374	-22	-184	239600	237400	0	0	-2200	-0.382	-2200.382	-0.002200	0.000000	-0.002200
remaining_gov_manager_allocation_filetest.gno	Remaining gov allocation factory emission manager	execution-segment-repricing	54438	47567	-6871	2550	2151	-399	-1842	255000	215100	0	0	-39900	-6.871	-39906.871	-0.039900	-0.000007	-0.039907
router_exact_in_single_swap_route_grc20_fee10000_filetest.gno	ExactInSingleSwapRoute(grc20) - fee:10000	execution-segment-repricing	26973783	26973783	0	9054	9054	0	0	906000	906000	600	600	0	0	0	0.000000	0.000000	0.000000
router_exact_in_single_swap_route_grc20_fee100_filetest.gno	ExactInSingleSwapRoute(grc20) - fee:100	execution-segment-repricing	31564503	31564503	0	9054	9054	0	0	906000	906000	600	600	0	0	0	0.000000	0.000000	0.000000
router_exact_in_single_swap_route_grc20_fee3000_filetest.gno	ExactInSingleSwapRoute(grc20) - fee:3000	execution-segment-repricing	27038120	27038120	0	9054	9054	0	0	906000	906000	600	600	0	0	0	0.000000	0.000000	0.000000
router_exact_in_single_swap_route_grc20_fee500_filetest.gno	ExactInSingleSwapRoute(grc20) - fee:500	execution-segment-repricing	26900357	26900357	0	9054	9054	0	0	906000	906000	600	600	0	0	0	0.000000	0.000000	0.000000
router_exact_in_swap_route_grc20_fee10000_filetest.gno	ExactInSwapRoute(grc20) - fee:10000	execution-segment-repricing	26212253	26212253	0	9054	9054	0	0	906000	906000	600	600	0	0	0	0.000000	0.000000	0.000000
router_exact_in_swap_route_grc20_fee100_filetest.gno	ExactInSwapRoute(grc20) - fee:100	execution-segment-repricing	30820277	30820277	0	9054	9054	0	0	906000	906000	600	600	0	0	0	0.000000	0.000000	0.000000
router_exact_in_swap_route_grc20_fee3000_filetest.gno	ExactInSwapRoute(grc20) - fee:3000	execution-segment-repricing	26285242	26285242	0	9054	9054	0	0	906000	906000	600	600	0	0	0	0.000000	0.000000	0.000000
router_exact_in_swap_route_grc20_fee500_filetest.gno	ExactInSwapRoute(grc20) - fee:500	execution-segment-repricing	26156131	26156131	0	9054	9054	0	0	906000	906000	600	600	0	0	0	0.000000	0.000000	0.000000
router_exact_out_single_swap_route_grc20_fee10000_filetest.gno	ExactOutSingleSwapRoute(grc20) - fee:10000	execution-segment-repricing	28806784	28806784	0	9054	9054	0	0	906000	906000	600	600	0	0	0	0.000000	0.000000	0.000000
router_exact_out_single_swap_route_grc20_fee100_filetest.gno	ExactOutSingleSwapRoute(grc20) - fee:100	execution-segment-repricing	33248280	33248280	0	9054	9054	0	0	906000	906000	600	600	0	0	0	0.000000	0.000000	0.000000
router_exact_out_single_swap_route_grc20_fee3000_filetest.gno	ExactOutSingleSwapRoute(grc20) - fee:3000	execution-segment-repricing	28747137	28747137	0	9054	9054	0	0	906000	906000	600	600	0	0	0	0.000000	0.000000	0.000000
router_exact_out_single_swap_route_grc20_fee500_filetest.gno	ExactOutSingleSwapRoute(grc20) - fee:500	execution-segment-repricing	28642922	28642922	0	9054	9054	0	0	906000	906000	600	600	0	0	0	0.000000	0.000000	0.000000
router_exact_out_swap_route_grc20_fee10000_filetest.gno	ExactOutSwapRoute(grc20) - fee:10000	execution-segment-repricing	28068289	28068289	0	9054	9054	0	0	906000	906000	600	600	0	0	0	0.000000	0.000000	0.000000
router_exact_out_swap_route_grc20_fee100_filetest.gno	ExactOutSwapRoute(grc20) - fee:100	execution-segment-repricing	32527089	32527089	0	9054	9054	0	0	906000	906000	600	600	0	0	0	0.000000	0.000000	0.000000
router_exact_out_swap_route_grc20_fee3000_filetest.gno	ExactOutSwapRoute(grc20) - fee:3000	execution-segment-repricing	28017294	28017294	0	9054	9054	0	0	906000	906000	600	600	0	0	0	0.000000	0.000000	0.000000
router_exact_out_swap_route_grc20_fee500_filetest.gno	ExactOutSwapRoute(grc20) - fee:500	execution-segment-repricing	27921731	27921731	0	9054	9054	0	0	906000	906000	600	600	0	0	0	0.000000	0.000000	0.000000
router_single_hop_route_filetest.gno	BuildSingleHopRoutePath	execution-segment-repricing	202459	202459	0	0	0	0	0	0	0	0	0	0	0	0	0.000000	0.000000	0.000000
router_swap_multi_hop_filetest.gno	MultiHop ExactIn (2 hops)	execution-segment-repricing	52601164	52601164	0	9061	9061	0	0	907300	907300	1200	1200	0	0	0	0.000000	0.000000	0.000000
router_swap_multi_hop_filetest.gno	MultiHop ExactOut (2 hops)	execution-segment-repricing	73049772	73049772	0	76	76	0	0	7600	7600	0	0	0	0	0	0.000000	0.000000	0.000000
router_swap_multi_hop_filetest.gno	MultiHop ExactIn (3 hops)	execution-segment-repricing	72263997	72263997	0	33	33	0	0	4500	4500	1200	1200	0	0	0	0.000000	0.000000	0.000000
router_swap_multi_hop_filetest.gno	MultiHop ExactOut (3 hops)	execution-segment-repricing	110815904	110815904	0	0	0	0	0	0	0	0	0	0	0	0	0.000000	0.000000	0.000000
router_swap_multi_hop_filetest.gno	MultiRoute ExactIn (50:50 split)	execution-segment-repricing	71546462	71546462	0	0	0	0	0	600	600	600	600	0	0	0	0.000000	0.000000	0.000000
router_swap_multi_hop_filetest.gno	MultiRoute ExactOut (50:50 split)	execution-segment-repricing	96915876	96915876	0	4	4	0	0	400	400	0	0	0	0	0	0.000000	0.000000	0.000000
staker_collect_reward_filetest.gno	CollectReward (only Internal Reward)	execution-segment-repricing	13997436	13997436	0	11137	11137	0	0	1113700	1113700	0	0	0	0	0	0.000000	0.000000	0.000000
staker_collect_reward_filetest.gno	CollectReward 2nd (only Internal Reward)	execution-segment-repricing	13778829	13778829	0	40	40	0	0	4000	4000	0	0	0	0	0	0.000000	0.000000	0.000000
staker_collect_reward_incentive_token_count_filetest.gno	staker CollectReward (1 external-incentive token)	execution-segment-repricing	13600151	13600151	0	10026	10026	0	0	1002600	1002600	0	0	0	0	0	0.000000	0.000000	0.000000
staker_collect_reward_incentive_token_count_filetest.gno	staker CollectReward (2 external-incentive tokens)	execution-segment-repricing	20923028	20923028	0	4069	4069	0	0	406900	406900	0	0	0	0	0	0.000000	0.000000	0.000000
staker_collect_reward_incentive_token_count_filetest.gno	staker CollectReward (3 external-incentive tokens)	execution-segment-repricing	28559396	28559396	0	4502	4502	0	0	450200	450200	0	0	0	0	0	0.000000	0.000000	0.000000
staker_collect_reward_incentive_token_count_filetest.gno	staker CollectReward (4 external-incentive tokens)	execution-segment-repricing	36432228	36432228	0	5046	5046	0	0	504600	504600	0	0	0	0	0	0.000000	0.000000	0.000000
staker_collect_reward_position_growth_filetest.gno	storage growth: CollectReward 20 staked positions	execution-segment-repricing	15322696	15322696	0	62	62	0	0	6200	6200	0	0	0	0	0	0.000000	0.000000	0.000000
staker_collect_reward_position_growth_filetest.gno	storage growth: CollectReward 40 staked positions	execution-segment-repricing	15785075	15785075	0	0	0	0	0	0	0	0	0	0	0	0	0.000000	0.000000	0.000000
staker_collect_reward_position_growth_filetest.gno	storage growth: CollectReward 60 staked positions	execution-segment-repricing	15787565	15787565	0	0	0	0	0	0	0	0	0	0	0	0	0.000000	0.000000	0.000000
staker_collect_reward_position_growth_filetest.gno	storage growth: CollectReward 80 staked positions	execution-segment-repricing	15918842	15918842	0	0	0	0	0	0	0	0	0	0	0	0	0.000000	0.000000	0.000000
staker_collect_reward_position_growth_filetest.gno	storage growth: CollectReward 100 staked positions	execution-segment-repricing	15904573	15904573	0	0	0	0	0	0	0	0	0	0	0	0	0.000000	0.000000	0.000000
staker_collect_reward_with_external_rewards_1_filetest.gno	CollectReward With External Rewards (1 incentives)	execution-segment-repricing	22044914	22044914	0	14734	14734	0	0	1473400	1473400	0	0	0	0	0	0.000000	0.000000	0.000000
staker_collect_reward_with_external_rewards_1_filetest.gno	CollectReward With External Rewards 2nd (1 incentives)	execution-segment-repricing	21448920	21448920	0	31	31	0	0	3100	3100	0	0	0	0	0	0.000000	0.000000	0.000000
staker_collect_reward_with_external_rewards_5_filetest.gno	CollectReward With External Rewards (5 incentives)	execution-segment-repricing	52986713	52986713	0	28757	28757	0	0	2875700	2875700	0	0	0	0	0	0.000000	0.000000	0.000000
staker_collect_reward_with_external_rewards_5_filetest.gno	CollectReward With External Rewards 2nd (5 incentives)	execution-segment-repricing	51234359	51234359	0	52	52	0	0	5200	5200	0	0	0	0	0	0.000000	0.000000	0.000000
staker_collect_reward_with_warmup_range_filetest.gno	CollectReward with Warmup Range (30% ~ 30%)	execution-segment-repricing	14035432	14035432	0	11119	11119	0	0	1111900	1111900	0	0	0	0	0	0.000000	0.000000	0.000000
staker_collect_reward_with_warmup_range_filetest.gno	CollectReward with Warmup Range (30% ~ 50%)	execution-segment-repricing	16054351	16054351	0	58	58	0	0	5800	5800	0	0	0	0	0	0.000000	0.000000	0.000000
staker_collect_reward_with_warmup_range_filetest.gno	CollectReward with Warmup Range (30% ~ 70%)	execution-segment-repricing	18359217	18359217	0	18	18	0	0	1800	1800	0	0	0	0	0	0.000000	0.000000	0.000000
staker_collect_reward_with_warmup_range_filetest.gno	CollectReward with Warmup Range (30% ~ 100%)	execution-segment-repricing	20688010	20688010	0	18	18	0	0	1800	1800	0	0	0	0	0	0.000000	0.000000	0.000000
staker_collect_reward_with_warmup_range_filetest.gno	CollectReward with Warmup Range (100% ~)	execution-segment-repricing	13453680	13453680	0	-6	-6	0	0	0	0	600	600	0	0	0	0.000000	0.000000	0.000000
staker_collect_reward_with_warmup_range_filetest.gno	CollectReward with Warmup Range 2nd (100% ~)	execution-segment-repricing	13338327	13338327	0	0	0	0	0	0	0	0	0	0	0	0	0.000000	0.000000	0.000000
staker_create_external_incentive_filetest.gno	CreateExternalIncentive	execution-segment-repricing	3863402	3863402	0	66634	66634	0	0	6663400	6663400	0	0	0	0	0	0.000000	0.000000	0.000000
staker_end_external_incentive_filetest.gno	EndExternalIncentive	execution-segment-repricing	2328061	2328061	0	-1979	-1979	0	0	4500	4500	202400	202400	0	0	0	0.000000	0.000000	0.000000
staker_end_external_incentive_unclaimable100_filetest.gno	EndExternalIncentive (unclaimablePeriods=100)	execution-segment-repricing	2367973	2367973	0	147	147	0	0	14700	14700	0	0	0	0	0	0.000000	0.000000	0.000000
staker_end_external_incentive_unclaimable10_filetest.gno	EndExternalIncentive (unclaimablePeriods=10)	execution-segment-repricing	2317676	2317676	0	141	141	0	0	14100	14100	0	0	0	0	0	0.000000	0.000000	0.000000
staker_end_external_incentive_unclaimable50_filetest.gno	EndExternalIncentive (unclaimablePeriods=50)	execution-segment-repricing	2330106	2330106	0	141	141	0	0	14100	14100	0	0	0	0	0	0.000000	0.000000	0.000000
staker_halving_tick_cross_batch_10_filetest.gno	Swap (halving, 10 staked tick-crosses)	execution-segment-repricing	106388093	106388093	0	3729	3729	0	0	373500	373500	600	600	0	0	0	0.000000	0.000000	0.000000
staker_halving_tick_cross_batch_1_filetest.gno	Swap (halving, 1 staked tick-cross)	execution-segment-repricing	32181955	32181955	0	2813	2813	0	0	281900	281900	600	600	0	0	0	0.000000	0.000000	0.000000
staker_halving_tick_cross_batch_50_filetest.gno	Swap (halving, 50 staked tick-crosses)	execution-segment-repricing	445327990	445327990	0	7260	7260	0	0	726600	726600	600	600	0	0	0	0.000000	0.000000	0.000000
staker_tick_cross_batch_no_halving_10_filetest.gno	Swap (no halving, 10 staked tick-crosses)	execution-segment-repricing	94213213	94213213	0	-7110	-7110	0	0	40300	40300	751300	751300	0	0	0	0.000000	0.000000	0.000000
staker_tick_cross_batch_no_halving_1_filetest.gno	Swap (no halving, 1 staked tick-cross)	execution-segment-repricing	25986288	25986288	0	-7684	-7684	0	0	4500	4500	772900	772900	0	0	0	0.000000	0.000000	0.000000
staker_tick_cross_batch_no_halving_50_filetest.gno	Swap (no halving, 50 staked tick-crosses)	execution-segment-repricing	406578788	406578788	0	-5108	-5108	0	0	174600	174600	685400	685400	0	0	0	0.000000	0.000000	0.000000
staker_tick_cross_long_history_10_filetest.gno	Long-history accumulated-reward Swap (10 staked tick-crosses, visit 1)	execution-segment-repricing	110296622	110296622	0	34722	34722	0	0	3472800	3472800	600	600	0	0	0	0.000000	0.000000	0.000000
staker_tick_cross_long_history_10_filetest.gno	Long-history accumulated-reward Reverse swap (10 staked tick-crosses, visit 2)	execution-segment-repricing	131638181	131638181	0	15195	15195	0	0	1519500	1519500	0	0	0	0	0	0.000000	0.000000	0.000000
staker_tick_cross_long_history_10_filetest.gno	Long-history accumulated-reward Swap (10 staked tick-crosses, visit 3)	execution-segment-repricing	132484479	132484479	0	14651	14651	0	0	1465100	1465100	0	0	0	0	0	0.000000	0.000000	0.000000
staker_tick_cross_long_history_10_filetest.gno	Long-history accumulated-reward Reverse swap (10 staked tick-crosses, visit 4)	execution-segment-repricing	136732513	136732513	0	14630	14630	0	0	1463200	1463200	200	200	0	0	0	0.000000	0.000000	0.000000
staker_tick_cross_long_history_10_filetest.gno	Long-history accumulated-reward Swap (10 staked tick-crosses, visit 5)	execution-segment-repricing	133896154	133896154	0	57364	57364	0	0	5736400	5736400	0	0	0	0	0	0.000000	0.000000	0.000000
staker_tick_cross_long_history_10_filetest.gno	Long-history accumulated-reward Reverse swap (10 staked tick-crosses, visit 6)	execution-segment-repricing	137362627	137362627	0	15207	15207	0	0	1521100	1521100	400	400	0	0	0	0.000000	0.000000	0.000000
staker_tick_cross_long_history_10_filetest.gno	Long-history accumulated-reward Swap (10 staked tick-crosses, visit 7)	execution-segment-repricing	133436591	133436591	0	14738	14738	0	0	1473800	1473800	0	0	0	0	0	0.000000	0.000000	0.000000
staker_tick_cross_long_history_10_filetest.gno	Long-history accumulated-reward Reverse swap (10 staked tick-crosses, visit 8)	execution-segment-repricing	138521177	138521177	0	35401	35401	0	0	3540300	3540300	200	200	0	0	0	0.000000	0.000000	0.000000
staker_tick_cross_long_history_10_filetest.gno	Long-history accumulated-reward Swap (10 staked tick-crosses, visit 9)	execution-segment-repricing	133442184	133442184	0	14981	14981	0	0	1498100	1498100	0	0	0	0	0	0.000000	0.000000	0.000000
staker_tick_cross_long_history_10_filetest.gno	Long-history accumulated-reward Reverse swap (10 staked tick-crosses, visit 10)	execution-segment-repricing	137579270	137579270	0	14736	14736	0	0	1474000	1474000	400	400	0	0	0	0.000000	0.000000	0.000000
staker_tick_cross_long_history_10_filetest.gno	Long-history accumulated-reward Swap (10 staked tick-crosses, visit 11)	execution-segment-repricing	134623902	134623902	0	35354	35354	0	0	3535400	3535400	0	0	0	0	0	0.000000	0.000000	0.000000
staker_tick_cross_long_history_10_filetest.gno	Long-history accumulated-reward Reverse swap (10 staked tick-crosses, visit 12)	execution-segment-repricing	137708220	137708220	0	14970	14970	0	0	1497500	1497500	500	500	0	0	0	0.000000	0.000000	0.000000
staker_tick_cross_long_history_10_filetest.gno	Long-history accumulated-reward Swap (10 staked tick-crosses, visit 13)	execution-segment-repricing	133761194	133761194	0	14742	14742	0	0	1474200	1474200	0	0	0	0	0	0.000000	0.000000	0.000000
staker_tick_cross_long_history_10_filetest.gno	Long-history accumulated-reward Reverse swap (10 staked tick-crosses, visit 14)	execution-segment-repricing	140251575	140251575	0	80768	80768	0	0	8077300	8077300	500	500	0	0	0	0.000000	0.000000	0.000000
staker_tick_cross_long_history_10_filetest.gno	Long-history accumulated-reward Swap (10 staked tick-crosses, visit 15)	execution-segment-repricing	134258468	134258468	0	15463	15463	0	0	1546300	1546300	0	0	0	0	0	0.000000	0.000000	0.000000
staker_tick_cross_long_history_10_filetest.gno	Long-history accumulated-reward Reverse swap (10 staked tick-crosses, visit 16)	execution-segment-repricing	138364807	138364807	0	14731	14731	0	0	1473600	1473600	500	500	0	0	0	0.000000	0.000000	0.000000
staker_tick_cross_long_history_10_filetest.gno	Long-history accumulated-reward Swap (10 staked tick-crosses, visit 17)	execution-segment-repricing	135406988	135406988	0	35401	35401	0	0	3540100	3540100	0	0	0	0	0	0.000000	0.000000	0.000000
staker_tick_cross_long_history_10_filetest.gno	Long-history accumulated-reward Reverse swap (10 staked tick-crosses, visit 18)	execution-segment-repricing	138417736	138417736	0	14970	14970	0	0	1497500	1497500	500	500	0	0	0	0.000000	0.000000	0.000000
staker_tick_cross_long_history_10_filetest.gno	Long-history accumulated-reward Swap (10 staked tick-crosses, visit 19)	execution-segment-repricing	134407192	134407192	0	14751	14751	0	0	1475100	1475100	0	0	0	0	0	0.000000	0.000000	0.000000
staker_tick_cross_long_history_10_filetest.gno	Long-history accumulated-reward Reverse swap (10 staked tick-crosses, visit 20)	execution-segment-repricing	140978686	140978686	0	58739	58739	0	0	5875500	5875500	1600	1600	0	0	0	0.000000	0.000000	0.000000
staker_tick_cross_long_history_10_filetest.gno	Long-history accumulated-reward Swap (10 staked tick-crosses, visit 21)	execution-segment-repricing	134322022	134322022	0	15232	15232	0	0	1523200	1523200	0	0	0	0	0	0.000000	0.000000	0.000000
staker_tick_cross_long_history_10_filetest.gno	Long-history accumulated-reward Reverse swap (10 staked tick-crosses, visit 22)	execution-segment-repricing	138536184	138536184	0	14719	14719	0	0	1473500	1473500	1600	1600	0	0	0	0.000000	0.000000	0.000000
staker_tick_cross_long_history_10_filetest.gno	Long-history accumulated-reward Swap (10 staked tick-crosses, visit 23)	execution-segment-repricing	135474463	135474463	0	35412	35412	0	0	3541200	3541200	0	0	0	0	0	0.000000	0.000000	0.000000
staker_tick_cross_long_history_10_filetest.gno	Long-history accumulated-reward Reverse swap (10 staked tick-crosses, visit 24)	execution-segment-repricing	138609476	138609476	0	14969	14969	0	0	1497500	1497500	600	600	0	0	0	0.000000	0.000000	0.000000
staker_tick_cross_long_history_10_filetest.gno	Long-history accumulated-reward Swap (10 staked tick-crosses, visit 25)	execution-segment-repricing	134637169	134637169	0	14741	14741	0	0	1474100	1474100	0	0	0	0	0	0.000000	0.000000	0.000000
staker_tick_cross_long_history_10_filetest.gno	Long-history accumulated-reward Reverse swap (10 staked tick-crosses, visit 26)	execution-segment-repricing	141078218	141078218	0	58689	58689	0	0	5869500	5869500	600	600	0	0	0	0.000000	0.000000	0.000000
staker_tick_cross_long_history_10_filetest.gno	Long-history accumulated-reward Swap (10 staked tick-crosses, visit 27)	execution-segment-repricing	134558786	134558786	0	15221	15221	0	0	1522100	1522100	0	0	0	0	0	0.000000	0.000000	0.000000
staker_tick_cross_long_history_10_filetest.gno	Long-history accumulated-reward Reverse swap (10 staked tick-crosses, visit 28)	execution-segment-repricing	138679898	138679898	0	14729	14729	0	0	1473500	1473500	600	600	0	0	0	0.000000	0.000000	0.000000
staker_tick_cross_long_history_10_filetest.gno	Long-history accumulated-reward Swap (10 staked tick-crosses, visit 29)	execution-segment-repricing	135718611	135718611	0	35401	35401	0	0	3540100	3540100	0	0	0	0	0	0.000000	0.000000	0.000000
staker_tick_cross_long_history_10_filetest.gno	Long-history accumulated-reward Reverse swap (10 staked tick-crosses, visit 30)	execution-segment-repricing	138712958	138712958	0	14969	14969	0	0	1497500	1497500	600	600	0	0	0	0.000000	0.000000	0.000000
staker_tick_cross_long_history_10_filetest.gno	Long-history accumulated-reward Swap (10 staked tick-crosses, visit 31)	execution-segment-repricing	134773470	134773470	0	14741	14741	0	0	1474100	1474100	0	0	0	0	0	0.000000	0.000000	0.000000
staker_tick_cross_long_history_10_filetest.gno	Long-history accumulated-reward Reverse swap (10 staked tick-crosses, visit 32)	execution-segment-repricing	142618820	142618820	0	104110	104110	0	0	10411500	10411500	500	500	0	0	0	0.000000	0.000000	0.000000
staker_tick_cross_long_history_10_filetest.gno	Long-history accumulated-reward Swap (10 staked tick-crosses, visit 33)	execution-segment-repricing	135148639	135148639	0	15715	15715	0	0	1571500	1571500	0	0	0	0	0	0.000000	0.000000	0.000000
staker_tick_cross_revisit_10_filetest.gno	Accumulated-reward Swap (10 staked tick-crosses, first visit)	execution-segment-repricing	110296096	110296096	0	34722	34722	0	0	3472800	3472800	600	600	0	0	0	0.000000	0.000000	0.000000
staker_tick_cross_revisit_10_filetest.gno	Accumulated-reward Reverse swap (10 staked tick-crosses, reverse visit)	execution-segment-repricing	131638181	131638181	0	15195	15195	0	0	1519500	1519500	0	0	0	0	0	0.000000	0.000000	0.000000
staker_tick_cross_revisit_10_filetest.gno	Accumulated-reward Swap (10 staked tick-crosses, third visit)	execution-segment-repricing	132484479	132484479	0	14651	14651	0	0	1465100	1465100	0	0	0	0	0	0.000000	0.000000	0.000000
staker_tick_cross_revisit_1_filetest.gno	Accumulated-reward Swap (1 staked tick-cross, first visit)	execution-segment-repricing	31616303	31616303	0	5456	5456	0	0	546200	546200	600	600	0	0	0	0.000000	0.000000	0.000000
staker_tick_cross_revisit_1_filetest.gno	Accumulated-reward Reverse swap (1 staked tick-cross, reverse visit)	execution-segment-repricing	33533429	33533429	0	3390	3390	0	0	339000	339000	0	0	0	0	0	0.000000	0.000000	0.000000
staker_tick_cross_revisit_1_filetest.gno	Accumulated-reward Swap (1 staked tick-cross, third visit)	execution-segment-repricing	35457442	35457442	0	3341	3341	0	0	334100	334100	0	0	0	0	0	0.000000	0.000000	0.000000
staker_tick_cross_revisit_50_filetest.gno	Accumulated-reward Swap (50 staked tick-crosses, first visit)	execution-segment-repricing	468192431	468192431	0	165281	165281	0	0	16528700	16528700	600	600	0	0	0	0.000000	0.000000	0.000000
staker_tick_cross_revisit_50_filetest.gno	Accumulated-reward Reverse swap (50 staked tick-crosses, reverse visit)	execution-segment-repricing	576773420	576773420	0	68151	68151	0	0	6815100	6815100	0	0	0	0	0	0.000000	0.000000	0.000000
staker_tick_cross_revisit_50_filetest.gno	Accumulated-reward Swap (50 staked tick-crosses, third visit)	execution-segment-repricing	573705050	573705050	0	65368	65368	0	0	6536800	6536800	0	0	0	0	0	0.000000	0.000000	0.000000
staker_tick_no_cross_false_filetest.gno	No-cross control (boundary staked=false)	execution-segment-repricing	15213815	15213815	0	0	0	0	0	600	600	600	600	0	0	0	0.000000	0.000000	0.000000
staker_tick_no_cross_true_filetest.gno	No-cross control (boundary staked=true)	execution-segment-repricing	15398645	15398645	0	0	0	0	0	600	600	600	600	0	0	0	0.000000	0.000000	0.000000
version_manager_filetest.gno	RegisterInitializer (v1)	execution-segment-repricing	71548	71548	0	0	0	0	0	0	0	0	0	0	0	0	0.000000	0.000000	0.000000
version_manager_filetest.gno	RegisterInitializer (v2)	execution-segment-repricing	55268	55268	0	0	0	0	0	0	0	0	0	0	0	0	0.000000	0.000000	0.000000
