fixture	label	scope	baseline_gas	candidate_gas	gas_delta	baseline_net_bytes	candidate_net_bytes	storage_delta_bytes	cpu_delta	baseline_deposits_ugnot	candidate_deposits_ugnot	baseline_refunds_ugnot	candidate_refunds_ugnot	storage_delta_ugnot	gas_fee_delta_ugnot	net_delta_ugnot	storage_delta_gnot	gas_fee_delta_gnot	net_delta_gnot
common_filetest.gno	TickMathGetSqrtRatioAtTick (minTick)	execution-segment-repricing	1689865	1689865	0	0	0	0	0	0	0	0	0	0	0	0	0.000000	0.000000	0.000000
common_filetest.gno	TickMathGetSqrtRatioAtTick (maxTick)	execution-segment-repricing	2058854	2058854	0	0	0	0	0	0	0	0	0	0	0	0	0.000000	0.000000	0.000000
common_filetest.gno	TickMathGetSqrtRatioAtTick (zero)	execution-segment-repricing	334802	334802	0	0	0	0	0	0	0	0	0	0	0	0	0.000000	0.000000	0.000000
common_filetest.gno	TickMathGetSqrtRatioAtTick	execution-segment-repricing	1527883	1527883	0	0	0	0	0	0	0	0	0	0	0	0	0.000000	0.000000	0.000000
common_filetest.gno	TickMathGetTickAtSqrtRatio	execution-segment-repricing	3863554	3863554	0	0	0	0	0	0	0	0	0	0	0	0	0.000000	0.000000	0.000000
common_filetest.gno	GetLiquidityForAmounts	execution-segment-repricing	3211535	3211535	0	0	0	0	0	0	0	0	0	0	0	0	0.000000	0.000000	0.000000
common_filetest.gno	GetAmountsForLiquidity	execution-segment-repricing	2981525	2981525	0	0	0	0	0	0	0	0	0	0	0	0	0.000000	0.000000	0.000000
common_filetest.gno	LiquidityMathAddDelta (positive)	execution-segment-repricing	449547	449547	0	0	0	0	0	0	0	0	0	0	0	0	0.000000	0.000000	0.000000
common_filetest.gno	LiquidityMathAddDelta (negative)	execution-segment-repricing	471588	471588	0	0	0	0	0	0	0	0	0	0	0	0	0.000000	0.000000	0.000000
common_filetest.gno	LiquidityMathAddDelta	execution-segment-repricing	437865	437865	0	0	0	0	0	0	0	0	0	0	0	0	0.000000	0.000000	0.000000
gnsmath_filetest.gno	GetAmount0Delta	execution-segment-repricing	3631434	3631434	0	0	0	0	0	0	0	0	0	0	0	0	0.000000	0.000000	0.000000
gnsmath_filetest.gno	GetAmount1Delta	execution-segment-repricing	2329750	2329750	0	0	0	0	0	0	0	0	0	0	0	0	0.000000	0.000000	0.000000
gnsmath_filetest.gno	SwapMathComputeSwapStep	execution-segment-repricing	4232740	4232740	0	0	0	0	0	0	0	0	0	0	0	0	0.000000	0.000000	0.000000
gov_governance_propose_community_pool_spend_filetest.gno	Propose Community Pool Spend	execution-segment-repricing	2446348	2446348	0	20560	20560	0	0	2056000	2056000	0	0	0	0	0	0.000000	0.000000	0.000000
gov_governance_propose_parameter_change_filetest.gno	Propose Parameter Change	execution-segment-repricing	2992330	2992330	0	19532	19532	0	0	1953200	1953200	0	0	0	0	0	0.000000	0.000000	0.000000
gov_governance_propose_parameter_change_filetest.gno	Vote	execution-segment-repricing	1020769	1020769	0	4488	4488	0	0	448800	448800	0	0	0	0	0	0.000000	0.000000	0.000000
gov_governance_propose_parameter_change_filetest.gno	Execute	execution-segment-repricing	2528088	2528088	0	76	76	0	0	7600	7600	0	0	0	0	0	0.000000	0.000000	0.000000
gov_governance_propose_text_filetest.gno	Propose Text	execution-segment-repricing	1931909	1931909	0	18333	18333	0	0	1833300	1833300	0	0	0	0	0	0.000000	0.000000	0.000000
gov_governance_propose_text_with_incative_proposals_filetest.gno	Propose Text with Inactive: 100	execution-segment-repricing	2347937	2347937	0	8501	8501	0	0	850100	850100	0	0	0	0	0	0.000000	0.000000	0.000000
gov_staker_collect_gns_delegation100_withdraw1_filetest.gno	CollectUndelegatedGns (100 delegations, 1 withdraws)	execution-segment-repricing	25137447	25137447	0	0	0	0	0	0	0	0	0	0	0	0	0.000000	0.000000	0.000000
gov_staker_collect_gns_delegation10_withdraw10_filetest.gno	CollectUndelegatedGns (10 delegations, 10 withdraws)	execution-segment-repricing	4375919	4375919	0	0	0	0	0	0	0	0	0	0	0	0	0.000000	0.000000	0.000000
gov_staker_collect_gns_delegation10_withdraw1_filetest.gno	CollectUndelegatedGns (10 delegations, 1 withdraws)	execution-segment-repricing	2337329	2337329	0	0	0	0	0	0	0	0	0	0	0	0	0.000000	0.000000	0.000000
gov_staker_collect_gns_delegation10_withdraw50_filetest.gno	CollectUndelegatedGns (10 delegations, 50 withdraws)	execution-segment-repricing	13436619	13436619	0	18	18	0	0	1800	1800	0	0	0	0	0	0.000000	0.000000	0.000000
gov_staker_collect_gns_delegation10_withdraw5_filetest.gno	CollectUndelegatedGns (10 delegations, 5 withdraws)	execution-segment-repricing	3243369	3243369	0	0	0	0	0	0	0	0	0	0	0	0	0.000000	0.000000	0.000000
gov_staker_collect_gns_delegation1_withdraw10_filetest.gno	CollectUndelegatedGns (1 delegation, 10 withdraws)	execution-segment-repricing	611432	611432	0	0	0	0	0	0	0	0	0	0	0	0	0.000000	0.000000	0.000000
gov_staker_collect_gns_delegation1_withdraw1_filetest.gno	CollectUndelegatedGns (1 delegation, 1 withdraws)	execution-segment-repricing	407573	407573	0	0	0	0	0	0	0	0	0	0	0	0	0.000000	0.000000	0.000000
gov_staker_collect_gns_delegation1_withdraw50_filetest.gno	CollectUndelegatedGns (1 delegation, 50 withdraws)	execution-segment-repricing	1517472	1517472	0	0	0	0	0	0	0	0	0	0	0	0	0.000000	0.000000	0.000000
gov_staker_collect_gns_delegation1_withdraw5_filetest.gno	CollectUndelegatedGns (1 delegation, 5 withdraws)	execution-segment-repricing	498177	498177	0	0	0	0	0	0	0	0	0	0	0	0	0.000000	0.000000	0.000000
gov_staker_collect_reward_delegation100_withdraw1_filetest.gno	CollectReward (100 delegations, 1 withdraws)	execution-segment-repricing	3457355	3457355	0	2333	2333	0	0	243200	243200	9900	9900	0	0	0	0.000000	0.000000	0.000000
gov_staker_collect_reward_delegation10_withdraw10_filetest.gno	CollectReward (10 delegations, 10 withdraws)	execution-segment-repricing	3457265	3457265	0	2323	2323	0	0	242200	242200	9900	9900	0	0	0	0.000000	0.000000	0.000000
gov_staker_collect_reward_delegation10_withdraw1_filetest.gno	CollectReward (10 delegations, 1 withdraws)	execution-segment-repricing	3453477	3453477	0	2323	2323	0	0	242200	242200	9900	9900	0	0	0	0.000000	0.000000	0.000000
gov_staker_collect_reward_delegation10_withdraw50_filetest.gno	CollectReward (10 delegations, 50 withdraws)	execution-segment-repricing	3456198	3456198	0	2323	2323	0	0	242200	242200	9900	9900	0	0	0	0.000000	0.000000	0.000000
gov_staker_collect_reward_delegation10_withdraw5_filetest.gno	CollectReward (10 delegations, 5 withdraws)	execution-segment-repricing	3450274	3450274	0	2323	2323	0	0	242200	242200	9900	9900	0	0	0	0.000000	0.000000	0.000000
gov_staker_collect_reward_delegation1_withdraw10_filetest.gno	CollectReward (1 delegation, 10 withdraws)	execution-segment-repricing	3527397	3527397	0	2395	2395	0	0	249400	249400	9900	9900	0	0	0	0.000000	0.000000	0.000000
gov_staker_collect_reward_delegation1_withdraw1_filetest.gno	CollectReward (1 delegation, 1 withdraws)	execution-segment-repricing	3702983	3702983	0	2395	2395	0	0	249400	249400	9900	9900	0	0	0	0.000000	0.000000	0.000000
gov_staker_collect_reward_delegation1_withdraw50_filetest.gno	CollectReward (1 delegation, 50 withdraws)	execution-segment-repricing	3524194	3524194	0	2395	2395	0	0	249400	249400	9900	9900	0	0	0	0.000000	0.000000	0.000000
gov_staker_collect_reward_delegation1_withdraw5_filetest.gno	CollectReward (1 delegation, 5 withdraws)	execution-segment-repricing	3525351	3525351	0	2395	2395	0	0	249400	249400	9900	9900	0	0	0	0.000000	0.000000	0.000000
gov_staker_collect_reward_pf_token_count_filetest.gno	gov/staker CollectReward (1 protocol-fee tokens)	execution-segment-repricing	3710276	3710276	0	368	368	0	0	248900	248900	212100	212100	0	0	0	0.000000	0.000000	0.000000
gov_staker_collect_reward_pf_token_count_filetest.gno	gov/staker CollectReward (2 protocol-fee tokens)	execution-segment-repricing	5888205	5888205	0	-1860	-1860	0	0	238200	238200	424200	424200	0	0	0	0.000000	0.000000	0.000000
gov_staker_collect_reward_pf_token_count_filetest.gno	gov/staker CollectReward (3 protocol-fee tokens)	execution-segment-repricing	8186417	8186417	0	-3992	-3992	0	0	238200	238200	637400	637400	0	0	0	0.000000	0.000000	0.000000
gov_staker_collect_reward_pf_token_count_filetest.gno	gov/staker CollectReward (4 protocol-fee tokens)	execution-segment-repricing	10495832	10495832	0	-6122	-6122	0	0	238200	238200	850400	850400	0	0	0	0.000000	0.000000	0.000000
gov_staker_collect_reward_pf_token_count_filetest.gno	gov/staker CollectReward (4 protocol-fee tokens but zero amount)	execution-segment-repricing	1701190	1701190	0	0	0	0	0	0	0	0	0	0	0	0	0.000000	0.000000	0.000000
gov_staker_delegate_undelegate_filetest.gno	Delegate	execution-segment-repricing	4989756	4991820	2064	38285	38285	0	0	3828500	3828500	0	0	0	2.064	2.064	0.000000	+0.000002	+0.000002
gov_staker_delegate_undelegate_filetest.gno	Undelegate	execution-segment-repricing	2279200	2279200	0	840	840	0	0	84000	84000	0	0	0	0	0	0.000000	0.000000	0.000000
gov_staker_optimizations_filetest.gno	Undelegate (5 delegations, cached external calls)	execution-segment-repricing	9705646	9705646	0	3510	3510	0	0	351000	351000	0	0	0	0	0	0.000000	0.000000	0.000000
gov_staker_optimizations_filetest.gno	Delegate (cached external calls)	execution-segment-repricing	3046853	3046853	0	3210	3210	0	0	321000	321000	0	0	0	0	0	0.000000	0.000000	0.000000
gov_staker_optimizations_filetest.gno	Undelegate (early exit, 3 of 10 delegations)	execution-segment-repricing	6656620	6656620	0	2088	2088	0	0	208800	208800	0	0	0	0	0	0.000000	0.000000	0.000000
gov_staker_redelegate_filetest.gno	Redelegate	execution-segment-repricing	4363314	4363314	0	1423	1423	0	0	142300	142300	0	0	0	0	0	0.000000	0.000000	0.000000
gov_staker_redelegate_many_delegations_filetest.gno	Redelegate (50 of 100 delegations, optimized)	execution-segment-repricing	123363976	123363976	0	-118826	-118826	0	0	0	0	11882600	11882600	0	0	0	0.000000	0.000000	0.000000
gov_staker_undelegate_many_delegatees_filetest.gno	Undelegate (50 delegatees, large AVL traversal)	execution-segment-repricing	2459149	2459149	0	708	708	0	0	70800	70800	0	0	0	0	0	0.000000	0.000000	0.000000
launchpad_collect_deposit_gns_accumulation_filetest.gno	CollectDepositGns (deposit 1/5, remaining 4)	execution-segment-repricing	7721509	7949017	227508	1850	2665	815	221529	407700	407700	222700	141200	81500	227.508	81727.508	+0.081500	+0.000228	+0.081728
launchpad_collect_deposit_gns_accumulation_filetest.gno	CollectDepositGns (deposit 2/5, remaining 3)	execution-segment-repricing	7380514	7608022	227508	-2257	-1442	815	221529	0	0	225700	144200	81500	227.508	81727.508	+0.081500	+0.000228	+0.081728
launchpad_collect_deposit_gns_accumulation_filetest.gno	CollectDepositGns (deposit 3/5, remaining 2)	execution-segment-repricing	7354134	7581642	227508	-2257	-1442	815	221529	0	0	225700	144200	81500	227.508	81727.508	+0.081500	+0.000228	+0.081728
launchpad_collect_deposit_gns_accumulation_filetest.gno	CollectDepositGns (deposit 4/5, remaining 1)	execution-segment-repricing	7359580	7587088	227508	-2257	-1442	815	221529	0	0	225700	144200	81500	227.508	81727.508	+0.081500	+0.000228	+0.081728
launchpad_collect_deposit_gns_accumulation_filetest.gno	CollectDepositGns (deposit 5/5, remaining 0)	execution-segment-repricing	7231937	7459445	227508	-8456	-7641	815	221529	0	0	845600	764100	81500	227.508	81727.508	+0.081500	+0.000228	+0.081728
launchpad_collect_deposit_gns_filetest.gno	Launchpad CollectDepositGns	execution-segment-repricing	7588751	7816259	227508	-4155	-3340	815	221529	213000	213000	628500	547000	81500	227.508	81727.508	+0.081500	+0.000228	+0.081728
launchpad_collect_protocol_fee_1_token_filetest.gno	CollectProtocolFee (1 token)	execution-segment-repricing	3584812	3584812	0	4426	4426	0	0	451800	451800	9200	9200	0	0	0	0.000000	0.000000	0.000000
launchpad_collect_protocol_fee_2_tokens_filetest.gno	CollectProtocolFee (2 tokens)	execution-segment-repricing	5670124	5670124	0	8750	8750	0	0	892900	892900	17900	17900	0	0	0	0.000000	0.000000	0.000000
launchpad_collect_protocol_fee_5_tokens_filetest.gno	CollectProtocolFee (5 tokens)	execution-segment-repricing	11964755	11964755	0	21724	21724	0	0	2216200	2216200	43800	43800	0	0	0	0.000000	0.000000	0.000000
launchpad_collect_protocol_fee_filetest.gno	Launchpad CollectProtocolFee (tokens: 10)	execution-segment-repricing	22358495	22358495	0	43713	43713	0	0	4467700	4467700	96400	96400	0	0	0	0.000000	0.000000	0.000000
launchpad_collect_reward_filetest.gno	Launchpad CollectRewardByDepositId	execution-segment-repricing	3308430	3459979	151549	2070	2070	0	147686	207000	207000	0	0	0	151.549	151.549	0.000000	+0.000152	+0.000152
launchpad_create_project_filetest.gno	Create Launchpad Project	execution-segment-repricing	8550023	8551445	1422	33729	33729	0	0	3372900	3372900	0	0	0	1.422	1.422	0.000000	+0.000001	+0.000001
launchpad_deposit_gns_filetest.gno	Launchpad DepositGns	execution-segment-repricing	6420331	6667700	247369	24246	23431	-815	168792	2531000	2449500	106400	106400	-81500	247.369	-81252.631	-0.081500	+0.000247	-0.081253
launchpad_reward_state_debt_100_filetest.gno	Remaining launch-deposit allocation 100 CreateProject	execution-segment-repricing	7362092	7363514	1422	32746	32746	0	0	3274600	3274600	0	0	0	1.422	1.422	0.000000	+0.000001	+0.000001
launchpad_reward_state_debt_100_filetest.gno	Remaining launch-deposit allocation 100 DepositGns index=1	execution-segment-repricing	6376541	6623910	247369	24250	23435	-815	168792	2531000	2449500	106000	106000	-81500	247.369	-81252.631	-0.081500	+0.000247	-0.081253
launchpad_reward_state_debt_100_filetest.gno	Remaining launch-deposit allocation 100 DepositGns index=2	execution-segment-repricing	5983672	6108296	124624	951	136	-815	123507	407000	325500	311900	311900	-81500	124.624	-81375.376	-0.081500	+0.000125	-0.081375
launchpad_reward_state_debt_100_filetest.gno	Remaining launch-deposit allocation 100 DepositGns index=3	execution-segment-repricing	5976996	6101620	124624	808	-7	-815	123507	392600	311100	311800	311800	-81500	124.624	-81375.376	-0.081500	+0.000125	-0.081375
launchpad_reward_state_debt_100_filetest.gno	Remaining launch-deposit allocation 100 DepositGns index=4	execution-segment-repricing	5984384	6109008	124624	807	-8	-815	123507	392600	311100	311900	311900	-81500	124.624	-81375.376	-0.081500	+0.000125	-0.081375
launchpad_reward_state_debt_100_filetest.gno	Remaining launch-deposit allocation 100 DepositGns index=5	execution-segment-repricing	5985326	6109950	124624	807	-8	-815	123507	392600	311100	311900	311900	-81500	124.624	-81375.376	-0.081500	+0.000125	-0.081375
launchpad_reward_state_debt_100_filetest.gno	Remaining launch-deposit allocation 100 DepositGns index=6	execution-segment-repricing	5989824	6114448	124624	807	-8	-815	123507	392600	311100	311900	311900	-81500	124.624	-81375.376	-0.081500	+0.000125	-0.081375
launchpad_reward_state_debt_100_filetest.gno	Remaining launch-deposit allocation 100 DepositGns index=7	execution-segment-repricing	5990766	6115390	124624	807	-8	-815	123507	392600	311100	311900	311900	-81500	124.624	-81375.376	-0.081500	+0.000125	-0.081375
launchpad_reward_state_debt_100_filetest.gno	Remaining launch-deposit allocation 100 DepositGns index=8	execution-segment-repricing	5998154	6122778	124624	807	-8	-815	123507	392600	311100	311900	311900	-81500	124.624	-81375.376	-0.081500	+0.000125	-0.081375
launchpad_reward_state_debt_100_filetest.gno	Remaining launch-deposit allocation 100 DepositGns index=9	execution-segment-repricing	5999583	6124207	124624	807	-8	-815	123507	392600	311100	311900	311900	-81500	124.624	-81375.376	-0.081500	+0.000125	-0.081375
launchpad_reward_state_debt_100_filetest.gno	Remaining launch-deposit allocation 100 DepositGns index=10	execution-segment-repricing	6028755	6153379	124624	906	91	-815	123507	402500	321000	311900	311900	-81500	124.624	-81375.376	-0.081500	+0.000125	-0.081375
launchpad_reward_state_debt_100_filetest.gno	Remaining launch-deposit allocation 100 DepositGns index=11	execution-segment-repricing	6023749	6148373	124624	810	-5	-815	123507	392900	311400	311900	311900	-81500	124.624	-81375.376	-0.081500	+0.000125	-0.081375
launchpad_reward_state_debt_100_filetest.gno	Remaining launch-deposit allocation 100 DepositGns index=12	execution-segment-repricing	6030653	6155277	124624	810	-5	-815	123507	392900	311400	311900	311900	-81500	124.624	-81375.376	-0.081500	+0.000125	-0.081375
launchpad_reward_state_debt_100_filetest.gno	Remaining launch-deposit allocation 100 DepositGns index=13	execution-segment-repricing	6031114	6155738	124624	810	-5	-815	123507	392900	311400	311900	311900	-81500	124.624	-81375.376	-0.081500	+0.000125	-0.081375
launchpad_reward_state_debt_100_filetest.gno	Remaining launch-deposit allocation 100 DepositGns index=14	execution-segment-repricing	6033041	6157665	124624	810	-5	-815	123507	392900	311400	311900	311900	-81500	124.624	-81375.376	-0.081500	+0.000125	-0.081375
launchpad_reward_state_debt_100_filetest.gno	Remaining launch-deposit allocation 100 DepositGns index=15	execution-segment-repricing	6034476	6159100	124624	810	-5	-815	123507	392900	311400	311900	311900	-81500	124.624	-81375.376	-0.081500	+0.000125	-0.081375
launchpad_reward_state_debt_100_filetest.gno	Remaining launch-deposit allocation 100 DepositGns index=16	execution-segment-repricing	6035429	6160053	124624	810	-5	-815	123507	392900	311400	311900	311900	-81500	124.624	-81375.376	-0.081500	+0.000125	-0.081375
launchpad_reward_state_debt_100_filetest.gno	Remaining launch-deposit allocation 100 DepositGns index=17	execution-segment-repricing	6318927	6443551	124624	13984	13169	-815	123507	1710300	1628800	311900	311900	-81500	124.624	-81375.376	-0.081500	+0.000125	-0.081375
launchpad_reward_state_debt_100_filetest.gno	Remaining launch-deposit allocation 100 DepositGns index=18	execution-segment-repricing	6083769	6208393	124624	906	91	-815	123507	402500	321000	311900	311900	-81500	124.624	-81375.376	-0.081500	+0.000125	-0.081375
launchpad_reward_state_debt_100_filetest.gno	Remaining launch-deposit allocation 100 DepositGns index=19	execution-segment-repricing	6078761	6203385	124624	810	-5	-815	123507	392900	311400	311900	311900	-81500	124.624	-81375.376	-0.081500	+0.000125	-0.081375
launchpad_reward_state_debt_100_filetest.gno	Remaining launch-deposit allocation 100 DepositGns index=20	execution-segment-repricing	6083156	6207780	124624	810	-5	-815	123507	392900	311400	311900	311900	-81500	124.624	-81375.376	-0.081500	+0.000125	-0.081375
launchpad_reward_state_debt_100_filetest.gno	Remaining launch-deposit allocation 100 DepositGns index=21	execution-segment-repricing	6085078	6209702	124624	810	-5	-815	123507	392900	311400	311900	311900	-81500	124.624	-81375.376	-0.081500	+0.000125	-0.081375
launchpad_reward_state_debt_100_filetest.gno	Remaining launch-deposit allocation 100 DepositGns index=22	execution-segment-repricing	6079583	6204207	124624	810	-5	-815	123507	392900	311400	311900	311900	-81500	124.624	-81375.376	-0.081500	+0.000125	-0.081375
launchpad_reward_state_debt_100_filetest.gno	Remaining launch-deposit allocation 100 DepositGns index=23	execution-segment-repricing	6086979	6211603	124624	810	-5	-815	123507	392900	311400	311900	311900	-81500	124.624	-81375.376	-0.081500	+0.000125	-0.081375
launchpad_reward_state_debt_100_filetest.gno	Remaining launch-deposit allocation 100 DepositGns index=24	execution-segment-repricing	6087432	6212056	124624	810	-5	-815	123507	392900	311400	311900	311900	-81500	124.624	-81375.376	-0.081500	+0.000125	-0.081375
launchpad_reward_state_debt_100_filetest.gno	Remaining launch-deposit allocation 100 DepositGns index=25	execution-segment-repricing	6389611	6514235	124624	7502	6687	-815	123507	1062100	980600	311900	311900	-81500	124.624	-81375.376	-0.081500	+0.000125	-0.081375
launchpad_reward_state_debt_100_filetest.gno	Remaining launch-deposit allocation 100 DepositGns index=26	execution-segment-repricing	6076543	6201167	124624	858	43	-815	123507	397700	316200	311900	311900	-81500	124.624	-81375.376	-0.081500	+0.000125	-0.081375
launchpad_reward_state_debt_100_filetest.gno	Remaining launch-deposit allocation 100 DepositGns index=27	execution-segment-repricing	6083447	6208071	124624	810	-5	-815	123507	392900	311400	311900	311900	-81500	124.624	-81375.376	-0.081500	+0.000125	-0.081375
launchpad_reward_state_debt_100_filetest.gno	Remaining launch-deposit allocation 100 DepositGns index=28	execution-segment-repricing	6085374	6209998	124624	810	-5	-815	123507	392900	311400	311900	311900	-81500	124.624	-81375.376	-0.081500	+0.000125	-0.081375
launchpad_reward_state_debt_100_filetest.gno	Remaining launch-deposit allocation 100 DepositGns index=29	execution-segment-repricing	6085835	6210459	124624	810	-5	-815	123507	392900	311400	311900	311900	-81500	124.624	-81375.376	-0.081500	+0.000125	-0.081375
launchpad_reward_state_debt_100_filetest.gno	Remaining launch-deposit allocation 100 DepositGns index=30	execution-segment-repricing	6083777	6208401	124624	810	-5	-815	123507	392900	311400	311900	311900	-81500	124.624	-81375.376	-0.081500	+0.000125	-0.081375
launchpad_reward_state_debt_100_filetest.gno	Remaining launch-deposit allocation 100 DepositGns index=31	execution-segment-repricing	6084240	6208864	124624	810	-5	-815	123507	392900	311400	311900	311900	-81500	124.624	-81375.376	-0.081500	+0.000125	-0.081375
launchpad_reward_state_debt_100_filetest.gno	Remaining launch-deposit allocation 100 DepositGns index=32	execution-segment-repricing	6086654	6211278	124624	810	-5	-815	123507	392900	311400	311900	311900	-81500	124.624	-81375.376	-0.081500	+0.000125	-0.081375
launchpad_reward_state_debt_100_filetest.gno	Remaining launch-deposit allocation 100 DepositGns index=33	execution-segment-repricing	6391341	6515965	124624	7490	6675	-815	123507	1060900	979400	311900	311900	-81500	124.624	-81375.376	-0.081500	+0.000125	-0.081375
launchpad_reward_state_debt_100_filetest.gno	Remaining launch-deposit allocation 100 DepositGns index=34	execution-segment-repricing	6081719	6206343	124624	858	43	-815	123507	397700	316200	311900	311900	-81500	124.624	-81375.376	-0.081500	+0.000125	-0.081375
launchpad_reward_state_debt_100_filetest.gno	Remaining launch-deposit allocation 100 DepositGns index=35	execution-segment-repricing	6089602	6214226	124624	810	-5	-815	123507	392900	311400	311900	311900	-81500	124.624	-81375.376	-0.081500	+0.000125	-0.081375
launchpad_reward_state_debt_100_filetest.gno	Remaining launch-deposit allocation 100 DepositGns index=36	execution-segment-repricing	6083133	6207757	124624	810	-5	-815	123507	392900	311400	311900	311900	-81500	124.624	-81375.376	-0.081500	+0.000125	-0.081375
launchpad_reward_state_debt_100_filetest.gno	Remaining launch-deposit allocation 100 DepositGns index=37	execution-segment-repricing	6085542	6210166	124624	810	-5	-815	123507	392900	311400	311900	311900	-81500	124.624	-81375.376	-0.081500	+0.000125	-0.081375
launchpad_reward_state_debt_100_filetest.gno	Remaining launch-deposit allocation 100 DepositGns index=38	execution-segment-repricing	6090980	6215604	124624	810	-5	-815	123507	392900	311400	311900	311900	-81500	124.624	-81375.376	-0.081500	+0.000125	-0.081375
launchpad_reward_state_debt_100_filetest.gno	Remaining launch-deposit allocation 100 DepositGns index=39	execution-segment-repricing	6092433	6217057	124624	816	1	-815	123507	393500	312000	311900	311900	-81500	124.624	-81375.376	-0.081500	+0.000125	-0.081375
launchpad_reward_state_debt_100_filetest.gno	Remaining launch-deposit allocation 100 DepositGns index=40	execution-segment-repricing	6088064	6212688	124624	810	-5	-815	123507	392900	311400	311900	311900	-81500	124.624	-81375.376	-0.081500	+0.000125	-0.081375
launchpad_reward_state_debt_100_filetest.gno	Remaining launch-deposit allocation 100 DepositGns index=41	execution-segment-repricing	6399043	6523667	124624	7490	6675	-815	123507	1060900	979400	311900	311900	-81500	124.624	-81375.376	-0.081500	+0.000125	-0.081375
launchpad_reward_state_debt_100_filetest.gno	Remaining launch-deposit allocation 100 DepositGns index=42	execution-segment-repricing	6080953	6205577	124624	858	43	-815	123507	397700	316200	311900	311900	-81500	124.624	-81375.376	-0.081500	+0.000125	-0.081375
launchpad_reward_state_debt_100_filetest.gno	Remaining launch-deposit allocation 100 DepositGns index=43	execution-segment-repricing	6078119	6202743	124624	810	-5	-815	123507	392900	311400	311900	311900	-81500	124.624	-81375.376	-0.081500	+0.000125	-0.081375
launchpad_reward_state_debt_100_filetest.gno	Remaining launch-deposit allocation 100 DepositGns index=44	execution-segment-repricing	6088313	6212937	124624	810	-5	-815	123507	392900	311400	311900	311900	-81500	124.624	-81375.376	-0.081500	+0.000125	-0.081375
launchpad_reward_state_debt_100_filetest.gno	Remaining launch-deposit allocation 100 DepositGns index=45	execution-segment-repricing	6089261	6213885	124624	810	-5	-815	123507	392900	311400	311900	311900	-81500	124.624	-81375.376	-0.081500	+0.000125	-0.081375
launchpad_reward_state_debt_100_filetest.gno	Remaining launch-deposit allocation 100 DepositGns index=46	execution-segment-repricing	6091188	6215812	124624	810	-5	-815	123507	392900	311400	311900	311900	-81500	124.624	-81375.376	-0.081500	+0.000125	-0.081375
launchpad_reward_state_debt_100_filetest.gno	Remaining launch-deposit allocation 100 DepositGns index=47	execution-segment-repricing	6091162	6215786	124624	810	-5	-815	123507	392900	311400	311900	311900	-81500	124.624	-81375.376	-0.081500	+0.000125	-0.081375
launchpad_reward_state_debt_100_filetest.gno	Remaining launch-deposit allocation 100 DepositGns index=48	execution-segment-repricing	6093123	6217708	124585	823	-5	-828	123507	394200	311400	311900	311900	-82800	124.585	-82675.415	-0.082800	+0.000125	-0.082675
launchpad_reward_state_debt_100_filetest.gno	Remaining launch-deposit allocation 100 DepositGns index=49	execution-segment-repricing	6400675	6525059	124384	7554	6675	-879	123507	1067300	979400	311900	311900	-87900	124.384	-87775.616	-0.087900	+0.000124	-0.087776
launchpad_reward_state_debt_100_filetest.gno	Remaining launch-deposit allocation 100 DepositGns index=50	execution-segment-repricing	6084889	6209282	124393	882	43	-839	123507	400100	316200	311900	311900	-83900	124.393	-83775.607	-0.083900	+0.000124	-0.083776
launchpad_reward_state_debt_100_filetest.gno	Remaining launch-deposit allocation 100 DepositGns index=51	execution-segment-repricing	6096575	6220962	124387	834	-5	-839	123507	395300	311400	311900	311900	-83900	124.387	-83775.613	-0.083900	+0.000124	-0.083776
launchpad_reward_state_debt_100_filetest.gno	Remaining launch-deposit allocation 100 DepositGns index=52	execution-segment-repricing	6098021	6222402	124381	834	-5	-839	123507	395300	311400	311900	311900	-83900	124.381	-83775.619	-0.083900	+0.000124	-0.083776
launchpad_reward_state_debt_100_filetest.gno	Remaining launch-deposit allocation 100 DepositGns index=53	execution-segment-repricing	6095199	6219574	124375	835	-4	-839	123507	395400	311500	311900	311900	-83900	124.375	-83775.625	-0.083900	+0.000124	-0.083776
launchpad_reward_state_debt_100_filetest.gno	Remaining launch-deposit allocation 100 DepositGns index=54	execution-segment-repricing	6099941	6224349	124408	836	10	-826	123507	395500	312900	311900	311900	-82600	124.408	-82475.592	-0.082600	+0.000124	-0.082476
launchpad_reward_state_debt_100_filetest.gno	Remaining launch-deposit allocation 100 DepositGns index=55	execution-segment-repricing	6100895	6225384	124489	834	21	-813	123507	395300	314000	311900	311900	-81300	124.489	-81175.511	-0.081300	+0.000124	-0.081176
launchpad_reward_state_debt_100_filetest.gno	Remaining launch-deposit allocation 100 DepositGns index=56	execution-segment-repricing	6102341	6226839	124498	834	11	-823	123507	395300	313000	311900	311900	-82300	124.498	-82175.502	-0.082300	+0.000124	-0.082176
launchpad_reward_state_debt_100_filetest.gno	Remaining launch-deposit allocation 100 DepositGns index=57	execution-segment-repricing	6412416	6536824	124408	7536	6723	-813	123507	1065500	984200	311900	311900	-81300	124.408	-81175.592	-0.081300	+0.000124	-0.081176
launchpad_reward_state_debt_100_filetest.gno	Remaining launch-deposit allocation 100 DepositGns index=58	execution-segment-repricing	6095931	6220519	124588	882	61	-821	123507	400100	318000	311900	311900	-82100	124.588	-81975.412	-0.082100	+0.000125	-0.081975
launchpad_reward_state_debt_100_filetest.gno	Remaining launch-deposit allocation 100 DepositGns index=59	execution-segment-repricing	6097859	6222447	124588	834	13	-821	123507	395300	313200	311900	311900	-82100	124.588	-81975.412	-0.082100	+0.000125	-0.081975
launchpad_reward_state_debt_100_filetest.gno	Remaining launch-deposit allocation 100 DepositGns index=60	execution-segment-repricing	6090348	6214936	124588	834	13	-821	123507	395300	313200	311900	311900	-82100	124.588	-81975.412	-0.082100	+0.000125	-0.081975
launchpad_reward_state_debt_100_filetest.gno	Remaining launch-deposit allocation 100 DepositGns index=61	execution-segment-repricing	6091304	6215892	124588	834	13	-821	123507	395300	313200	311900	311900	-82100	124.588	-81975.412	-0.082100	+0.000125	-0.081975
launchpad_reward_state_debt_100_filetest.gno	Remaining launch-deposit allocation 100 DepositGns index=62	execution-segment-repricing	6098219	6222807	124588	834	13	-821	123507	395300	313200	311900	311900	-82100	124.588	-81975.412	-0.082100	+0.000125	-0.081975
launchpad_reward_state_debt_100_filetest.gno	Remaining launch-deposit allocation 100 DepositGns index=63	execution-segment-repricing	6100145	6224733	124588	834	13	-821	123507	395300	313200	311900	311900	-82100	124.588	-81975.412	-0.082100	+0.000125	-0.081975
launchpad_reward_state_debt_100_filetest.gno	Remaining launch-deposit allocation 100 DepositGns index=64	execution-segment-repricing	6100607	6225195	124588	834	13	-821	123507	395300	313200	311900	311900	-82100	124.588	-81975.412	-0.082100	+0.000125	-0.081975
launchpad_reward_state_debt_100_filetest.gno	Remaining launch-deposit allocation 100 DepositGns index=65	execution-segment-repricing	6413784	6538324	124540	7545	6724	-821	123507	1065500	983400	311000	311000	-82100	124.54	-81975.46	-0.082100	+0.000125	-0.081975
launchpad_reward_state_debt_100_filetest.gno	Remaining launch-deposit allocation 100 DepositGns index=66	execution-segment-repricing	6102143	6226743	124600	865	44	-821	123507	400100	318000	313600	313600	-82100	124.6	-81975.4	-0.082100	+0.000125	-0.081975
launchpad_reward_state_debt_100_filetest.gno	Remaining launch-deposit allocation 100 DepositGns index=67	execution-segment-repricing	6103584	6228184	124600	817	-4	-821	123507	395300	313200	313600	313600	-82100	124.6	-81975.4	-0.082100	+0.000125	-0.081975
launchpad_reward_state_debt_100_filetest.gno	Remaining launch-deposit allocation 100 DepositGns index=68	execution-segment-repricing	6098582	6223182	124600	817	-4	-821	123507	395300	313200	313600	313600	-82100	124.6	-81975.4	-0.082100	+0.000125	-0.081975
launchpad_reward_state_debt_100_filetest.gno	Remaining launch-deposit allocation 100 DepositGns index=69	execution-segment-repricing	6098562	6223162	124600	817	-4	-821	123507	395300	313200	313600	313600	-82100	124.6	-81975.4	-0.082100	+0.000125	-0.081975
launchpad_reward_state_debt_100_filetest.gno	Remaining launch-deposit allocation 100 DepositGns index=70	execution-segment-repricing	6099663	6224263	124600	817	-4	-821	123507	395300	313200	313600	313600	-82100	124.6	-81975.4	-0.082100	+0.000125	-0.081975
launchpad_reward_state_debt_100_filetest.gno	Remaining launch-deposit allocation 100 DepositGns index=71	execution-segment-repricing	6103914	6228514	124600	817	-4	-821	123507	395300	313200	313600	313600	-82100	124.6	-81975.4	-0.082100	+0.000125	-0.081975
launchpad_reward_state_debt_100_filetest.gno	Remaining launch-deposit allocation 100 DepositGns index=72	execution-segment-repricing	6105360	6229960	124600	817	-4	-821	123507	395300	313200	313600	313600	-82100	124.6	-81975.4	-0.082100	+0.000125	-0.081975
launchpad_reward_state_debt_100_filetest.gno	Remaining launch-deposit allocation 100 DepositGns index=73	execution-segment-repricing	6421515	6546115	124600	7519	6698	-821	123507	1065500	983400	313600	313600	-82100	124.6	-81975.4	-0.082100	+0.000125	-0.081975
launchpad_reward_state_debt_100_filetest.gno	Remaining launch-deposit allocation 100 DepositGns index=74	execution-segment-repricing	6094430	6219030	124600	865	44	-821	123507	400100	318000	313600	313600	-82100	124.6	-81975.4	-0.082100	+0.000125	-0.081975
launchpad_reward_state_debt_100_filetest.gno	Remaining launch-deposit allocation 100 DepositGns index=75	execution-segment-repricing	6094897	6219497	124600	817	-4	-821	123507	395300	313200	313600	313600	-82100	124.6	-81975.4	-0.082100	+0.000125	-0.081975
launchpad_reward_state_debt_100_filetest.gno	Remaining launch-deposit allocation 100 DepositGns index=76	execution-segment-repricing	6102781	6227381	124600	817	-4	-821	123507	395300	313200	313600	313600	-82100	124.6	-81975.4	-0.082100	+0.000125	-0.081975
launchpad_reward_state_debt_100_filetest.gno	Remaining launch-deposit allocation 100 DepositGns index=77	execution-segment-repricing	6103248	6227848	124600	817	-4	-821	123507	395300	313200	313600	313600	-82100	124.6	-81975.4	-0.082100	+0.000125	-0.081975
launchpad_reward_state_debt_100_filetest.gno	Remaining launch-deposit allocation 100 DepositGns index=78	execution-segment-repricing	6105176	6229776	124600	817	-4	-821	123507	395300	313200	313600	313600	-82100	124.6	-81975.4	-0.082100	+0.000125	-0.081975
launchpad_reward_state_debt_100_filetest.gno	Remaining launch-deposit allocation 100 DepositGns index=79	execution-segment-repricing	6105156	6229756	124600	817	-4	-821	123507	395300	313200	313600	313600	-82100	124.6	-81975.4	-0.082100	+0.000125	-0.081975
launchpad_reward_state_debt_100_filetest.gno	Remaining launch-deposit allocation 100 DepositGns index=80	execution-segment-repricing	6104088	6228688	124600	817	-4	-821	123507	395300	313200	313600	313600	-82100	124.6	-81975.4	-0.082100	+0.000125	-0.081975
launchpad_reward_state_debt_100_filetest.gno	Remaining launch-deposit allocation 100 DepositGns index=81	execution-segment-repricing	6422266	6546866	124600	7519	6698	-821	123507	1065500	983400	313600	313600	-82100	124.6	-81975.4	-0.082100	+0.000125	-0.081975
launchpad_reward_state_debt_100_filetest.gno	Remaining launch-deposit allocation 100 DepositGns index=82	execution-segment-repricing	6094146	6218746	124600	865	44	-821	123507	400100	318000	313600	313600	-82100	124.6	-81975.4	-0.082100	+0.000125	-0.081975
launchpad_reward_state_debt_100_filetest.gno	Remaining launch-deposit allocation 100 DepositGns index=83	execution-segment-repricing	6094124	6218724	124600	817	-4	-821	123507	395300	313200	313600	313600	-82100	124.6	-81975.4	-0.082100	+0.000125	-0.081975
launchpad_reward_state_debt_100_filetest.gno	Remaining launch-deposit allocation 100 DepositGns index=84	execution-segment-repricing	6102013	6226613	124600	817	-4	-821	123507	395300	313200	313600	313600	-82100	124.6	-81975.4	-0.082100	+0.000125	-0.081975
launchpad_reward_state_debt_100_filetest.gno	Remaining launch-deposit allocation 100 DepositGns index=85	execution-segment-repricing	6102482	6227082	124600	817	-4	-821	123507	395300	313200	313600	313600	-82100	124.6	-81975.4	-0.082100	+0.000125	-0.081975
launchpad_reward_state_debt_100_filetest.gno	Remaining launch-deposit allocation 100 DepositGns index=86	execution-segment-repricing	6103923	6228523	124600	817	-4	-821	123507	395300	313200	313600	313600	-82100	124.6	-81975.4	-0.082100	+0.000125	-0.081975
launchpad_reward_state_debt_100_filetest.gno	Remaining launch-deposit allocation 100 DepositGns index=87	execution-segment-repricing	6104390	6228990	124600	817	-4	-821	123507	395300	313200	313600	313600	-82100	124.6	-81975.4	-0.082100	+0.000125	-0.081975
launchpad_reward_state_debt_100_filetest.gno	Remaining launch-deposit allocation 100 DepositGns index=88	execution-segment-repricing	6105831	6230431	124600	817	-4	-821	123507	395300	313200	313600	313600	-82100	124.6	-81975.4	-0.082100	+0.000125	-0.081975
launchpad_reward_state_debt_100_filetest.gno	Remaining launch-deposit allocation 100 DepositGns index=89	execution-segment-repricing	6423694	6548294	124600	7519	6698	-821	123507	1065500	983400	313600	313600	-82100	124.6	-81975.4	-0.082100	+0.000125	-0.081975
launchpad_reward_state_debt_100_filetest.gno	Remaining launch-deposit allocation 100 DepositGns index=90	execution-segment-repricing	6089339	6213939	124600	865	44	-821	123507	400100	318000	313600	313600	-82100	124.6	-81975.4	-0.082100	+0.000125	-0.081975
launchpad_reward_state_debt_100_filetest.gno	Remaining launch-deposit allocation 100 DepositGns index=91	execution-segment-repricing	6091267	6215867	124600	817	-4	-821	123507	395300	313200	313600	313600	-82100	124.6	-81975.4	-0.082100	+0.000125	-0.081975
launchpad_reward_state_debt_100_filetest.gno	Remaining launch-deposit allocation 100 DepositGns index=92	execution-segment-repricing	6092708	6217308	124600	817	-4	-821	123507	395300	313200	313600	313600	-82100	124.6	-81975.4	-0.082100	+0.000125	-0.081975
launchpad_reward_state_debt_100_filetest.gno	Remaining launch-deposit allocation 100 DepositGns index=93	execution-segment-repricing	6093177	6217777	124600	817	-4	-821	123507	395300	313200	313600	313600	-82100	124.6	-81975.4	-0.082100	+0.000125	-0.081975
launchpad_reward_state_debt_100_filetest.gno	Remaining launch-deposit allocation 100 DepositGns index=94	execution-segment-repricing	6094618	6219218	124600	817	-4	-821	123507	395300	313200	313600	313600	-82100	124.6	-81975.4	-0.082100	+0.000125	-0.081975
launchpad_reward_state_debt_100_filetest.gno	Remaining launch-deposit allocation 100 DepositGns index=95	execution-segment-repricing	6094598	6219198	124600	817	-4	-821	123507	395300	313200	313600	313600	-82100	124.6	-81975.4	-0.082100	+0.000125	-0.081975
launchpad_reward_state_debt_100_filetest.gno	Remaining launch-deposit allocation 100 DepositGns index=96	execution-segment-repricing	6102487	6227087	124600	817	-4	-821	123507	395300	313200	313600	313600	-82100	124.6	-81975.4	-0.082100	+0.000125	-0.081975
launchpad_reward_state_debt_100_filetest.gno	Remaining launch-deposit allocation 100 DepositGns index=97	execution-segment-repricing	6351545	6476145	124600	7239	6418	-821	123507	1037500	955400	313600	313600	-82100	124.6	-81975.4	-0.082100	+0.000125	-0.081975
launchpad_reward_state_debt_100_filetest.gno	Remaining launch-deposit allocation 100 DepositGns index=98	execution-segment-repricing	6071995	6196595	124600	865	44	-821	123507	400100	318000	313600	313600	-82100	124.6	-81975.4	-0.082100	+0.000125	-0.081975
launchpad_reward_state_debt_100_filetest.gno	Remaining launch-deposit allocation 100 DepositGns index=99	execution-segment-repricing	6075615	6200215	124600	817	-4	-821	123507	395300	313200	313600	313600	-82100	124.6	-81975.4	-0.082100	+0.000125	-0.081975
launchpad_reward_state_debt_100_filetest.gno	Remaining launch-deposit allocation 100 DepositGns index=100	execution-segment-repricing	6128586	6253186	124600	802	-19	-821	123507	393800	311700	313600	313600	-82100	124.6	-81975.4	-0.082100	+0.000125	-0.081975
launchpad_reward_state_debt_100_filetest.gno	Remaining launch-deposit reward 100 CollectReward index=1	execution-segment-repricing	3148849	3300398	151549	2046	2046	0	147686	204600	204600	0	0	0	151.549	151.549	0.000000	+0.000152	+0.000152
launchpad_reward_state_debt_100_filetest.gno	Remaining launch-deposit reward 100 CollectReward index=2	execution-segment-repricing	2781023	2932572	151549	12	12	0	147686	1200	1200	0	0	0	151.549	151.549	0.000000	+0.000152	+0.000152
launchpad_reward_state_debt_100_filetest.gno	Remaining launch-deposit reward 100 CollectReward index=3	execution-segment-repricing	2770095	2921644	151549	12	12	0	147686	1200	1200	0	0	0	151.549	151.549	0.000000	+0.000152	+0.000152
launchpad_reward_state_debt_100_filetest.gno	Remaining launch-deposit reward 100 CollectReward index=4	execution-segment-repricing	2793915	2945464	151549	12	12	0	147686	1200	1200	0	0	0	151.549	151.549	0.000000	+0.000152	+0.000152
launchpad_reward_state_debt_100_filetest.gno	Remaining launch-deposit reward 100 CollectReward index=5	execution-segment-repricing	2771075	2922624	151549	12	12	0	147686	1200	1200	0	0	0	151.549	151.549	0.000000	+0.000152	+0.000152
launchpad_reward_state_debt_100_filetest.gno	Remaining launch-deposit reward 100 CollectReward index=6	execution-segment-repricing	2782003	2933552	151549	12	12	0	147686	1200	1200	0	0	0	151.549	151.549	0.000000	+0.000152	+0.000152
launchpad_reward_state_debt_100_filetest.gno	Remaining launch-deposit reward 100 CollectReward index=7	execution-segment-repricing	2770095	2921644	151549	12	12	0	147686	1200	1200	0	0	0	151.549	151.549	0.000000	+0.000152	+0.000152
launchpad_reward_state_debt_100_filetest.gno	Remaining launch-deposit reward 100 CollectReward index=8	execution-segment-repricing	2782060	2933609	151549	31	31	0	147686	3100	3100	0	0	0	151.549	151.549	0.000000	+0.000152	+0.000152
launchpad_reward_state_debt_100_filetest.gno	Remaining launch-deposit reward 100 CollectReward index=9	execution-segment-repricing	2794976	2946525	151549	20	20	0	147686	2000	2000	0	0	0	151.549	151.549	0.000000	+0.000152	+0.000152
launchpad_reward_state_debt_100_filetest.gno	Remaining launch-deposit reward 100 CollectReward index=10	execution-segment-repricing	2792068	2943617	151549	12	12	0	147686	1200	1200	0	0	0	151.549	151.549	0.000000	+0.000152	+0.000152
launchpad_reward_state_debt_100_filetest.gno	Remaining launch-deposit reward 100 CollectReward index=11	execution-segment-repricing	2780165	2931714	151549	14	14	0	147686	1400	1400	0	0	0	151.549	151.549	0.000000	+0.000152	+0.000152
launchpad_reward_state_debt_100_filetest.gno	Remaining launch-deposit reward 100 CollectReward index=12	execution-segment-repricing	2781151	2932700	151549	14	14	0	147686	1400	1400	0	0	0	151.549	151.549	0.000000	+0.000152	+0.000152
launchpad_reward_state_debt_100_filetest.gno	Remaining launch-deposit reward 100 CollectReward index=13	execution-segment-repricing	2792087	2943636	151549	12	12	0	147686	1200	1200	0	0	0	151.549	151.549	0.000000	+0.000152	+0.000152
launchpad_reward_state_debt_100_filetest.gno	Remaining launch-deposit reward 100 CollectReward index=14	execution-segment-repricing	2793067	2944616	151549	12	12	0	147686	1200	1200	0	0	0	151.549	151.549	0.000000	+0.000152	+0.000152
launchpad_reward_state_debt_100_filetest.gno	Remaining launch-deposit reward 100 CollectReward index=15	execution-segment-repricing	2781151	2932700	151549	12	12	0	147686	1200	1200	0	0	0	151.549	151.549	0.000000	+0.000152	+0.000152
launchpad_reward_state_debt_100_filetest.gno	Remaining launch-deposit reward 100 CollectReward index=16	execution-segment-repricing	2781151	2932700	151549	12	12	0	147686	1200	1200	0	0	0	151.549	151.549	0.000000	+0.000152	+0.000152
launchpad_reward_state_debt_100_filetest.gno	Remaining launch-deposit reward 100 CollectReward index=17	execution-segment-repricing	2792087	2943636	151549	12	12	0	147686	1200	1200	0	0	0	151.549	151.549	0.000000	+0.000152	+0.000152
launchpad_reward_state_debt_100_filetest.gno	Remaining launch-deposit reward 100 CollectReward index=18	execution-segment-repricing	2793067	2944616	151549	12	12	0	147686	1200	1200	0	0	0	151.549	151.549	0.000000	+0.000152	+0.000152
launchpad_reward_state_debt_100_filetest.gno	Remaining launch-deposit reward 100 CollectReward index=19	execution-segment-repricing	2781151	2932700	151549	12	12	0	147686	1200	1200	0	0	0	151.549	151.549	0.000000	+0.000152	+0.000152
launchpad_reward_state_debt_100_filetest.gno	Remaining launch-deposit reward 100 CollectReward index=20	execution-segment-repricing	2782127	2933676	151549	12	12	0	147686	1200	1200	0	0	0	151.549	151.549	0.000000	+0.000152	+0.000152
launchpad_reward_state_debt_100_filetest.gno	Remaining launch-deposit reward 100 CollectReward index=21	execution-segment-repricing	2781151	2932700	151549	12	12	0	147686	1200	1200	0	0	0	151.549	151.549	0.000000	+0.000152	+0.000152
launchpad_reward_state_debt_100_filetest.gno	Remaining launch-deposit reward 100 CollectReward index=22	execution-segment-repricing	2782131	2933680	151549	12	12	0	147686	1200	1200	0	0	0	151.549	151.549	0.000000	+0.000152	+0.000152
launchpad_reward_state_debt_100_filetest.gno	Remaining launch-deposit reward 100 CollectReward index=23	execution-segment-repricing	2782131	2933680	151549	12	12	0	147686	1200	1200	0	0	0	151.549	151.549	0.000000	+0.000152	+0.000152
launchpad_reward_state_debt_100_filetest.gno	Remaining launch-deposit reward 100 CollectReward index=24	execution-segment-repricing	2780175	2931724	151549	12	12	0	147686	1200	1200	0	0	0	151.549	151.549	0.000000	+0.000152	+0.000152
launchpad_reward_state_debt_100_filetest.gno	Remaining launch-deposit reward 100 CollectReward index=25	execution-segment-repricing	2781155	2932704	151549	12	12	0	147686	1200	1200	0	0	0	151.549	151.549	0.000000	+0.000152	+0.000152
launchpad_reward_state_debt_100_filetest.gno	Remaining launch-deposit reward 100 CollectReward index=26	execution-segment-repricing	2769239	2920788	151549	12	12	0	147686	1200	1200	0	0	0	151.549	151.549	0.000000	+0.000152	+0.000152
launchpad_reward_state_debt_100_filetest.gno	Remaining launch-deposit reward 100 CollectReward index=27	execution-segment-repricing	2769239	2920788	151549	12	12	0	147686	1200	1200	0	0	0	151.549	151.549	0.000000	+0.000152	+0.000152
launchpad_reward_state_debt_100_filetest.gno	Remaining launch-deposit reward 100 CollectReward index=28	execution-segment-repricing	2770219	2921768	151549	12	12	0	147686	1200	1200	0	0	0	151.549	151.549	0.000000	+0.000152	+0.000152
launchpad_reward_state_debt_100_filetest.gno	Remaining launch-deposit reward 100 CollectReward index=29	execution-segment-repricing	2769235	2920784	151549	12	12	0	147686	1200	1200	0	0	0	151.549	151.549	0.000000	+0.000152	+0.000152
launchpad_reward_state_debt_100_filetest.gno	Remaining launch-deposit reward 100 CollectReward index=30	execution-segment-repricing	2770215	2921764	151549	12	12	0	147686	1200	1200	0	0	0	151.549	151.549	0.000000	+0.000152	+0.000152
launchpad_reward_state_debt_100_filetest.gno	Remaining launch-deposit reward 100 CollectReward index=31	execution-segment-repricing	2792087	2943636	151549	12	12	0	147686	1200	1200	0	0	0	151.549	151.549	0.000000	+0.000152	+0.000152
launchpad_reward_state_debt_100_filetest.gno	Remaining launch-deposit reward 100 CollectReward index=32	execution-segment-repricing	2793067	2944616	151549	12	12	0	147686	1200	1200	0	0	0	151.549	151.549	0.000000	+0.000152	+0.000152
launchpad_reward_state_debt_100_filetest.gno	Remaining launch-deposit reward 100 CollectReward index=33	execution-segment-repricing	2781151	2932700	151549	12	12	0	147686	1200	1200	0	0	0	151.549	151.549	0.000000	+0.000152	+0.000152
launchpad_reward_state_debt_100_filetest.gno	Remaining launch-deposit reward 100 CollectReward index=34	execution-segment-repricing	2781151	2932700	151549	12	12	0	147686	1200	1200	0	0	0	151.549	151.549	0.000000	+0.000152	+0.000152
launchpad_reward_state_debt_100_filetest.gno	Remaining launch-deposit reward 100 CollectReward index=35	execution-segment-repricing	2782131	2933680	151549	12	12	0	147686	1200	1200	0	0	0	151.549	151.549	0.000000	+0.000152	+0.000152
launchpad_reward_state_debt_100_filetest.gno	Remaining launch-deposit reward 100 CollectReward index=36	execution-segment-repricing	2781151	2932700	151549	12	12	0	147686	1200	1200	0	0	0	151.549	151.549	0.000000	+0.000152	+0.000152
launchpad_reward_state_debt_100_filetest.gno	Remaining launch-deposit reward 100 CollectReward index=37	execution-segment-repricing	2782131	2933680	151549	12	12	0	147686	1200	1200	0	0	0	151.549	151.549	0.000000	+0.000152	+0.000152
launchpad_reward_state_debt_100_filetest.gno	Remaining launch-deposit reward 100 CollectReward index=38	execution-segment-repricing	2782131	2933680	151549	12	12	0	147686	1200	1200	0	0	0	151.549	151.549	0.000000	+0.000152	+0.000152
launchpad_reward_state_debt_100_filetest.gno	Remaining launch-deposit reward 100 CollectReward index=39	execution-segment-repricing	2793063	2944612	151549	12	12	0	147686	1200	1200	0	0	0	151.549	151.549	0.000000	+0.000152	+0.000152
launchpad_reward_state_debt_100_filetest.gno	Remaining launch-deposit reward 100 CollectReward index=40	execution-segment-repricing	2782127	2933676	151549	12	12	0	147686	1200	1200	0	0	0	151.549	151.549	0.000000	+0.000152	+0.000152
launchpad_reward_state_debt_100_filetest.gno	Remaining launch-deposit reward 100 CollectReward index=41	execution-segment-repricing	2782131	2933680	151549	12	12	0	147686	1200	1200	0	0	0	151.549	151.549	0.000000	+0.000152	+0.000152
launchpad_reward_state_debt_100_filetest.gno	Remaining launch-deposit reward 100 CollectReward index=42	execution-segment-repricing	2783111	2934660	151549	12	12	0	147686	1200	1200	0	0	0	151.549	151.549	0.000000	+0.000152	+0.000152
launchpad_reward_state_debt_100_filetest.gno	Remaining launch-deposit reward 100 CollectReward index=43	execution-segment-repricing	2782131	2933680	151549	12	12	0	147686	1200	1200	0	0	0	151.549	151.549	0.000000	+0.000152	+0.000152
launchpad_reward_state_debt_100_filetest.gno	Remaining launch-deposit reward 100 CollectReward index=44	execution-segment-repricing	2783111	2934660	151549	12	12	0	147686	1200	1200	0	0	0	151.549	151.549	0.000000	+0.000152	+0.000152
launchpad_reward_state_debt_100_filetest.gno	Remaining launch-deposit reward 100 CollectReward index=45	execution-segment-repricing	2783111	2934660	151549	12	12	0	147686	1200	1200	0	0	0	151.549	151.549	0.000000	+0.000152	+0.000152
launchpad_reward_state_debt_100_filetest.gno	Remaining launch-deposit reward 100 CollectReward index=46	execution-segment-repricing	2781151	2932700	151549	12	12	0	147686	1200	1200	0	0	0	151.549	151.549	0.000000	+0.000152	+0.000152
launchpad_reward_state_debt_100_filetest.gno	Remaining launch-deposit reward 100 CollectReward index=47	execution-segment-repricing	2782131	2933680	151549	12	12	0	147686	1200	1200	0	0	0	151.549	151.549	0.000000	+0.000152	+0.000152
launchpad_reward_state_debt_100_filetest.gno	Remaining launch-deposit reward 100 CollectReward index=48	execution-segment-repricing	2770215	2921764	151549	12	12	0	147686	1200	1200	0	0	0	151.549	151.549	0.000000	+0.000152	+0.000152
launchpad_reward_state_debt_100_filetest.gno	Remaining launch-deposit reward 100 CollectReward index=49	execution-segment-repricing	2770260	2921764	151504	12	12	0	147686	1200	1200	0	0	0	151.504	151.504	0.000000	+0.000152	+0.000152
launchpad_reward_state_debt_100_filetest.gno	Remaining launch-deposit reward 100 CollectReward index=50	execution-segment-repricing	2770260	2921764	151504	12	12	0	147686	1200	1200	0	0	0	151.504	151.504	0.000000	+0.000152	+0.000152
launchpad_reward_state_debt_100_filetest.gno	Remaining launch-deposit reward 100 CollectReward index=51	execution-segment-repricing	2771240	2922744	151504	12	12	0	147686	1200	1200	0	0	0	151.504	151.504	0.000000	+0.000152	+0.000152
launchpad_reward_state_debt_100_filetest.gno	Remaining launch-deposit reward 100 CollectReward index=52	execution-segment-repricing	2771240	2922744	151504	12	12	0	147686	1200	1200	0	0	0	151.504	151.504	0.000000	+0.000152	+0.000152
launchpad_reward_state_debt_100_filetest.gno	Remaining launch-deposit reward 100 CollectReward index=53	execution-segment-repricing	2792132	2943636	151504	12	12	0	147686	1200	1200	0	0	0	151.504	151.504	0.000000	+0.000152	+0.000152
launchpad_reward_state_debt_100_filetest.gno	Remaining launch-deposit reward 100 CollectReward index=54	execution-segment-repricing	2793112	2944625	151513	12	12	0	147686	1200	1200	0	0	0	151.513	151.513	0.000000	+0.000152	+0.000152
launchpad_reward_state_debt_100_filetest.gno	Remaining launch-deposit reward 100 CollectReward index=55	execution-segment-repricing	2781196	2932736	151540	12	12	0	147686	1200	1200	0	0	0	151.54	151.54	0.000000	+0.000152	+0.000152
launchpad_reward_state_debt_100_filetest.gno	Remaining launch-deposit reward 100 CollectReward index=56	execution-segment-repricing	2781196	2932736	151540	12	12	0	147686	1200	1200	0	0	0	151.54	151.54	0.000000	+0.000152	+0.000152
launchpad_reward_state_debt_100_filetest.gno	Remaining launch-deposit reward 100 CollectReward index=57	execution-segment-repricing	2782176	2933722	151546	12	12	0	147686	1200	1200	0	0	0	151.546	151.546	0.000000	+0.000152	+0.000152
launchpad_reward_state_debt_100_filetest.gno	Remaining launch-deposit reward 100 CollectReward index=58	execution-segment-repricing	2781196	2932742	151546	12	12	0	147686	1200	1200	0	0	0	151.546	151.546	0.000000	+0.000152	+0.000152
launchpad_reward_state_debt_100_filetest.gno	Remaining launch-deposit reward 100 CollectReward index=59	execution-segment-repricing	2782176	2933722	151546	12	12	0	147686	1200	1200	0	0	0	151.546	151.546	0.000000	+0.000152	+0.000152
launchpad_reward_state_debt_100_filetest.gno	Remaining launch-deposit reward 100 CollectReward index=60	execution-segment-repricing	2793112	2944658	151546	12	12	0	147686	1200	1200	0	0	0	151.546	151.546	0.000000	+0.000152	+0.000152
launchpad_reward_state_debt_100_filetest.gno	Remaining launch-deposit reward 100 CollectReward index=61	execution-segment-repricing	2794092	2945638	151546	12	12	0	147686	1200	1200	0	0	0	151.546	151.546	0.000000	+0.000152	+0.000152
launchpad_reward_state_debt_100_filetest.gno	Remaining launch-deposit reward 100 CollectReward index=62	execution-segment-repricing	2782176	2933722	151546	12	12	0	147686	1200	1200	0	0	0	151.546	151.546	0.000000	+0.000152	+0.000152
launchpad_reward_state_debt_100_filetest.gno	Remaining launch-deposit reward 100 CollectReward index=63	execution-segment-repricing	2782176	2933722	151546	12	12	0	147686	1200	1200	0	0	0	151.546	151.546	0.000000	+0.000152	+0.000152
launchpad_reward_state_debt_100_filetest.gno	Remaining launch-deposit reward 100 CollectReward index=64	execution-segment-repricing	2783156	2934702	151546	12	12	0	147686	1200	1200	0	0	0	151.546	151.546	0.000000	+0.000152	+0.000152
launchpad_reward_state_debt_100_filetest.gno	Remaining launch-deposit reward 100 CollectReward index=65	execution-segment-repricing	2782176	2933722	151546	12	12	0	147686	1200	1200	0	0	0	151.546	151.546	0.000000	+0.000152	+0.000152
launchpad_reward_state_debt_100_filetest.gno	Remaining launch-deposit reward 100 CollectReward index=66	execution-segment-repricing	2783156	2934702	151546	12	12	0	147686	1200	1200	0	0	0	151.546	151.546	0.000000	+0.000152	+0.000152
launchpad_reward_state_debt_100_filetest.gno	Remaining launch-deposit reward 100 CollectReward index=67	execution-segment-repricing	2783156	2934702	151546	12	12	0	147686	1200	1200	0	0	0	151.546	151.546	0.000000	+0.000152	+0.000152
launchpad_reward_state_debt_100_filetest.gno	Remaining launch-deposit reward 100 CollectReward index=68	execution-segment-repricing	2781196	2932742	151546	12	12	0	147686	1200	1200	0	0	0	151.546	151.546	0.000000	+0.000152	+0.000152
launchpad_reward_state_debt_100_filetest.gno	Remaining launch-deposit reward 100 CollectReward index=69	execution-segment-repricing	2782176	2933722	151546	12	12	0	147686	1200	1200	0	0	0	151.546	151.546	0.000000	+0.000152	+0.000152
launchpad_reward_state_debt_100_filetest.gno	Remaining launch-deposit reward 100 CollectReward index=70	execution-segment-repricing	2770260	2921806	151546	12	12	0	147686	1200	1200	0	0	0	151.546	151.546	0.000000	+0.000152	+0.000152
launchpad_reward_state_debt_100_filetest.gno	Remaining launch-deposit reward 100 CollectReward index=71	execution-segment-repricing	2771240	2922786	151546	12	12	0	147686	1200	1200	0	0	0	151.546	151.546	0.000000	+0.000152	+0.000152
launchpad_reward_state_debt_100_filetest.gno	Remaining launch-deposit reward 100 CollectReward index=72	execution-segment-repricing	2770264	2921810	151546	12	12	0	147686	1200	1200	0	0	0	151.546	151.546	0.000000	+0.000152	+0.000152
launchpad_reward_state_debt_100_filetest.gno	Remaining launch-deposit reward 100 CollectReward index=73	execution-segment-repricing	2771244	2922790	151546	12	12	0	147686	1200	1200	0	0	0	151.546	151.546	0.000000	+0.000152	+0.000152
launchpad_reward_state_debt_100_filetest.gno	Remaining launch-deposit reward 100 CollectReward index=74	execution-segment-repricing	2771244	2922790	151546	12	12	0	147686	1200	1200	0	0	0	151.546	151.546	0.000000	+0.000152	+0.000152
launchpad_reward_state_debt_100_filetest.gno	Remaining launch-deposit reward 100 CollectReward index=75	execution-segment-repricing	2793112	2944658	151546	12	12	0	147686	1200	1200	0	0	0	151.546	151.546	0.000000	+0.000152	+0.000152
launchpad_reward_state_debt_100_filetest.gno	Remaining launch-deposit reward 100 CollectReward index=76	execution-segment-repricing	2794092	2945638	151546	12	12	0	147686	1200	1200	0	0	0	151.546	151.546	0.000000	+0.000152	+0.000152
launchpad_reward_state_debt_100_filetest.gno	Remaining launch-deposit reward 100 CollectReward index=77	execution-segment-repricing	2782176	2933722	151546	12	12	0	147686	1200	1200	0	0	0	151.546	151.546	0.000000	+0.000152	+0.000152
launchpad_reward_state_debt_100_filetest.gno	Remaining launch-deposit reward 100 CollectReward index=78	execution-segment-repricing	2782176	2933722	151546	12	12	0	147686	1200	1200	0	0	0	151.546	151.546	0.000000	+0.000152	+0.000152
launchpad_reward_state_debt_100_filetest.gno	Remaining launch-deposit reward 100 CollectReward index=79	execution-segment-repricing	2783156	2934702	151546	12	12	0	147686	1200	1200	0	0	0	151.546	151.546	0.000000	+0.000152	+0.000152
launchpad_reward_state_debt_100_filetest.gno	Remaining launch-deposit reward 100 CollectReward index=80	execution-segment-repricing	2783152	2934698	151546	12	12	0	147686	1200	1200	0	0	0	151.546	151.546	0.000000	+0.000152	+0.000152
launchpad_reward_state_debt_100_filetest.gno	Remaining launch-deposit reward 100 CollectReward index=81	execution-segment-repricing	2783156	2934702	151546	12	12	0	147686	1200	1200	0	0	0	151.546	151.546	0.000000	+0.000152	+0.000152
launchpad_reward_state_debt_100_filetest.gno	Remaining launch-deposit reward 100 CollectReward index=82	execution-segment-repricing	2794092	2945638	151546	12	12	0	147686	1200	1200	0	0	0	151.546	151.546	0.000000	+0.000152	+0.000152
launchpad_reward_state_debt_100_filetest.gno	Remaining launch-deposit reward 100 CollectReward index=83	execution-segment-repricing	2795072	2946618	151546	12	12	0	147686	1200	1200	0	0	0	151.546	151.546	0.000000	+0.000152	+0.000152
launchpad_reward_state_debt_100_filetest.gno	Remaining launch-deposit reward 100 CollectReward index=84	execution-segment-repricing	2795072	2946618	151546	12	12	0	147686	1200	1200	0	0	0	151.546	151.546	0.000000	+0.000152	+0.000152
launchpad_reward_state_debt_100_filetest.gno	Remaining launch-deposit reward 100 CollectReward index=85	execution-segment-repricing	2796052	2947598	151546	12	12	0	147686	1200	1200	0	0	0	151.546	151.546	0.000000	+0.000152	+0.000152
launchpad_reward_state_debt_100_filetest.gno	Remaining launch-deposit reward 100 CollectReward index=86	execution-segment-repricing	2795072	2946618	151546	12	12	0	147686	1200	1200	0	0	0	151.546	151.546	0.000000	+0.000152	+0.000152
launchpad_reward_state_debt_100_filetest.gno	Remaining launch-deposit reward 100 CollectReward index=87	execution-segment-repricing	2796052	2947598	151546	12	12	0	147686	1200	1200	0	0	0	151.546	151.546	0.000000	+0.000152	+0.000152
launchpad_reward_state_debt_100_filetest.gno	Remaining launch-deposit reward 100 CollectReward index=88	execution-segment-repricing	2796052	2947598	151546	12	12	0	147686	1200	1200	0	0	0	151.546	151.546	0.000000	+0.000152	+0.000152
launchpad_reward_state_debt_100_filetest.gno	Remaining launch-deposit reward 100 CollectReward index=89	execution-segment-repricing	2797032	2948578	151546	12	12	0	147686	1200	1200	0	0	0	151.546	151.546	0.000000	+0.000152	+0.000152
launchpad_reward_state_debt_100_filetest.gno	Remaining launch-deposit reward 100 CollectReward index=90	execution-segment-repricing	2796048	2947594	151546	12	12	0	147686	1200	1200	0	0	0	151.546	151.546	0.000000	+0.000152	+0.000152
launchpad_reward_state_debt_100_filetest.gno	Remaining launch-deposit reward 100 CollectReward index=91	execution-segment-repricing	2796052	2947598	151546	12	12	0	147686	1200	1200	0	0	0	151.546	151.546	0.000000	+0.000152	+0.000152
launchpad_reward_state_debt_100_filetest.gno	Remaining launch-deposit reward 100 CollectReward index=92	execution-segment-repricing	2797032	2948578	151546	12	12	0	147686	1200	1200	0	0	0	151.546	151.546	0.000000	+0.000152	+0.000152
launchpad_reward_state_debt_100_filetest.gno	Remaining launch-deposit reward 100 CollectReward index=93	execution-segment-repricing	2796052	2947598	151546	12	12	0	147686	1200	1200	0	0	0	151.546	151.546	0.000000	+0.000152	+0.000152
launchpad_reward_state_debt_100_filetest.gno	Remaining launch-deposit reward 100 CollectReward index=94	execution-segment-repricing	2797032	2948578	151546	12	12	0	147686	1200	1200	0	0	0	151.546	151.546	0.000000	+0.000152	+0.000152
launchpad_reward_state_debt_100_filetest.gno	Remaining launch-deposit reward 100 CollectReward index=95	execution-segment-repricing	2797032	2948578	151546	12	12	0	147686	1200	1200	0	0	0	151.546	151.546	0.000000	+0.000152	+0.000152
launchpad_reward_state_debt_100_filetest.gno	Remaining launch-deposit reward 100 CollectReward index=96	execution-segment-repricing	2770264	2921810	151546	12	12	0	147686	1200	1200	0	0	0	151.546	151.546	0.000000	+0.000152	+0.000152
launchpad_reward_state_debt_100_filetest.gno	Remaining launch-deposit reward 100 CollectReward index=97	execution-segment-repricing	2862720	3014260	151540	18	18	0	147686	1800	1800	0	0	0	151.54	151.54	0.000000	+0.000152	+0.000152
launchpad_reward_state_debt_100_filetest.gno	Remaining launch-deposit reward 100 CollectReward index=98	execution-segment-repricing	2850804	3002344	151540	18	18	0	147686	1800	1800	0	0	0	151.54	151.54	0.000000	+0.000152	+0.000152
launchpad_reward_state_debt_100_filetest.gno	Remaining launch-deposit reward 100 CollectReward index=99	execution-segment-repricing	2850804	3002344	151540	18	18	0	147686	1800	1800	0	0	0	151.54	151.54	0.000000	+0.000152	+0.000152
launchpad_reward_state_debt_100_filetest.gno	Remaining launch-deposit reward 100 CollectReward index=100	execution-segment-repricing	2875924	3027464	151540	18	18	0	147686	1800	1800	0	0	0	151.54	151.54	0.000000	+0.000152	+0.000152
launchpad_reward_state_debt_100_filetest.gno	Remaining launch-deposit repeat 100 CollectReward same-time	execution-segment-repricing	2219675	2371593	151918	0	0	0	147686	0	0	0	0	0	151.918	151.918	0.000000	+0.000152	+0.000152
launchpad_reward_state_debt_100_filetest.gno	Remaining launch-deposit refund 100 before-withdraw	execution-segment-repricing	3666154	3666154	0	2070	2070	0	0	207000	207000	0	0	0	0	0	0.000000	0.000000	0.000000
launchpad_reward_state_debt_100_filetest.gno	Remaining launch-deposit withdraw 100 CollectDepositGns index=1	execution-segment-repricing	7497823	7725328	227505	-214	601	815	221529	205500	205500	226900	145400	81500	227.505	81727.505	+0.081500	+0.000228	+0.081728
launchpad_reward_state_debt_100_filetest.gno	Remaining launch-deposit withdraw 100 CollectDepositGns index=2	execution-segment-repricing	7600787	7828286	227499	-5731	-4916	815	221529	0	0	573100	491600	81500	227.499	81727.499	+0.081500	+0.000227	+0.081727
launchpad_reward_state_debt_100_filetest.gno	Remaining launch-deposit withdraw 100 CollectDepositGns index=3	execution-segment-repricing	7575752	7803257	227505	-2263	-1448	815	221529	0	0	226300	144800	81500	227.505	81727.505	+0.081500	+0.000228	+0.081728
launchpad_reward_state_debt_100_filetest.gno	Remaining launch-deposit withdraw 100 CollectDepositGns index=4	execution-segment-repricing	7616405	7843904	227499	-5723	-4904	819	221529	0	0	572300	490400	81900	227.499	82127.499	+0.081900	+0.000227	+0.082127
launchpad_reward_state_debt_100_filetest.gno	Remaining launch-deposit withdraw 100 CollectDepositGns index=5	execution-segment-repricing	7564175	7791614	227439	-2263	-1448	815	221529	0	0	226300	144800	81500	227.439	81727.439	+0.081500	+0.000227	+0.081727
launchpad_reward_state_debt_100_filetest.gno	Remaining launch-deposit withdraw 100 CollectDepositGns index=6	execution-segment-repricing	7582326	7809771	227445	-5742	-4927	815	221529	0	0	574200	492700	81500	227.445	81727.445	+0.081500	+0.000227	+0.081727
launchpad_reward_state_debt_100_filetest.gno	Remaining launch-deposit withdraw 100 CollectDepositGns index=7	execution-segment-repricing	7568916	7796421	227505	-5730	-4915	815	221529	0	0	573000	491500	81500	227.505	81727.505	+0.081500	+0.000228	+0.081728
launchpad_reward_state_debt_100_filetest.gno	Remaining launch-deposit withdraw 100 CollectDepositGns index=8	execution-segment-repricing	7571133	7798638	227505	-2263	-1448	815	221529	0	0	226300	144800	81500	227.505	81727.505	+0.081500	+0.000228	+0.081728
launchpad_reward_state_debt_100_filetest.gno	Remaining launch-deposit withdraw 100 CollectDepositGns index=9	execution-segment-repricing	7496850	7724355	227505	-2263	-1448	815	221529	0	0	226300	144800	81500	227.505	81727.505	+0.081500	+0.000228	+0.081728
launchpad_reward_state_debt_100_filetest.gno	Remaining launch-deposit withdraw 100 CollectDepositGns index=10	execution-segment-repricing	7508308	7735813	227505	-2276	-1461	815	221529	0	0	227600	146100	81500	227.505	81727.505	+0.081500	+0.000228	+0.081728
launchpad_reward_state_debt_100_filetest.gno	Remaining launch-deposit withdraw 100 CollectDepositGns index=11	execution-segment-repricing	7489175	7716680	227505	-2276	-1461	815	221529	0	0	227600	146100	81500	227.505	81727.505	+0.081500	+0.000228	+0.081728
launchpad_reward_state_debt_100_filetest.gno	Remaining launch-deposit withdraw 100 CollectDepositGns index=12	execution-segment-repricing	7488234	7715739	227505	-2276	-1461	815	221529	0	0	227600	146100	81500	227.505	81727.505	+0.081500	+0.000228	+0.081728
launchpad_reward_state_debt_100_filetest.gno	Remaining launch-deposit withdraw 100 CollectDepositGns index=13	execution-segment-repricing	7494760	7722265	227505	-2276	-1461	815	221529	0	0	227600	146100	81500	227.505	81727.505	+0.081500	+0.000228	+0.081728
launchpad_reward_state_debt_100_filetest.gno	Remaining launch-deposit withdraw 100 CollectDepositGns index=14	execution-segment-repricing	7493819	7721324	227505	-2276	-1461	815	221529	0	0	227600	146100	81500	227.505	81727.505	+0.081500	+0.000228	+0.081728
launchpad_reward_state_debt_100_filetest.gno	Remaining launch-deposit withdraw 100 CollectDepositGns index=15	execution-segment-repricing	7483221	7710726	227505	-2271	-1456	815	221529	500	500	227600	146100	81500	227.505	81727.505	+0.081500	+0.000228	+0.081728
launchpad_reward_state_debt_100_filetest.gno	Remaining launch-deposit withdraw 100 CollectDepositGns index=16	execution-segment-repricing	7594289	7821788	227499	-5720	-4905	815	221529	2400	2400	574400	492900	81500	227.499	81727.499	+0.081500	+0.000227	+0.081727
launchpad_reward_state_debt_100_filetest.gno	Remaining launch-deposit withdraw 100 CollectDepositGns index=17	execution-segment-repricing	7500933	7728438	227505	-2276	-1461	815	221529	0	0	227600	146100	81500	227.505	81727.505	+0.081500	+0.000228	+0.081728
launchpad_reward_state_debt_100_filetest.gno	Remaining launch-deposit withdraw 100 CollectDepositGns index=18	execution-segment-repricing	7499992	7727497	227505	-2276	-1461	815	221529	0	0	227600	146100	81500	227.505	81727.505	+0.081500	+0.000228	+0.081728
launchpad_reward_state_debt_100_filetest.gno	Remaining launch-deposit withdraw 100 CollectDepositGns index=19	execution-segment-repricing	7489379	7716884	227505	-2276	-1461	815	221529	0	0	227600	146100	81500	227.505	81727.505	+0.081500	+0.000228	+0.081728
launchpad_reward_state_debt_100_filetest.gno	Remaining launch-deposit withdraw 100 CollectDepositGns index=20	execution-segment-repricing	7488435	7715940	227505	-2276	-1461	815	221529	0	0	227600	146100	81500	227.505	81727.505	+0.081500	+0.000228	+0.081728
launchpad_reward_state_debt_100_filetest.gno	Remaining launch-deposit withdraw 100 CollectDepositGns index=21	execution-segment-repricing	7486027	7713532	227505	-2276	-1461	815	221529	0	0	227600	146100	81500	227.505	81727.505	+0.081500	+0.000228	+0.081728
launchpad_reward_state_debt_100_filetest.gno	Remaining launch-deposit withdraw 100 CollectDepositGns index=22	execution-segment-repricing	7485086	7712591	227505	-2276	-1461	815	221529	0	0	227600	146100	81500	227.505	81727.505	+0.081500	+0.000228	+0.081728
launchpad_reward_state_debt_100_filetest.gno	Remaining launch-deposit withdraw 100 CollectDepositGns index=23	execution-segment-repricing	7483410	7710915	227505	-2276	-1461	815	221529	0	0	227600	146100	81500	227.505	81727.505	+0.081500	+0.000228	+0.081728
launchpad_reward_state_debt_100_filetest.gno	Remaining launch-deposit withdraw 100 CollectDepositGns index=24	execution-segment-repricing	7596968	7824473	227505	-2276	-1461	815	221529	0	0	227600	146100	81500	227.505	81727.505	+0.081500	+0.000228	+0.081728
launchpad_reward_state_debt_100_filetest.gno	Remaining launch-deposit withdraw 100 CollectDepositGns index=25	execution-segment-repricing	7596027	7823532	227505	-2276	-1461	815	221529	0	0	227600	146100	81500	227.505	81727.505	+0.081500	+0.000228	+0.081728
launchpad_reward_state_debt_100_filetest.gno	Remaining launch-deposit withdraw 100 CollectDepositGns index=26	execution-segment-repricing	7585414	7812919	227505	-2276	-1461	815	221529	0	0	227600	146100	81500	227.505	81727.505	+0.081500	+0.000228	+0.081728
launchpad_reward_state_debt_100_filetest.gno	Remaining launch-deposit withdraw 100 CollectDepositGns index=27	execution-segment-repricing	7583738	7811243	227505	-2276	-1461	815	221529	0	0	227600	146100	81500	227.505	81727.505	+0.081500	+0.000228	+0.081728
launchpad_reward_state_debt_100_filetest.gno	Remaining launch-deposit withdraw 100 CollectDepositGns index=28	execution-segment-repricing	7582797	7810302	227505	-2276	-1461	815	221529	0	0	227600	146100	81500	227.505	81727.505	+0.081500	+0.000228	+0.081728
launchpad_reward_state_debt_100_filetest.gno	Remaining launch-deposit withdraw 100 CollectDepositGns index=29	execution-segment-repricing	7580383	7807888	227505	-2276	-1461	815	221529	0	0	227600	146100	81500	227.505	81727.505	+0.081500	+0.000228	+0.081728
launchpad_reward_state_debt_100_filetest.gno	Remaining launch-deposit withdraw 100 CollectDepositGns index=30	execution-segment-repricing	7584311	7811810	227499	-5744	-4929	815	221529	0	0	574400	492900	81500	227.499	81727.499	+0.081500	+0.000227	+0.081727
launchpad_reward_state_debt_100_filetest.gno	Remaining launch-deposit withdraw 100 CollectDepositGns index=31	execution-segment-repricing	7500315	7727820	227505	-2276	-1461	815	221529	0	0	227600	146100	81500	227.505	81727.505	+0.081500	+0.000228	+0.081728
launchpad_reward_state_debt_100_filetest.gno	Remaining launch-deposit withdraw 100 CollectDepositGns index=32	execution-segment-repricing	7499374	7726879	227505	-2276	-1461	815	221529	0	0	227600	146100	81500	227.505	81727.505	+0.081500	+0.000228	+0.081728
launchpad_reward_state_debt_100_filetest.gno	Remaining launch-deposit withdraw 100 CollectDepositGns index=33	execution-segment-repricing	7488761	7716266	227505	-2276	-1461	815	221529	0	0	227600	146100	81500	227.505	81727.505	+0.081500	+0.000228	+0.081728
launchpad_reward_state_debt_100_filetest.gno	Remaining launch-deposit withdraw 100 CollectDepositGns index=34	execution-segment-repricing	7487085	7714590	227505	-2276	-1461	815	221529	0	0	227600	146100	81500	227.505	81727.505	+0.081500	+0.000228	+0.081728
launchpad_reward_state_debt_100_filetest.gno	Remaining launch-deposit withdraw 100 CollectDepositGns index=35	execution-segment-repricing	7486144	7713649	227505	-2276	-1461	815	221529	0	0	227600	146100	81500	227.505	81727.505	+0.081500	+0.000228	+0.081728
launchpad_reward_state_debt_100_filetest.gno	Remaining launch-deposit withdraw 100 CollectDepositGns index=36	execution-segment-repricing	7483733	7711238	227505	-2276	-1461	815	221529	0	0	227600	146100	81500	227.505	81727.505	+0.081500	+0.000228	+0.081728
launchpad_reward_state_debt_100_filetest.gno	Remaining launch-deposit withdraw 100 CollectDepositGns index=37	execution-segment-repricing	7482792	7710297	227505	-2276	-1461	815	221529	0	0	227600	146100	81500	227.505	81727.505	+0.081500	+0.000228	+0.081728
launchpad_reward_state_debt_100_filetest.gno	Remaining launch-deposit withdraw 100 CollectDepositGns index=38	execution-segment-repricing	7599637	7827046	227409	-2276	-1461	815	221529	0	0	227600	146100	81500	227.409	81727.409	+0.081500	+0.000227	+0.081727
launchpad_reward_state_debt_100_filetest.gno	Remaining launch-deposit withdraw 100 CollectDepositGns index=39	execution-segment-repricing	7606160	7833569	227409	-2276	-1461	815	221529	0	0	227600	146100	81500	227.409	81727.409	+0.081500	+0.000227	+0.081727
launchpad_reward_state_debt_100_filetest.gno	Remaining launch-deposit withdraw 100 CollectDepositGns index=40	execution-segment-repricing	7596282	7823691	227409	-2276	-1461	815	221529	0	0	227600	146100	81500	227.409	81727.409	+0.081500	+0.000227	+0.081727
launchpad_reward_state_debt_100_filetest.gno	Remaining launch-deposit withdraw 100 CollectDepositGns index=41	execution-segment-repricing	7594609	7822018	227409	-2276	-1461	815	221529	0	0	227600	146100	81500	227.409	81727.409	+0.081500	+0.000227	+0.081727
launchpad_reward_state_debt_100_filetest.gno	Remaining launch-deposit withdraw 100 CollectDepositGns index=42	execution-segment-repricing	7593668	7821077	227409	-2276	-1461	815	221529	0	0	227600	146100	81500	227.409	81727.409	+0.081500	+0.000227	+0.081727
launchpad_reward_state_debt_100_filetest.gno	Remaining launch-deposit withdraw 100 CollectDepositGns index=43	execution-segment-repricing	7591257	7818666	227409	-2276	-1461	815	221529	0	0	227600	146100	81500	227.409	81727.409	+0.081500	+0.000227	+0.081727
launchpad_reward_state_debt_100_filetest.gno	Remaining launch-deposit withdraw 100 CollectDepositGns index=44	execution-segment-repricing	7590316	7817725	227409	-2276	-1461	815	221529	0	0	227600	146100	81500	227.409	81727.409	+0.081500	+0.000227	+0.081727
launchpad_reward_state_debt_100_filetest.gno	Remaining launch-deposit withdraw 100 CollectDepositGns index=45	execution-segment-repricing	7592330	7819760	227430	-5755	-4933	822	221529	0	0	575500	493300	82200	227.43	82427.43	+0.082200	+0.000227	+0.082427
launchpad_reward_state_debt_100_filetest.gno	Remaining launch-deposit withdraw 100 CollectDepositGns index=46	execution-segment-repricing	7491624	7719054	227430	-2276	-1461	815	221529	0	0	227600	146100	81500	227.43	81727.43	+0.081500	+0.000227	+0.081727
launchpad_reward_state_debt_100_filetest.gno	Remaining launch-deposit withdraw 100 CollectDepositGns index=47	execution-segment-repricing	7490683	7718113	227430	-2276	-1461	815	221529	0	0	227600	146100	81500	227.43	81727.43	+0.081500	+0.000227	+0.081727
launchpad_reward_state_debt_100_filetest.gno	Remaining launch-deposit withdraw 100 CollectDepositGns index=48	execution-segment-repricing	7480070	7707500	227430	-2278	-1461	817	221529	0	0	227800	146100	81700	227.43	81927.43	+0.081700	+0.000227	+0.081927
launchpad_reward_state_debt_100_filetest.gno	Remaining launch-deposit withdraw 100 CollectDepositGns index=49	execution-segment-repricing	7478493	7705824	227331	-2291	-1461	830	221529	0	0	229100	146100	83000	227.331	83227.331	+0.083000	+0.000227	+0.083227
launchpad_reward_state_debt_100_filetest.gno	Remaining launch-deposit withdraw 100 CollectDepositGns index=50	execution-segment-repricing	7476805	7704148	227343	-2291	-1461	830	221529	0	0	229100	146100	83000	227.343	83227.343	+0.083000	+0.000227	+0.083227
launchpad_reward_state_debt_100_filetest.gno	Remaining launch-deposit withdraw 100 CollectDepositGns index=51	execution-segment-repricing	7466096	7693451	227355	-2291	-1461	830	221529	0	0	229100	146100	83000	227.355	83227.355	+0.083000	+0.000227	+0.083227
launchpad_reward_state_debt_100_filetest.gno	Remaining launch-deposit withdraw 100 CollectDepositGns index=52	execution-segment-repricing	7461156	7688523	227367	-2291	-1461	830	221529	0	0	229100	146100	83000	227.367	83227.367	+0.083000	+0.000227	+0.083227
launchpad_reward_state_debt_100_filetest.gno	Remaining launch-deposit withdraw 100 CollectDepositGns index=53	execution-segment-repricing	7592000	7819379	227379	-2291	-1461	830	221529	0	0	229100	146100	83000	227.379	83227.379	+0.083000	+0.000227	+0.083227
launchpad_reward_state_debt_100_filetest.gno	Remaining launch-deposit withdraw 100 CollectDepositGns index=54	execution-segment-repricing	7591047	7818447	227400	-2291	-1463	828	221529	0	0	229100	146300	82800	227.4	83027.4	+0.082800	+0.000227	+0.083027
launchpad_reward_state_debt_100_filetest.gno	Remaining launch-deposit withdraw 100 CollectDepositGns index=55	execution-segment-repricing	7580422	7807909	227487	-2291	-1469	822	221529	0	0	229100	146900	82200	227.487	82427.487	+0.082200	+0.000227	+0.082427
launchpad_reward_state_debt_100_filetest.gno	Remaining launch-deposit withdraw 100 CollectDepositGns index=56	execution-segment-repricing	7578734	7806224	227490	-2291	-1469	822	221529	0	0	229100	146900	82200	227.49	82427.49	+0.082200	+0.000227	+0.082427
launchpad_reward_state_debt_100_filetest.gno	Remaining launch-deposit withdraw 100 CollectDepositGns index=57	execution-segment-repricing	7577781	7805286	227505	-2291	-1470	821	221529	0	0	229100	147000	82100	227.505	82327.505	+0.082100	+0.000228	+0.082328
launchpad_reward_state_debt_100_filetest.gno	Remaining launch-deposit withdraw 100 CollectDepositGns index=58	execution-segment-repricing	7575358	7802863	227505	-2291	-1470	821	221529	0	0	229100	147000	82100	227.505	82327.505	+0.082100	+0.000228	+0.082328
launchpad_reward_state_debt_100_filetest.gno	Remaining launch-deposit withdraw 100 CollectDepositGns index=59	execution-segment-repricing	7576949	7804454	227505	-5770	-4949	821	221529	0	0	577000	494900	82100	227.505	82327.505	+0.082100	+0.000228	+0.082328
launchpad_reward_state_debt_100_filetest.gno	Remaining launch-deposit withdraw 100 CollectDepositGns index=60	execution-segment-repricing	7475155	7702660	227505	-2291	-1470	821	221529	0	0	229100	147000	82100	227.505	82327.505	+0.082100	+0.000228	+0.082328
launchpad_reward_state_debt_100_filetest.gno	Remaining launch-deposit withdraw 100 CollectDepositGns index=61	execution-segment-repricing	7474202	7701707	227505	-2291	-1470	821	221529	0	0	229100	147000	82100	227.505	82327.505	+0.082100	+0.000228	+0.082328
launchpad_reward_state_debt_100_filetest.gno	Remaining launch-deposit withdraw 100 CollectDepositGns index=62	execution-segment-repricing	7463577	7691082	227505	-2291	-1470	821	221529	0	0	229100	147000	82100	227.505	82327.505	+0.082100	+0.000228	+0.082328
launchpad_reward_state_debt_100_filetest.gno	Remaining launch-deposit withdraw 100 CollectDepositGns index=63	execution-segment-repricing	7461889	7689394	227505	-2291	-1470	821	221529	0	0	229100	147000	82100	227.505	82327.505	+0.082100	+0.000228	+0.082328
launchpad_reward_state_debt_100_filetest.gno	Remaining launch-deposit withdraw 100 CollectDepositGns index=64	execution-segment-repricing	7460936	7688441	227505	-2291	-1470	821	221529	0	0	229100	147000	82100	227.505	82327.505	+0.082100	+0.000228	+0.082328
launchpad_reward_state_debt_100_filetest.gno	Remaining launch-deposit withdraw 100 CollectDepositGns index=65	execution-segment-repricing	7458513	7686018	227505	-2291	-1470	821	221529	0	0	229100	147000	82100	227.505	82327.505	+0.082100	+0.000228	+0.082328
launchpad_reward_state_debt_100_filetest.gno	Remaining launch-deposit withdraw 100 CollectDepositGns index=66	execution-segment-repricing	7457560	7685065	227505	-2291	-1470	821	221529	0	0	229100	147000	82100	227.505	82327.505	+0.082100	+0.000228	+0.082328
launchpad_reward_state_debt_100_filetest.gno	Remaining launch-deposit withdraw 100 CollectDepositGns index=67	execution-segment-repricing	7563987	7791492	227505	-5770	-4949	821	221529	0	0	577000	494900	82100	227.505	82327.505	+0.082100	+0.000228	+0.082328
launchpad_reward_state_debt_100_filetest.gno	Remaining launch-deposit withdraw 100 CollectDepositGns index=68	execution-segment-repricing	7465597	7693102	227505	-2291	-1470	821	221529	0	0	229100	147000	82100	227.505	82327.505	+0.082100	+0.000228	+0.082328
launchpad_reward_state_debt_100_filetest.gno	Remaining launch-deposit withdraw 100 CollectDepositGns index=69	execution-segment-repricing	7464644	7692149	227505	-2291	-1470	821	221529	0	0	229100	147000	82100	227.505	82327.505	+0.082100	+0.000228	+0.082328
launchpad_reward_state_debt_100_filetest.gno	Remaining launch-deposit withdraw 100 CollectDepositGns index=70	execution-segment-repricing	7454019	7681524	227505	-2291	-1470	821	221529	0	0	229100	147000	82100	227.505	82327.505	+0.082100	+0.000228	+0.082328
launchpad_reward_state_debt_100_filetest.gno	Remaining launch-deposit withdraw 100 CollectDepositGns index=71	execution-segment-repricing	7453066	7680571	227505	-2291	-1470	821	221529	0	0	229100	147000	82100	227.505	82327.505	+0.082100	+0.000228	+0.082328
launchpad_reward_state_debt_100_filetest.gno	Remaining launch-deposit withdraw 100 CollectDepositGns index=72	execution-segment-repricing	7450646	7678151	227505	-2291	-1470	821	221529	0	0	229100	147000	82100	227.505	82327.505	+0.082100	+0.000228	+0.082328
launchpad_reward_state_debt_100_filetest.gno	Remaining launch-deposit withdraw 100 CollectDepositGns index=73	execution-segment-repricing	7449693	7677198	227505	-2291	-1470	821	221529	0	0	229100	147000	82100	227.505	82327.505	+0.082100	+0.000228	+0.082328
launchpad_reward_state_debt_100_filetest.gno	Remaining launch-deposit withdraw 100 CollectDepositGns index=74	execution-segment-repricing	7448005	7675510	227505	-2291	-1470	821	221529	0	0	229100	147000	82100	227.505	82327.505	+0.082100	+0.000228	+0.082328
launchpad_reward_state_debt_100_filetest.gno	Remaining launch-deposit withdraw 100 CollectDepositGns index=75	execution-segment-repricing	7579545	7807050	227505	-2291	-1470	821	221529	0	0	229100	147000	82100	227.505	82327.505	+0.082100	+0.000228	+0.082328
launchpad_reward_state_debt_100_filetest.gno	Remaining launch-deposit withdraw 100 CollectDepositGns index=76	execution-segment-repricing	7578592	7806097	227505	-2291	-1470	821	221529	0	0	229100	147000	82100	227.505	82327.505	+0.082100	+0.000228	+0.082328
launchpad_reward_state_debt_100_filetest.gno	Remaining launch-deposit withdraw 100 CollectDepositGns index=77	execution-segment-repricing	7567967	7795472	227505	-2291	-1470	821	221529	0	0	229100	147000	82100	227.505	82327.505	+0.082100	+0.000228	+0.082328
launchpad_reward_state_debt_100_filetest.gno	Remaining launch-deposit withdraw 100 CollectDepositGns index=78	execution-segment-repricing	7566279	7793784	227505	-2291	-1470	821	221529	0	0	229100	147000	82100	227.505	82327.505	+0.082100	+0.000228	+0.082328
launchpad_reward_state_debt_100_filetest.gno	Remaining launch-deposit withdraw 100 CollectDepositGns index=79	execution-segment-repricing	7565326	7792831	227505	-2291	-1470	821	221529	0	0	229100	147000	82100	227.505	82327.505	+0.082100	+0.000228	+0.082328
launchpad_reward_state_debt_100_filetest.gno	Remaining launch-deposit withdraw 100 CollectDepositGns index=80	execution-segment-repricing	7563635	7791140	227505	-2291	-1470	821	221529	0	0	229100	147000	82100	227.505	82327.505	+0.082100	+0.000228	+0.082328
launchpad_reward_state_debt_100_filetest.gno	Remaining launch-deposit withdraw 100 CollectDepositGns index=81	execution-segment-repricing	7562202	7789707	227505	-5770	-4949	821	221529	0	0	577000	494900	82100	227.505	82327.505	+0.082100	+0.000228	+0.082328
launchpad_reward_state_debt_100_filetest.gno	Remaining launch-deposit withdraw 100 CollectDepositGns index=82	execution-segment-repricing	7462736	7690241	227505	-2291	-1470	821	221529	0	0	229100	147000	82100	227.505	82327.505	+0.082100	+0.000228	+0.082328
launchpad_reward_state_debt_100_filetest.gno	Remaining launch-deposit withdraw 100 CollectDepositGns index=83	execution-segment-repricing	7461783	7689288	227505	-2291	-1470	821	221529	0	0	229100	147000	82100	227.505	82327.505	+0.082100	+0.000228	+0.082328
launchpad_reward_state_debt_100_filetest.gno	Remaining launch-deposit withdraw 100 CollectDepositGns index=84	execution-segment-repricing	7460095	7687600	227505	-2291	-1470	821	221529	0	0	229100	147000	82100	227.505	82327.505	+0.082100	+0.000228	+0.082328
launchpad_reward_state_debt_100_filetest.gno	Remaining launch-deposit withdraw 100 CollectDepositGns index=85	execution-segment-repricing	7459142	7686647	227505	-2291	-1470	821	221529	0	0	229100	147000	82100	227.505	82327.505	+0.082100	+0.000228	+0.082328
launchpad_reward_state_debt_100_filetest.gno	Remaining launch-deposit withdraw 100 CollectDepositGns index=86	execution-segment-repricing	7456719	7684224	227505	-2291	-1470	821	221529	0	0	229100	147000	82100	227.505	82327.505	+0.082100	+0.000228	+0.082328
launchpad_reward_state_debt_100_filetest.gno	Remaining launch-deposit withdraw 100 CollectDepositGns index=87	execution-segment-repricing	7455766	7683271	227505	-2291	-1470	821	221529	0	0	229100	147000	82100	227.505	82327.505	+0.082100	+0.000228	+0.082328
launchpad_reward_state_debt_100_filetest.gno	Remaining launch-deposit withdraw 100 CollectDepositGns index=88	execution-segment-repricing	7454078	7681583	227505	-2291	-1470	821	221529	0	0	229100	147000	82100	227.505	82327.505	+0.082100	+0.000228	+0.082328
launchpad_reward_state_debt_100_filetest.gno	Remaining launch-deposit withdraw 100 CollectDepositGns index=89	execution-segment-repricing	7542927	7770432	227505	-8913	-8092	821	221529	0	0	891300	809200	82100	227.505	82327.505	+0.082100	+0.000228	+0.082328
launchpad_reward_state_debt_100_filetest.gno	Remaining launch-deposit withdraw 100 CollectDepositGns index=90	execution-segment-repricing	7385197	7612702	227505	-2291	-1470	821	221529	0	0	229100	147000	82100	227.505	82327.505	+0.082100	+0.000228	+0.082328
launchpad_reward_state_debt_100_filetest.gno	Remaining launch-deposit withdraw 100 CollectDepositGns index=91	execution-segment-repricing	7383512	7611017	227505	-2291	-1470	821	221529	0	0	229100	147000	82100	227.505	82327.505	+0.082100	+0.000228	+0.082328
launchpad_reward_state_debt_100_filetest.gno	Remaining launch-deposit withdraw 100 CollectDepositGns index=92	execution-segment-repricing	7382559	7610064	227505	-2291	-1470	821	221529	0	0	229100	147000	82100	227.505	82327.505	+0.082100	+0.000228	+0.082328
launchpad_reward_state_debt_100_filetest.gno	Remaining launch-deposit withdraw 100 CollectDepositGns index=93	execution-segment-repricing	7380136	7607641	227505	-2291	-1470	821	221529	0	0	229100	147000	82100	227.505	82327.505	+0.082100	+0.000228	+0.082328
launchpad_reward_state_debt_100_filetest.gno	Remaining launch-deposit withdraw 100 CollectDepositGns index=94	execution-segment-repricing	7367267	7594772	227505	-2291	-1470	821	221529	0	0	229100	147000	82100	227.505	82327.505	+0.082100	+0.000228	+0.082328
launchpad_reward_state_debt_100_filetest.gno	Remaining launch-deposit withdraw 100 CollectDepositGns index=95	execution-segment-repricing	7365579	7593084	227505	-2291	-1470	821	221529	0	0	229100	147000	82100	227.505	82327.505	+0.082100	+0.000228	+0.082328
launchpad_reward_state_debt_100_filetest.gno	Remaining launch-deposit withdraw 100 CollectDepositGns index=96	execution-segment-repricing	7340746	7568251	227505	-2291	-1470	821	221529	0	0	229100	147000	82100	227.505	82327.505	+0.082100	+0.000228	+0.082328
launchpad_reward_state_debt_100_filetest.gno	Remaining launch-deposit withdraw 100 CollectDepositGns index=97	execution-segment-repricing	7428329	7655825	227496	-2285	-1464	821	221529	0	0	228500	146400	82100	227.496	82327.496	+0.082100	+0.000227	+0.082327
launchpad_reward_state_debt_100_filetest.gno	Remaining launch-deposit withdraw 100 CollectDepositGns index=98	execution-segment-repricing	7405788	7633284	227496	-2285	-1464	821	221529	0	0	228500	146400	82100	227.496	82327.496	+0.082100	+0.000227	+0.082327
launchpad_reward_state_debt_100_filetest.gno	Remaining launch-deposit withdraw 100 CollectDepositGns index=99	execution-segment-repricing	7404100	7631596	227496	-2285	-1464	821	221529	0	0	228500	146400	82100	227.496	82327.496	+0.082100	+0.000227	+0.082327
launchpad_reward_state_debt_100_filetest.gno	Remaining launch-deposit withdraw 100 CollectDepositGns index=100	execution-segment-repricing	7310688	7538184	227496	-8836	-8015	821	221529	0	0	883600	801500	82100	227.496	82327.496	+0.082100	+0.000227	+0.082327
launchpad_reward_state_debt_100_filetest.gno	Remaining launch-deposit refund 100 final	execution-segment-repricing	1213640	1213640	0	-2055	-2055	0	0	0	0	205500	205500	0	0	0	0.000000	0.000000	0.000000
launchpad_reward_state_debt_1_filetest.gno	Remaining launch-deposit allocation 1 CreateProject	execution-segment-repricing	7362086	7363508	1422	32744	32744	0	0	3274400	3274400	0	0	0	1.422	1.422	0.000000	+0.000001	+0.000001
launchpad_reward_state_debt_1_filetest.gno	Remaining launch-deposit allocation 1 DepositGns index=1	execution-segment-repricing	6376535	6623904	247369	24250	23435	-815	168792	2531000	2449500	106000	106000	-81500	247.369	-81252.631	-0.081500	+0.000247	-0.081253
launchpad_reward_state_debt_1_filetest.gno	Remaining launch-deposit reward 1 CollectReward index=1	execution-segment-repricing	3328048	3479597	151549	2070	2070	0	147686	207000	207000	0	0	0	151.549	151.549	0.000000	+0.000152	+0.000152
launchpad_reward_state_debt_1_filetest.gno	Remaining launch-deposit repeat 1 CollectReward same-time	execution-segment-repricing	2354046	2505964	151918	0	0	0	147686	0	0	0	0	0	151.918	151.918	0.000000	+0.000152	+0.000152
launchpad_reward_state_debt_1_filetest.gno	Remaining launch-deposit refund 1 before-withdraw	execution-segment-repricing	3675191	3675191	0	2028	2028	0	0	203400	203400	600	600	0	0	0	0.000000	0.000000	0.000000
launchpad_reward_state_debt_1_filetest.gno	Remaining launch-deposit withdraw 1 CollectDepositGns index=1	execution-segment-repricing	7270882	7498390	227508	-8248	-7433	815	221529	9600	9600	834400	752900	81500	227.508	81727.508	+0.081500	+0.000228	+0.081728
launchpad_transfer_left_from_project_filetest.gno	Launchpad TransferLeftFromProjectByAdmin	execution-segment-repricing	1268570	1268570	0	41	41	0	0	4100	4100	0	0	0	0	0	0.000000	0.000000	0.000000
pool_create_and_mint_filetest.gno	CreatePool	execution-segment-repricing	6718031	6718538	507	25361	25361	0	0	2536100	2536100	0	0	0	0.507	0.507	0.000000	+0.000001	+0.000001
pool_create_and_mint_filetest.gno	Mint (fee:3000, wide range)	execution-segment-repricing	31555821	31555824	3	22702	22702	0	0	2270200	2270200	0	0	0	0.003	0.003	0.000000	0.000000	0.000000
pool_swap_wugnot_gns_filetest.gno	Swap (gns -> wugnot, fee:500)	execution-segment-repricing	47051055	47051058	3	0	0	0	0	600	600	600	600	0	0.003	0.003	0.000000	0.000000	0.000000
position_decrease_liquidity_filetest.gno	DecreaseLiquidity	execution-segment-repricing	25630642	25630642	0	18	18	0	0	1800	1800	0	0	0	0	0	0.000000	0.000000	0.000000
position_increase_liquidity_filetest.gno	IncreaseLiquidity	execution-segment-repricing	23148004	23148004	0	-2084	-2084	0	0	5600	5600	214000	214000	0	0	0	0.000000	0.000000	0.000000
position_mint_filetest.gno	Mint (bar:foo:500)	execution-segment-repricing	29749968	29749971	3	22689	22689	0	0	2268900	2268900	0	0	0	0.003	0.003	0.000000	0.000000	0.000000
position_mint_with_gnot_filetest.gno	CollectFee (with unwrap)	execution-segment-repricing	7921566	7921569	3	44	44	0	0	4400	4400	0	0	0	0.003	0.003	0.000000	0.000000	0.000000
position_reposition_filetest.gno	DecreaseLiquidity (w. Remove)	execution-segment-repricing	22338548	22338551	3	62	62	0	0	6200	6200	0	0	0	0.003	0.003	0.000000	0.000000	0.000000
position_reposition_filetest.gno	Mint (reposition)	execution-segment-repricing	30576495	30576495	0	8619	8619	0	0	861900	861900	0	0	0	0	0	0.000000	0.000000	0.000000
position_stake_position_filetest.gno	SetPoolTier (tier 1)	execution-segment-repricing	4030471	4030471	0	47025	47025	0	0	4702500	4702500	0	0	0	0	0	0.000000	0.000000	0.000000
position_stake_position_filetest.gno	StakeToken	execution-segment-repricing	10617929	10617932	3	23393	23393	0	0	2445400	2445400	106100	106100	0	0.003	0.003	0.000000	0.000000	0.000000
raw_uint_tree_key_magnitude_filetest.gno	UintTree Set (0)	execution-segment-repricing	73225	75277	2052	0	0	0	0	0	0	0	0	0	2.052	2.052	0.000000	+0.000002	+0.000002
raw_uint_tree_key_magnitude_filetest.gno	UintTree Get (0)	execution-segment-repricing	56128	56128	0	0	0	0	0	0	0	0	0	0	0	0	0.000000	0.000000	0.000000
raw_uint_tree_key_magnitude_filetest.gno	UintTree Set (1)	execution-segment-repricing	57310	57310	0	0	0	0	0	0	0	0	0	0	0	0	0.000000	0.000000	0.000000
raw_uint_tree_key_magnitude_filetest.gno	UintTree Get (1)	execution-segment-repricing	56128	56128	0	0	0	0	0	0	0	0	0	0	0	0	0.000000	0.000000	0.000000
raw_uint_tree_key_magnitude_filetest.gno	UintTree Set (255)	execution-segment-repricing	57310	57310	0	0	0	0	0	0	0	0	0	0	0	0	0.000000	0.000000	0.000000
raw_uint_tree_key_magnitude_filetest.gno	UintTree Get (255)	execution-segment-repricing	56128	56128	0	0	0	0	0	0	0	0	0	0	0	0	0.000000	0.000000	0.000000
raw_uint_tree_key_magnitude_filetest.gno	UintTree Set (256)	execution-segment-repricing	57310	57310	0	0	0	0	0	0	0	0	0	0	0	0	0.000000	0.000000	0.000000
raw_uint_tree_key_magnitude_filetest.gno	UintTree Get (256)	execution-segment-repricing	56128	56128	0	0	0	0	0	0	0	0	0	0	0	0	0.000000	0.000000	0.000000
raw_uint_tree_key_magnitude_filetest.gno	UintTree Set (65535)	execution-segment-repricing	57310	57310	0	0	0	0	0	0	0	0	0	0	0	0	0.000000	0.000000	0.000000
raw_uint_tree_key_magnitude_filetest.gno	UintTree Get (65535)	execution-segment-repricing	56128	56128	0	0	0	0	0	0	0	0	0	0	0	0	0.000000	0.000000	0.000000
raw_uint_tree_key_magnitude_filetest.gno	UintTree Set (4294967295)	execution-segment-repricing	57310	57310	0	0	0	0	0	0	0	0	0	0	0	0	0.000000	0.000000	0.000000
raw_uint_tree_key_magnitude_filetest.gno	UintTree Get (4294967295)	execution-segment-repricing	56128	56128	0	0	0	0	0	0	0	0	0	0	0	0	0.000000	0.000000	0.000000
raw_uint_tree_key_magnitude_filetest.gno	UintTree Set (9223372036854775807)	execution-segment-repricing	57310	57310	0	0	0	0	0	0	0	0	0	0	0	0	0.000000	0.000000	0.000000
raw_uint_tree_key_magnitude_filetest.gno	UintTree Get (9223372036854775807)	execution-segment-repricing	56128	56128	0	0	0	0	0	0	0	0	0	0	0	0	0.000000	0.000000	0.000000
router_exact_in_single_swap_route_grc20_fee10000_filetest.gno	ExactInSingleSwapRoute(grc20) - fee:10000	execution-segment-repricing	26973823	26973829	6	9054	9054	0	0	906000	906000	600	600	0	0.006	0.006	0.000000	0.000000	0.000000
router_exact_in_single_swap_route_grc20_fee100_filetest.gno	ExactInSingleSwapRoute(grc20) - fee:100	execution-segment-repricing	31564543	31564549	6	9054	9054	0	0	906000	906000	600	600	0	0.006	0.006	0.000000	0.000000	0.000000
router_exact_in_single_swap_route_grc20_fee3000_filetest.gno	ExactInSingleSwapRoute(grc20) - fee:3000	execution-segment-repricing	27038160	27038166	6	9054	9054	0	0	906000	906000	600	600	0	0.006	0.006	0.000000	0.000000	0.000000
router_exact_in_single_swap_route_grc20_fee500_filetest.gno	ExactInSingleSwapRoute(grc20) - fee:500	execution-segment-repricing	26900397	26900403	6	9054	9054	0	0	906000	906000	600	600	0	0.006	0.006	0.000000	0.000000	0.000000
router_exact_in_swap_route_grc20_fee10000_filetest.gno	ExactInSwapRoute(grc20) - fee:10000	execution-segment-repricing	26212293	26212299	6	9054	9054	0	0	906000	906000	600	600	0	0.006	0.006	0.000000	0.000000	0.000000
router_exact_in_swap_route_grc20_fee100_filetest.gno	ExactInSwapRoute(grc20) - fee:100	execution-segment-repricing	30820317	30820323	6	9054	9054	0	0	906000	906000	600	600	0	0.006	0.006	0.000000	0.000000	0.000000
router_exact_in_swap_route_grc20_fee3000_filetest.gno	ExactInSwapRoute(grc20) - fee:3000	execution-segment-repricing	26285282	26285288	6	9054	9054	0	0	906000	906000	600	600	0	0.006	0.006	0.000000	0.000000	0.000000
router_exact_in_swap_route_grc20_fee500_filetest.gno	ExactInSwapRoute(grc20) - fee:500	execution-segment-repricing	26156171	26156177	6	9054	9054	0	0	906000	906000	600	600	0	0.006	0.006	0.000000	0.000000	0.000000
router_exact_out_single_swap_route_grc20_fee10000_filetest.gno	ExactOutSingleSwapRoute(grc20) - fee:10000	execution-segment-repricing	28806824	28806830	6	9054	9054	0	0	906000	906000	600	600	0	0.006	0.006	0.000000	0.000000	0.000000
router_exact_out_single_swap_route_grc20_fee100_filetest.gno	ExactOutSingleSwapRoute(grc20) - fee:100	execution-segment-repricing	33248320	33248326	6	9054	9054	0	0	906000	906000	600	600	0	0.006	0.006	0.000000	0.000000	0.000000
router_exact_out_single_swap_route_grc20_fee3000_filetest.gno	ExactOutSingleSwapRoute(grc20) - fee:3000	execution-segment-repricing	28747177	28747183	6	9054	9054	0	0	906000	906000	600	600	0	0.006	0.006	0.000000	0.000000	0.000000
router_exact_out_single_swap_route_grc20_fee500_filetest.gno	ExactOutSingleSwapRoute(grc20) - fee:500	execution-segment-repricing	28642962	28642968	6	9054	9054	0	0	906000	906000	600	600	0	0.006	0.006	0.000000	0.000000	0.000000
router_exact_out_swap_route_grc20_fee10000_filetest.gno	ExactOutSwapRoute(grc20) - fee:10000	execution-segment-repricing	28068329	28068335	6	9054	9054	0	0	906000	906000	600	600	0	0.006	0.006	0.000000	0.000000	0.000000
router_exact_out_swap_route_grc20_fee100_filetest.gno	ExactOutSwapRoute(grc20) - fee:100	execution-segment-repricing	32527129	32527135	6	9054	9054	0	0	906000	906000	600	600	0	0.006	0.006	0.000000	0.000000	0.000000
router_exact_out_swap_route_grc20_fee3000_filetest.gno	ExactOutSwapRoute(grc20) - fee:3000	execution-segment-repricing	28017334	28017340	6	9054	9054	0	0	906000	906000	600	600	0	0.006	0.006	0.000000	0.000000	0.000000
router_exact_out_swap_route_grc20_fee500_filetest.gno	ExactOutSwapRoute(grc20) - fee:500	execution-segment-repricing	27921771	27921777	6	9054	9054	0	0	906000	906000	600	600	0	0.006	0.006	0.000000	0.000000	0.000000
router_single_hop_route_filetest.gno	BuildSingleHopRoutePath	execution-segment-repricing	202459	204013	1554	0	0	0	0	0	0	0	0	0	1.554	1.554	0.000000	+0.000002	+0.000002
router_swap_multi_hop_filetest.gno	MultiHop ExactIn (2 hops)	execution-segment-repricing	52640746	52640752	6	9061	9061	0	0	907300	907300	1200	1200	0	0.006	0.006	0.000000	0.000000	0.000000
router_swap_multi_hop_filetest.gno	MultiHop ExactOut (2 hops)	execution-segment-repricing	73105182	73105182	0	76	76	0	0	7600	7600	0	0	0	0	0	0.000000	0.000000	0.000000
router_swap_multi_hop_filetest.gno	MultiHop ExactIn (3 hops)	execution-segment-repricing	72264029	72264029	0	33	33	0	0	4500	4500	1200	1200	0	0	0	0.000000	0.000000	0.000000
router_swap_multi_hop_filetest.gno	MultiHop ExactOut (3 hops)	execution-segment-repricing	110815944	110815944	0	0	0	0	0	0	0	0	0	0	0	0	0.000000	0.000000	0.000000
router_swap_multi_hop_filetest.gno	MultiRoute ExactIn (50:50 split)	execution-segment-repricing	71586063	71586063	0	0	0	0	0	600	600	600	600	0	0	0	0.000000	0.000000	0.000000
router_swap_multi_hop_filetest.gno	MultiRoute ExactOut (50:50 split)	execution-segment-repricing	96971305	96971305	0	4	4	0	0	400	400	0	0	0	0	0	0.000000	0.000000	0.000000
staker_collect_reward_filetest.gno	CollectReward (only Internal Reward)	execution-segment-repricing	13997438	13997438	0	11137	11137	0	0	1113700	1113700	0	0	0	0	0	0.000000	0.000000	0.000000
staker_collect_reward_filetest.gno	CollectReward 2nd (only Internal Reward)	execution-segment-repricing	13778831	13778831	0	40	40	0	0	4000	4000	0	0	0	0	0	0.000000	0.000000	0.000000
staker_collect_reward_incentive_token_count_filetest.gno	staker CollectReward (1 external-incentive token)	execution-segment-repricing	13624670	13624670	0	10026	10026	0	0	1002600	1002600	0	0	0	0	0	0.000000	0.000000	0.000000
staker_collect_reward_incentive_token_count_filetest.gno	staker CollectReward (2 external-incentive tokens)	execution-segment-repricing	20970488	20970488	0	4069	4069	0	0	406900	406900	0	0	0	0	0	0.000000	0.000000	0.000000
staker_collect_reward_incentive_token_count_filetest.gno	staker CollectReward (3 external-incentive tokens)	execution-segment-repricing	28630586	28630586	0	4502	4502	0	0	450200	450200	0	0	0	0	0	0.000000	0.000000	0.000000
staker_collect_reward_incentive_token_count_filetest.gno	staker CollectReward (4 external-incentive tokens)	execution-segment-repricing	36478899	36478899	0	5046	5046	0	0	504600	504600	0	0	0	0	0	0.000000	0.000000	0.000000
staker_collect_reward_position_growth_filetest.gno	storage growth: CollectReward 20 staked positions	execution-segment-repricing	15322698	15322698	0	62	62	0	0	6200	6200	0	0	0	0	0	0.000000	0.000000	0.000000
staker_collect_reward_position_growth_filetest.gno	storage growth: CollectReward 40 staked positions	execution-segment-repricing	15785077	15785077	0	0	0	0	0	0	0	0	0	0	0	0	0.000000	0.000000	0.000000
staker_collect_reward_position_growth_filetest.gno	storage growth: CollectReward 60 staked positions	execution-segment-repricing	15787567	15787567	0	0	0	0	0	0	0	0	0	0	0	0	0.000000	0.000000	0.000000
staker_collect_reward_position_growth_filetest.gno	storage growth: CollectReward 80 staked positions	execution-segment-repricing	15918844	15918844	0	0	0	0	0	0	0	0	0	0	0	0	0.000000	0.000000	0.000000
staker_collect_reward_position_growth_filetest.gno	storage growth: CollectReward 100 staked positions	execution-segment-repricing	15904575	15904575	0	0	0	0	0	0	0	0	0	0	0	0	0.000000	0.000000	0.000000
staker_collect_reward_with_external_rewards_1_filetest.gno	CollectReward With External Rewards (1 incentives)	execution-segment-repricing	22021186	22021186	0	14734	14734	0	0	1473400	1473400	0	0	0	0	0	0.000000	0.000000	0.000000
staker_collect_reward_with_external_rewards_1_filetest.gno	CollectReward With External Rewards 2nd (1 incentives)	execution-segment-repricing	21425192	21425192	0	31	31	0	0	3100	3100	0	0	0	0	0	0.000000	0.000000	0.000000
staker_collect_reward_with_external_rewards_5_filetest.gno	CollectReward With External Rewards (5 incentives)	execution-segment-repricing	53057905	53057905	0	28757	28757	0	0	2875700	2875700	0	0	0	0	0	0.000000	0.000000	0.000000
staker_collect_reward_with_external_rewards_5_filetest.gno	CollectReward With External Rewards 2nd (5 incentives)	execution-segment-repricing	51305551	51305551	0	52	52	0	0	5200	5200	0	0	0	0	0	0.000000	0.000000	0.000000
staker_collect_reward_with_warmup_range_filetest.gno	CollectReward with Warmup Range (30% ~ 30%)	execution-segment-repricing	14035434	14035434	0	11119	11119	0	0	1111900	1111900	0	0	0	0	0	0.000000	0.000000	0.000000
staker_collect_reward_with_warmup_range_filetest.gno	CollectReward with Warmup Range (30% ~ 50%)	execution-segment-repricing	16054353	16054353	0	58	58	0	0	5800	5800	0	0	0	0	0	0.000000	0.000000	0.000000
staker_collect_reward_with_warmup_range_filetest.gno	CollectReward with Warmup Range (30% ~ 70%)	execution-segment-repricing	18359219	18359219	0	18	18	0	0	1800	1800	0	0	0	0	0	0.000000	0.000000	0.000000
staker_collect_reward_with_warmup_range_filetest.gno	CollectReward with Warmup Range (30% ~ 100%)	execution-segment-repricing	20688012	20688012	0	18	18	0	0	1800	1800	0	0	0	0	0	0.000000	0.000000	0.000000
staker_collect_reward_with_warmup_range_filetest.gno	CollectReward with Warmup Range (100% ~)	execution-segment-repricing	13453682	13453682	0	-6	-6	0	0	0	0	600	600	0	0	0	0.000000	0.000000	0.000000
staker_collect_reward_with_warmup_range_filetest.gno	CollectReward with Warmup Range 2nd (100% ~)	execution-segment-repricing	13338329	13338329	0	0	0	0	0	0	0	0	0	0	0	0	0.000000	0.000000	0.000000
staker_create_external_incentive_filetest.gno	CreateExternalIncentive	execution-segment-repricing	3858805	3858805	0	66634	66634	0	0	6663400	6663400	0	0	0	0	0	0.000000	0.000000	0.000000
staker_end_external_incentive_filetest.gno	EndExternalIncentive	execution-segment-repricing	2312242	2312242	0	-1979	-1979	0	0	4500	4500	202400	202400	0	0	0	0.000000	0.000000	0.000000
staker_end_external_incentive_unclaimable100_filetest.gno	EndExternalIncentive (unclaimablePeriods=100)	execution-segment-repricing	2352154	2352154	0	147	147	0	0	14700	14700	0	0	0	0	0	0.000000	0.000000	0.000000
staker_end_external_incentive_unclaimable10_filetest.gno	EndExternalIncentive (unclaimablePeriods=10)	execution-segment-repricing	2301857	2301857	0	141	141	0	0	14100	14100	0	0	0	0	0	0.000000	0.000000	0.000000
staker_end_external_incentive_unclaimable50_filetest.gno	EndExternalIncentive (unclaimablePeriods=50)	execution-segment-repricing	2314287	2314287	0	141	141	0	0	14100	14100	0	0	0	0	0	0.000000	0.000000	0.000000
staker_halving_tick_cross_batch_10_filetest.gno	Swap (halving, 10 staked tick-crosses)	execution-segment-repricing	106403913	106403913	0	3729	3729	0	0	373500	373500	600	600	0	0	0	0.000000	0.000000	0.000000
staker_halving_tick_cross_batch_1_filetest.gno	Swap (halving, 1 staked tick-cross)	execution-segment-repricing	32197775	32197775	0	2813	2813	0	0	281900	281900	600	600	0	0	0	0.000000	0.000000	0.000000
staker_halving_tick_cross_batch_50_filetest.gno	Swap (halving, 50 staked tick-crosses)	execution-segment-repricing	445343810	445343810	0	7260	7260	0	0	726600	726600	600	600	0	0	0	0.000000	0.000000	0.000000
staker_tick_cross_batch_no_halving_10_filetest.gno	Swap (no halving, 10 staked tick-crosses)	execution-segment-repricing	94229033	94229033	0	-7110	-7110	0	0	40300	40300	751300	751300	0	0	0	0.000000	0.000000	0.000000
staker_tick_cross_batch_no_halving_1_filetest.gno	Swap (no halving, 1 staked tick-cross)	execution-segment-repricing	26002108	26002108	0	-7684	-7684	0	0	4500	4500	772900	772900	0	0	0	0.000000	0.000000	0.000000
staker_tick_cross_batch_no_halving_50_filetest.gno	Swap (no halving, 50 staked tick-crosses)	execution-segment-repricing	406594608	406594608	0	-5108	-5108	0	0	174600	174600	685400	685400	0	0	0	0.000000	0.000000	0.000000
version_manager_filetest.gno	RegisterInitializer (v1)	execution-segment-repricing	71548	71548	0	0	0	0	0	0	0	0	0	0	0	0	0.000000	0.000000	0.000000
version_manager_filetest.gno	RegisterInitializer (v2)	execution-segment-repricing	55268	55268	0	0	0	0	0	0	0	0	0	0	0	0	0.000000	0.000000	0.000000
