fixture	label	scope	baseline_gas	candidate_gas	gas_delta	baseline_net_bytes	candidate_net_bytes	storage_delta_bytes	cpu_delta	baseline_deposits_ugnot	candidate_deposits_ugnot	baseline_refunds_ugnot	candidate_refunds_ugnot	storage_delta_ugnot	gas_fee_delta_ugnot	net_delta_ugnot	storage_delta_gnot	gas_fee_delta_gnot	net_delta_gnot
common_filetest.gno	TickMathGetSqrtRatioAtTick (minTick)	execution-segment-repricing	1689865	1689865	0	0	0	0	0	0	0	0	0	0	0	0	0.000000	0.000000	0.000000
common_filetest.gno	TickMathGetSqrtRatioAtTick (maxTick)	execution-segment-repricing	2058854	2058854	0	0	0	0	0	0	0	0	0	0	0	0	0.000000	0.000000	0.000000
common_filetest.gno	TickMathGetSqrtRatioAtTick (zero)	execution-segment-repricing	334802	334802	0	0	0	0	0	0	0	0	0	0	0	0	0.000000	0.000000	0.000000
common_filetest.gno	TickMathGetSqrtRatioAtTick	execution-segment-repricing	1527883	1527883	0	0	0	0	0	0	0	0	0	0	0	0	0.000000	0.000000	0.000000
common_filetest.gno	TickMathGetTickAtSqrtRatio	execution-segment-repricing	3863554	3863554	0	0	0	0	0	0	0	0	0	0	0	0	0.000000	0.000000	0.000000
common_filetest.gno	GetLiquidityForAmounts	execution-segment-repricing	3211535	3211535	0	0	0	0	0	0	0	0	0	0	0	0	0.000000	0.000000	0.000000
common_filetest.gno	GetAmountsForLiquidity	execution-segment-repricing	2981525	2981525	0	0	0	0	0	0	0	0	0	0	0	0	0.000000	0.000000	0.000000
common_filetest.gno	LiquidityMathAddDelta (positive)	execution-segment-repricing	449547	449547	0	0	0	0	0	0	0	0	0	0	0	0	0.000000	0.000000	0.000000
common_filetest.gno	LiquidityMathAddDelta (negative)	execution-segment-repricing	471588	471588	0	0	0	0	0	0	0	0	0	0	0	0	0.000000	0.000000	0.000000
common_filetest.gno	LiquidityMathAddDelta	execution-segment-repricing	437865	437865	0	0	0	0	0	0	0	0	0	0	0	0	0.000000	0.000000	0.000000
gnsmath_filetest.gno	GetAmount0Delta	execution-segment-repricing	3631434	3631434	0	0	0	0	0	0	0	0	0	0	0	0	0.000000	0.000000	0.000000
gnsmath_filetest.gno	GetAmount1Delta	execution-segment-repricing	2329750	2329750	0	0	0	0	0	0	0	0	0	0	0	0	0.000000	0.000000	0.000000
gnsmath_filetest.gno	SwapMathComputeSwapStep	execution-segment-repricing	4232740	4232740	0	0	0	0	0	0	0	0	0	0	0	0	0.000000	0.000000	0.000000
gov_governance_propose_community_pool_spend_filetest.gno	Propose Community Pool Spend	execution-segment-repricing	2446272	2444859	-1413	20560	20560	0	0	2056000	2056000	0	0	0	-1.413	-1.413	0.000000	-0.000001	-0.000001
gov_governance_propose_parameter_change_filetest.gno	Propose Parameter Change	execution-segment-repricing	2992330	2990917	-1413	19532	19532	0	0	1953200	1953200	0	0	0	-1.413	-1.413	0.000000	-0.000001	-0.000001
gov_governance_propose_parameter_change_filetest.gno	Vote	execution-segment-repricing	1020769	1020769	0	4488	4488	0	0	448800	448800	0	0	0	0	0	0.000000	0.000000	0.000000
gov_governance_propose_parameter_change_filetest.gno	Execute	execution-segment-repricing	2528088	2528088	0	76	76	0	0	7600	7600	0	0	0	0	0	0.000000	0.000000	0.000000
gov_governance_propose_text_filetest.gno	Propose Text	execution-segment-repricing	1931909	1930496	-1413	18333	18333	0	0	1833300	1833300	0	0	0	-1.413	-1.413	0.000000	-0.000001	-0.000001
gov_governance_propose_text_with_incative_proposals_filetest.gno	Propose Text with Inactive: 100	execution-segment-repricing	2347937	2347937	0	8501	8501	0	0	850100	850100	0	0	0	0	0	0.000000	0.000000	0.000000
gov_staker_collect_gns_delegation100_withdraw1_filetest.gno	CollectUndelegatedGns (100 delegations, 1 withdraws)	execution-segment-repricing	25137184	25136917	-267	0	0	0	0	0	0	0	0	0	-0.267	-0.267	0.000000	0.000000	0.000000
gov_staker_collect_gns_delegation10_withdraw10_filetest.gno	CollectUndelegatedGns (10 delegations, 10 withdraws)	execution-segment-repricing	4375656	4375656	0	0	0	0	0	0	0	0	0	0	0	0	0.000000	0.000000	0.000000
gov_staker_collect_gns_delegation10_withdraw1_filetest.gno	CollectUndelegatedGns (10 delegations, 1 withdraws)	execution-segment-repricing	2337066	2337066	0	0	0	0	0	0	0	0	0	0	0	0	0.000000	0.000000	0.000000
gov_staker_collect_gns_delegation10_withdraw50_filetest.gno	CollectUndelegatedGns (10 delegations, 50 withdraws)	execution-segment-repricing	13436356	13436056	-300	18	0	-18	0	1800	0	0	0	-1800	-0.3	-1800.3	-0.001800	0.000000	-0.001800
gov_staker_collect_gns_delegation10_withdraw5_filetest.gno	CollectUndelegatedGns (10 delegations, 5 withdraws)	execution-segment-repricing	3243106	3243106	0	0	0	0	0	0	0	0	0	0	0	0	0.000000	0.000000	0.000000
gov_staker_collect_gns_delegation1_withdraw10_filetest.gno	CollectUndelegatedGns (1 delegation, 10 withdraws)	execution-segment-repricing	611169	611169	0	0	0	0	0	0	0	0	0	0	0	0	0.000000	0.000000	0.000000
gov_staker_collect_gns_delegation1_withdraw1_filetest.gno	CollectUndelegatedGns (1 delegation, 1 withdraws)	execution-segment-repricing	407310	407310	0	0	0	0	0	0	0	0	0	0	0	0	0.000000	0.000000	0.000000
gov_staker_collect_gns_delegation1_withdraw50_filetest.gno	CollectUndelegatedGns (1 delegation, 50 withdraws)	execution-segment-repricing	1517209	1517209	0	0	0	0	0	0	0	0	0	0	0	0	0.000000	0.000000	0.000000
gov_staker_collect_gns_delegation1_withdraw5_filetest.gno	CollectUndelegatedGns (1 delegation, 5 withdraws)	execution-segment-repricing	497914	497914	0	0	0	0	0	0	0	0	0	0	0	0	0.000000	0.000000	0.000000
gov_staker_collect_reward_delegation100_withdraw1_filetest.gno	CollectReward (100 delegations, 1 withdraws)	execution-segment-repricing	3457652	3737250	279598	2333	1513	-820	286789	243200	161200	9900	9900	-82000	279.598	-81720.402	-0.082000	+0.000280	-0.081720
gov_staker_collect_reward_delegation10_withdraw10_filetest.gno	CollectReward (10 delegations, 10 withdraws)	execution-segment-repricing	3457562	3737211	279649	2323	1508	-815	286789	242200	160700	9900	9900	-81500	279.649	-81220.351	-0.081500	+0.000280	-0.081220
gov_staker_collect_reward_delegation10_withdraw1_filetest.gno	CollectReward (10 delegations, 1 withdraws)	execution-segment-repricing	3453774	3733423	279649	2323	1508	-815	286789	242200	160700	9900	9900	-81500	279.649	-81220.351	-0.081500	+0.000280	-0.081220
gov_staker_collect_reward_delegation10_withdraw50_filetest.gno	CollectReward (10 delegations, 50 withdraws)	execution-segment-repricing	3456495	3736144	279649	2323	1508	-815	286789	242200	160700	9900	9900	-81500	279.649	-81220.351	-0.081500	+0.000280	-0.081220
gov_staker_collect_reward_delegation10_withdraw5_filetest.gno	CollectReward (10 delegations, 5 withdraws)	execution-segment-repricing	3450571	3730220	279649	2323	1508	-815	286789	242200	160700	9900	9900	-81500	279.649	-81220.351	-0.081500	+0.000280	-0.081220
gov_staker_collect_reward_delegation1_withdraw10_filetest.gno	CollectReward (1 delegation, 10 withdraws)	execution-segment-repricing	3527694	3807343	279649	2395	1580	-815	286789	249400	167900	9900	9900	-81500	279.649	-81220.351	-0.081500	+0.000280	-0.081220
gov_staker_collect_reward_delegation1_withdraw1_filetest.gno	CollectReward (1 delegation, 1 withdraws)	execution-segment-repricing	3703280	3982929	279649	2395	1580	-815	286789	249400	167900	9900	9900	-81500	279.649	-81220.351	-0.081500	+0.000280	-0.081220
gov_staker_collect_reward_delegation1_withdraw50_filetest.gno	CollectReward (1 delegation, 50 withdraws)	execution-segment-repricing	3524491	3804140	279649	2395	1580	-815	286789	249400	167900	9900	9900	-81500	279.649	-81220.351	-0.081500	+0.000280	-0.081220
gov_staker_collect_reward_delegation1_withdraw5_filetest.gno	CollectReward (1 delegation, 5 withdraws)	execution-segment-repricing	3525648	3805297	279649	2395	1580	-815	286789	249400	167900	9900	9900	-81500	279.649	-81220.351	-0.081500	+0.000280	-0.081220
gov_staker_collect_reward_pf_token_count_filetest.gno	gov/staker CollectReward (1 protocol-fee tokens)	execution-segment-repricing	3734304	4013953	279649	368	-447	-815	286789	248900	167400	212100	212100	-81500	279.649	-81220.351	-0.081500	+0.000280	-0.081220
gov_staker_collect_reward_pf_token_count_filetest.gno	gov/staker CollectReward (2 protocol-fee tokens)	execution-segment-repricing	5878949	6327194	448245	-1860	-2675	-815	457850	238200	156700	424200	424200	-81500	448.245	-81051.755	-0.081500	+0.000448	-0.081052
gov_staker_collect_reward_pf_token_count_filetest.gno	gov/staker CollectReward (3 protocol-fee tokens)	execution-segment-repricing	8145528	8761704	616176	-3992	-4807	-815	628984	238200	156700	637400	637400	-81500	616.176	-80883.824	-0.081500	+0.000616	-0.080884
gov_staker_collect_reward_pf_token_count_filetest.gno	gov/staker CollectReward (4 protocol-fee tokens)	execution-segment-repricing	10422521	11205890	783369	-6122	-6937	-815	800118	238200	156700	850400	850400	-81500	783.369	-80716.631	-0.081500	+0.000783	-0.080717
gov_staker_collect_reward_pf_token_count_filetest.gno	gov/staker CollectReward (4 protocol-fee tokens but zero amount)	execution-segment-repricing	1710374	2124658	414284	0	0	0	417067	0	0	0	0	0	414.284	414.284	0.000000	+0.000414	+0.000414
gov_staker_delegate_undelegate_filetest.gno	Delegate	execution-segment-repricing	5040381	5220344	179963	38285	38286	1	175952	3828500	3828600	0	0	100	179.963	279.963	+0.000100	+0.000180	+0.000280
gov_staker_delegate_undelegate_filetest.gno	Undelegate	execution-segment-repricing	2285337	2455256	169919	840	840	0	175952	84000	84000	0	0	0	169.919	169.919	0.000000	+0.000170	+0.000170
gov_staker_optimizations_filetest.gno	Undelegate (5 delegations, cached external calls)	execution-segment-repricing	9736331	10592991	856660	3510	3510	0	879760	351000	351000	0	0	0	856.66	856.66	0.000000	+0.000857	+0.000857
gov_staker_optimizations_filetest.gno	Delegate (cached external calls)	execution-segment-repricing	3053120	3224452	171332	3210	3210	0	175952	321000	321000	0	0	0	171.332	171.332	0.000000	+0.000171	+0.000171
gov_staker_optimizations_filetest.gno	Undelegate (early exit, 3 of 10 delegations)	execution-segment-repricing	6675031	7189027	513996	2088	2088	0	527856	208800	208800	0	0	0	513.996	513.996	0.000000	+0.000514	+0.000514
gov_staker_redelegate_filetest.gno	Redelegate	execution-segment-repricing	4375981	4717232	341251	1423	1423	0	351904	142300	142300	0	0	0	341.251	341.251	0.000000	+0.000341	+0.000341
gov_staker_redelegate_many_delegations_filetest.gno	Redelegate (50 of 100 delegations, optimized)	execution-segment-repricing	123677093	132411641	8734548	-118826	-118821	5	8973552	0	0	11882600	11882100	500	8734.548	9234.548	+0.000500	+0.008735	+0.009235
gov_staker_remaining_emission_accumulator_filetest.gno	Remaining gov emission accumulator delegate allocation	execution-segment-repricing	6119509	6295389	175880	46566	46567	1	175952	4656600	4656700	0	0	100	175.88	275.88	+0.000100	+0.000176	+0.000276
gov_staker_remaining_emission_accumulator_filetest.gno	Remaining gov emission accumulator repeat-1 claim-1	execution-segment-repricing	2583247	2747466	164219	36	36	0	168694	3600	3600	0	0	0	164.219	164.219	0.000000	+0.000164	+0.000164
gov_staker_remaining_emission_accumulator_filetest.gno	Remaining gov emission accumulator repeat-10 claim-1	execution-segment-repricing	2575278	2739497	164219	0	0	0	168694	0	0	0	0	0	164.219	164.219	0.000000	+0.000164	+0.000164
gov_staker_remaining_emission_accumulator_filetest.gno	Remaining gov emission accumulator repeat-10 claim-2	execution-segment-repricing	2574304	2738523	164219	0	0	0	168694	0	0	0	0	0	164.219	164.219	0.000000	+0.000164	+0.000164
gov_staker_remaining_emission_accumulator_filetest.gno	Remaining gov emission accumulator repeat-10 claim-3	execution-segment-repricing	2575278	2739497	164219	0	0	0	168694	0	0	0	0	0	164.219	164.219	0.000000	+0.000164	+0.000164
gov_staker_remaining_emission_accumulator_filetest.gno	Remaining gov emission accumulator repeat-10 claim-4	execution-segment-repricing	2574304	2738523	164219	0	0	0	168694	0	0	0	0	0	164.219	164.219	0.000000	+0.000164	+0.000164
gov_staker_remaining_emission_accumulator_filetest.gno	Remaining gov emission accumulator repeat-10 claim-5	execution-segment-repricing	2575278	2739497	164219	0	0	0	168694	0	0	0	0	0	164.219	164.219	0.000000	+0.000164	+0.000164
gov_staker_remaining_emission_accumulator_filetest.gno	Remaining gov emission accumulator repeat-10 claim-6	execution-segment-repricing	2574304	2738523	164219	0	0	0	168694	0	0	0	0	0	164.219	164.219	0.000000	+0.000164	+0.000164
gov_staker_remaining_emission_accumulator_filetest.gno	Remaining gov emission accumulator repeat-10 claim-7	execution-segment-repricing	2574791	2739010	164219	0	0	0	168694	0	0	0	0	0	164.219	164.219	0.000000	+0.000164	+0.000164
gov_staker_remaining_emission_accumulator_filetest.gno	Remaining gov emission accumulator repeat-10 claim-8	execution-segment-repricing	2589324	2753543	164219	0	0	0	168694	0	0	0	0	0	164.219	164.219	0.000000	+0.000164	+0.000164
gov_staker_remaining_emission_accumulator_filetest.gno	Remaining gov emission accumulator repeat-10 claim-9	execution-segment-repricing	2591645	2755864	164219	0	0	0	168694	0	0	0	0	0	164.219	164.219	0.000000	+0.000164	+0.000164
gov_staker_remaining_emission_accumulator_filetest.gno	Remaining gov emission accumulator repeat-10 claim-10	execution-segment-repricing	2592619	2756838	164219	0	0	0	168694	0	0	0	0	0	164.219	164.219	0.000000	+0.000164	+0.000164
gov_staker_remaining_emission_accumulator_filetest.gno	Remaining gov emission accumulator repeat-100 claim-1	execution-segment-repricing	2591645	2755864	164219	0	0	0	168694	0	0	0	0	0	164.219	164.219	0.000000	+0.000164	+0.000164
gov_staker_remaining_emission_accumulator_filetest.gno	Remaining gov emission accumulator repeat-100 claim-2	execution-segment-repricing	2592619	2756838	164219	0	0	0	168694	0	0	0	0	0	164.219	164.219	0.000000	+0.000164	+0.000164
gov_staker_remaining_emission_accumulator_filetest.gno	Remaining gov emission accumulator repeat-100 claim-3	execution-segment-repricing	2591756	2755975	164219	6	6	0	168694	600	600	0	0	0	164.219	164.219	0.000000	+0.000164	+0.000164
gov_staker_remaining_emission_accumulator_filetest.gno	Remaining gov emission accumulator repeat-100 claim-4	execution-segment-repricing	2588948	2753167	164219	0	0	0	168694	0	0	0	0	0	164.219	164.219	0.000000	+0.000164	+0.000164
gov_staker_remaining_emission_accumulator_filetest.gno	Remaining gov emission accumulator repeat-100 claim-5	execution-segment-repricing	2592243	2756462	164219	0	0	0	168694	0	0	0	0	0	164.219	164.219	0.000000	+0.000164	+0.000164
gov_staker_remaining_emission_accumulator_filetest.gno	Remaining gov emission accumulator repeat-100 claim-6	execution-segment-repricing	2592243	2756462	164219	0	0	0	168694	0	0	0	0	0	164.219	164.219	0.000000	+0.000164	+0.000164
gov_staker_remaining_emission_accumulator_filetest.gno	Remaining gov emission accumulator repeat-100 claim-7	execution-segment-repricing	2592730	2756949	164219	0	0	0	168694	0	0	0	0	0	164.219	164.219	0.000000	+0.000164	+0.000164
gov_staker_remaining_emission_accumulator_filetest.gno	Remaining gov emission accumulator repeat-100 claim-8	execution-segment-repricing	2591756	2755975	164219	0	0	0	168694	0	0	0	0	0	164.219	164.219	0.000000	+0.000164	+0.000164
gov_staker_remaining_emission_accumulator_filetest.gno	Remaining gov emission accumulator repeat-100 claim-9	execution-segment-repricing	2588948	2753167	164219	0	0	0	168694	0	0	0	0	0	164.219	164.219	0.000000	+0.000164	+0.000164
gov_staker_remaining_emission_accumulator_filetest.gno	Remaining gov emission accumulator repeat-100 claim-10	execution-segment-repricing	2591756	2755975	164219	0	0	0	168694	0	0	0	0	0	164.219	164.219	0.000000	+0.000164	+0.000164
gov_staker_remaining_emission_accumulator_filetest.gno	Remaining gov emission accumulator repeat-100 claim-11	execution-segment-repricing	2588948	2753167	164219	0	0	0	168694	0	0	0	0	0	164.219	164.219	0.000000	+0.000164	+0.000164
gov_staker_remaining_emission_accumulator_filetest.gno	Remaining gov emission accumulator repeat-100 claim-12	execution-segment-repricing	2591756	2755975	164219	0	0	0	168694	0	0	0	0	0	164.219	164.219	0.000000	+0.000164	+0.000164
gov_staker_remaining_emission_accumulator_filetest.gno	Remaining gov emission accumulator repeat-100 claim-13	execution-segment-repricing	2592243	2756462	164219	0	0	0	168694	0	0	0	0	0	164.219	164.219	0.000000	+0.000164	+0.000164
gov_staker_remaining_emission_accumulator_filetest.gno	Remaining gov emission accumulator repeat-100 claim-14	execution-segment-repricing	2592730	2756949	164219	0	0	0	168694	0	0	0	0	0	164.219	164.219	0.000000	+0.000164	+0.000164
gov_staker_remaining_emission_accumulator_filetest.gno	Remaining gov emission accumulator repeat-100 claim-15	execution-segment-repricing	2592243	2756462	164219	0	0	0	168694	0	0	0	0	0	164.219	164.219	0.000000	+0.000164	+0.000164
gov_staker_remaining_emission_accumulator_filetest.gno	Remaining gov emission accumulator repeat-100 claim-16	execution-segment-repricing	2592730	2756949	164219	0	0	0	168694	0	0	0	0	0	164.219	164.219	0.000000	+0.000164	+0.000164
gov_staker_remaining_emission_accumulator_filetest.gno	Remaining gov emission accumulator repeat-100 claim-17	execution-segment-repricing	2595008	2759227	164219	0	0	0	168694	0	0	0	0	0	164.219	164.219	0.000000	+0.000164	+0.000164
gov_staker_remaining_emission_accumulator_filetest.gno	Remaining gov emission accumulator repeat-100 claim-18	execution-segment-repricing	2591713	2755932	164219	0	0	0	168694	0	0	0	0	0	164.219	164.219	0.000000	+0.000164	+0.000164
gov_staker_remaining_emission_accumulator_filetest.gno	Remaining gov emission accumulator repeat-100 claim-19	execution-segment-repricing	2595008	2759227	164219	0	0	0	168694	0	0	0	0	0	164.219	164.219	0.000000	+0.000164	+0.000164
gov_staker_remaining_emission_accumulator_filetest.gno	Remaining gov emission accumulator repeat-100 claim-20	execution-segment-repricing	2591713	2755932	164219	0	0	0	168694	0	0	0	0	0	164.219	164.219	0.000000	+0.000164	+0.000164
gov_staker_remaining_emission_accumulator_filetest.gno	Remaining gov emission accumulator repeat-100 claim-21	execution-segment-repricing	2595495	2759714	164219	0	0	0	168694	0	0	0	0	0	164.219	164.219	0.000000	+0.000164	+0.000164
gov_staker_remaining_emission_accumulator_filetest.gno	Remaining gov emission accumulator repeat-100 claim-22	execution-segment-repricing	2595495	2759714	164219	0	0	0	168694	0	0	0	0	0	164.219	164.219	0.000000	+0.000164	+0.000164
gov_staker_remaining_emission_accumulator_filetest.gno	Remaining gov emission accumulator repeat-100 claim-23	execution-segment-repricing	2595982	2760201	164219	0	0	0	168694	0	0	0	0	0	164.219	164.219	0.000000	+0.000164	+0.000164
gov_staker_remaining_emission_accumulator_filetest.gno	Remaining gov emission accumulator repeat-100 claim-24	execution-segment-repricing	2595495	2759714	164219	0	0	0	168694	0	0	0	0	0	164.219	164.219	0.000000	+0.000164	+0.000164
gov_staker_remaining_emission_accumulator_filetest.gno	Remaining gov emission accumulator repeat-100 claim-25	execution-segment-repricing	2591133	2755352	164219	0	0	0	168694	0	0	0	0	0	164.219	164.219	0.000000	+0.000164	+0.000164
gov_staker_remaining_emission_accumulator_filetest.gno	Remaining gov emission accumulator repeat-100 claim-26	execution-segment-repricing	2594521	2758740	164219	0	0	0	168694	0	0	0	0	0	164.219	164.219	0.000000	+0.000164	+0.000164
gov_staker_remaining_emission_accumulator_filetest.gno	Remaining gov emission accumulator repeat-100 claim-27	execution-segment-repricing	2595008	2759227	164219	0	0	0	168694	0	0	0	0	0	164.219	164.219	0.000000	+0.000164	+0.000164
gov_staker_remaining_emission_accumulator_filetest.gno	Remaining gov emission accumulator repeat-100 claim-28	execution-segment-repricing	2595008	2759227	164219	0	0	0	168694	0	0	0	0	0	164.219	164.219	0.000000	+0.000164	+0.000164
gov_staker_remaining_emission_accumulator_filetest.gno	Remaining gov emission accumulator repeat-100 claim-29	execution-segment-repricing	2595008	2759227	164219	0	0	0	168694	0	0	0	0	0	164.219	164.219	0.000000	+0.000164	+0.000164
gov_staker_remaining_emission_accumulator_filetest.gno	Remaining gov emission accumulator repeat-100 claim-30	execution-segment-repricing	2595982	2760201	164219	0	0	0	168694	0	0	0	0	0	164.219	164.219	0.000000	+0.000164	+0.000164
gov_staker_remaining_emission_accumulator_filetest.gno	Remaining gov emission accumulator repeat-100 claim-31	execution-segment-repricing	2591713	2755932	164219	0	0	0	168694	0	0	0	0	0	164.219	164.219	0.000000	+0.000164	+0.000164
gov_staker_remaining_emission_accumulator_filetest.gno	Remaining gov emission accumulator repeat-100 claim-32	execution-segment-repricing	2595982	2760201	164219	0	0	0	168694	0	0	0	0	0	164.219	164.219	0.000000	+0.000164	+0.000164
gov_staker_remaining_emission_accumulator_filetest.gno	Remaining gov emission accumulator repeat-100 claim-33	execution-segment-repricing	2595008	2759227	164219	0	0	0	168694	0	0	0	0	0	164.219	164.219	0.000000	+0.000164	+0.000164
gov_staker_remaining_emission_accumulator_filetest.gno	Remaining gov emission accumulator repeat-100 claim-34	execution-segment-repricing	2595495	2759714	164219	0	0	0	168694	0	0	0	0	0	164.219	164.219	0.000000	+0.000164	+0.000164
gov_staker_remaining_emission_accumulator_filetest.gno	Remaining gov emission accumulator repeat-100 claim-35	execution-segment-repricing	2595008	2759227	164219	0	0	0	168694	0	0	0	0	0	164.219	164.219	0.000000	+0.000164	+0.000164
gov_staker_remaining_emission_accumulator_filetest.gno	Remaining gov emission accumulator repeat-100 claim-36	execution-segment-repricing	2595008	2759227	164219	0	0	0	168694	0	0	0	0	0	164.219	164.219	0.000000	+0.000164	+0.000164
gov_staker_remaining_emission_accumulator_filetest.gno	Remaining gov emission accumulator repeat-100 claim-37	execution-segment-repricing	2595495	2759714	164219	0	0	0	168694	0	0	0	0	0	164.219	164.219	0.000000	+0.000164	+0.000164
gov_staker_remaining_emission_accumulator_filetest.gno	Remaining gov emission accumulator repeat-100 claim-38	execution-segment-repricing	2595008	2759227	164219	0	0	0	168694	0	0	0	0	0	164.219	164.219	0.000000	+0.000164	+0.000164
gov_staker_remaining_emission_accumulator_filetest.gno	Remaining gov emission accumulator repeat-100 claim-39	execution-segment-repricing	2595495	2759714	164219	0	0	0	168694	0	0	0	0	0	164.219	164.219	0.000000	+0.000164	+0.000164
gov_staker_remaining_emission_accumulator_filetest.gno	Remaining gov emission accumulator repeat-100 claim-40	execution-segment-repricing	2591226	2755445	164219	0	0	0	168694	0	0	0	0	0	164.219	164.219	0.000000	+0.000164	+0.000164
gov_staker_remaining_emission_accumulator_filetest.gno	Remaining gov emission accumulator repeat-100 claim-41	execution-segment-repricing	2595495	2759714	164219	0	0	0	168694	0	0	0	0	0	164.219	164.219	0.000000	+0.000164	+0.000164
gov_staker_remaining_emission_accumulator_filetest.gno	Remaining gov emission accumulator repeat-100 claim-42	execution-segment-repricing	2591713	2755932	164219	0	0	0	168694	0	0	0	0	0	164.219	164.219	0.000000	+0.000164	+0.000164
gov_staker_remaining_emission_accumulator_filetest.gno	Remaining gov emission accumulator repeat-100 claim-43	execution-segment-repricing	2595495	2759714	164219	0	0	0	168694	0	0	0	0	0	164.219	164.219	0.000000	+0.000164	+0.000164
gov_staker_remaining_emission_accumulator_filetest.gno	Remaining gov emission accumulator repeat-100 claim-44	execution-segment-repricing	2595008	2759227	164219	0	0	0	168694	0	0	0	0	0	164.219	164.219	0.000000	+0.000164	+0.000164
gov_staker_remaining_emission_accumulator_filetest.gno	Remaining gov emission accumulator repeat-100 claim-45	execution-segment-repricing	2595008	2759227	164219	0	0	0	168694	0	0	0	0	0	164.219	164.219	0.000000	+0.000164	+0.000164
gov_staker_remaining_emission_accumulator_filetest.gno	Remaining gov emission accumulator repeat-100 claim-46	execution-segment-repricing	2595495	2759714	164219	0	0	0	168694	0	0	0	0	0	164.219	164.219	0.000000	+0.000164	+0.000164
gov_staker_remaining_emission_accumulator_filetest.gno	Remaining gov emission accumulator repeat-100 claim-47	execution-segment-repricing	2591226	2755445	164219	0	0	0	168694	0	0	0	0	0	164.219	164.219	0.000000	+0.000164	+0.000164
gov_staker_remaining_emission_accumulator_filetest.gno	Remaining gov emission accumulator repeat-100 claim-48	execution-segment-repricing	2595008	2759227	164219	0	0	0	168694	0	0	0	0	0	164.219	164.219	0.000000	+0.000164	+0.000164
gov_staker_remaining_emission_accumulator_filetest.gno	Remaining gov emission accumulator repeat-100 claim-49	execution-segment-repricing	2595008	2759227	164219	0	0	0	168694	0	0	0	0	0	164.219	164.219	0.000000	+0.000164	+0.000164
gov_staker_remaining_emission_accumulator_filetest.gno	Remaining gov emission accumulator repeat-100 claim-50	execution-segment-repricing	2595495	2759714	164219	0	0	0	168694	0	0	0	0	0	164.219	164.219	0.000000	+0.000164	+0.000164
gov_staker_remaining_emission_accumulator_filetest.gno	Remaining gov emission accumulator repeat-100 claim-51	execution-segment-repricing	2595008	2759227	164219	0	0	0	168694	0	0	0	0	0	164.219	164.219	0.000000	+0.000164	+0.000164
gov_staker_remaining_emission_accumulator_filetest.gno	Remaining gov emission accumulator repeat-100 claim-52	execution-segment-repricing	2595495	2759714	164219	0	0	0	168694	0	0	0	0	0	164.219	164.219	0.000000	+0.000164	+0.000164
gov_staker_remaining_emission_accumulator_filetest.gno	Remaining gov emission accumulator repeat-100 claim-53	execution-segment-repricing	2591713	2755932	164219	0	0	0	168694	0	0	0	0	0	164.219	164.219	0.000000	+0.000164	+0.000164
gov_staker_remaining_emission_accumulator_filetest.gno	Remaining gov emission accumulator repeat-100 claim-54	execution-segment-repricing	2591226	2755445	164219	0	0	0	168694	0	0	0	0	0	164.219	164.219	0.000000	+0.000164	+0.000164
gov_staker_remaining_emission_accumulator_filetest.gno	Remaining gov emission accumulator repeat-100 claim-55	execution-segment-repricing	2595008	2759227	164219	0	0	0	168694	0	0	0	0	0	164.219	164.219	0.000000	+0.000164	+0.000164
gov_staker_remaining_emission_accumulator_filetest.gno	Remaining gov emission accumulator repeat-100 claim-56	execution-segment-repricing	2595008	2759227	164219	0	0	0	168694	0	0	0	0	0	164.219	164.219	0.000000	+0.000164	+0.000164
gov_staker_remaining_emission_accumulator_filetest.gno	Remaining gov emission accumulator repeat-100 claim-57	execution-segment-repricing	2595495	2759714	164219	0	0	0	168694	0	0	0	0	0	164.219	164.219	0.000000	+0.000164	+0.000164
gov_staker_remaining_emission_accumulator_filetest.gno	Remaining gov emission accumulator repeat-100 claim-58	execution-segment-repricing	2595008	2759227	164219	0	0	0	168694	0	0	0	0	0	164.219	164.219	0.000000	+0.000164	+0.000164
gov_staker_remaining_emission_accumulator_filetest.gno	Remaining gov emission accumulator repeat-100 claim-59	execution-segment-repricing	2595982	2760201	164219	0	0	0	168694	0	0	0	0	0	164.219	164.219	0.000000	+0.000164	+0.000164
gov_staker_remaining_emission_accumulator_filetest.gno	Remaining gov emission accumulator repeat-100 claim-60	execution-segment-repricing	2595495	2759714	164219	0	0	0	168694	0	0	0	0	0	164.219	164.219	0.000000	+0.000164	+0.000164
gov_staker_remaining_emission_accumulator_filetest.gno	Remaining gov emission accumulator repeat-100 claim-61	execution-segment-repricing	2592200	2756419	164219	0	0	0	168694	0	0	0	0	0	164.219	164.219	0.000000	+0.000164	+0.000164
gov_staker_remaining_emission_accumulator_filetest.gno	Remaining gov emission accumulator repeat-100 claim-62	execution-segment-repricing	2591713	2755932	164219	0	0	0	168694	0	0	0	0	0	164.219	164.219	0.000000	+0.000164	+0.000164
gov_staker_remaining_emission_accumulator_filetest.gno	Remaining gov emission accumulator repeat-100 claim-63	execution-segment-repricing	2595008	2759227	164219	0	0	0	168694	0	0	0	0	0	164.219	164.219	0.000000	+0.000164	+0.000164
gov_staker_remaining_emission_accumulator_filetest.gno	Remaining gov emission accumulator repeat-100 claim-64	execution-segment-repricing	2595495	2759714	164219	0	0	0	168694	0	0	0	0	0	164.219	164.219	0.000000	+0.000164	+0.000164
gov_staker_remaining_emission_accumulator_filetest.gno	Remaining gov emission accumulator repeat-100 claim-65	execution-segment-repricing	2595495	2759714	164219	0	0	0	168694	0	0	0	0	0	164.219	164.219	0.000000	+0.000164	+0.000164
gov_staker_remaining_emission_accumulator_filetest.gno	Remaining gov emission accumulator repeat-100 claim-66	execution-segment-repricing	2595982	2760201	164219	0	0	0	168694	0	0	0	0	0	164.219	164.219	0.000000	+0.000164	+0.000164
gov_staker_remaining_emission_accumulator_filetest.gno	Remaining gov emission accumulator repeat-100 claim-67	execution-segment-repricing	2595982	2760201	164219	0	0	0	168694	0	0	0	0	0	164.219	164.219	0.000000	+0.000164	+0.000164
gov_staker_remaining_emission_accumulator_filetest.gno	Remaining gov emission accumulator repeat-100 claim-68	execution-segment-repricing	2595982	2760201	164219	0	0	0	168694	0	0	0	0	0	164.219	164.219	0.000000	+0.000164	+0.000164
gov_staker_remaining_emission_accumulator_filetest.gno	Remaining gov emission accumulator repeat-100 claim-69	execution-segment-repricing	2595495	2759714	164219	0	0	0	168694	0	0	0	0	0	164.219	164.219	0.000000	+0.000164	+0.000164
gov_staker_remaining_emission_accumulator_filetest.gno	Remaining gov emission accumulator repeat-100 claim-70	execution-segment-repricing	2595495	2759714	164219	0	0	0	168694	0	0	0	0	0	164.219	164.219	0.000000	+0.000164	+0.000164
gov_staker_remaining_emission_accumulator_filetest.gno	Remaining gov emission accumulator repeat-100 claim-71	execution-segment-repricing	2595008	2759227	164219	0	0	0	168694	0	0	0	0	0	164.219	164.219	0.000000	+0.000164	+0.000164
gov_staker_remaining_emission_accumulator_filetest.gno	Remaining gov emission accumulator repeat-100 claim-72	execution-segment-repricing	2596562	2760781	164219	0	0	0	168694	0	0	0	0	0	164.219	164.219	0.000000	+0.000164	+0.000164
gov_staker_remaining_emission_accumulator_filetest.gno	Remaining gov emission accumulator repeat-100 claim-73	execution-segment-repricing	2593267	2757486	164219	0	0	0	168694	0	0	0	0	0	164.219	164.219	0.000000	+0.000164	+0.000164
gov_staker_remaining_emission_accumulator_filetest.gno	Remaining gov emission accumulator repeat-100 claim-74	execution-segment-repricing	2596562	2760781	164219	0	0	0	168694	0	0	0	0	0	164.219	164.219	0.000000	+0.000164	+0.000164
gov_staker_remaining_emission_accumulator_filetest.gno	Remaining gov emission accumulator repeat-100 claim-75	execution-segment-repricing	2597049	2761268	164219	0	0	0	168694	0	0	0	0	0	164.219	164.219	0.000000	+0.000164	+0.000164
gov_staker_remaining_emission_accumulator_filetest.gno	Remaining gov emission accumulator repeat-100 claim-76	execution-segment-repricing	2593267	2757486	164219	0	0	0	168694	0	0	0	0	0	164.219	164.219	0.000000	+0.000164	+0.000164
gov_staker_remaining_emission_accumulator_filetest.gno	Remaining gov emission accumulator repeat-100 claim-77	execution-segment-repricing	2596562	2760781	164219	0	0	0	168694	0	0	0	0	0	164.219	164.219	0.000000	+0.000164	+0.000164
gov_staker_remaining_emission_accumulator_filetest.gno	Remaining gov emission accumulator repeat-100 claim-78	execution-segment-repricing	2596562	2760781	164219	0	0	0	168694	0	0	0	0	0	164.219	164.219	0.000000	+0.000164	+0.000164
gov_staker_remaining_emission_accumulator_filetest.gno	Remaining gov emission accumulator repeat-100 claim-79	execution-segment-repricing	2597049	2761268	164219	0	0	0	168694	0	0	0	0	0	164.219	164.219	0.000000	+0.000164	+0.000164
gov_staker_remaining_emission_accumulator_filetest.gno	Remaining gov emission accumulator repeat-100 claim-80	execution-segment-repricing	2596075	2760294	164219	0	0	0	168694	0	0	0	0	0	164.219	164.219	0.000000	+0.000164	+0.000164
gov_staker_remaining_emission_accumulator_filetest.gno	Remaining gov emission accumulator repeat-100 claim-81	execution-segment-repricing	2596562	2760781	164219	0	0	0	168694	0	0	0	0	0	164.219	164.219	0.000000	+0.000164	+0.000164
gov_staker_remaining_emission_accumulator_filetest.gno	Remaining gov emission accumulator repeat-100 claim-82	execution-segment-repricing	2596562	2760781	164219	0	0	0	168694	0	0	0	0	0	164.219	164.219	0.000000	+0.000164	+0.000164
gov_staker_remaining_emission_accumulator_filetest.gno	Remaining gov emission accumulator repeat-100 claim-83	execution-segment-repricing	2593267	2757486	164219	0	0	0	168694	0	0	0	0	0	164.219	164.219	0.000000	+0.000164	+0.000164
gov_staker_remaining_emission_accumulator_filetest.gno	Remaining gov emission accumulator repeat-100 claim-84	execution-segment-repricing	2592780	2756999	164219	0	0	0	168694	0	0	0	0	0	164.219	164.219	0.000000	+0.000164	+0.000164
gov_staker_remaining_emission_accumulator_filetest.gno	Remaining gov emission accumulator repeat-100 claim-85	execution-segment-repricing	2596562	2760781	164219	0	0	0	168694	0	0	0	0	0	164.219	164.219	0.000000	+0.000164	+0.000164
gov_staker_remaining_emission_accumulator_filetest.gno	Remaining gov emission accumulator repeat-100 claim-86	execution-segment-repricing	2597049	2761268	164219	0	0	0	168694	0	0	0	0	0	164.219	164.219	0.000000	+0.000164	+0.000164
gov_staker_remaining_emission_accumulator_filetest.gno	Remaining gov emission accumulator repeat-100 claim-87	execution-segment-repricing	2596562	2760781	164219	0	0	0	168694	0	0	0	0	0	164.219	164.219	0.000000	+0.000164	+0.000164
gov_staker_remaining_emission_accumulator_filetest.gno	Remaining gov emission accumulator repeat-100 claim-88	execution-segment-repricing	2597049	2761268	164219	0	0	0	168694	0	0	0	0	0	164.219	164.219	0.000000	+0.000164	+0.000164
gov_staker_remaining_emission_accumulator_filetest.gno	Remaining gov emission accumulator repeat-100 claim-89	execution-segment-repricing	2596075	2760294	164219	0	0	0	168694	0	0	0	0	0	164.219	164.219	0.000000	+0.000164	+0.000164
gov_staker_remaining_emission_accumulator_filetest.gno	Remaining gov emission accumulator repeat-100 claim-90	execution-segment-repricing	2592780	2756999	164219	0	0	0	168694	0	0	0	0	0	164.219	164.219	0.000000	+0.000164	+0.000164
gov_staker_remaining_emission_accumulator_filetest.gno	Remaining gov emission accumulator repeat-100 claim-91	execution-segment-repricing	2595588	2759807	164219	0	0	0	168694	0	0	0	0	0	164.219	164.219	0.000000	+0.000164	+0.000164
gov_staker_remaining_emission_accumulator_filetest.gno	Remaining gov emission accumulator repeat-100 claim-92	execution-segment-repricing	2596562	2760781	164219	0	0	0	168694	0	0	0	0	0	164.219	164.219	0.000000	+0.000164	+0.000164
gov_staker_remaining_emission_accumulator_filetest.gno	Remaining gov emission accumulator repeat-100 claim-93	execution-segment-repricing	2596562	2760781	164219	0	0	0	168694	0	0	0	0	0	164.219	164.219	0.000000	+0.000164	+0.000164
gov_staker_remaining_emission_accumulator_filetest.gno	Remaining gov emission accumulator repeat-100 claim-94	execution-segment-repricing	2596562	2760781	164219	0	0	0	168694	0	0	0	0	0	164.219	164.219	0.000000	+0.000164	+0.000164
gov_staker_remaining_emission_accumulator_filetest.gno	Remaining gov emission accumulator repeat-100 claim-95	execution-segment-repricing	2593267	2757486	164219	0	0	0	168694	0	0	0	0	0	164.219	164.219	0.000000	+0.000164	+0.000164
gov_staker_remaining_emission_accumulator_filetest.gno	Remaining gov emission accumulator repeat-100 claim-96	execution-segment-repricing	2596562	2760781	164219	0	0	0	168694	0	0	0	0	0	164.219	164.219	0.000000	+0.000164	+0.000164
gov_staker_remaining_emission_accumulator_filetest.gno	Remaining gov emission accumulator repeat-100 claim-97	execution-segment-repricing	2593267	2757486	164219	0	0	0	168694	0	0	0	0	0	164.219	164.219	0.000000	+0.000164	+0.000164
gov_staker_remaining_emission_accumulator_filetest.gno	Remaining gov emission accumulator repeat-100 claim-98	execution-segment-repricing	2595588	2759807	164219	0	0	0	168694	0	0	0	0	0	164.219	164.219	0.000000	+0.000164	+0.000164
gov_staker_remaining_emission_accumulator_filetest.gno	Remaining gov emission accumulator repeat-100 claim-99	execution-segment-repricing	2596562	2760781	164219	0	0	0	168694	0	0	0	0	0	164.219	164.219	0.000000	+0.000164	+0.000164
gov_staker_remaining_emission_accumulator_filetest.gno	Remaining gov emission accumulator repeat-100 claim-100	execution-segment-repricing	2596075	2760294	164219	0	0	0	168694	0	0	0	0	0	164.219	164.219	0.000000	+0.000164	+0.000164
gov_staker_remaining_emission_accumulator_filetest.gno	Remaining gov emission accumulator repeat-1000 claim-1	execution-segment-repricing	2596562	2760781	164219	0	0	0	168694	0	0	0	0	0	164.219	164.219	0.000000	+0.000164	+0.000164
gov_staker_remaining_emission_accumulator_filetest.gno	Remaining gov emission accumulator repeat-1000 claim-2	execution-segment-repricing	2596562	2760781	164219	0	0	0	168694	0	0	0	0	0	164.219	164.219	0.000000	+0.000164	+0.000164
gov_staker_remaining_emission_accumulator_filetest.gno	Remaining gov emission accumulator repeat-1000 claim-3	execution-segment-repricing	2596562	2760781	164219	0	0	0	168694	0	0	0	0	0	164.219	164.219	0.000000	+0.000164	+0.000164
gov_staker_remaining_emission_accumulator_filetest.gno	Remaining gov emission accumulator repeat-1000 claim-4	execution-segment-repricing	2596562	2760781	164219	0	0	0	168694	0	0	0	0	0	164.219	164.219	0.000000	+0.000164	+0.000164
gov_staker_remaining_emission_accumulator_filetest.gno	Remaining gov emission accumulator repeat-1000 claim-5	execution-segment-repricing	2596075	2760294	164219	0	0	0	168694	0	0	0	0	0	164.219	164.219	0.000000	+0.000164	+0.000164
gov_staker_remaining_emission_accumulator_filetest.gno	Remaining gov emission accumulator repeat-1000 claim-6	execution-segment-repricing	2592780	2756999	164219	0	0	0	168694	0	0	0	0	0	164.219	164.219	0.000000	+0.000164	+0.000164
gov_staker_remaining_emission_accumulator_filetest.gno	Remaining gov emission accumulator repeat-1000 claim-7	execution-segment-repricing	2595588	2759807	164219	0	0	0	168694	0	0	0	0	0	164.219	164.219	0.000000	+0.000164	+0.000164
gov_staker_remaining_emission_accumulator_filetest.gno	Remaining gov emission accumulator repeat-1000 claim-8	execution-segment-repricing	2596562	2760781	164219	0	0	0	168694	0	0	0	0	0	164.219	164.219	0.000000	+0.000164	+0.000164
gov_staker_remaining_emission_accumulator_filetest.gno	Remaining gov emission accumulator repeat-1000 claim-9	execution-segment-repricing	2596562	2760781	164219	0	0	0	168694	0	0	0	0	0	164.219	164.219	0.000000	+0.000164	+0.000164
gov_staker_remaining_emission_accumulator_filetest.gno	Remaining gov emission accumulator repeat-1000 claim-10	execution-segment-repricing	2596562	2760781	164219	0	0	0	168694	0	0	0	0	0	164.219	164.219	0.000000	+0.000164	+0.000164
gov_staker_remaining_emission_accumulator_filetest.gno	Remaining gov emission accumulator repeat-1000 claim-11	execution-segment-repricing	2596562	2760781	164219	0	0	0	168694	0	0	0	0	0	164.219	164.219	0.000000	+0.000164	+0.000164
gov_staker_remaining_emission_accumulator_filetest.gno	Remaining gov emission accumulator repeat-1000 claim-12	execution-segment-repricing	2596075	2760294	164219	0	0	0	168694	0	0	0	0	0	164.219	164.219	0.000000	+0.000164	+0.000164
gov_staker_remaining_emission_accumulator_filetest.gno	Remaining gov emission accumulator repeat-1000 claim-13	execution-segment-repricing	2596075	2760294	164219	0	0	0	168694	0	0	0	0	0	164.219	164.219	0.000000	+0.000164	+0.000164
gov_staker_remaining_emission_accumulator_filetest.gno	Remaining gov emission accumulator repeat-1000 claim-14	execution-segment-repricing	2596075	2760294	164219	0	0	0	168694	0	0	0	0	0	164.219	164.219	0.000000	+0.000164	+0.000164
gov_staker_remaining_emission_accumulator_filetest.gno	Remaining gov emission accumulator repeat-1000 claim-15	execution-segment-repricing	2596562	2760781	164219	0	0	0	168694	0	0	0	0	0	164.219	164.219	0.000000	+0.000164	+0.000164
gov_staker_remaining_emission_accumulator_filetest.gno	Remaining gov emission accumulator repeat-1000 claim-16	execution-segment-repricing	2596562	2760781	164219	0	0	0	168694	0	0	0	0	0	164.219	164.219	0.000000	+0.000164	+0.000164
gov_staker_remaining_emission_accumulator_filetest.gno	Remaining gov emission accumulator repeat-1000 claim-17	execution-segment-repricing	2592780	2756999	164219	0	0	0	168694	0	0	0	0	0	164.219	164.219	0.000000	+0.000164	+0.000164
gov_staker_remaining_emission_accumulator_filetest.gno	Remaining gov emission accumulator repeat-1000 claim-18	execution-segment-repricing	2596562	2760781	164219	0	0	0	168694	0	0	0	0	0	164.219	164.219	0.000000	+0.000164	+0.000164
gov_staker_remaining_emission_accumulator_filetest.gno	Remaining gov emission accumulator repeat-1000 claim-19	execution-segment-repricing	2592780	2756999	164219	0	0	0	168694	0	0	0	0	0	164.219	164.219	0.000000	+0.000164	+0.000164
gov_staker_remaining_emission_accumulator_filetest.gno	Remaining gov emission accumulator repeat-1000 claim-20	execution-segment-repricing	2596075	2760294	164219	0	0	0	168694	0	0	0	0	0	164.219	164.219	0.000000	+0.000164	+0.000164
gov_staker_remaining_emission_accumulator_filetest.gno	Remaining gov emission accumulator repeat-1000 claim-21	execution-segment-repricing	2596075	2760294	164219	0	0	0	168694	0	0	0	0	0	164.219	164.219	0.000000	+0.000164	+0.000164
gov_staker_remaining_emission_accumulator_filetest.gno	Remaining gov emission accumulator repeat-1000 claim-22	execution-segment-repricing	2596562	2760781	164219	0	0	0	168694	0	0	0	0	0	164.219	164.219	0.000000	+0.000164	+0.000164
gov_staker_remaining_emission_accumulator_filetest.gno	Remaining gov emission accumulator repeat-1000 claim-23	execution-segment-repricing	2596562	2760781	164219	0	0	0	168694	0	0	0	0	0	164.219	164.219	0.000000	+0.000164	+0.000164
gov_staker_remaining_emission_accumulator_filetest.gno	Remaining gov emission accumulator repeat-1000 claim-24	execution-segment-repricing	2596562	2760781	164219	0	0	0	168694	0	0	0	0	0	164.219	164.219	0.000000	+0.000164	+0.000164
gov_staker_remaining_emission_accumulator_filetest.gno	Remaining gov emission accumulator repeat-1000 claim-25	execution-segment-repricing	2596562	2760781	164219	0	0	0	168694	0	0	0	0	0	164.219	164.219	0.000000	+0.000164	+0.000164
gov_staker_remaining_emission_accumulator_filetest.gno	Remaining gov emission accumulator repeat-1000 claim-26	execution-segment-repricing	2592293	2756512	164219	0	0	0	168694	0	0	0	0	0	164.219	164.219	0.000000	+0.000164	+0.000164
gov_staker_remaining_emission_accumulator_filetest.gno	Remaining gov emission accumulator repeat-1000 claim-27	execution-segment-repricing	2596075	2760294	164219	0	0	0	168694	0	0	0	0	0	164.219	164.219	0.000000	+0.000164	+0.000164
gov_staker_remaining_emission_accumulator_filetest.gno	Remaining gov emission accumulator repeat-1000 claim-28	execution-segment-repricing	2591226	2755445	164219	0	0	0	168694	0	0	0	0	0	164.219	164.219	0.000000	+0.000164	+0.000164
gov_staker_remaining_emission_accumulator_filetest.gno	Remaining gov emission accumulator repeat-1000 claim-29	execution-segment-repricing	2596075	2760294	164219	0	0	0	168694	0	0	0	0	0	164.219	164.219	0.000000	+0.000164	+0.000164
gov_staker_remaining_emission_accumulator_filetest.gno	Remaining gov emission accumulator repeat-1000 claim-30	execution-segment-repricing	2596562	2760781	164219	0	0	0	168694	0	0	0	0	0	164.219	164.219	0.000000	+0.000164	+0.000164
gov_staker_remaining_emission_accumulator_filetest.gno	Remaining gov emission accumulator repeat-1000 claim-31	execution-segment-repricing	2596562	2760781	164219	0	0	0	168694	0	0	0	0	0	164.219	164.219	0.000000	+0.000164	+0.000164
gov_staker_remaining_emission_accumulator_filetest.gno	Remaining gov emission accumulator repeat-1000 claim-32	execution-segment-repricing	2596562	2760781	164219	0	0	0	168694	0	0	0	0	0	164.219	164.219	0.000000	+0.000164	+0.000164
gov_staker_remaining_emission_accumulator_filetest.gno	Remaining gov emission accumulator repeat-1000 claim-33	execution-segment-repricing	2593267	2757486	164219	0	0	0	168694	0	0	0	0	0	164.219	164.219	0.000000	+0.000164	+0.000164
gov_staker_remaining_emission_accumulator_filetest.gno	Remaining gov emission accumulator repeat-1000 claim-34	execution-segment-repricing	2596075	2760294	164219	0	0	0	168694	0	0	0	0	0	164.219	164.219	0.000000	+0.000164	+0.000164
gov_staker_remaining_emission_accumulator_filetest.gno	Remaining gov emission accumulator repeat-1000 claim-35	execution-segment-repricing	2596075	2760294	164219	0	0	0	168694	0	0	0	0	0	164.219	164.219	0.000000	+0.000164	+0.000164
gov_staker_remaining_emission_accumulator_filetest.gno	Remaining gov emission accumulator repeat-1000 claim-36	execution-segment-repricing	2596562	2760781	164219	0	0	0	168694	0	0	0	0	0	164.219	164.219	0.000000	+0.000164	+0.000164
gov_staker_remaining_emission_accumulator_filetest.gno	Remaining gov emission accumulator repeat-1000 claim-37	execution-segment-repricing	2592780	2756999	164219	0	0	0	168694	0	0	0	0	0	164.219	164.219	0.000000	+0.000164	+0.000164
gov_staker_remaining_emission_accumulator_filetest.gno	Remaining gov emission accumulator repeat-1000 claim-38	execution-segment-repricing	2597049	2761268	164219	0	0	0	168694	0	0	0	0	0	164.219	164.219	0.000000	+0.000164	+0.000164
gov_staker_remaining_emission_accumulator_filetest.gno	Remaining gov emission accumulator repeat-1000 claim-39	execution-segment-repricing	2597049	2761268	164219	0	0	0	168694	0	0	0	0	0	164.219	164.219	0.000000	+0.000164	+0.000164
gov_staker_remaining_emission_accumulator_filetest.gno	Remaining gov emission accumulator repeat-1000 claim-40	execution-segment-repricing	2597049	2761268	164219	0	0	0	168694	0	0	0	0	0	164.219	164.219	0.000000	+0.000164	+0.000164
gov_staker_remaining_emission_accumulator_filetest.gno	Remaining gov emission accumulator repeat-1000 claim-41	execution-segment-repricing	2596562	2760781	164219	0	0	0	168694	0	0	0	0	0	164.219	164.219	0.000000	+0.000164	+0.000164
gov_staker_remaining_emission_accumulator_filetest.gno	Remaining gov emission accumulator repeat-1000 claim-42	execution-segment-repricing	2596562	2760781	164219	0	0	0	168694	0	0	0	0	0	164.219	164.219	0.000000	+0.000164	+0.000164
gov_staker_remaining_emission_accumulator_filetest.gno	Remaining gov emission accumulator repeat-1000 claim-43	execution-segment-repricing	2596661	2760880	164219	9	9	0	168694	900	900	0	0	0	164.219	164.219	0.000000	+0.000164	+0.000164
gov_staker_remaining_emission_accumulator_filetest.gno	Remaining gov emission accumulator repeat-1000 claim-44	execution-segment-repricing	2596186	2760405	164219	0	0	0	168694	0	0	0	0	0	164.219	164.219	0.000000	+0.000164	+0.000164
gov_staker_remaining_emission_accumulator_filetest.gno	Remaining gov emission accumulator repeat-1000 claim-45	execution-segment-repricing	2597160	2761379	164219	0	0	0	168694	0	0	0	0	0	164.219	164.219	0.000000	+0.000164	+0.000164
gov_staker_remaining_emission_accumulator_filetest.gno	Remaining gov emission accumulator repeat-1000 claim-46	execution-segment-repricing	2596673	2760892	164219	0	0	0	168694	0	0	0	0	0	164.219	164.219	0.000000	+0.000164	+0.000164
gov_staker_remaining_emission_accumulator_filetest.gno	Remaining gov emission accumulator repeat-1000 claim-47	execution-segment-repricing	2597160	2761379	164219	0	0	0	168694	0	0	0	0	0	164.219	164.219	0.000000	+0.000164	+0.000164
gov_staker_remaining_emission_accumulator_filetest.gno	Remaining gov emission accumulator repeat-1000 claim-48	execution-segment-repricing	2592891	2757110	164219	0	0	0	168694	0	0	0	0	0	164.219	164.219	0.000000	+0.000164	+0.000164
gov_staker_remaining_emission_accumulator_filetest.gno	Remaining gov emission accumulator repeat-1000 claim-49	execution-segment-repricing	2596673	2760892	164219	0	0	0	168694	0	0	0	0	0	164.219	164.219	0.000000	+0.000164	+0.000164
gov_staker_remaining_emission_accumulator_filetest.gno	Remaining gov emission accumulator repeat-1000 claim-50	execution-segment-repricing	2596673	2760892	164219	0	0	0	168694	0	0	0	0	0	164.219	164.219	0.000000	+0.000164	+0.000164
gov_staker_remaining_emission_accumulator_filetest.gno	Remaining gov emission accumulator repeat-1000 claim-51	execution-segment-repricing	2596673	2760892	164219	0	0	0	168694	0	0	0	0	0	164.219	164.219	0.000000	+0.000164	+0.000164
gov_staker_remaining_emission_accumulator_filetest.gno	Remaining gov emission accumulator repeat-1000 claim-52	execution-segment-repricing	2596673	2760892	164219	0	0	0	168694	0	0	0	0	0	164.219	164.219	0.000000	+0.000164	+0.000164
gov_staker_remaining_emission_accumulator_filetest.gno	Remaining gov emission accumulator repeat-1000 claim-53	execution-segment-repricing	2596673	2760892	164219	0	0	0	168694	0	0	0	0	0	164.219	164.219	0.000000	+0.000164	+0.000164
gov_staker_remaining_emission_accumulator_filetest.gno	Remaining gov emission accumulator repeat-1000 claim-54	execution-segment-repricing	2597160	2761379	164219	0	0	0	168694	0	0	0	0	0	164.219	164.219	0.000000	+0.000164	+0.000164
gov_staker_remaining_emission_accumulator_filetest.gno	Remaining gov emission accumulator repeat-1000 claim-55	execution-segment-repricing	2592891	2757110	164219	0	0	0	168694	0	0	0	0	0	164.219	164.219	0.000000	+0.000164	+0.000164
gov_staker_remaining_emission_accumulator_filetest.gno	Remaining gov emission accumulator repeat-1000 claim-56	execution-segment-repricing	2596673	2760892	164219	0	0	0	168694	0	0	0	0	0	164.219	164.219	0.000000	+0.000164	+0.000164
gov_staker_remaining_emission_accumulator_filetest.gno	Remaining gov emission accumulator repeat-1000 claim-57	execution-segment-repricing	2596186	2760405	164219	0	0	0	168694	0	0	0	0	0	164.219	164.219	0.000000	+0.000164	+0.000164
gov_staker_remaining_emission_accumulator_filetest.gno	Remaining gov emission accumulator repeat-1000 claim-58	execution-segment-repricing	2596673	2760892	164219	0	0	0	168694	0	0	0	0	0	164.219	164.219	0.000000	+0.000164	+0.000164
gov_staker_remaining_emission_accumulator_filetest.gno	Remaining gov emission accumulator repeat-1000 claim-59	execution-segment-repricing	2593378	2757597	164219	0	0	0	168694	0	0	0	0	0	164.219	164.219	0.000000	+0.000164	+0.000164
gov_staker_remaining_emission_accumulator_filetest.gno	Remaining gov emission accumulator repeat-1000 claim-60	execution-segment-repricing	2597160	2761379	164219	0	0	0	168694	0	0	0	0	0	164.219	164.219	0.000000	+0.000164	+0.000164
gov_staker_remaining_emission_accumulator_filetest.gno	Remaining gov emission accumulator repeat-1000 claim-61	execution-segment-repricing	2597160	2761379	164219	0	0	0	168694	0	0	0	0	0	164.219	164.219	0.000000	+0.000164	+0.000164
gov_staker_remaining_emission_accumulator_filetest.gno	Remaining gov emission accumulator repeat-1000 claim-62	execution-segment-repricing	2592891	2757110	164219	0	0	0	168694	0	0	0	0	0	164.219	164.219	0.000000	+0.000164	+0.000164
gov_staker_remaining_emission_accumulator_filetest.gno	Remaining gov emission accumulator repeat-1000 claim-63	execution-segment-repricing	2596673	2760892	164219	0	0	0	168694	0	0	0	0	0	164.219	164.219	0.000000	+0.000164	+0.000164
gov_staker_remaining_emission_accumulator_filetest.gno	Remaining gov emission accumulator repeat-1000 claim-64	execution-segment-repricing	2596186	2760405	164219	0	0	0	168694	0	0	0	0	0	164.219	164.219	0.000000	+0.000164	+0.000164
gov_staker_remaining_emission_accumulator_filetest.gno	Remaining gov emission accumulator repeat-1000 claim-65	execution-segment-repricing	2596673	2760892	164219	0	0	0	168694	0	0	0	0	0	164.219	164.219	0.000000	+0.000164	+0.000164
gov_staker_remaining_emission_accumulator_filetest.gno	Remaining gov emission accumulator repeat-1000 claim-66	execution-segment-repricing	2596186	2760405	164219	0	0	0	168694	0	0	0	0	0	164.219	164.219	0.000000	+0.000164	+0.000164
gov_staker_remaining_emission_accumulator_filetest.gno	Remaining gov emission accumulator repeat-1000 claim-67	execution-segment-repricing	2596673	2760892	164219	0	0	0	168694	0	0	0	0	0	164.219	164.219	0.000000	+0.000164	+0.000164
gov_staker_remaining_emission_accumulator_filetest.gno	Remaining gov emission accumulator repeat-1000 claim-68	execution-segment-repricing	2596673	2760892	164219	0	0	0	168694	0	0	0	0	0	164.219	164.219	0.000000	+0.000164	+0.000164
gov_staker_remaining_emission_accumulator_filetest.gno	Remaining gov emission accumulator repeat-1000 claim-69	execution-segment-repricing	2593378	2757597	164219	0	0	0	168694	0	0	0	0	0	164.219	164.219	0.000000	+0.000164	+0.000164
gov_staker_remaining_emission_accumulator_filetest.gno	Remaining gov emission accumulator repeat-1000 claim-70	execution-segment-repricing	2592891	2757110	164219	0	0	0	168694	0	0	0	0	0	164.219	164.219	0.000000	+0.000164	+0.000164
gov_staker_remaining_emission_accumulator_filetest.gno	Remaining gov emission accumulator repeat-1000 claim-71	execution-segment-repricing	2596186	2760405	164219	0	0	0	168694	0	0	0	0	0	164.219	164.219	0.000000	+0.000164	+0.000164
gov_staker_remaining_emission_accumulator_filetest.gno	Remaining gov emission accumulator repeat-1000 claim-72	execution-segment-repricing	2596673	2760892	164219	0	0	0	168694	0	0	0	0	0	164.219	164.219	0.000000	+0.000164	+0.000164
gov_staker_remaining_emission_accumulator_filetest.gno	Remaining gov emission accumulator repeat-1000 claim-73	execution-segment-repricing	2596186	2760405	164219	0	0	0	168694	0	0	0	0	0	164.219	164.219	0.000000	+0.000164	+0.000164
gov_staker_remaining_emission_accumulator_filetest.gno	Remaining gov emission accumulator repeat-1000 claim-74	execution-segment-repricing	2596673	2760892	164219	0	0	0	168694	0	0	0	0	0	164.219	164.219	0.000000	+0.000164	+0.000164
gov_staker_remaining_emission_accumulator_filetest.gno	Remaining gov emission accumulator repeat-1000 claim-75	execution-segment-repricing	2596673	2760892	164219	0	0	0	168694	0	0	0	0	0	164.219	164.219	0.000000	+0.000164	+0.000164
gov_staker_remaining_emission_accumulator_filetest.gno	Remaining gov emission accumulator repeat-1000 claim-76	execution-segment-repricing	2592311	2756530	164219	0	0	0	168694	0	0	0	0	0	164.219	164.219	0.000000	+0.000164	+0.000164
gov_staker_remaining_emission_accumulator_filetest.gno	Remaining gov emission accumulator repeat-1000 claim-77	execution-segment-repricing	2596673	2760892	164219	0	0	0	168694	0	0	0	0	0	164.219	164.219	0.000000	+0.000164	+0.000164
gov_staker_remaining_emission_accumulator_filetest.gno	Remaining gov emission accumulator repeat-1000 claim-78	execution-segment-repricing	2596673	2760892	164219	0	0	0	168694	0	0	0	0	0	164.219	164.219	0.000000	+0.000164	+0.000164
gov_staker_remaining_emission_accumulator_filetest.gno	Remaining gov emission accumulator repeat-1000 claim-79	execution-segment-repricing	2596186	2760405	164219	0	0	0	168694	0	0	0	0	0	164.219	164.219	0.000000	+0.000164	+0.000164
gov_staker_remaining_emission_accumulator_filetest.gno	Remaining gov emission accumulator repeat-1000 claim-80	execution-segment-repricing	2596186	2760405	164219	0	0	0	168694	0	0	0	0	0	164.219	164.219	0.000000	+0.000164	+0.000164
gov_staker_remaining_emission_accumulator_filetest.gno	Remaining gov emission accumulator repeat-1000 claim-81	execution-segment-repricing	2592891	2757110	164219	0	0	0	168694	0	0	0	0	0	164.219	164.219	0.000000	+0.000164	+0.000164
gov_staker_remaining_emission_accumulator_filetest.gno	Remaining gov emission accumulator repeat-1000 claim-82	execution-segment-repricing	2596186	2760405	164219	0	0	0	168694	0	0	0	0	0	164.219	164.219	0.000000	+0.000164	+0.000164
gov_staker_remaining_emission_accumulator_filetest.gno	Remaining gov emission accumulator repeat-1000 claim-83	execution-segment-repricing	2597160	2761379	164219	0	0	0	168694	0	0	0	0	0	164.219	164.219	0.000000	+0.000164	+0.000164
gov_staker_remaining_emission_accumulator_filetest.gno	Remaining gov emission accumulator repeat-1000 claim-84	execution-segment-repricing	2596186	2760405	164219	0	0	0	168694	0	0	0	0	0	164.219	164.219	0.000000	+0.000164	+0.000164
gov_staker_remaining_emission_accumulator_filetest.gno	Remaining gov emission accumulator repeat-1000 claim-85	execution-segment-repricing	2596673	2760892	164219	0	0	0	168694	0	0	0	0	0	164.219	164.219	0.000000	+0.000164	+0.000164
gov_staker_remaining_emission_accumulator_filetest.gno	Remaining gov emission accumulator repeat-1000 claim-86	execution-segment-repricing	2596673	2760892	164219	0	0	0	168694	0	0	0	0	0	164.219	164.219	0.000000	+0.000164	+0.000164
gov_staker_remaining_emission_accumulator_filetest.gno	Remaining gov emission accumulator repeat-1000 claim-87	execution-segment-repricing	2596673	2760892	164219	0	0	0	168694	0	0	0	0	0	164.219	164.219	0.000000	+0.000164	+0.000164
gov_staker_remaining_emission_accumulator_filetest.gno	Remaining gov emission accumulator repeat-1000 claim-88	execution-segment-repricing	2596186	2760405	164219	0	0	0	168694	0	0	0	0	0	164.219	164.219	0.000000	+0.000164	+0.000164
gov_staker_remaining_emission_accumulator_filetest.gno	Remaining gov emission accumulator repeat-1000 claim-89	execution-segment-repricing	2596186	2760405	164219	0	0	0	168694	0	0	0	0	0	164.219	164.219	0.000000	+0.000164	+0.000164
gov_staker_remaining_emission_accumulator_filetest.gno	Remaining gov emission accumulator repeat-1000 claim-90	execution-segment-repricing	2596673	2760892	164219	0	0	0	168694	0	0	0	0	0	164.219	164.219	0.000000	+0.000164	+0.000164
gov_staker_remaining_emission_accumulator_filetest.gno	Remaining gov emission accumulator repeat-1000 claim-91	execution-segment-repricing	2592404	2756623	164219	0	0	0	168694	0	0	0	0	0	164.219	164.219	0.000000	+0.000164	+0.000164
gov_staker_remaining_emission_accumulator_filetest.gno	Remaining gov emission accumulator repeat-1000 claim-92	execution-segment-repricing	2592891	2757110	164219	0	0	0	168694	0	0	0	0	0	164.219	164.219	0.000000	+0.000164	+0.000164
gov_staker_remaining_emission_accumulator_filetest.gno	Remaining gov emission accumulator repeat-1000 claim-93	execution-segment-repricing	2596186	2760405	164219	0	0	0	168694	0	0	0	0	0	164.219	164.219	0.000000	+0.000164	+0.000164
gov_staker_remaining_emission_accumulator_filetest.gno	Remaining gov emission accumulator repeat-1000 claim-94	execution-segment-repricing	2596736	2760892	164156	10	0	-10	168694	1000	0	0	0	-1000	164.156	-835.844	-0.001000	+0.000164	-0.000836
gov_staker_remaining_emission_accumulator_filetest.gno	Remaining gov emission accumulator repeat-1000 claim-95	execution-segment-repricing	2596739	2760892	164153	0	0	0	168694	0	0	0	0	0	164.153	164.153	0.000000	+0.000164	+0.000164
gov_staker_remaining_emission_accumulator_filetest.gno	Remaining gov emission accumulator repeat-1000 claim-96	execution-segment-repricing	2596739	2760892	164153	0	0	0	168694	0	0	0	0	0	164.153	164.153	0.000000	+0.000164	+0.000164
gov_staker_remaining_emission_accumulator_filetest.gno	Remaining gov emission accumulator repeat-1000 claim-97	execution-segment-repricing	2596739	2760892	164153	0	0	0	168694	0	0	0	0	0	164.153	164.153	0.000000	+0.000164	+0.000164
gov_staker_remaining_emission_accumulator_filetest.gno	Remaining gov emission accumulator repeat-1000 claim-98	execution-segment-repricing	2592470	2756623	164153	0	0	0	168694	0	0	0	0	0	164.153	164.153	0.000000	+0.000164	+0.000164
gov_staker_remaining_emission_accumulator_filetest.gno	Remaining gov emission accumulator repeat-1000 claim-99	execution-segment-repricing	2596252	2760405	164153	0	0	0	168694	0	0	0	0	0	164.153	164.153	0.000000	+0.000164	+0.000164
gov_staker_remaining_emission_accumulator_filetest.gno	Remaining gov emission accumulator repeat-1000 claim-100	execution-segment-repricing	2596252	2760405	164153	0	0	0	168694	0	0	0	0	0	164.153	164.153	0.000000	+0.000164	+0.000164
gov_staker_remaining_emission_accumulator_filetest.gno	Remaining gov emission accumulator repeat-1000 claim-101	execution-segment-repricing	2592957	2757110	164153	0	0	0	168694	0	0	0	0	0	164.153	164.153	0.000000	+0.000164	+0.000164
gov_staker_remaining_emission_accumulator_filetest.gno	Remaining gov emission accumulator repeat-1000 claim-102	execution-segment-repricing	2596739	2760892	164153	0	0	0	168694	0	0	0	0	0	164.153	164.153	0.000000	+0.000164	+0.000164
gov_staker_remaining_emission_accumulator_filetest.gno	Remaining gov emission accumulator repeat-1000 claim-103	execution-segment-repricing	2591890	2756043	164153	0	0	0	168694	0	0	0	0	0	164.153	164.153	0.000000	+0.000164	+0.000164
gov_staker_remaining_emission_accumulator_filetest.gno	Remaining gov emission accumulator repeat-1000 claim-104	execution-segment-repricing	2597226	2761379	164153	0	0	0	168694	0	0	0	0	0	164.153	164.153	0.000000	+0.000164	+0.000164
gov_staker_remaining_emission_accumulator_filetest.gno	Remaining gov emission accumulator repeat-1000 claim-105	execution-segment-repricing	2592957	2757110	164153	0	0	0	168694	0	0	0	0	0	164.153	164.153	0.000000	+0.000164	+0.000164
gov_staker_remaining_emission_accumulator_filetest.gno	Remaining gov emission accumulator repeat-1000 claim-106	execution-segment-repricing	2596252	2760405	164153	0	0	0	168694	0	0	0	0	0	164.153	164.153	0.000000	+0.000164	+0.000164
gov_staker_remaining_emission_accumulator_filetest.gno	Remaining gov emission accumulator repeat-1000 claim-107	execution-segment-repricing	2595765	2759918	164153	0	0	0	168694	0	0	0	0	0	164.153	164.153	0.000000	+0.000164	+0.000164
gov_staker_remaining_emission_accumulator_filetest.gno	Remaining gov emission accumulator repeat-1000 claim-108	execution-segment-repricing	2596252	2760405	164153	0	0	0	168694	0	0	0	0	0	164.153	164.153	0.000000	+0.000164	+0.000164
gov_staker_remaining_emission_accumulator_filetest.gno	Remaining gov emission accumulator repeat-1000 claim-109	execution-segment-repricing	2596739	2760892	164153	0	0	0	168694	0	0	0	0	0	164.153	164.153	0.000000	+0.000164	+0.000164
gov_staker_remaining_emission_accumulator_filetest.gno	Remaining gov emission accumulator repeat-1000 claim-110	execution-segment-repricing	2596252	2760405	164153	0	0	0	168694	0	0	0	0	0	164.153	164.153	0.000000	+0.000164	+0.000164
gov_staker_remaining_emission_accumulator_filetest.gno	Remaining gov emission accumulator repeat-1000 claim-111	execution-segment-repricing	2597226	2761379	164153	0	0	0	168694	0	0	0	0	0	164.153	164.153	0.000000	+0.000164	+0.000164
gov_staker_remaining_emission_accumulator_filetest.gno	Remaining gov emission accumulator repeat-1000 claim-112	execution-segment-repricing	2589662	2753815	164153	0	0	0	168694	0	0	0	0	0	164.153	164.153	0.000000	+0.000164	+0.000164
gov_staker_remaining_emission_accumulator_filetest.gno	Remaining gov emission accumulator repeat-1000 claim-113	execution-segment-repricing	2596739	2760892	164153	0	0	0	168694	0	0	0	0	0	164.153	164.153	0.000000	+0.000164	+0.000164
gov_staker_remaining_emission_accumulator_filetest.gno	Remaining gov emission accumulator repeat-1000 claim-114	execution-segment-repricing	2596739	2760892	164153	0	0	0	168694	0	0	0	0	0	164.153	164.153	0.000000	+0.000164	+0.000164
gov_staker_remaining_emission_accumulator_filetest.gno	Remaining gov emission accumulator repeat-1000 claim-115	execution-segment-repricing	2596739	2760892	164153	0	0	0	168694	0	0	0	0	0	164.153	164.153	0.000000	+0.000164	+0.000164
gov_staker_remaining_emission_accumulator_filetest.gno	Remaining gov emission accumulator repeat-1000 claim-116	execution-segment-repricing	2596739	2760892	164153	0	0	0	168694	0	0	0	0	0	164.153	164.153	0.000000	+0.000164	+0.000164
gov_staker_remaining_emission_accumulator_filetest.gno	Remaining gov emission accumulator repeat-1000 claim-117	execution-segment-repricing	2596739	2760892	164153	0	0	0	168694	0	0	0	0	0	164.153	164.153	0.000000	+0.000164	+0.000164
gov_staker_remaining_emission_accumulator_filetest.gno	Remaining gov emission accumulator repeat-1000 claim-118	execution-segment-repricing	2597226	2761379	164153	0	0	0	168694	0	0	0	0	0	164.153	164.153	0.000000	+0.000164	+0.000164
gov_staker_remaining_emission_accumulator_filetest.gno	Remaining gov emission accumulator repeat-1000 claim-119	execution-segment-repricing	2596739	2760892	164153	0	0	0	168694	0	0	0	0	0	164.153	164.153	0.000000	+0.000164	+0.000164
gov_staker_remaining_emission_accumulator_filetest.gno	Remaining gov emission accumulator repeat-1000 claim-120	execution-segment-repricing	2597226	2761379	164153	0	0	0	168694	0	0	0	0	0	164.153	164.153	0.000000	+0.000164	+0.000164
gov_staker_remaining_emission_accumulator_filetest.gno	Remaining gov emission accumulator repeat-1000 claim-121	execution-segment-repricing	2596252	2760405	164153	0	0	0	168694	0	0	0	0	0	164.153	164.153	0.000000	+0.000164	+0.000164
gov_staker_remaining_emission_accumulator_filetest.gno	Remaining gov emission accumulator repeat-1000 claim-122	execution-segment-repricing	2597226	2761379	164153	0	0	0	168694	0	0	0	0	0	164.153	164.153	0.000000	+0.000164	+0.000164
gov_staker_remaining_emission_accumulator_filetest.gno	Remaining gov emission accumulator repeat-1000 claim-123	execution-segment-repricing	2592957	2757110	164153	0	0	0	168694	0	0	0	0	0	164.153	164.153	0.000000	+0.000164	+0.000164
gov_staker_remaining_emission_accumulator_filetest.gno	Remaining gov emission accumulator repeat-1000 claim-124	execution-segment-repricing	2596739	2760892	164153	0	0	0	168694	0	0	0	0	0	164.153	164.153	0.000000	+0.000164	+0.000164
gov_staker_remaining_emission_accumulator_filetest.gno	Remaining gov emission accumulator repeat-1000 claim-125	execution-segment-repricing	2596739	2760892	164153	0	0	0	168694	0	0	0	0	0	164.153	164.153	0.000000	+0.000164	+0.000164
gov_staker_remaining_emission_accumulator_filetest.gno	Remaining gov emission accumulator repeat-1000 claim-126	execution-segment-repricing	2596739	2760892	164153	0	0	0	168694	0	0	0	0	0	164.153	164.153	0.000000	+0.000164	+0.000164
gov_staker_remaining_emission_accumulator_filetest.gno	Remaining gov emission accumulator repeat-1000 claim-127	execution-segment-repricing	2593444	2757597	164153	0	0	0	168694	0	0	0	0	0	164.153	164.153	0.000000	+0.000164	+0.000164
gov_staker_remaining_emission_accumulator_filetest.gno	Remaining gov emission accumulator repeat-1000 claim-128	execution-segment-repricing	2596252	2760405	164153	0	0	0	168694	0	0	0	0	0	164.153	164.153	0.000000	+0.000164	+0.000164
gov_staker_remaining_emission_accumulator_filetest.gno	Remaining gov emission accumulator repeat-1000 claim-129	execution-segment-repricing	2597226	2761379	164153	0	0	0	168694	0	0	0	0	0	164.153	164.153	0.000000	+0.000164	+0.000164
gov_staker_remaining_emission_accumulator_filetest.gno	Remaining gov emission accumulator repeat-1000 claim-130	execution-segment-repricing	2596252	2760405	164153	0	0	0	168694	0	0	0	0	0	164.153	164.153	0.000000	+0.000164	+0.000164
gov_staker_remaining_emission_accumulator_filetest.gno	Remaining gov emission accumulator repeat-1000 claim-131	execution-segment-repricing	2597226	2761379	164153	0	0	0	168694	0	0	0	0	0	164.153	164.153	0.000000	+0.000164	+0.000164
gov_staker_remaining_emission_accumulator_filetest.gno	Remaining gov emission accumulator repeat-1000 claim-132	execution-segment-repricing	2596739	2760892	164153	0	0	0	168694	0	0	0	0	0	164.153	164.153	0.000000	+0.000164	+0.000164
gov_staker_remaining_emission_accumulator_filetest.gno	Remaining gov emission accumulator repeat-1000 claim-133	execution-segment-repricing	2596739	2760892	164153	0	0	0	168694	0	0	0	0	0	164.153	164.153	0.000000	+0.000164	+0.000164
gov_staker_remaining_emission_accumulator_filetest.gno	Remaining gov emission accumulator repeat-1000 claim-134	execution-segment-repricing	2589662	2753815	164153	0	0	0	168694	0	0	0	0	0	164.153	164.153	0.000000	+0.000164	+0.000164
gov_staker_remaining_emission_accumulator_filetest.gno	Remaining gov emission accumulator repeat-1000 claim-135	execution-segment-repricing	2596252	2760405	164153	0	0	0	168694	0	0	0	0	0	164.153	164.153	0.000000	+0.000164	+0.000164
gov_staker_remaining_emission_accumulator_filetest.gno	Remaining gov emission accumulator repeat-1000 claim-136	execution-segment-repricing	2597226	2761379	164153	0	0	0	168694	0	0	0	0	0	164.153	164.153	0.000000	+0.000164	+0.000164
gov_staker_remaining_emission_accumulator_filetest.gno	Remaining gov emission accumulator repeat-1000 claim-137	execution-segment-repricing	2596252	2760405	164153	0	0	0	168694	0	0	0	0	0	164.153	164.153	0.000000	+0.000164	+0.000164
gov_staker_remaining_emission_accumulator_filetest.gno	Remaining gov emission accumulator repeat-1000 claim-138	execution-segment-repricing	2597226	2761379	164153	0	0	0	168694	0	0	0	0	0	164.153	164.153	0.000000	+0.000164	+0.000164
gov_staker_remaining_emission_accumulator_filetest.gno	Remaining gov emission accumulator repeat-1000 claim-139	execution-segment-repricing	2596739	2760892	164153	0	0	0	168694	0	0	0	0	0	164.153	164.153	0.000000	+0.000164	+0.000164
gov_staker_remaining_emission_accumulator_filetest.gno	Remaining gov emission accumulator repeat-1000 claim-140	execution-segment-repricing	2597226	2761379	164153	0	0	0	168694	0	0	0	0	0	164.153	164.153	0.000000	+0.000164	+0.000164
gov_staker_remaining_emission_accumulator_filetest.gno	Remaining gov emission accumulator repeat-1000 claim-141	execution-segment-repricing	2592957	2757110	164153	0	0	0	168694	0	0	0	0	0	164.153	164.153	0.000000	+0.000164	+0.000164
gov_staker_remaining_emission_accumulator_filetest.gno	Remaining gov emission accumulator repeat-1000 claim-142	execution-segment-repricing	2596252	2760405	164153	0	0	0	168694	0	0	0	0	0	164.153	164.153	0.000000	+0.000164	+0.000164
gov_staker_remaining_emission_accumulator_filetest.gno	Remaining gov emission accumulator repeat-1000 claim-143	execution-segment-repricing	2596270	2760423	164153	0	0	0	168694	0	0	0	0	0	164.153	164.153	0.000000	+0.000164	+0.000164
gov_staker_remaining_emission_accumulator_filetest.gno	Remaining gov emission accumulator repeat-1000 claim-144	execution-segment-repricing	2596270	2760423	164153	0	0	0	168694	0	0	0	0	0	164.153	164.153	0.000000	+0.000164	+0.000164
gov_staker_remaining_emission_accumulator_filetest.gno	Remaining gov emission accumulator repeat-1000 claim-145	execution-segment-repricing	2593462	2757615	164153	0	0	0	168694	0	0	0	0	0	164.153	164.153	0.000000	+0.000164	+0.000164
gov_staker_remaining_emission_accumulator_filetest.gno	Remaining gov emission accumulator repeat-1000 claim-146	execution-segment-repricing	2596757	2760910	164153	0	0	0	168694	0	0	0	0	0	164.153	164.153	0.000000	+0.000164	+0.000164
gov_staker_remaining_emission_accumulator_filetest.gno	Remaining gov emission accumulator repeat-1000 claim-147	execution-segment-repricing	2597244	2761397	164153	0	0	0	168694	0	0	0	0	0	164.153	164.153	0.000000	+0.000164	+0.000164
gov_staker_remaining_emission_accumulator_filetest.gno	Remaining gov emission accumulator repeat-1000 claim-148	execution-segment-repricing	2592975	2757128	164153	0	0	0	168694	0	0	0	0	0	164.153	164.153	0.000000	+0.000164	+0.000164
gov_staker_remaining_emission_accumulator_filetest.gno	Remaining gov emission accumulator repeat-1000 claim-149	execution-segment-repricing	2596757	2760910	164153	0	0	0	168694	0	0	0	0	0	164.153	164.153	0.000000	+0.000164	+0.000164
gov_staker_remaining_emission_accumulator_filetest.gno	Remaining gov emission accumulator repeat-1000 claim-150	execution-segment-repricing	2596757	2760910	164153	0	0	0	168694	0	0	0	0	0	164.153	164.153	0.000000	+0.000164	+0.000164
gov_staker_remaining_emission_accumulator_filetest.gno	Remaining gov emission accumulator repeat-1000 claim-151	execution-segment-repricing	2596270	2760423	164153	0	0	0	168694	0	0	0	0	0	164.153	164.153	0.000000	+0.000164	+0.000164
gov_staker_remaining_emission_accumulator_filetest.gno	Remaining gov emission accumulator repeat-1000 claim-152	execution-segment-repricing	2596270	2760423	164153	0	0	0	168694	0	0	0	0	0	164.153	164.153	0.000000	+0.000164	+0.000164
gov_staker_remaining_emission_accumulator_filetest.gno	Remaining gov emission accumulator repeat-1000 claim-153	execution-segment-repricing	2596270	2760423	164153	0	0	0	168694	0	0	0	0	0	164.153	164.153	0.000000	+0.000164	+0.000164
gov_staker_remaining_emission_accumulator_filetest.gno	Remaining gov emission accumulator repeat-1000 claim-154	execution-segment-repricing	2596757	2760910	164153	0	0	0	168694	0	0	0	0	0	164.153	164.153	0.000000	+0.000164	+0.000164
gov_staker_remaining_emission_accumulator_filetest.gno	Remaining gov emission accumulator repeat-1000 claim-155	execution-segment-repricing	2596757	2760910	164153	0	0	0	168694	0	0	0	0	0	164.153	164.153	0.000000	+0.000164	+0.000164
gov_staker_remaining_emission_accumulator_filetest.gno	Remaining gov emission accumulator repeat-1000 claim-156	execution-segment-repricing	2592975	2757128	164153	0	0	0	168694	0	0	0	0	0	164.153	164.153	0.000000	+0.000164	+0.000164
gov_staker_remaining_emission_accumulator_filetest.gno	Remaining gov emission accumulator repeat-1000 claim-157	execution-segment-repricing	2596757	2760910	164153	0	0	0	168694	0	0	0	0	0	164.153	164.153	0.000000	+0.000164	+0.000164
gov_staker_remaining_emission_accumulator_filetest.gno	Remaining gov emission accumulator repeat-1000 claim-158	execution-segment-repricing	2596757	2760910	164153	0	0	0	168694	0	0	0	0	0	164.153	164.153	0.000000	+0.000164	+0.000164
gov_staker_remaining_emission_accumulator_filetest.gno	Remaining gov emission accumulator repeat-1000 claim-159	execution-segment-repricing	2596757	2760910	164153	0	0	0	168694	0	0	0	0	0	164.153	164.153	0.000000	+0.000164	+0.000164
gov_staker_remaining_emission_accumulator_filetest.gno	Remaining gov emission accumulator repeat-1000 claim-160	execution-segment-repricing	2596270	2760423	164153	0	0	0	168694	0	0	0	0	0	164.153	164.153	0.000000	+0.000164	+0.000164
gov_staker_remaining_emission_accumulator_filetest.gno	Remaining gov emission accumulator repeat-1000 claim-161	execution-segment-repricing	2596757	2760910	164153	0	0	0	168694	0	0	0	0	0	164.153	164.153	0.000000	+0.000164	+0.000164
gov_staker_remaining_emission_accumulator_filetest.gno	Remaining gov emission accumulator repeat-1000 claim-162	execution-segment-repricing	2596757	2760910	164153	0	0	0	168694	0	0	0	0	0	164.153	164.153	0.000000	+0.000164	+0.000164
gov_staker_remaining_emission_accumulator_filetest.gno	Remaining gov emission accumulator repeat-1000 claim-163	execution-segment-repricing	2596270	2760423	164153	0	0	0	168694	0	0	0	0	0	164.153	164.153	0.000000	+0.000164	+0.000164
gov_staker_remaining_emission_accumulator_filetest.gno	Remaining gov emission accumulator repeat-1000 claim-164	execution-segment-repricing	2596757	2760910	164153	0	0	0	168694	0	0	0	0	0	164.153	164.153	0.000000	+0.000164	+0.000164
gov_staker_remaining_emission_accumulator_filetest.gno	Remaining gov emission accumulator repeat-1000 claim-165	execution-segment-repricing	2596270	2760423	164153	0	0	0	168694	0	0	0	0	0	164.153	164.153	0.000000	+0.000164	+0.000164
gov_staker_remaining_emission_accumulator_filetest.gno	Remaining gov emission accumulator repeat-1000 claim-166	execution-segment-repricing	2596757	2760910	164153	0	0	0	168694	0	0	0	0	0	164.153	164.153	0.000000	+0.000164	+0.000164
gov_staker_remaining_emission_accumulator_filetest.gno	Remaining gov emission accumulator repeat-1000 claim-167	execution-segment-repricing	2592975	2757128	164153	0	0	0	168694	0	0	0	0	0	164.153	164.153	0.000000	+0.000164	+0.000164
gov_staker_remaining_emission_accumulator_filetest.gno	Remaining gov emission accumulator repeat-1000 claim-168	execution-segment-repricing	2596757	2760910	164153	0	0	0	168694	0	0	0	0	0	164.153	164.153	0.000000	+0.000164	+0.000164
gov_staker_remaining_emission_accumulator_filetest.gno	Remaining gov emission accumulator repeat-1000 claim-169	execution-segment-repricing	2597293	2761446	164153	0	0	0	168694	0	0	0	0	0	164.153	164.153	0.000000	+0.000164	+0.000164
gov_staker_remaining_emission_accumulator_filetest.gno	Remaining gov emission accumulator repeat-1000 claim-170	execution-segment-repricing	2593511	2757664	164153	0	0	0	168694	0	0	0	0	0	164.153	164.153	0.000000	+0.000164	+0.000164
gov_staker_remaining_emission_accumulator_filetest.gno	Remaining gov emission accumulator repeat-1000 claim-171	execution-segment-repricing	2597293	2761446	164153	0	0	0	168694	0	0	0	0	0	164.153	164.153	0.000000	+0.000164	+0.000164
gov_staker_remaining_emission_accumulator_filetest.gno	Remaining gov emission accumulator repeat-1000 claim-172	execution-segment-repricing	2597293	2761446	164153	0	0	0	168694	0	0	0	0	0	164.153	164.153	0.000000	+0.000164	+0.000164
gov_staker_remaining_emission_accumulator_filetest.gno	Remaining gov emission accumulator repeat-1000 claim-173	execution-segment-repricing	2597780	2761933	164153	0	0	0	168694	0	0	0	0	0	164.153	164.153	0.000000	+0.000164	+0.000164
gov_staker_remaining_emission_accumulator_filetest.gno	Remaining gov emission accumulator repeat-1000 claim-174	execution-segment-repricing	2597293	2761446	164153	0	0	0	168694	0	0	0	0	0	164.153	164.153	0.000000	+0.000164	+0.000164
gov_staker_remaining_emission_accumulator_filetest.gno	Remaining gov emission accumulator repeat-1000 claim-175	execution-segment-repricing	2597780	2761933	164153	0	0	0	168694	0	0	0	0	0	164.153	164.153	0.000000	+0.000164	+0.000164
gov_staker_remaining_emission_accumulator_filetest.gno	Remaining gov emission accumulator repeat-1000 claim-176	execution-segment-repricing	2593998	2758151	164153	0	0	0	168694	0	0	0	0	0	164.153	164.153	0.000000	+0.000164	+0.000164
gov_staker_remaining_emission_accumulator_filetest.gno	Remaining gov emission accumulator repeat-1000 claim-177	execution-segment-repricing	2593998	2758151	164153	0	0	0	168694	0	0	0	0	0	164.153	164.153	0.000000	+0.000164	+0.000164
gov_staker_remaining_emission_accumulator_filetest.gno	Remaining gov emission accumulator repeat-1000 claim-178	execution-segment-repricing	2597293	2761446	164153	0	0	0	168694	0	0	0	0	0	164.153	164.153	0.000000	+0.000164	+0.000164
gov_staker_remaining_emission_accumulator_filetest.gno	Remaining gov emission accumulator repeat-1000 claim-179	execution-segment-repricing	2597293	2761446	164153	0	0	0	168694	0	0	0	0	0	164.153	164.153	0.000000	+0.000164	+0.000164
gov_staker_remaining_emission_accumulator_filetest.gno	Remaining gov emission accumulator repeat-1000 claim-180	execution-segment-repricing	2597780	2761933	164153	0	0	0	168694	0	0	0	0	0	164.153	164.153	0.000000	+0.000164	+0.000164
gov_staker_remaining_emission_accumulator_filetest.gno	Remaining gov emission accumulator repeat-1000 claim-181	execution-segment-repricing	2597293	2761446	164153	0	0	0	168694	0	0	0	0	0	164.153	164.153	0.000000	+0.000164	+0.000164
gov_staker_remaining_emission_accumulator_filetest.gno	Remaining gov emission accumulator repeat-1000 claim-182	execution-segment-repricing	2597780	2761933	164153	0	0	0	168694	0	0	0	0	0	164.153	164.153	0.000000	+0.000164	+0.000164
gov_staker_remaining_emission_accumulator_filetest.gno	Remaining gov emission accumulator repeat-1000 claim-183	execution-segment-repricing	2597780	2761933	164153	0	0	0	168694	0	0	0	0	0	164.153	164.153	0.000000	+0.000164	+0.000164
gov_staker_remaining_emission_accumulator_filetest.gno	Remaining gov emission accumulator repeat-1000 claim-184	execution-segment-repricing	2593998	2758151	164153	0	0	0	168694	0	0	0	0	0	164.153	164.153	0.000000	+0.000164	+0.000164
gov_staker_remaining_emission_accumulator_filetest.gno	Remaining gov emission accumulator repeat-1000 claim-185	execution-segment-repricing	2597293	2761446	164153	0	0	0	168694	0	0	0	0	0	164.153	164.153	0.000000	+0.000164	+0.000164
gov_staker_remaining_emission_accumulator_filetest.gno	Remaining gov emission accumulator repeat-1000 claim-186	execution-segment-repricing	2597780	2761933	164153	0	0	0	168694	0	0	0	0	0	164.153	164.153	0.000000	+0.000164	+0.000164
gov_staker_remaining_emission_accumulator_filetest.gno	Remaining gov emission accumulator repeat-1000 claim-187	execution-segment-repricing	2593998	2758151	164153	0	0	0	168694	0	0	0	0	0	164.153	164.153	0.000000	+0.000164	+0.000164
gov_staker_remaining_emission_accumulator_filetest.gno	Remaining gov emission accumulator repeat-1000 claim-188	execution-segment-repricing	2597780	2761933	164153	0	0	0	168694	0	0	0	0	0	164.153	164.153	0.000000	+0.000164	+0.000164
gov_staker_remaining_emission_accumulator_filetest.gno	Remaining gov emission accumulator repeat-1000 claim-189	execution-segment-repricing	2598267	2762420	164153	0	0	0	168694	0	0	0	0	0	164.153	164.153	0.000000	+0.000164	+0.000164
gov_staker_remaining_emission_accumulator_filetest.gno	Remaining gov emission accumulator repeat-1000 claim-190	execution-segment-repricing	2597780	2761933	164153	0	0	0	168694	0	0	0	0	0	164.153	164.153	0.000000	+0.000164	+0.000164
gov_staker_remaining_emission_accumulator_filetest.gno	Remaining gov emission accumulator repeat-1000 claim-191	execution-segment-repricing	2598267	2762420	164153	0	0	0	168694	0	0	0	0	0	164.153	164.153	0.000000	+0.000164	+0.000164
gov_staker_remaining_emission_accumulator_filetest.gno	Remaining gov emission accumulator repeat-1000 claim-192	execution-segment-repricing	2597293	2761446	164153	0	0	0	168694	0	0	0	0	0	164.153	164.153	0.000000	+0.000164	+0.000164
gov_staker_remaining_emission_accumulator_filetest.gno	Remaining gov emission accumulator repeat-1000 claim-193	execution-segment-repricing	2597780	2761933	164153	0	0	0	168694	0	0	0	0	0	164.153	164.153	0.000000	+0.000164	+0.000164
gov_staker_remaining_emission_accumulator_filetest.gno	Remaining gov emission accumulator repeat-1000 claim-194	execution-segment-repricing	2598267	2762420	164153	0	0	0	168694	0	0	0	0	0	164.153	164.153	0.000000	+0.000164	+0.000164
gov_staker_remaining_emission_accumulator_filetest.gno	Remaining gov emission accumulator repeat-1000 claim-195	execution-segment-repricing	2597780	2761933	164153	0	0	0	168694	0	0	0	0	0	164.153	164.153	0.000000	+0.000164	+0.000164
gov_staker_remaining_emission_accumulator_filetest.gno	Remaining gov emission accumulator repeat-1000 claim-196	execution-segment-repricing	2597780	2761933	164153	0	0	0	168694	0	0	0	0	0	164.153	164.153	0.000000	+0.000164	+0.000164
gov_staker_remaining_emission_accumulator_filetest.gno	Remaining gov emission accumulator repeat-1000 claim-197	execution-segment-repricing	2597780	2761933	164153	0	0	0	168694	0	0	0	0	0	164.153	164.153	0.000000	+0.000164	+0.000164
gov_staker_remaining_emission_accumulator_filetest.gno	Remaining gov emission accumulator repeat-1000 claim-198	execution-segment-repricing	2594485	2758638	164153	0	0	0	168694	0	0	0	0	0	164.153	164.153	0.000000	+0.000164	+0.000164
gov_staker_remaining_emission_accumulator_filetest.gno	Remaining gov emission accumulator repeat-1000 claim-199	execution-segment-repricing	2597293	2761446	164153	0	0	0	168694	0	0	0	0	0	164.153	164.153	0.000000	+0.000164	+0.000164
gov_staker_remaining_emission_accumulator_filetest.gno	Remaining gov emission accumulator repeat-1000 claim-200	execution-segment-repricing	2597780	2761933	164153	0	0	0	168694	0	0	0	0	0	164.153	164.153	0.000000	+0.000164	+0.000164
gov_staker_remaining_emission_accumulator_filetest.gno	Remaining gov emission accumulator repeat-1000 claim-201	execution-segment-repricing	2598267	2762420	164153	0	0	0	168694	0	0	0	0	0	164.153	164.153	0.000000	+0.000164	+0.000164
gov_staker_remaining_emission_accumulator_filetest.gno	Remaining gov emission accumulator repeat-1000 claim-202	execution-segment-repricing	2597780	2761933	164153	0	0	0	168694	0	0	0	0	0	164.153	164.153	0.000000	+0.000164	+0.000164
gov_staker_remaining_emission_accumulator_filetest.gno	Remaining gov emission accumulator repeat-1000 claim-203	execution-segment-repricing	2598267	2762420	164153	0	0	0	168694	0	0	0	0	0	164.153	164.153	0.000000	+0.000164	+0.000164
gov_staker_remaining_emission_accumulator_filetest.gno	Remaining gov emission accumulator repeat-1000 claim-204	execution-segment-repricing	2598267	2762420	164153	0	0	0	168694	0	0	0	0	0	164.153	164.153	0.000000	+0.000164	+0.000164
gov_staker_remaining_emission_accumulator_filetest.gno	Remaining gov emission accumulator repeat-1000 claim-205	execution-segment-repricing	2597780	2761933	164153	0	0	0	168694	0	0	0	0	0	164.153	164.153	0.000000	+0.000164	+0.000164
gov_staker_remaining_emission_accumulator_filetest.gno	Remaining gov emission accumulator repeat-1000 claim-206	execution-segment-repricing	2593998	2758151	164153	0	0	0	168694	0	0	0	0	0	164.153	164.153	0.000000	+0.000164	+0.000164
gov_staker_remaining_emission_accumulator_filetest.gno	Remaining gov emission accumulator repeat-1000 claim-207	execution-segment-repricing	2597293	2761446	164153	0	0	0	168694	0	0	0	0	0	164.153	164.153	0.000000	+0.000164	+0.000164
gov_staker_remaining_emission_accumulator_filetest.gno	Remaining gov emission accumulator repeat-1000 claim-208	execution-segment-repricing	2597780	2761933	164153	0	0	0	168694	0	0	0	0	0	164.153	164.153	0.000000	+0.000164	+0.000164
gov_staker_remaining_emission_accumulator_filetest.gno	Remaining gov emission accumulator repeat-1000 claim-209	execution-segment-repricing	2593998	2758151	164153	0	0	0	168694	0	0	0	0	0	164.153	164.153	0.000000	+0.000164	+0.000164
gov_staker_remaining_emission_accumulator_filetest.gno	Remaining gov emission accumulator repeat-1000 claim-210	execution-segment-repricing	2598267	2762420	164153	0	0	0	168694	0	0	0	0	0	164.153	164.153	0.000000	+0.000164	+0.000164
gov_staker_remaining_emission_accumulator_filetest.gno	Remaining gov emission accumulator repeat-1000 claim-211	execution-segment-repricing	2597780	2761933	164153	0	0	0	168694	0	0	0	0	0	164.153	164.153	0.000000	+0.000164	+0.000164
gov_staker_remaining_emission_accumulator_filetest.gno	Remaining gov emission accumulator repeat-1000 claim-212	execution-segment-repricing	2598267	2762420	164153	0	0	0	168694	0	0	0	0	0	164.153	164.153	0.000000	+0.000164	+0.000164
gov_staker_remaining_emission_accumulator_filetest.gno	Remaining gov emission accumulator repeat-1000 claim-213	execution-segment-repricing	2593998	2758151	164153	0	0	0	168694	0	0	0	0	0	164.153	164.153	0.000000	+0.000164	+0.000164
gov_staker_remaining_emission_accumulator_filetest.gno	Remaining gov emission accumulator repeat-1000 claim-214	execution-segment-repricing	2597293	2761446	164153	0	0	0	168694	0	0	0	0	0	164.153	164.153	0.000000	+0.000164	+0.000164
gov_staker_remaining_emission_accumulator_filetest.gno	Remaining gov emission accumulator repeat-1000 claim-215	execution-segment-repricing	2597293	2761446	164153	0	0	0	168694	0	0	0	0	0	164.153	164.153	0.000000	+0.000164	+0.000164
gov_staker_remaining_emission_accumulator_filetest.gno	Remaining gov emission accumulator repeat-1000 claim-216	execution-segment-repricing	2597293	2761446	164153	0	0	0	168694	0	0	0	0	0	164.153	164.153	0.000000	+0.000164	+0.000164
gov_staker_remaining_emission_accumulator_filetest.gno	Remaining gov emission accumulator repeat-1000 claim-217	execution-segment-repricing	2598267	2762420	164153	0	0	0	168694	0	0	0	0	0	164.153	164.153	0.000000	+0.000164	+0.000164
gov_staker_remaining_emission_accumulator_filetest.gno	Remaining gov emission accumulator repeat-1000 claim-218	execution-segment-repricing	2597293	2761446	164153	0	0	0	168694	0	0	0	0	0	164.153	164.153	0.000000	+0.000164	+0.000164
gov_staker_remaining_emission_accumulator_filetest.gno	Remaining gov emission accumulator repeat-1000 claim-219	execution-segment-repricing	2598267	2762420	164153	0	0	0	168694	0	0	0	0	0	164.153	164.153	0.000000	+0.000164	+0.000164
gov_staker_remaining_emission_accumulator_filetest.gno	Remaining gov emission accumulator repeat-1000 claim-220	execution-segment-repricing	2590216	2754369	164153	0	0	0	168694	0	0	0	0	0	164.153	164.153	0.000000	+0.000164	+0.000164
gov_staker_remaining_emission_accumulator_filetest.gno	Remaining gov emission accumulator repeat-1000 claim-221	execution-segment-repricing	2597780	2761933	164153	0	0	0	168694	0	0	0	0	0	164.153	164.153	0.000000	+0.000164	+0.000164
gov_staker_remaining_emission_accumulator_filetest.gno	Remaining gov emission accumulator repeat-1000 claim-222	execution-segment-repricing	2597780	2761933	164153	0	0	0	168694	0	0	0	0	0	164.153	164.153	0.000000	+0.000164	+0.000164
gov_staker_remaining_emission_accumulator_filetest.gno	Remaining gov emission accumulator repeat-1000 claim-223	execution-segment-repricing	2597293	2761446	164153	0	0	0	168694	0	0	0	0	0	164.153	164.153	0.000000	+0.000164	+0.000164
gov_staker_remaining_emission_accumulator_filetest.gno	Remaining gov emission accumulator repeat-1000 claim-224	execution-segment-repricing	2598267	2762420	164153	0	0	0	168694	0	0	0	0	0	164.153	164.153	0.000000	+0.000164	+0.000164
gov_staker_remaining_emission_accumulator_filetest.gno	Remaining gov emission accumulator repeat-1000 claim-225	execution-segment-repricing	2597293	2761446	164153	0	0	0	168694	0	0	0	0	0	164.153	164.153	0.000000	+0.000164	+0.000164
gov_staker_remaining_emission_accumulator_filetest.gno	Remaining gov emission accumulator repeat-1000 claim-226	execution-segment-repricing	2598267	2762420	164153	0	0	0	168694	0	0	0	0	0	164.153	164.153	0.000000	+0.000164	+0.000164
gov_staker_remaining_emission_accumulator_filetest.gno	Remaining gov emission accumulator repeat-1000 claim-227	execution-segment-repricing	2592444	2756597	164153	0	0	0	168694	0	0	0	0	0	164.153	164.153	0.000000	+0.000164	+0.000164
gov_staker_remaining_emission_accumulator_filetest.gno	Remaining gov emission accumulator repeat-1000 claim-228	execution-segment-repricing	2597780	2761933	164153	0	0	0	168694	0	0	0	0	0	164.153	164.153	0.000000	+0.000164	+0.000164
gov_staker_remaining_emission_accumulator_filetest.gno	Remaining gov emission accumulator repeat-1000 claim-229	execution-segment-repricing	2596806	2760959	164153	0	0	0	168694	0	0	0	0	0	164.153	164.153	0.000000	+0.000164	+0.000164
gov_staker_remaining_emission_accumulator_filetest.gno	Remaining gov emission accumulator repeat-1000 claim-230	execution-segment-repricing	2597780	2761933	164153	0	0	0	168694	0	0	0	0	0	164.153	164.153	0.000000	+0.000164	+0.000164
gov_staker_remaining_emission_accumulator_filetest.gno	Remaining gov emission accumulator repeat-1000 claim-231	execution-segment-repricing	2594485	2758638	164153	0	0	0	168694	0	0	0	0	0	164.153	164.153	0.000000	+0.000164	+0.000164
gov_staker_remaining_emission_accumulator_filetest.gno	Remaining gov emission accumulator repeat-1000 claim-232	execution-segment-repricing	2597780	2761933	164153	0	0	0	168694	0	0	0	0	0	164.153	164.153	0.000000	+0.000164	+0.000164
gov_staker_remaining_emission_accumulator_filetest.gno	Remaining gov emission accumulator repeat-1000 claim-233	execution-segment-repricing	2598267	2762420	164153	0	0	0	168694	0	0	0	0	0	164.153	164.153	0.000000	+0.000164	+0.000164
gov_staker_remaining_emission_accumulator_filetest.gno	Remaining gov emission accumulator repeat-1000 claim-234	execution-segment-repricing	2597293	2761446	164153	0	0	0	168694	0	0	0	0	0	164.153	164.153	0.000000	+0.000164	+0.000164
gov_staker_remaining_emission_accumulator_filetest.gno	Remaining gov emission accumulator repeat-1000 claim-235	execution-segment-repricing	2597780	2761933	164153	0	0	0	168694	0	0	0	0	0	164.153	164.153	0.000000	+0.000164	+0.000164
gov_staker_remaining_emission_accumulator_filetest.gno	Remaining gov emission accumulator repeat-1000 claim-236	execution-segment-repricing	2596806	2760959	164153	0	0	0	168694	0	0	0	0	0	164.153	164.153	0.000000	+0.000164	+0.000164
gov_staker_remaining_emission_accumulator_filetest.gno	Remaining gov emission accumulator repeat-1000 claim-237	execution-segment-repricing	2597780	2761933	164153	0	0	0	168694	0	0	0	0	0	164.153	164.153	0.000000	+0.000164	+0.000164
gov_staker_remaining_emission_accumulator_filetest.gno	Remaining gov emission accumulator repeat-1000 claim-238	execution-segment-repricing	2597780	2761933	164153	0	0	0	168694	0	0	0	0	0	164.153	164.153	0.000000	+0.000164	+0.000164
gov_staker_remaining_emission_accumulator_filetest.gno	Remaining gov emission accumulator repeat-1000 claim-239	execution-segment-repricing	2597780	2761933	164153	0	0	0	168694	0	0	0	0	0	164.153	164.153	0.000000	+0.000164	+0.000164
gov_staker_remaining_emission_accumulator_filetest.gno	Remaining gov emission accumulator repeat-1000 claim-240	execution-segment-repricing	2597780	2761933	164153	0	0	0	168694	0	0	0	0	0	164.153	164.153	0.000000	+0.000164	+0.000164
gov_staker_remaining_emission_accumulator_filetest.gno	Remaining gov emission accumulator repeat-1000 claim-241	execution-segment-repricing	2597780	2761933	164153	0	0	0	168694	0	0	0	0	0	164.153	164.153	0.000000	+0.000164	+0.000164
gov_staker_remaining_emission_accumulator_filetest.gno	Remaining gov emission accumulator repeat-1000 claim-242	execution-segment-repricing	2590703	2754856	164153	0	0	0	168694	0	0	0	0	0	164.153	164.153	0.000000	+0.000164	+0.000164
gov_staker_remaining_emission_accumulator_filetest.gno	Remaining gov emission accumulator repeat-1000 claim-243	execution-segment-repricing	2596806	2760959	164153	0	0	0	168694	0	0	0	0	0	164.153	164.153	0.000000	+0.000164	+0.000164
gov_staker_remaining_emission_accumulator_filetest.gno	Remaining gov emission accumulator repeat-1000 claim-244	execution-segment-repricing	2597780	2761933	164153	0	0	0	168694	0	0	0	0	0	164.153	164.153	0.000000	+0.000164	+0.000164
gov_staker_remaining_emission_accumulator_filetest.gno	Remaining gov emission accumulator repeat-1000 claim-245	execution-segment-repricing	2596806	2760959	164153	0	0	0	168694	0	0	0	0	0	164.153	164.153	0.000000	+0.000164	+0.000164
gov_staker_remaining_emission_accumulator_filetest.gno	Remaining gov emission accumulator repeat-1000 claim-246	execution-segment-repricing	2597780	2761933	164153	0	0	0	168694	0	0	0	0	0	164.153	164.153	0.000000	+0.000164	+0.000164
gov_staker_remaining_emission_accumulator_filetest.gno	Remaining gov emission accumulator repeat-1000 claim-247	execution-segment-repricing	2597780	2761933	164153	0	0	0	168694	0	0	0	0	0	164.153	164.153	0.000000	+0.000164	+0.000164
gov_staker_remaining_emission_accumulator_filetest.gno	Remaining gov emission accumulator repeat-1000 claim-248	execution-segment-repricing	2597780	2761933	164153	0	0	0	168694	0	0	0	0	0	164.153	164.153	0.000000	+0.000164	+0.000164
gov_staker_remaining_emission_accumulator_filetest.gno	Remaining gov emission accumulator repeat-1000 claim-249	execution-segment-repricing	2594485	2758638	164153	0	0	0	168694	0	0	0	0	0	164.153	164.153	0.000000	+0.000164	+0.000164
gov_staker_remaining_emission_accumulator_filetest.gno	Remaining gov emission accumulator repeat-1000 claim-250	execution-segment-repricing	2597293	2761446	164153	0	0	0	168694	0	0	0	0	0	164.153	164.153	0.000000	+0.000164	+0.000164
gov_staker_remaining_emission_accumulator_filetest.gno	Remaining gov emission accumulator repeat-1000 claim-251	execution-segment-repricing	2593998	2758151	164153	0	0	0	168694	0	0	0	0	0	164.153	164.153	0.000000	+0.000164	+0.000164
gov_staker_remaining_emission_accumulator_filetest.gno	Remaining gov emission accumulator repeat-1000 claim-252	execution-segment-repricing	2596806	2760959	164153	0	0	0	168694	0	0	0	0	0	164.153	164.153	0.000000	+0.000164	+0.000164
gov_staker_remaining_emission_accumulator_filetest.gno	Remaining gov emission accumulator repeat-1000 claim-253	execution-segment-repricing	2597780	2761933	164153	0	0	0	168694	0	0	0	0	0	164.153	164.153	0.000000	+0.000164	+0.000164
gov_staker_remaining_emission_accumulator_filetest.gno	Remaining gov emission accumulator repeat-1000 claim-254	execution-segment-repricing	2597293	2761446	164153	0	0	0	168694	0	0	0	0	0	164.153	164.153	0.000000	+0.000164	+0.000164
gov_staker_remaining_emission_accumulator_filetest.gno	Remaining gov emission accumulator repeat-1000 claim-255	execution-segment-repricing	2597780	2761933	164153	0	0	0	168694	0	0	0	0	0	164.153	164.153	0.000000	+0.000164	+0.000164
gov_staker_remaining_emission_accumulator_filetest.gno	Remaining gov emission accumulator repeat-1000 claim-256	execution-segment-repricing	2593998	2758151	164153	0	0	0	168694	0	0	0	0	0	164.153	164.153	0.000000	+0.000164	+0.000164
gov_staker_remaining_emission_accumulator_filetest.gno	Remaining gov emission accumulator repeat-1000 claim-257	execution-segment-repricing	2597293	2761446	164153	0	0	0	168694	0	0	0	0	0	164.153	164.153	0.000000	+0.000164	+0.000164
gov_staker_remaining_emission_accumulator_filetest.gno	Remaining gov emission accumulator repeat-1000 claim-258	execution-segment-repricing	2597780	2761933	164153	0	0	0	168694	0	0	0	0	0	164.153	164.153	0.000000	+0.000164	+0.000164
gov_staker_remaining_emission_accumulator_filetest.gno	Remaining gov emission accumulator repeat-1000 claim-259	execution-segment-repricing	2597780	2761933	164153	0	0	0	168694	0	0	0	0	0	164.153	164.153	0.000000	+0.000164	+0.000164
gov_staker_remaining_emission_accumulator_filetest.gno	Remaining gov emission accumulator repeat-1000 claim-260	execution-segment-repricing	2597293	2761446	164153	0	0	0	168694	0	0	0	0	0	164.153	164.153	0.000000	+0.000164	+0.000164
gov_staker_remaining_emission_accumulator_filetest.gno	Remaining gov emission accumulator repeat-1000 claim-261	execution-segment-repricing	2597293	2761446	164153	0	0	0	168694	0	0	0	0	0	164.153	164.153	0.000000	+0.000164	+0.000164
gov_staker_remaining_emission_accumulator_filetest.gno	Remaining gov emission accumulator repeat-1000 claim-262	execution-segment-repricing	2594485	2758638	164153	0	0	0	168694	0	0	0	0	0	164.153	164.153	0.000000	+0.000164	+0.000164
gov_staker_remaining_emission_accumulator_filetest.gno	Remaining gov emission accumulator repeat-1000 claim-263	execution-segment-repricing	2593998	2758151	164153	0	0	0	168694	0	0	0	0	0	164.153	164.153	0.000000	+0.000164	+0.000164
gov_staker_remaining_emission_accumulator_filetest.gno	Remaining gov emission accumulator repeat-1000 claim-264	execution-segment-repricing	2597780	2761933	164153	0	0	0	168694	0	0	0	0	0	164.153	164.153	0.000000	+0.000164	+0.000164
gov_staker_remaining_emission_accumulator_filetest.gno	Remaining gov emission accumulator repeat-1000 claim-265	execution-segment-repricing	2598267	2762420	164153	0	0	0	168694	0	0	0	0	0	164.153	164.153	0.000000	+0.000164	+0.000164
gov_staker_remaining_emission_accumulator_filetest.gno	Remaining gov emission accumulator repeat-1000 claim-266	execution-segment-repricing	2597780	2761933	164153	0	0	0	168694	0	0	0	0	0	164.153	164.153	0.000000	+0.000164	+0.000164
gov_staker_remaining_emission_accumulator_filetest.gno	Remaining gov emission accumulator repeat-1000 claim-267	execution-segment-repricing	2598267	2762420	164153	0	0	0	168694	0	0	0	0	0	164.153	164.153	0.000000	+0.000164	+0.000164
gov_staker_remaining_emission_accumulator_filetest.gno	Remaining gov emission accumulator repeat-1000 claim-268	execution-segment-repricing	2598267	2762420	164153	0	0	0	168694	0	0	0	0	0	164.153	164.153	0.000000	+0.000164	+0.000164
gov_staker_remaining_emission_accumulator_filetest.gno	Remaining gov emission accumulator repeat-1000 claim-269	execution-segment-repricing	2597780	2761933	164153	0	0	0	168694	0	0	0	0	0	164.153	164.153	0.000000	+0.000164	+0.000164
gov_staker_remaining_emission_accumulator_filetest.gno	Remaining gov emission accumulator repeat-1000 claim-270	execution-segment-repricing	2597780	2761933	164153	0	0	0	168694	0	0	0	0	0	164.153	164.153	0.000000	+0.000164	+0.000164
gov_staker_remaining_emission_accumulator_filetest.gno	Remaining gov emission accumulator repeat-1000 claim-271	execution-segment-repricing	2597293	2761446	164153	0	0	0	168694	0	0	0	0	0	164.153	164.153	0.000000	+0.000164	+0.000164
gov_staker_remaining_emission_accumulator_filetest.gno	Remaining gov emission accumulator repeat-1000 claim-272	execution-segment-repricing	2597780	2761933	164153	0	0	0	168694	0	0	0	0	0	164.153	164.153	0.000000	+0.000164	+0.000164
gov_staker_remaining_emission_accumulator_filetest.gno	Remaining gov emission accumulator repeat-1000 claim-273	execution-segment-repricing	2593998	2758151	164153	0	0	0	168694	0	0	0	0	0	164.153	164.153	0.000000	+0.000164	+0.000164
gov_staker_remaining_emission_accumulator_filetest.gno	Remaining gov emission accumulator repeat-1000 claim-274	execution-segment-repricing	2598267	2762420	164153	0	0	0	168694	0	0	0	0	0	164.153	164.153	0.000000	+0.000164	+0.000164
gov_staker_remaining_emission_accumulator_filetest.gno	Remaining gov emission accumulator repeat-1000 claim-275	execution-segment-repricing	2597780	2761933	164153	0	0	0	168694	0	0	0	0	0	164.153	164.153	0.000000	+0.000164	+0.000164
gov_staker_remaining_emission_accumulator_filetest.gno	Remaining gov emission accumulator repeat-1000 claim-276	execution-segment-repricing	2598267	2762420	164153	0	0	0	168694	0	0	0	0	0	164.153	164.153	0.000000	+0.000164	+0.000164
gov_staker_remaining_emission_accumulator_filetest.gno	Remaining gov emission accumulator repeat-1000 claim-277	execution-segment-repricing	2598267	2762420	164153	0	0	0	168694	0	0	0	0	0	164.153	164.153	0.000000	+0.000164	+0.000164
gov_staker_remaining_emission_accumulator_filetest.gno	Remaining gov emission accumulator repeat-1000 claim-278	execution-segment-repricing	2593998	2758151	164153	0	0	0	168694	0	0	0	0	0	164.153	164.153	0.000000	+0.000164	+0.000164
gov_staker_remaining_emission_accumulator_filetest.gno	Remaining gov emission accumulator repeat-1000 claim-279	execution-segment-repricing	2597780	2761933	164153	0	0	0	168694	0	0	0	0	0	164.153	164.153	0.000000	+0.000164	+0.000164
gov_staker_remaining_emission_accumulator_filetest.gno	Remaining gov emission accumulator repeat-1000 claim-280	execution-segment-repricing	2597293	2761446	164153	0	0	0	168694	0	0	0	0	0	164.153	164.153	0.000000	+0.000164	+0.000164
gov_staker_remaining_emission_accumulator_filetest.gno	Remaining gov emission accumulator repeat-1000 claim-281	execution-segment-repricing	2598267	2762420	164153	0	0	0	168694	0	0	0	0	0	164.153	164.153	0.000000	+0.000164	+0.000164
gov_staker_remaining_emission_accumulator_filetest.gno	Remaining gov emission accumulator repeat-1000 claim-282	execution-segment-repricing	2597293	2761446	164153	0	0	0	168694	0	0	0	0	0	164.153	164.153	0.000000	+0.000164	+0.000164
gov_staker_remaining_emission_accumulator_filetest.gno	Remaining gov emission accumulator repeat-1000 claim-283	execution-segment-repricing	2598267	2762420	164153	0	0	0	168694	0	0	0	0	0	164.153	164.153	0.000000	+0.000164	+0.000164
gov_staker_remaining_emission_accumulator_filetest.gno	Remaining gov emission accumulator repeat-1000 claim-284	execution-segment-repricing	2594485	2758638	164153	0	0	0	168694	0	0	0	0	0	164.153	164.153	0.000000	+0.000164	+0.000164
gov_staker_remaining_emission_accumulator_filetest.gno	Remaining gov emission accumulator repeat-1000 claim-285	execution-segment-repricing	2594485	2758638	164153	0	0	0	168694	0	0	0	0	0	164.153	164.153	0.000000	+0.000164	+0.000164
gov_staker_remaining_emission_accumulator_filetest.gno	Remaining gov emission accumulator repeat-1000 claim-286	execution-segment-repricing	2597780	2761933	164153	0	0	0	168694	0	0	0	0	0	164.153	164.153	0.000000	+0.000164	+0.000164
gov_staker_remaining_emission_accumulator_filetest.gno	Remaining gov emission accumulator repeat-1000 claim-287	execution-segment-repricing	2597293	2761446	164153	0	0	0	168694	0	0	0	0	0	164.153	164.153	0.000000	+0.000164	+0.000164
gov_staker_remaining_emission_accumulator_filetest.gno	Remaining gov emission accumulator repeat-1000 claim-288	execution-segment-repricing	2597780	2761933	164153	0	0	0	168694	0	0	0	0	0	164.153	164.153	0.000000	+0.000164	+0.000164
gov_staker_remaining_emission_accumulator_filetest.gno	Remaining gov emission accumulator repeat-1000 claim-289	execution-segment-repricing	2597293	2761446	164153	0	0	0	168694	0	0	0	0	0	164.153	164.153	0.000000	+0.000164	+0.000164
gov_staker_remaining_emission_accumulator_filetest.gno	Remaining gov emission accumulator repeat-1000 claim-290	execution-segment-repricing	2598267	2762420	164153	0	0	0	168694	0	0	0	0	0	164.153	164.153	0.000000	+0.000164	+0.000164
gov_staker_remaining_emission_accumulator_filetest.gno	Remaining gov emission accumulator repeat-1000 claim-291	execution-segment-repricing	2597780	2761933	164153	0	0	0	168694	0	0	0	0	0	164.153	164.153	0.000000	+0.000164	+0.000164
gov_staker_remaining_emission_accumulator_filetest.gno	Remaining gov emission accumulator repeat-1000 claim-292	execution-segment-repricing	2594485	2758638	164153	0	0	0	168694	0	0	0	0	0	164.153	164.153	0.000000	+0.000164	+0.000164
gov_staker_remaining_emission_accumulator_filetest.gno	Remaining gov emission accumulator repeat-1000 claim-293	execution-segment-repricing	2597293	2761446	164153	0	0	0	168694	0	0	0	0	0	164.153	164.153	0.000000	+0.000164	+0.000164
gov_staker_remaining_emission_accumulator_filetest.gno	Remaining gov emission accumulator repeat-1000 claim-294	execution-segment-repricing	2597780	2761933	164153	0	0	0	168694	0	0	0	0	0	164.153	164.153	0.000000	+0.000164	+0.000164
gov_staker_remaining_emission_accumulator_filetest.gno	Remaining gov emission accumulator repeat-1000 claim-295	execution-segment-repricing	2593998	2758151	164153	0	0	0	168694	0	0	0	0	0	164.153	164.153	0.000000	+0.000164	+0.000164
gov_staker_remaining_emission_accumulator_filetest.gno	Remaining gov emission accumulator repeat-1000 claim-296	execution-segment-repricing	2597293	2761446	164153	0	0	0	168694	0	0	0	0	0	164.153	164.153	0.000000	+0.000164	+0.000164
gov_staker_remaining_emission_accumulator_filetest.gno	Remaining gov emission accumulator repeat-1000 claim-297	execution-segment-repricing	2597780	2761933	164153	0	0	0	168694	0	0	0	0	0	164.153	164.153	0.000000	+0.000164	+0.000164
gov_staker_remaining_emission_accumulator_filetest.gno	Remaining gov emission accumulator repeat-1000 claim-298	execution-segment-repricing	2597780	2761933	164153	0	0	0	168694	0	0	0	0	0	164.153	164.153	0.000000	+0.000164	+0.000164
gov_staker_remaining_emission_accumulator_filetest.gno	Remaining gov emission accumulator repeat-1000 claim-299	execution-segment-repricing	2593998	2758151	164153	0	0	0	168694	0	0	0	0	0	164.153	164.153	0.000000	+0.000164	+0.000164
gov_staker_remaining_emission_accumulator_filetest.gno	Remaining gov emission accumulator repeat-1000 claim-300	execution-segment-repricing	2597293	2761470	164177	0	5	5	168694	0	500	0	0	500	164.177	664.177	+0.000500	+0.000164	+0.000664
gov_staker_remaining_emission_accumulator_filetest.gno	Remaining gov emission accumulator repeat-1000 claim-301	execution-segment-repricing	2597780	2761960	164180	0	0	0	168694	0	0	0	0	0	164.18	164.18	0.000000	+0.000164	+0.000164
gov_staker_remaining_emission_accumulator_filetest.gno	Remaining gov emission accumulator repeat-1000 claim-302	execution-segment-repricing	2597293	2761473	164180	0	0	0	168694	0	0	0	0	0	164.18	164.18	0.000000	+0.000164	+0.000164
gov_staker_remaining_emission_accumulator_filetest.gno	Remaining gov emission accumulator repeat-1000 claim-303	execution-segment-repricing	2597780	2761960	164180	0	0	0	168694	0	0	0	0	0	164.18	164.18	0.000000	+0.000164	+0.000164
gov_staker_remaining_emission_accumulator_filetest.gno	Remaining gov emission accumulator repeat-1000 claim-304	execution-segment-repricing	2597293	2761473	164180	0	0	0	168694	0	0	0	0	0	164.18	164.18	0.000000	+0.000164	+0.000164
gov_staker_remaining_emission_accumulator_filetest.gno	Remaining gov emission accumulator repeat-1000 claim-305	execution-segment-repricing	2597780	2761960	164180	0	0	0	168694	0	0	0	0	0	164.18	164.18	0.000000	+0.000164	+0.000164
gov_staker_remaining_emission_accumulator_filetest.gno	Remaining gov emission accumulator repeat-1000 claim-306	execution-segment-repricing	2593998	2758178	164180	0	0	0	168694	0	0	0	0	0	164.18	164.18	0.000000	+0.000164	+0.000164
gov_staker_remaining_emission_accumulator_filetest.gno	Remaining gov emission accumulator repeat-1000 claim-307	execution-segment-repricing	2597293	2761473	164180	0	0	0	168694	0	0	0	0	0	164.18	164.18	0.000000	+0.000164	+0.000164
gov_staker_remaining_emission_accumulator_filetest.gno	Remaining gov emission accumulator repeat-1000 claim-308	execution-segment-repricing	2597780	2761960	164180	0	0	0	168694	0	0	0	0	0	164.18	164.18	0.000000	+0.000164	+0.000164
gov_staker_remaining_emission_accumulator_filetest.gno	Remaining gov emission accumulator repeat-1000 claim-309	execution-segment-repricing	2597293	2761473	164180	0	0	0	168694	0	0	0	0	0	164.18	164.18	0.000000	+0.000164	+0.000164
gov_staker_remaining_emission_accumulator_filetest.gno	Remaining gov emission accumulator repeat-1000 claim-310	execution-segment-repricing	2597780	2761960	164180	0	0	0	168694	0	0	0	0	0	164.18	164.18	0.000000	+0.000164	+0.000164
gov_staker_remaining_emission_accumulator_filetest.gno	Remaining gov emission accumulator repeat-1000 claim-311	execution-segment-repricing	2597780	2761960	164180	0	0	0	168694	0	0	0	0	0	164.18	164.18	0.000000	+0.000164	+0.000164
gov_staker_remaining_emission_accumulator_filetest.gno	Remaining gov emission accumulator repeat-1000 claim-312	execution-segment-repricing	2597780	2761960	164180	0	0	0	168694	0	0	0	0	0	164.18	164.18	0.000000	+0.000164	+0.000164
gov_staker_remaining_emission_accumulator_filetest.gno	Remaining gov emission accumulator repeat-1000 claim-313	execution-segment-repricing	2597780	2761960	164180	0	0	0	168694	0	0	0	0	0	164.18	164.18	0.000000	+0.000164	+0.000164
gov_staker_remaining_emission_accumulator_filetest.gno	Remaining gov emission accumulator repeat-1000 claim-314	execution-segment-repricing	2597293	2761473	164180	0	0	0	168694	0	0	0	0	0	164.18	164.18	0.000000	+0.000164	+0.000164
gov_staker_remaining_emission_accumulator_filetest.gno	Remaining gov emission accumulator repeat-1000 claim-315	execution-segment-repricing	2596806	2760986	164180	0	0	0	168694	0	0	0	0	0	164.18	164.18	0.000000	+0.000164	+0.000164
gov_staker_remaining_emission_accumulator_filetest.gno	Remaining gov emission accumulator repeat-1000 claim-316	execution-segment-repricing	2597293	2761473	164180	0	0	0	168694	0	0	0	0	0	164.18	164.18	0.000000	+0.000164	+0.000164
gov_staker_remaining_emission_accumulator_filetest.gno	Remaining gov emission accumulator repeat-1000 claim-317	execution-segment-repricing	2592931	2757111	164180	0	0	0	168694	0	0	0	0	0	164.18	164.18	0.000000	+0.000164	+0.000164
gov_staker_remaining_emission_accumulator_filetest.gno	Remaining gov emission accumulator repeat-1000 claim-318	execution-segment-repricing	2597780	2761960	164180	0	0	0	168694	0	0	0	0	0	164.18	164.18	0.000000	+0.000164	+0.000164
gov_staker_remaining_emission_accumulator_filetest.gno	Remaining gov emission accumulator repeat-1000 claim-319	execution-segment-repricing	2597780	2761960	164180	0	0	0	168694	0	0	0	0	0	164.18	164.18	0.000000	+0.000164	+0.000164
gov_staker_remaining_emission_accumulator_filetest.gno	Remaining gov emission accumulator repeat-1000 claim-320	execution-segment-repricing	2597780	2761960	164180	0	0	0	168694	0	0	0	0	0	164.18	164.18	0.000000	+0.000164	+0.000164
gov_staker_remaining_emission_accumulator_filetest.gno	Remaining gov emission accumulator repeat-1000 claim-321	execution-segment-repricing	2594485	2758665	164180	0	0	0	168694	0	0	0	0	0	164.18	164.18	0.000000	+0.000164	+0.000164
gov_staker_remaining_emission_accumulator_filetest.gno	Remaining gov emission accumulator repeat-1000 claim-322	execution-segment-repricing	2597293	2761473	164180	0	0	0	168694	0	0	0	0	0	164.18	164.18	0.000000	+0.000164	+0.000164
gov_staker_remaining_emission_accumulator_filetest.gno	Remaining gov emission accumulator repeat-1000 claim-323	execution-segment-repricing	2597293	2761473	164180	0	0	0	168694	0	0	0	0	0	164.18	164.18	0.000000	+0.000164	+0.000164
gov_staker_remaining_emission_accumulator_filetest.gno	Remaining gov emission accumulator repeat-1000 claim-324	execution-segment-repricing	2597293	2761473	164180	0	0	0	168694	0	0	0	0	0	164.18	164.18	0.000000	+0.000164	+0.000164
gov_staker_remaining_emission_accumulator_filetest.gno	Remaining gov emission accumulator repeat-1000 claim-325	execution-segment-repricing	2597780	2761960	164180	0	0	0	168694	0	0	0	0	0	164.18	164.18	0.000000	+0.000164	+0.000164
gov_staker_remaining_emission_accumulator_filetest.gno	Remaining gov emission accumulator repeat-1000 claim-326	execution-segment-repricing	2593998	2758178	164180	0	0	0	168694	0	0	0	0	0	164.18	164.18	0.000000	+0.000164	+0.000164
gov_staker_remaining_emission_accumulator_filetest.gno	Remaining gov emission accumulator repeat-1000 claim-327	execution-segment-repricing	2597780	2761960	164180	0	0	0	168694	0	0	0	0	0	164.18	164.18	0.000000	+0.000164	+0.000164
gov_staker_remaining_emission_accumulator_filetest.gno	Remaining gov emission accumulator repeat-1000 claim-328	execution-segment-repricing	2594485	2758665	164180	0	0	0	168694	0	0	0	0	0	164.18	164.18	0.000000	+0.000164	+0.000164
gov_staker_remaining_emission_accumulator_filetest.gno	Remaining gov emission accumulator repeat-1000 claim-329	execution-segment-repricing	2597293	2761473	164180	0	0	0	168694	0	0	0	0	0	164.18	164.18	0.000000	+0.000164	+0.000164
gov_staker_remaining_emission_accumulator_filetest.gno	Remaining gov emission accumulator repeat-1000 claim-330	execution-segment-repricing	2597780	2761960	164180	0	0	0	168694	0	0	0	0	0	164.18	164.18	0.000000	+0.000164	+0.000164
gov_staker_remaining_emission_accumulator_filetest.gno	Remaining gov emission accumulator repeat-1000 claim-331	execution-segment-repricing	2597293	2761473	164180	0	0	0	168694	0	0	0	0	0	164.18	164.18	0.000000	+0.000164	+0.000164
gov_staker_remaining_emission_accumulator_filetest.gno	Remaining gov emission accumulator repeat-1000 claim-332	execution-segment-repricing	2597293	2761473	164180	0	0	0	168694	0	0	0	0	0	164.18	164.18	0.000000	+0.000164	+0.000164
gov_staker_remaining_emission_accumulator_filetest.gno	Remaining gov emission accumulator repeat-1000 claim-333	execution-segment-repricing	2597780	2761960	164180	0	0	0	168694	0	0	0	0	0	164.18	164.18	0.000000	+0.000164	+0.000164
gov_staker_remaining_emission_accumulator_filetest.gno	Remaining gov emission accumulator repeat-1000 claim-334	execution-segment-repricing	2597780	2761960	164180	0	0	0	168694	0	0	0	0	0	164.18	164.18	0.000000	+0.000164	+0.000164
gov_staker_remaining_emission_accumulator_filetest.gno	Remaining gov emission accumulator repeat-1000 claim-335	execution-segment-repricing	2593998	2758178	164180	0	0	0	168694	0	0	0	0	0	164.18	164.18	0.000000	+0.000164	+0.000164
gov_staker_remaining_emission_accumulator_filetest.gno	Remaining gov emission accumulator repeat-1000 claim-336	execution-segment-repricing	2597780	2761960	164180	0	0	0	168694	0	0	0	0	0	164.18	164.18	0.000000	+0.000164	+0.000164
gov_staker_remaining_emission_accumulator_filetest.gno	Remaining gov emission accumulator repeat-1000 claim-337	execution-segment-repricing	2593998	2758178	164180	0	0	0	168694	0	0	0	0	0	164.18	164.18	0.000000	+0.000164	+0.000164
gov_staker_remaining_emission_accumulator_filetest.gno	Remaining gov emission accumulator repeat-1000 claim-338	execution-segment-repricing	2597780	2761960	164180	0	0	0	168694	0	0	0	0	0	164.18	164.18	0.000000	+0.000164	+0.000164
gov_staker_remaining_emission_accumulator_filetest.gno	Remaining gov emission accumulator repeat-1000 claim-339	execution-segment-repricing	2598267	2762447	164180	0	0	0	168694	0	0	0	0	0	164.18	164.18	0.000000	+0.000164	+0.000164
gov_staker_remaining_emission_accumulator_filetest.gno	Remaining gov emission accumulator repeat-1000 claim-340	execution-segment-repricing	2598267	2762447	164180	0	0	0	168694	0	0	0	0	0	164.18	164.18	0.000000	+0.000164	+0.000164
gov_staker_remaining_emission_accumulator_filetest.gno	Remaining gov emission accumulator repeat-1000 claim-341	execution-segment-repricing	2598267	2762447	164180	0	0	0	168694	0	0	0	0	0	164.18	164.18	0.000000	+0.000164	+0.000164
gov_staker_remaining_emission_accumulator_filetest.gno	Remaining gov emission accumulator repeat-1000 claim-342	execution-segment-repricing	2597780	2761960	164180	0	0	0	168694	0	0	0	0	0	164.18	164.18	0.000000	+0.000164	+0.000164
gov_staker_remaining_emission_accumulator_filetest.gno	Remaining gov emission accumulator repeat-1000 claim-343	execution-segment-repricing	2597780	2761960	164180	0	0	0	168694	0	0	0	0	0	164.18	164.18	0.000000	+0.000164	+0.000164
gov_staker_remaining_emission_accumulator_filetest.gno	Remaining gov emission accumulator repeat-1000 claim-344	execution-segment-repricing	2597780	2761960	164180	0	0	0	168694	0	0	0	0	0	164.18	164.18	0.000000	+0.000164	+0.000164
gov_staker_remaining_emission_accumulator_filetest.gno	Remaining gov emission accumulator repeat-1000 claim-345	execution-segment-repricing	2597780	2761960	164180	0	0	0	168694	0	0	0	0	0	164.18	164.18	0.000000	+0.000164	+0.000164
gov_staker_remaining_emission_accumulator_filetest.gno	Remaining gov emission accumulator repeat-1000 claim-346	execution-segment-repricing	2597780	2761960	164180	0	0	0	168694	0	0	0	0	0	164.18	164.18	0.000000	+0.000164	+0.000164
gov_staker_remaining_emission_accumulator_filetest.gno	Remaining gov emission accumulator repeat-1000 claim-347	execution-segment-repricing	2597780	2761960	164180	0	0	0	168694	0	0	0	0	0	164.18	164.18	0.000000	+0.000164	+0.000164
gov_staker_remaining_emission_accumulator_filetest.gno	Remaining gov emission accumulator repeat-1000 claim-348	execution-segment-repricing	2594485	2758665	164180	0	0	0	168694	0	0	0	0	0	164.18	164.18	0.000000	+0.000164	+0.000164
gov_staker_remaining_emission_accumulator_filetest.gno	Remaining gov emission accumulator repeat-1000 claim-349	execution-segment-repricing	2597780	2761960	164180	0	0	0	168694	0	0	0	0	0	164.18	164.18	0.000000	+0.000164	+0.000164
gov_staker_remaining_emission_accumulator_filetest.gno	Remaining gov emission accumulator repeat-1000 claim-350	execution-segment-repricing	2597780	2761960	164180	0	0	0	168694	0	0	0	0	0	164.18	164.18	0.000000	+0.000164	+0.000164
gov_staker_remaining_emission_accumulator_filetest.gno	Remaining gov emission accumulator repeat-1000 claim-351	execution-segment-repricing	2597780	2761960	164180	0	0	0	168694	0	0	0	0	0	164.18	164.18	0.000000	+0.000164	+0.000164
gov_staker_remaining_emission_accumulator_filetest.gno	Remaining gov emission accumulator repeat-1000 claim-352	execution-segment-repricing	2597780	2761960	164180	0	0	0	168694	0	0	0	0	0	164.18	164.18	0.000000	+0.000164	+0.000164
gov_staker_remaining_emission_accumulator_filetest.gno	Remaining gov emission accumulator repeat-1000 claim-353	execution-segment-repricing	2597780	2761960	164180	0	0	0	168694	0	0	0	0	0	164.18	164.18	0.000000	+0.000164	+0.000164
gov_staker_remaining_emission_accumulator_filetest.gno	Remaining gov emission accumulator repeat-1000 claim-354	execution-segment-repricing	2597780	2761960	164180	0	0	0	168694	0	0	0	0	0	164.18	164.18	0.000000	+0.000164	+0.000164
gov_staker_remaining_emission_accumulator_filetest.gno	Remaining gov emission accumulator repeat-1000 claim-355	execution-segment-repricing	2597780	2761960	164180	0	0	0	168694	0	0	0	0	0	164.18	164.18	0.000000	+0.000164	+0.000164
gov_staker_remaining_emission_accumulator_filetest.gno	Remaining gov emission accumulator repeat-1000 claim-356	execution-segment-repricing	2597780	2761960	164180	0	0	0	168694	0	0	0	0	0	164.18	164.18	0.000000	+0.000164	+0.000164
gov_staker_remaining_emission_accumulator_filetest.gno	Remaining gov emission accumulator repeat-1000 claim-357	execution-segment-repricing	2593998	2758178	164180	0	0	0	168694	0	0	0	0	0	164.18	164.18	0.000000	+0.000164	+0.000164
gov_staker_remaining_emission_accumulator_filetest.gno	Remaining gov emission accumulator repeat-1000 claim-358	execution-segment-repricing	2597780	2761960	164180	0	0	0	168694	0	0	0	0	0	164.18	164.18	0.000000	+0.000164	+0.000164
gov_staker_remaining_emission_accumulator_filetest.gno	Remaining gov emission accumulator repeat-1000 claim-359	execution-segment-repricing	2593998	2758178	164180	0	0	0	168694	0	0	0	0	0	164.18	164.18	0.000000	+0.000164	+0.000164
gov_staker_remaining_emission_accumulator_filetest.gno	Remaining gov emission accumulator repeat-1000 claim-360	execution-segment-repricing	2597780	2761960	164180	0	0	0	168694	0	0	0	0	0	164.18	164.18	0.000000	+0.000164	+0.000164
gov_staker_remaining_emission_accumulator_filetest.gno	Remaining gov emission accumulator repeat-1000 claim-361	execution-segment-repricing	2597780	2761960	164180	0	0	0	168694	0	0	0	0	0	164.18	164.18	0.000000	+0.000164	+0.000164
gov_staker_remaining_emission_accumulator_filetest.gno	Remaining gov emission accumulator repeat-1000 claim-362	execution-segment-repricing	2597780	2761960	164180	0	0	0	168694	0	0	0	0	0	164.18	164.18	0.000000	+0.000164	+0.000164
gov_staker_remaining_emission_accumulator_filetest.gno	Remaining gov emission accumulator repeat-1000 claim-363	execution-segment-repricing	2597780	2761960	164180	0	0	0	168694	0	0	0	0	0	164.18	164.18	0.000000	+0.000164	+0.000164
gov_staker_remaining_emission_accumulator_filetest.gno	Remaining gov emission accumulator repeat-1000 claim-364	execution-segment-repricing	2593998	2758178	164180	0	0	0	168694	0	0	0	0	0	164.18	164.18	0.000000	+0.000164	+0.000164
gov_staker_remaining_emission_accumulator_filetest.gno	Remaining gov emission accumulator repeat-1000 claim-365	execution-segment-repricing	2597780	2761960	164180	0	0	0	168694	0	0	0	0	0	164.18	164.18	0.000000	+0.000164	+0.000164
gov_staker_remaining_emission_accumulator_filetest.gno	Remaining gov emission accumulator repeat-1000 claim-366	execution-segment-repricing	2597293	2761473	164180	0	0	0	168694	0	0	0	0	0	164.18	164.18	0.000000	+0.000164	+0.000164
gov_staker_remaining_emission_accumulator_filetest.gno	Remaining gov emission accumulator repeat-1000 claim-367	execution-segment-repricing	2598267	2762447	164180	0	0	0	168694	0	0	0	0	0	164.18	164.18	0.000000	+0.000164	+0.000164
gov_staker_remaining_emission_accumulator_filetest.gno	Remaining gov emission accumulator repeat-1000 claim-368	execution-segment-repricing	2597293	2761473	164180	0	0	0	168694	0	0	0	0	0	164.18	164.18	0.000000	+0.000164	+0.000164
gov_staker_remaining_emission_accumulator_filetest.gno	Remaining gov emission accumulator repeat-1000 claim-369	execution-segment-repricing	2597780	2761960	164180	0	0	0	168694	0	0	0	0	0	164.18	164.18	0.000000	+0.000164	+0.000164
gov_staker_remaining_emission_accumulator_filetest.gno	Remaining gov emission accumulator repeat-1000 claim-370	execution-segment-repricing	2593998	2758178	164180	0	0	0	168694	0	0	0	0	0	164.18	164.18	0.000000	+0.000164	+0.000164
gov_staker_remaining_emission_accumulator_filetest.gno	Remaining gov emission accumulator repeat-1000 claim-371	execution-segment-repricing	2593998	2758178	164180	0	0	0	168694	0	0	0	0	0	164.18	164.18	0.000000	+0.000164	+0.000164
gov_staker_remaining_emission_accumulator_filetest.gno	Remaining gov emission accumulator repeat-1000 claim-372	execution-segment-repricing	2597780	2761960	164180	0	0	0	168694	0	0	0	0	0	164.18	164.18	0.000000	+0.000164	+0.000164
gov_staker_remaining_emission_accumulator_filetest.gno	Remaining gov emission accumulator repeat-1000 claim-373	execution-segment-repricing	2597780	2761960	164180	0	0	0	168694	0	0	0	0	0	164.18	164.18	0.000000	+0.000164	+0.000164
gov_staker_remaining_emission_accumulator_filetest.gno	Remaining gov emission accumulator repeat-1000 claim-374	execution-segment-repricing	2597780	2761960	164180	0	0	0	168694	0	0	0	0	0	164.18	164.18	0.000000	+0.000164	+0.000164
gov_staker_remaining_emission_accumulator_filetest.gno	Remaining gov emission accumulator repeat-1000 claim-375	execution-segment-repricing	2597780	2761960	164180	0	0	0	168694	0	0	0	0	0	164.18	164.18	0.000000	+0.000164	+0.000164
gov_staker_remaining_emission_accumulator_filetest.gno	Remaining gov emission accumulator repeat-1000 claim-376	execution-segment-repricing	2598267	2762447	164180	0	0	0	168694	0	0	0	0	0	164.18	164.18	0.000000	+0.000164	+0.000164
gov_staker_remaining_emission_accumulator_filetest.gno	Remaining gov emission accumulator repeat-1000 claim-377	execution-segment-repricing	2597293	2761473	164180	0	0	0	168694	0	0	0	0	0	164.18	164.18	0.000000	+0.000164	+0.000164
gov_staker_remaining_emission_accumulator_filetest.gno	Remaining gov emission accumulator repeat-1000 claim-378	execution-segment-repricing	2592931	2757111	164180	0	0	0	168694	0	0	0	0	0	164.18	164.18	0.000000	+0.000164	+0.000164
gov_staker_remaining_emission_accumulator_filetest.gno	Remaining gov emission accumulator repeat-1000 claim-379	execution-segment-repricing	2597293	2761473	164180	0	0	0	168694	0	0	0	0	0	164.18	164.18	0.000000	+0.000164	+0.000164
gov_staker_remaining_emission_accumulator_filetest.gno	Remaining gov emission accumulator repeat-1000 claim-380	execution-segment-repricing	2597780	2761960	164180	0	0	0	168694	0	0	0	0	0	164.18	164.18	0.000000	+0.000164	+0.000164
gov_staker_remaining_emission_accumulator_filetest.gno	Remaining gov emission accumulator repeat-1000 claim-381	execution-segment-repricing	2593998	2758178	164180	0	0	0	168694	0	0	0	0	0	164.18	164.18	0.000000	+0.000164	+0.000164
gov_staker_remaining_emission_accumulator_filetest.gno	Remaining gov emission accumulator repeat-1000 claim-382	execution-segment-repricing	2597780	2761960	164180	0	0	0	168694	0	0	0	0	0	164.18	164.18	0.000000	+0.000164	+0.000164
gov_staker_remaining_emission_accumulator_filetest.gno	Remaining gov emission accumulator repeat-1000 claim-383	execution-segment-repricing	2598267	2762447	164180	0	0	0	168694	0	0	0	0	0	164.18	164.18	0.000000	+0.000164	+0.000164
gov_staker_remaining_emission_accumulator_filetest.gno	Remaining gov emission accumulator repeat-1000 claim-384	execution-segment-repricing	2597780	2761960	164180	0	0	0	168694	0	0	0	0	0	164.18	164.18	0.000000	+0.000164	+0.000164
gov_staker_remaining_emission_accumulator_filetest.gno	Remaining gov emission accumulator repeat-1000 claim-385	execution-segment-repricing	2598267	2762447	164180	0	0	0	168694	0	0	0	0	0	164.18	164.18	0.000000	+0.000164	+0.000164
gov_staker_remaining_emission_accumulator_filetest.gno	Remaining gov emission accumulator repeat-1000 claim-386	execution-segment-repricing	2596806	2760986	164180	0	0	0	168694	0	0	0	0	0	164.18	164.18	0.000000	+0.000164	+0.000164
gov_staker_remaining_emission_accumulator_filetest.gno	Remaining gov emission accumulator repeat-1000 claim-387	execution-segment-repricing	2597780	2761960	164180	0	0	0	168694	0	0	0	0	0	164.18	164.18	0.000000	+0.000164	+0.000164
gov_staker_remaining_emission_accumulator_filetest.gno	Remaining gov emission accumulator repeat-1000 claim-388	execution-segment-repricing	2597293	2761473	164180	0	0	0	168694	0	0	0	0	0	164.18	164.18	0.000000	+0.000164	+0.000164
gov_staker_remaining_emission_accumulator_filetest.gno	Remaining gov emission accumulator repeat-1000 claim-389	execution-segment-repricing	2597780	2761960	164180	0	0	0	168694	0	0	0	0	0	164.18	164.18	0.000000	+0.000164	+0.000164
gov_staker_remaining_emission_accumulator_filetest.gno	Remaining gov emission accumulator repeat-1000 claim-390	execution-segment-repricing	2593998	2758178	164180	0	0	0	168694	0	0	0	0	0	164.18	164.18	0.000000	+0.000164	+0.000164
gov_staker_remaining_emission_accumulator_filetest.gno	Remaining gov emission accumulator repeat-1000 claim-391	execution-segment-repricing	2597780	2761960	164180	0	0	0	168694	0	0	0	0	0	164.18	164.18	0.000000	+0.000164	+0.000164
gov_staker_remaining_emission_accumulator_filetest.gno	Remaining gov emission accumulator repeat-1000 claim-392	execution-segment-repricing	2592931	2757111	164180	0	0	0	168694	0	0	0	0	0	164.18	164.18	0.000000	+0.000164	+0.000164
gov_staker_remaining_emission_accumulator_filetest.gno	Remaining gov emission accumulator repeat-1000 claim-393	execution-segment-repricing	2593998	2758178	164180	0	0	0	168694	0	0	0	0	0	164.18	164.18	0.000000	+0.000164	+0.000164
gov_staker_remaining_emission_accumulator_filetest.gno	Remaining gov emission accumulator repeat-1000 claim-394	execution-segment-repricing	2597780	2761960	164180	0	0	0	168694	0	0	0	0	0	164.18	164.18	0.000000	+0.000164	+0.000164
gov_staker_remaining_emission_accumulator_filetest.gno	Remaining gov emission accumulator repeat-1000 claim-395	execution-segment-repricing	2597293	2761473	164180	0	0	0	168694	0	0	0	0	0	164.18	164.18	0.000000	+0.000164	+0.000164
gov_staker_remaining_emission_accumulator_filetest.gno	Remaining gov emission accumulator repeat-1000 claim-396	execution-segment-repricing	2597780	2761960	164180	0	0	0	168694	0	0	0	0	0	164.18	164.18	0.000000	+0.000164	+0.000164
gov_staker_remaining_emission_accumulator_filetest.gno	Remaining gov emission accumulator repeat-1000 claim-397	execution-segment-repricing	2597293	2761473	164180	0	0	0	168694	0	0	0	0	0	164.18	164.18	0.000000	+0.000164	+0.000164
gov_staker_remaining_emission_accumulator_filetest.gno	Remaining gov emission accumulator repeat-1000 claim-398	execution-segment-repricing	2597780	2761960	164180	0	0	0	168694	0	0	0	0	0	164.18	164.18	0.000000	+0.000164	+0.000164
gov_staker_remaining_emission_accumulator_filetest.gno	Remaining gov emission accumulator repeat-1000 claim-399	execution-segment-repricing	2597293	2761473	164180	0	0	0	168694	0	0	0	0	0	164.18	164.18	0.000000	+0.000164	+0.000164
gov_staker_remaining_emission_accumulator_filetest.gno	Remaining gov emission accumulator repeat-1000 claim-400	execution-segment-repricing	2593998	2758178	164180	0	0	0	168694	0	0	0	0	0	164.18	164.18	0.000000	+0.000164	+0.000164
gov_staker_remaining_emission_accumulator_filetest.gno	Remaining gov emission accumulator repeat-1000 claim-401	execution-segment-repricing	2593511	2757691	164180	0	0	0	168694	0	0	0	0	0	164.18	164.18	0.000000	+0.000164	+0.000164
gov_staker_remaining_emission_accumulator_filetest.gno	Remaining gov emission accumulator repeat-1000 claim-402	execution-segment-repricing	2597780	2761960	164180	0	0	0	168694	0	0	0	0	0	164.18	164.18	0.000000	+0.000164	+0.000164
gov_staker_remaining_emission_accumulator_filetest.gno	Remaining gov emission accumulator repeat-1000 claim-403	execution-segment-repricing	2597780	2761960	164180	0	0	0	168694	0	0	0	0	0	164.18	164.18	0.000000	+0.000164	+0.000164
gov_staker_remaining_emission_accumulator_filetest.gno	Remaining gov emission accumulator repeat-1000 claim-404	execution-segment-repricing	2597293	2761473	164180	0	0	0	168694	0	0	0	0	0	164.18	164.18	0.000000	+0.000164	+0.000164
gov_staker_remaining_emission_accumulator_filetest.gno	Remaining gov emission accumulator repeat-1000 claim-405	execution-segment-repricing	2597780	2761960	164180	0	0	0	168694	0	0	0	0	0	164.18	164.18	0.000000	+0.000164	+0.000164
gov_staker_remaining_emission_accumulator_filetest.gno	Remaining gov emission accumulator repeat-1000 claim-406	execution-segment-repricing	2597293	2761473	164180	0	0	0	168694	0	0	0	0	0	164.18	164.18	0.000000	+0.000164	+0.000164
gov_staker_remaining_emission_accumulator_filetest.gno	Remaining gov emission accumulator repeat-1000 claim-407	execution-segment-repricing	2594485	2758665	164180	0	0	0	168694	0	0	0	0	0	164.18	164.18	0.000000	+0.000164	+0.000164
gov_staker_remaining_emission_accumulator_filetest.gno	Remaining gov emission accumulator repeat-1000 claim-408	execution-segment-repricing	2596806	2760986	164180	0	0	0	168694	0	0	0	0	0	164.18	164.18	0.000000	+0.000164	+0.000164
gov_staker_remaining_emission_accumulator_filetest.gno	Remaining gov emission accumulator repeat-1000 claim-409	execution-segment-repricing	2597780	2761960	164180	0	0	0	168694	0	0	0	0	0	164.18	164.18	0.000000	+0.000164	+0.000164
gov_staker_remaining_emission_accumulator_filetest.gno	Remaining gov emission accumulator repeat-1000 claim-410	execution-segment-repricing	2597293	2761473	164180	0	0	0	168694	0	0	0	0	0	164.18	164.18	0.000000	+0.000164	+0.000164
gov_staker_remaining_emission_accumulator_filetest.gno	Remaining gov emission accumulator repeat-1000 claim-411	execution-segment-repricing	2597780	2761960	164180	0	0	0	168694	0	0	0	0	0	164.18	164.18	0.000000	+0.000164	+0.000164
gov_staker_remaining_emission_accumulator_filetest.gno	Remaining gov emission accumulator repeat-1000 claim-412	execution-segment-repricing	2594485	2758665	164180	0	0	0	168694	0	0	0	0	0	164.18	164.18	0.000000	+0.000164	+0.000164
gov_staker_remaining_emission_accumulator_filetest.gno	Remaining gov emission accumulator repeat-1000 claim-413	execution-segment-repricing	2597293	2761473	164180	0	0	0	168694	0	0	0	0	0	164.18	164.18	0.000000	+0.000164	+0.000164
gov_staker_remaining_emission_accumulator_filetest.gno	Remaining gov emission accumulator repeat-1000 claim-414	execution-segment-repricing	2593418	2757598	164180	0	0	0	168694	0	0	0	0	0	164.18	164.18	0.000000	+0.000164	+0.000164
gov_staker_remaining_emission_accumulator_filetest.gno	Remaining gov emission accumulator repeat-1000 claim-415	execution-segment-repricing	2597293	2761473	164180	0	0	0	168694	0	0	0	0	0	164.18	164.18	0.000000	+0.000164	+0.000164
gov_staker_remaining_emission_accumulator_filetest.gno	Remaining gov emission accumulator repeat-1000 claim-416	execution-segment-repricing	2597780	2761960	164180	0	0	0	168694	0	0	0	0	0	164.18	164.18	0.000000	+0.000164	+0.000164
gov_staker_remaining_emission_accumulator_filetest.gno	Remaining gov emission accumulator repeat-1000 claim-417	execution-segment-repricing	2597293	2761473	164180	0	0	0	168694	0	0	0	0	0	164.18	164.18	0.000000	+0.000164	+0.000164
gov_staker_remaining_emission_accumulator_filetest.gno	Remaining gov emission accumulator repeat-1000 claim-418	execution-segment-repricing	2598267	2762447	164180	0	0	0	168694	0	0	0	0	0	164.18	164.18	0.000000	+0.000164	+0.000164
gov_staker_remaining_emission_accumulator_filetest.gno	Remaining gov emission accumulator repeat-1000 claim-419	execution-segment-repricing	2597780	2761960	164180	0	0	0	168694	0	0	0	0	0	164.18	164.18	0.000000	+0.000164	+0.000164
gov_staker_remaining_emission_accumulator_filetest.gno	Remaining gov emission accumulator repeat-1000 claim-420	execution-segment-repricing	2598267	2762447	164180	0	0	0	168694	0	0	0	0	0	164.18	164.18	0.000000	+0.000164	+0.000164
gov_staker_remaining_emission_accumulator_filetest.gno	Remaining gov emission accumulator repeat-1000 claim-421	execution-segment-repricing	2597780	2761960	164180	0	0	0	168694	0	0	0	0	0	164.18	164.18	0.000000	+0.000164	+0.000164
gov_staker_remaining_emission_accumulator_filetest.gno	Remaining gov emission accumulator repeat-1000 claim-422	execution-segment-repricing	2597293	2761473	164180	0	0	0	168694	0	0	0	0	0	164.18	164.18	0.000000	+0.000164	+0.000164
gov_staker_remaining_emission_accumulator_filetest.gno	Remaining gov emission accumulator repeat-1000 claim-423	execution-segment-repricing	2593998	2758178	164180	0	0	0	168694	0	0	0	0	0	164.18	164.18	0.000000	+0.000164	+0.000164
gov_staker_remaining_emission_accumulator_filetest.gno	Remaining gov emission accumulator repeat-1000 claim-424	execution-segment-repricing	2597293	2761473	164180	0	0	0	168694	0	0	0	0	0	164.18	164.18	0.000000	+0.000164	+0.000164
gov_staker_remaining_emission_accumulator_filetest.gno	Remaining gov emission accumulator repeat-1000 claim-425	execution-segment-repricing	2598267	2762447	164180	0	0	0	168694	0	0	0	0	0	164.18	164.18	0.000000	+0.000164	+0.000164
gov_staker_remaining_emission_accumulator_filetest.gno	Remaining gov emission accumulator repeat-1000 claim-426	execution-segment-repricing	2597780	2761960	164180	0	0	0	168694	0	0	0	0	0	164.18	164.18	0.000000	+0.000164	+0.000164
gov_staker_remaining_emission_accumulator_filetest.gno	Remaining gov emission accumulator repeat-1000 claim-427	execution-segment-repricing	2598267	2762447	164180	0	0	0	168694	0	0	0	0	0	164.18	164.18	0.000000	+0.000164	+0.000164
gov_staker_remaining_emission_accumulator_filetest.gno	Remaining gov emission accumulator repeat-1000 claim-428	execution-segment-repricing	2597780	2761960	164180	0	0	0	168694	0	0	0	0	0	164.18	164.18	0.000000	+0.000164	+0.000164
gov_staker_remaining_emission_accumulator_filetest.gno	Remaining gov emission accumulator repeat-1000 claim-429	execution-segment-repricing	2594485	2758665	164180	0	0	0	168694	0	0	0	0	0	164.18	164.18	0.000000	+0.000164	+0.000164
gov_staker_remaining_emission_accumulator_filetest.gno	Remaining gov emission accumulator repeat-1000 claim-430	execution-segment-repricing	2597780	2761960	164180	0	0	0	168694	0	0	0	0	0	164.18	164.18	0.000000	+0.000164	+0.000164
gov_staker_remaining_emission_accumulator_filetest.gno	Remaining gov emission accumulator repeat-1000 claim-431	execution-segment-repricing	2597293	2761473	164180	0	0	0	168694	0	0	0	0	0	164.18	164.18	0.000000	+0.000164	+0.000164
gov_staker_remaining_emission_accumulator_filetest.gno	Remaining gov emission accumulator repeat-1000 claim-432	execution-segment-repricing	2597780	2761960	164180	0	0	0	168694	0	0	0	0	0	164.18	164.18	0.000000	+0.000164	+0.000164
gov_staker_remaining_emission_accumulator_filetest.gno	Remaining gov emission accumulator repeat-1000 claim-433	execution-segment-repricing	2597293	2761473	164180	0	0	0	168694	0	0	0	0	0	164.18	164.18	0.000000	+0.000164	+0.000164
gov_staker_remaining_emission_accumulator_filetest.gno	Remaining gov emission accumulator repeat-1000 claim-434	execution-segment-repricing	2594485	2758665	164180	0	0	0	168694	0	0	0	0	0	164.18	164.18	0.000000	+0.000164	+0.000164
gov_staker_remaining_emission_accumulator_filetest.gno	Remaining gov emission accumulator repeat-1000 claim-435	execution-segment-repricing	2597780	2761960	164180	0	0	0	168694	0	0	0	0	0	164.18	164.18	0.000000	+0.000164	+0.000164
gov_staker_remaining_emission_accumulator_filetest.gno	Remaining gov emission accumulator repeat-1000 claim-436	execution-segment-repricing	2594485	2758665	164180	0	0	0	168694	0	0	0	0	0	164.18	164.18	0.000000	+0.000164	+0.000164
gov_staker_remaining_emission_accumulator_filetest.gno	Remaining gov emission accumulator repeat-1000 claim-437	execution-segment-repricing	2597780	2761960	164180	0	0	0	168694	0	0	0	0	0	164.18	164.18	0.000000	+0.000164	+0.000164
gov_staker_remaining_emission_accumulator_filetest.gno	Remaining gov emission accumulator repeat-1000 claim-438	execution-segment-repricing	2597780	2761960	164180	0	0	0	168694	0	0	0	0	0	164.18	164.18	0.000000	+0.000164	+0.000164
gov_staker_remaining_emission_accumulator_filetest.gno	Remaining gov emission accumulator repeat-1000 claim-439	execution-segment-repricing	2598267	2762447	164180	0	0	0	168694	0	0	0	0	0	164.18	164.18	0.000000	+0.000164	+0.000164
gov_staker_remaining_emission_accumulator_filetest.gno	Remaining gov emission accumulator repeat-1000 claim-440	execution-segment-repricing	2597293	2761473	164180	0	0	0	168694	0	0	0	0	0	164.18	164.18	0.000000	+0.000164	+0.000164
gov_staker_remaining_emission_accumulator_filetest.gno	Remaining gov emission accumulator repeat-1000 claim-441	execution-segment-repricing	2597780	2761960	164180	0	0	0	168694	0	0	0	0	0	164.18	164.18	0.000000	+0.000164	+0.000164
gov_staker_remaining_emission_accumulator_filetest.gno	Remaining gov emission accumulator repeat-1000 claim-442	execution-segment-repricing	2597780	2761960	164180	0	0	0	168694	0	0	0	0	0	164.18	164.18	0.000000	+0.000164	+0.000164
gov_staker_remaining_emission_accumulator_filetest.gno	Remaining gov emission accumulator repeat-1000 claim-443	execution-segment-repricing	2593998	2758178	164180	0	0	0	168694	0	0	0	0	0	164.18	164.18	0.000000	+0.000164	+0.000164
gov_staker_remaining_emission_accumulator_filetest.gno	Remaining gov emission accumulator repeat-1000 claim-444	execution-segment-repricing	2597293	2761473	164180	0	0	0	168694	0	0	0	0	0	164.18	164.18	0.000000	+0.000164	+0.000164
gov_staker_remaining_emission_accumulator_filetest.gno	Remaining gov emission accumulator repeat-1000 claim-445	execution-segment-repricing	2593998	2758178	164180	0	0	0	168694	0	0	0	0	0	164.18	164.18	0.000000	+0.000164	+0.000164
gov_staker_remaining_emission_accumulator_filetest.gno	Remaining gov emission accumulator repeat-1000 claim-446	execution-segment-repricing	2598267	2762447	164180	0	0	0	168694	0	0	0	0	0	164.18	164.18	0.000000	+0.000164	+0.000164
gov_staker_remaining_emission_accumulator_filetest.gno	Remaining gov emission accumulator repeat-1000 claim-447	execution-segment-repricing	2597780	2761960	164180	0	0	0	168694	0	0	0	0	0	164.18	164.18	0.000000	+0.000164	+0.000164
gov_staker_remaining_emission_accumulator_filetest.gno	Remaining gov emission accumulator repeat-1000 claim-448	execution-segment-repricing	2598267	2762447	164180	0	0	0	168694	0	0	0	0	0	164.18	164.18	0.000000	+0.000164	+0.000164
gov_staker_remaining_emission_accumulator_filetest.gno	Remaining gov emission accumulator repeat-1000 claim-449	execution-segment-repricing	2597780	2761960	164180	0	0	0	168694	0	0	0	0	0	164.18	164.18	0.000000	+0.000164	+0.000164
gov_staker_remaining_emission_accumulator_filetest.gno	Remaining gov emission accumulator repeat-1000 claim-450	execution-segment-repricing	2593998	2758178	164180	0	0	0	168694	0	0	0	0	0	164.18	164.18	0.000000	+0.000164	+0.000164
gov_staker_remaining_emission_accumulator_filetest.gno	Remaining gov emission accumulator repeat-1000 claim-451	execution-segment-repricing	2597293	2761473	164180	0	0	0	168694	0	0	0	0	0	164.18	164.18	0.000000	+0.000164	+0.000164
gov_staker_remaining_emission_accumulator_filetest.gno	Remaining gov emission accumulator repeat-1000 claim-452	execution-segment-repricing	2597293	2761473	164180	0	0	0	168694	0	0	0	0	0	164.18	164.18	0.000000	+0.000164	+0.000164
gov_staker_remaining_emission_accumulator_filetest.gno	Remaining gov emission accumulator repeat-1000 claim-453	execution-segment-repricing	2597780	2761960	164180	0	0	0	168694	0	0	0	0	0	164.18	164.18	0.000000	+0.000164	+0.000164
gov_staker_remaining_emission_accumulator_filetest.gno	Remaining gov emission accumulator repeat-1000 claim-454	execution-segment-repricing	2597293	2761473	164180	0	0	0	168694	0	0	0	0	0	164.18	164.18	0.000000	+0.000164	+0.000164
gov_staker_remaining_emission_accumulator_filetest.gno	Remaining gov emission accumulator repeat-1000 claim-455	execution-segment-repricing	2598267	2762447	164180	0	0	0	168694	0	0	0	0	0	164.18	164.18	0.000000	+0.000164	+0.000164
gov_staker_remaining_emission_accumulator_filetest.gno	Remaining gov emission accumulator repeat-1000 claim-456	execution-segment-repricing	2593998	2758178	164180	0	0	0	168694	0	0	0	0	0	164.18	164.18	0.000000	+0.000164	+0.000164
gov_staker_remaining_emission_accumulator_filetest.gno	Remaining gov emission accumulator repeat-1000 claim-457	execution-segment-repricing	2598267	2762447	164180	0	0	0	168694	0	0	0	0	0	164.18	164.18	0.000000	+0.000164	+0.000164
gov_staker_remaining_emission_accumulator_filetest.gno	Remaining gov emission accumulator repeat-1000 claim-458	execution-segment-repricing	2597293	2761473	164180	0	0	0	168694	0	0	0	0	0	164.18	164.18	0.000000	+0.000164	+0.000164
gov_staker_remaining_emission_accumulator_filetest.gno	Remaining gov emission accumulator repeat-1000 claim-459	execution-segment-repricing	2597293	2761473	164180	0	0	0	168694	0	0	0	0	0	164.18	164.18	0.000000	+0.000164	+0.000164
gov_staker_remaining_emission_accumulator_filetest.gno	Remaining gov emission accumulator repeat-1000 claim-460	execution-segment-repricing	2597293	2761473	164180	0	0	0	168694	0	0	0	0	0	164.18	164.18	0.000000	+0.000164	+0.000164
gov_staker_remaining_emission_accumulator_filetest.gno	Remaining gov emission accumulator repeat-1000 claim-461	execution-segment-repricing	2597293	2761473	164180	0	0	0	168694	0	0	0	0	0	164.18	164.18	0.000000	+0.000164	+0.000164
gov_staker_remaining_emission_accumulator_filetest.gno	Remaining gov emission accumulator repeat-1000 claim-462	execution-segment-repricing	2598267	2762447	164180	0	0	0	168694	0	0	0	0	0	164.18	164.18	0.000000	+0.000164	+0.000164
gov_staker_remaining_emission_accumulator_filetest.gno	Remaining gov emission accumulator repeat-1000 claim-463	execution-segment-repricing	2597293	2761473	164180	0	0	0	168694	0	0	0	0	0	164.18	164.18	0.000000	+0.000164	+0.000164
gov_staker_remaining_emission_accumulator_filetest.gno	Remaining gov emission accumulator repeat-1000 claim-464	execution-segment-repricing	2598267	2762447	164180	0	0	0	168694	0	0	0	0	0	164.18	164.18	0.000000	+0.000164	+0.000164
gov_staker_remaining_emission_accumulator_filetest.gno	Remaining gov emission accumulator repeat-1000 claim-465	execution-segment-repricing	2593511	2757691	164180	0	0	0	168694	0	0	0	0	0	164.18	164.18	0.000000	+0.000164	+0.000164
gov_staker_remaining_emission_accumulator_filetest.gno	Remaining gov emission accumulator repeat-1000 claim-466	execution-segment-repricing	2597780	2761960	164180	0	0	0	168694	0	0	0	0	0	164.18	164.18	0.000000	+0.000164	+0.000164
gov_staker_remaining_emission_accumulator_filetest.gno	Remaining gov emission accumulator repeat-1000 claim-467	execution-segment-repricing	2597293	2761473	164180	0	0	0	168694	0	0	0	0	0	164.18	164.18	0.000000	+0.000164	+0.000164
gov_staker_remaining_emission_accumulator_filetest.gno	Remaining gov emission accumulator repeat-1000 claim-468	execution-segment-repricing	2597293	2761473	164180	0	0	0	168694	0	0	0	0	0	164.18	164.18	0.000000	+0.000164	+0.000164
gov_staker_remaining_emission_accumulator_filetest.gno	Remaining gov emission accumulator repeat-1000 claim-469	execution-segment-repricing	2598267	2762447	164180	0	0	0	168694	0	0	0	0	0	164.18	164.18	0.000000	+0.000164	+0.000164
gov_staker_remaining_emission_accumulator_filetest.gno	Remaining gov emission accumulator repeat-1000 claim-470	execution-segment-repricing	2597293	2761473	164180	0	0	0	168694	0	0	0	0	0	164.18	164.18	0.000000	+0.000164	+0.000164
gov_staker_remaining_emission_accumulator_filetest.gno	Remaining gov emission accumulator repeat-1000 claim-471	execution-segment-repricing	2598267	2762447	164180	0	0	0	168694	0	0	0	0	0	164.18	164.18	0.000000	+0.000164	+0.000164
gov_staker_remaining_emission_accumulator_filetest.gno	Remaining gov emission accumulator repeat-1000 claim-472	execution-segment-repricing	2593511	2757691	164180	0	0	0	168694	0	0	0	0	0	164.18	164.18	0.000000	+0.000164	+0.000164
gov_staker_remaining_emission_accumulator_filetest.gno	Remaining gov emission accumulator repeat-1000 claim-473	execution-segment-repricing	2597780	2761960	164180	0	0	0	168694	0	0	0	0	0	164.18	164.18	0.000000	+0.000164	+0.000164
gov_staker_remaining_emission_accumulator_filetest.gno	Remaining gov emission accumulator repeat-1000 claim-474	execution-segment-repricing	2596806	2760986	164180	0	0	0	168694	0	0	0	0	0	164.18	164.18	0.000000	+0.000164	+0.000164
gov_staker_remaining_emission_accumulator_filetest.gno	Remaining gov emission accumulator repeat-1000 claim-475	execution-segment-repricing	2597780	2761960	164180	0	0	0	168694	0	0	0	0	0	164.18	164.18	0.000000	+0.000164	+0.000164
gov_staker_remaining_emission_accumulator_filetest.gno	Remaining gov emission accumulator repeat-1000 claim-476	execution-segment-repricing	2593998	2758178	164180	0	0	0	168694	0	0	0	0	0	164.18	164.18	0.000000	+0.000164	+0.000164
gov_staker_remaining_emission_accumulator_filetest.gno	Remaining gov emission accumulator repeat-1000 claim-477	execution-segment-repricing	2597293	2761473	164180	0	0	0	168694	0	0	0	0	0	164.18	164.18	0.000000	+0.000164	+0.000164
gov_staker_remaining_emission_accumulator_filetest.gno	Remaining gov emission accumulator repeat-1000 claim-478	execution-segment-repricing	2598267	2762447	164180	0	0	0	168694	0	0	0	0	0	164.18	164.18	0.000000	+0.000164	+0.000164
gov_staker_remaining_emission_accumulator_filetest.gno	Remaining gov emission accumulator repeat-1000 claim-479	execution-segment-repricing	2593511	2757691	164180	0	0	0	168694	0	0	0	0	0	164.18	164.18	0.000000	+0.000164	+0.000164
gov_staker_remaining_emission_accumulator_filetest.gno	Remaining gov emission accumulator repeat-1000 claim-480	execution-segment-repricing	2597780	2761960	164180	0	0	0	168694	0	0	0	0	0	164.18	164.18	0.000000	+0.000164	+0.000164
gov_staker_remaining_emission_accumulator_filetest.gno	Remaining gov emission accumulator repeat-1000 claim-481	execution-segment-repricing	2596806	2760986	164180	0	0	0	168694	0	0	0	0	0	164.18	164.18	0.000000	+0.000164	+0.000164
gov_staker_remaining_emission_accumulator_filetest.gno	Remaining gov emission accumulator repeat-1000 claim-482	execution-segment-repricing	2597780	2761960	164180	0	0	0	168694	0	0	0	0	0	164.18	164.18	0.000000	+0.000164	+0.000164
gov_staker_remaining_emission_accumulator_filetest.gno	Remaining gov emission accumulator repeat-1000 claim-483	execution-segment-repricing	2597293	2761473	164180	0	0	0	168694	0	0	0	0	0	164.18	164.18	0.000000	+0.000164	+0.000164
gov_staker_remaining_emission_accumulator_filetest.gno	Remaining gov emission accumulator repeat-1000 claim-484	execution-segment-repricing	2597780	2761960	164180	0	0	0	168694	0	0	0	0	0	164.18	164.18	0.000000	+0.000164	+0.000164
gov_staker_remaining_emission_accumulator_filetest.gno	Remaining gov emission accumulator repeat-1000 claim-485	execution-segment-repricing	2597293	2761473	164180	0	0	0	168694	0	0	0	0	0	164.18	164.18	0.000000	+0.000164	+0.000164
gov_staker_remaining_emission_accumulator_filetest.gno	Remaining gov emission accumulator repeat-1000 claim-486	execution-segment-repricing	2593998	2758178	164180	0	0	0	168694	0	0	0	0	0	164.18	164.18	0.000000	+0.000164	+0.000164
gov_staker_remaining_emission_accumulator_filetest.gno	Remaining gov emission accumulator repeat-1000 claim-487	execution-segment-repricing	2593511	2757691	164180	0	0	0	168694	0	0	0	0	0	164.18	164.18	0.000000	+0.000164	+0.000164
gov_staker_remaining_emission_accumulator_filetest.gno	Remaining gov emission accumulator repeat-1000 claim-488	execution-segment-repricing	2597293	2761473	164180	0	0	0	168694	0	0	0	0	0	164.18	164.18	0.000000	+0.000164	+0.000164
gov_staker_remaining_emission_accumulator_filetest.gno	Remaining gov emission accumulator repeat-1000 claim-489	execution-segment-repricing	2598267	2762447	164180	0	0	0	168694	0	0	0	0	0	164.18	164.18	0.000000	+0.000164	+0.000164
gov_staker_remaining_emission_accumulator_filetest.gno	Remaining gov emission accumulator repeat-1000 claim-490	execution-segment-repricing	2597293	2761473	164180	0	0	0	168694	0	0	0	0	0	164.18	164.18	0.000000	+0.000164	+0.000164
gov_staker_remaining_emission_accumulator_filetest.gno	Remaining gov emission accumulator repeat-1000 claim-491	execution-segment-repricing	2598267	2762447	164180	0	0	0	168694	0	0	0	0	0	164.18	164.18	0.000000	+0.000164	+0.000164
gov_staker_remaining_emission_accumulator_filetest.gno	Remaining gov emission accumulator repeat-1000 claim-492	execution-segment-repricing	2598267	2762447	164180	0	0	0	168694	0	0	0	0	0	164.18	164.18	0.000000	+0.000164	+0.000164
gov_staker_remaining_emission_accumulator_filetest.gno	Remaining gov emission accumulator repeat-1000 claim-493	execution-segment-repricing	2598267	2762447	164180	0	0	0	168694	0	0	0	0	0	164.18	164.18	0.000000	+0.000164	+0.000164
gov_staker_remaining_emission_accumulator_filetest.gno	Remaining gov emission accumulator repeat-1000 claim-494	execution-segment-repricing	2597293	2761473	164180	0	0	0	168694	0	0	0	0	0	164.18	164.18	0.000000	+0.000164	+0.000164
gov_staker_remaining_emission_accumulator_filetest.gno	Remaining gov emission accumulator repeat-1000 claim-495	execution-segment-repricing	2597293	2761473	164180	0	0	0	168694	0	0	0	0	0	164.18	164.18	0.000000	+0.000164	+0.000164
gov_staker_remaining_emission_accumulator_filetest.gno	Remaining gov emission accumulator repeat-1000 claim-496	execution-segment-repricing	2597780	2761960	164180	0	0	0	168694	0	0	0	0	0	164.18	164.18	0.000000	+0.000164	+0.000164
gov_staker_remaining_emission_accumulator_filetest.gno	Remaining gov emission accumulator repeat-1000 claim-497	execution-segment-repricing	2597780	2761960	164180	0	0	0	168694	0	0	0	0	0	164.18	164.18	0.000000	+0.000164	+0.000164
gov_staker_remaining_emission_accumulator_filetest.gno	Remaining gov emission accumulator repeat-1000 claim-498	execution-segment-repricing	2594485	2758665	164180	0	0	0	168694	0	0	0	0	0	164.18	164.18	0.000000	+0.000164	+0.000164
gov_staker_remaining_emission_accumulator_filetest.gno	Remaining gov emission accumulator repeat-1000 claim-499	execution-segment-repricing	2598267	2762447	164180	0	0	0	168694	0	0	0	0	0	164.18	164.18	0.000000	+0.000164	+0.000164
gov_staker_remaining_emission_accumulator_filetest.gno	Remaining gov emission accumulator repeat-1000 claim-500	execution-segment-repricing	2598267	2762447	164180	0	0	0	168694	0	0	0	0	0	164.18	164.18	0.000000	+0.000164	+0.000164
gov_staker_remaining_emission_accumulator_filetest.gno	Remaining gov emission accumulator repeat-1000 claim-501	execution-segment-repricing	2597780	2761960	164180	0	0	0	168694	0	0	0	0	0	164.18	164.18	0.000000	+0.000164	+0.000164
gov_staker_remaining_emission_accumulator_filetest.gno	Remaining gov emission accumulator repeat-1000 claim-502	execution-segment-repricing	2597780	2761960	164180	0	0	0	168694	0	0	0	0	0	164.18	164.18	0.000000	+0.000164	+0.000164
gov_staker_remaining_emission_accumulator_filetest.gno	Remaining gov emission accumulator repeat-1000 claim-503	execution-segment-repricing	2597293	2761473	164180	0	0	0	168694	0	0	0	0	0	164.18	164.18	0.000000	+0.000164	+0.000164
gov_staker_remaining_emission_accumulator_filetest.gno	Remaining gov emission accumulator repeat-1000 claim-504	execution-segment-repricing	2597780	2761960	164180	0	0	0	168694	0	0	0	0	0	164.18	164.18	0.000000	+0.000164	+0.000164
gov_staker_remaining_emission_accumulator_filetest.gno	Remaining gov emission accumulator repeat-1000 claim-505	execution-segment-repricing	2597780	2761960	164180	0	0	0	168694	0	0	0	0	0	164.18	164.18	0.000000	+0.000164	+0.000164
gov_staker_remaining_emission_accumulator_filetest.gno	Remaining gov emission accumulator repeat-1000 claim-506	execution-segment-repricing	2598267	2762447	164180	0	0	0	168694	0	0	0	0	0	164.18	164.18	0.000000	+0.000164	+0.000164
gov_staker_remaining_emission_accumulator_filetest.gno	Remaining gov emission accumulator repeat-1000 claim-507	execution-segment-repricing	2597780	2761960	164180	0	0	0	168694	0	0	0	0	0	164.18	164.18	0.000000	+0.000164	+0.000164
gov_staker_remaining_emission_accumulator_filetest.gno	Remaining gov emission accumulator repeat-1000 claim-508	execution-segment-repricing	2594485	2758665	164180	0	0	0	168694	0	0	0	0	0	164.18	164.18	0.000000	+0.000164	+0.000164
gov_staker_remaining_emission_accumulator_filetest.gno	Remaining gov emission accumulator repeat-1000 claim-509	execution-segment-repricing	2593998	2758178	164180	0	0	0	168694	0	0	0	0	0	164.18	164.18	0.000000	+0.000164	+0.000164
gov_staker_remaining_emission_accumulator_filetest.gno	Remaining gov emission accumulator repeat-1000 claim-510	execution-segment-repricing	2597780	2761960	164180	0	0	0	168694	0	0	0	0	0	164.18	164.18	0.000000	+0.000164	+0.000164
gov_staker_remaining_emission_accumulator_filetest.gno	Remaining gov emission accumulator repeat-1000 claim-511	execution-segment-repricing	2597780	2761960	164180	0	0	0	168694	0	0	0	0	0	164.18	164.18	0.000000	+0.000164	+0.000164
gov_staker_remaining_emission_accumulator_filetest.gno	Remaining gov emission accumulator repeat-1000 claim-512	execution-segment-repricing	2597780	2761960	164180	0	0	0	168694	0	0	0	0	0	164.18	164.18	0.000000	+0.000164	+0.000164
gov_staker_remaining_emission_accumulator_filetest.gno	Remaining gov emission accumulator repeat-1000 claim-513	execution-segment-repricing	2598267	2762447	164180	0	0	0	168694	0	0	0	0	0	164.18	164.18	0.000000	+0.000164	+0.000164
gov_staker_remaining_emission_accumulator_filetest.gno	Remaining gov emission accumulator repeat-1000 claim-514	execution-segment-repricing	2597780	2761960	164180	0	0	0	168694	0	0	0	0	0	164.18	164.18	0.000000	+0.000164	+0.000164
gov_staker_remaining_emission_accumulator_filetest.gno	Remaining gov emission accumulator repeat-1000 claim-515	execution-segment-repricing	2594485	2758665	164180	0	0	0	168694	0	0	0	0	0	164.18	164.18	0.000000	+0.000164	+0.000164
gov_staker_remaining_emission_accumulator_filetest.gno	Remaining gov emission accumulator repeat-1000 claim-516	execution-segment-repricing	2597293	2761473	164180	0	0	0	168694	0	0	0	0	0	164.18	164.18	0.000000	+0.000164	+0.000164
gov_staker_remaining_emission_accumulator_filetest.gno	Remaining gov emission accumulator repeat-1000 claim-517	execution-segment-repricing	2597780	2761960	164180	0	0	0	168694	0	0	0	0	0	164.18	164.18	0.000000	+0.000164	+0.000164
gov_staker_remaining_emission_accumulator_filetest.gno	Remaining gov emission accumulator repeat-1000 claim-518	execution-segment-repricing	2597293	2761473	164180	0	0	0	168694	0	0	0	0	0	164.18	164.18	0.000000	+0.000164	+0.000164
gov_staker_remaining_emission_accumulator_filetest.gno	Remaining gov emission accumulator repeat-1000 claim-519	execution-segment-repricing	2597780	2761960	164180	0	0	0	168694	0	0	0	0	0	164.18	164.18	0.000000	+0.000164	+0.000164
gov_staker_remaining_emission_accumulator_filetest.gno	Remaining gov emission accumulator repeat-1000 claim-520	execution-segment-repricing	2593998	2758178	164180	0	0	0	168694	0	0	0	0	0	164.18	164.18	0.000000	+0.000164	+0.000164
gov_staker_remaining_emission_accumulator_filetest.gno	Remaining gov emission accumulator repeat-1000 claim-521	execution-segment-repricing	2597780	2761960	164180	0	0	0	168694	0	0	0	0	0	164.18	164.18	0.000000	+0.000164	+0.000164
gov_staker_remaining_emission_accumulator_filetest.gno	Remaining gov emission accumulator repeat-1000 claim-522	execution-segment-repricing	2594485	2758665	164180	0	0	0	168694	0	0	0	0	0	164.18	164.18	0.000000	+0.000164	+0.000164
gov_staker_remaining_emission_accumulator_filetest.gno	Remaining gov emission accumulator repeat-1000 claim-523	execution-segment-repricing	2597293	2761473	164180	0	0	0	168694	0	0	0	0	0	164.18	164.18	0.000000	+0.000164	+0.000164
gov_staker_remaining_emission_accumulator_filetest.gno	Remaining gov emission accumulator repeat-1000 claim-524	execution-segment-repricing	2597780	2761960	164180	0	0	0	168694	0	0	0	0	0	164.18	164.18	0.000000	+0.000164	+0.000164
gov_staker_remaining_emission_accumulator_filetest.gno	Remaining gov emission accumulator repeat-1000 claim-525	execution-segment-repricing	2597293	2761473	164180	0	0	0	168694	0	0	0	0	0	164.18	164.18	0.000000	+0.000164	+0.000164
gov_staker_remaining_emission_accumulator_filetest.gno	Remaining gov emission accumulator repeat-1000 claim-526	execution-segment-repricing	2597780	2761960	164180	0	0	0	168694	0	0	0	0	0	164.18	164.18	0.000000	+0.000164	+0.000164
gov_staker_remaining_emission_accumulator_filetest.gno	Remaining gov emission accumulator repeat-1000 claim-527	execution-segment-repricing	2597293	2761473	164180	0	0	0	168694	0	0	0	0	0	164.18	164.18	0.000000	+0.000164	+0.000164
gov_staker_remaining_emission_accumulator_filetest.gno	Remaining gov emission accumulator repeat-1000 claim-528	execution-segment-repricing	2597780	2761960	164180	0	0	0	168694	0	0	0	0	0	164.18	164.18	0.000000	+0.000164	+0.000164
gov_staker_remaining_emission_accumulator_filetest.gno	Remaining gov emission accumulator repeat-1000 claim-529	execution-segment-repricing	2592931	2757111	164180	0	0	0	168694	0	0	0	0	0	164.18	164.18	0.000000	+0.000164	+0.000164
gov_staker_remaining_emission_accumulator_filetest.gno	Remaining gov emission accumulator repeat-1000 claim-530	execution-segment-repricing	2597293	2761473	164180	0	0	0	168694	0	0	0	0	0	164.18	164.18	0.000000	+0.000164	+0.000164
gov_staker_remaining_emission_accumulator_filetest.gno	Remaining gov emission accumulator repeat-1000 claim-531	execution-segment-repricing	2593998	2758178	164180	0	0	0	168694	0	0	0	0	0	164.18	164.18	0.000000	+0.000164	+0.000164
gov_staker_remaining_emission_accumulator_filetest.gno	Remaining gov emission accumulator repeat-1000 claim-532	execution-segment-repricing	2597293	2761473	164180	0	0	0	168694	0	0	0	0	0	164.18	164.18	0.000000	+0.000164	+0.000164
gov_staker_remaining_emission_accumulator_filetest.gno	Remaining gov emission accumulator repeat-1000 claim-533	execution-segment-repricing	2597780	2761960	164180	0	0	0	168694	0	0	0	0	0	164.18	164.18	0.000000	+0.000164	+0.000164
gov_staker_remaining_emission_accumulator_filetest.gno	Remaining gov emission accumulator repeat-1000 claim-534	execution-segment-repricing	2597293	2761473	164180	0	0	0	168694	0	0	0	0	0	164.18	164.18	0.000000	+0.000164	+0.000164
gov_staker_remaining_emission_accumulator_filetest.gno	Remaining gov emission accumulator repeat-1000 claim-535	execution-segment-repricing	2597780	2761960	164180	0	0	0	168694	0	0	0	0	0	164.18	164.18	0.000000	+0.000164	+0.000164
gov_staker_remaining_emission_accumulator_filetest.gno	Remaining gov emission accumulator repeat-1000 claim-536	execution-segment-repricing	2597780	2761960	164180	0	0	0	168694	0	0	0	0	0	164.18	164.18	0.000000	+0.000164	+0.000164
gov_staker_remaining_emission_accumulator_filetest.gno	Remaining gov emission accumulator repeat-1000 claim-537	execution-segment-repricing	2597293	2761473	164180	0	0	0	168694	0	0	0	0	0	164.18	164.18	0.000000	+0.000164	+0.000164
gov_staker_remaining_emission_accumulator_filetest.gno	Remaining gov emission accumulator repeat-1000 claim-538	execution-segment-repricing	2597293	2761473	164180	0	0	0	168694	0	0	0	0	0	164.18	164.18	0.000000	+0.000164	+0.000164
gov_staker_remaining_emission_accumulator_filetest.gno	Remaining gov emission accumulator repeat-1000 claim-539	execution-segment-repricing	2597293	2761473	164180	0	0	0	168694	0	0	0	0	0	164.18	164.18	0.000000	+0.000164	+0.000164
gov_staker_remaining_emission_accumulator_filetest.gno	Remaining gov emission accumulator repeat-1000 claim-540	execution-segment-repricing	2593998	2758178	164180	0	0	0	168694	0	0	0	0	0	164.18	164.18	0.000000	+0.000164	+0.000164
gov_staker_remaining_emission_accumulator_filetest.gno	Remaining gov emission accumulator repeat-1000 claim-541	execution-segment-repricing	2597293	2761473	164180	0	0	0	168694	0	0	0	0	0	164.18	164.18	0.000000	+0.000164	+0.000164
gov_staker_remaining_emission_accumulator_filetest.gno	Remaining gov emission accumulator repeat-1000 claim-542	execution-segment-repricing	2597780	2761960	164180	0	0	0	168694	0	0	0	0	0	164.18	164.18	0.000000	+0.000164	+0.000164
gov_staker_remaining_emission_accumulator_filetest.gno	Remaining gov emission accumulator repeat-1000 claim-543	execution-segment-repricing	2597780	2761960	164180	0	0	0	168694	0	0	0	0	0	164.18	164.18	0.000000	+0.000164	+0.000164
gov_staker_remaining_emission_accumulator_filetest.gno	Remaining gov emission accumulator repeat-1000 claim-544	execution-segment-repricing	2593998	2758178	164180	0	0	0	168694	0	0	0	0	0	164.18	164.18	0.000000	+0.000164	+0.000164
gov_staker_remaining_emission_accumulator_filetest.gno	Remaining gov emission accumulator repeat-1000 claim-545	execution-segment-repricing	2597293	2761473	164180	0	0	0	168694	0	0	0	0	0	164.18	164.18	0.000000	+0.000164	+0.000164
gov_staker_remaining_emission_accumulator_filetest.gno	Remaining gov emission accumulator repeat-1000 claim-546	execution-segment-repricing	2597293	2761473	164180	0	0	0	168694	0	0	0	0	0	164.18	164.18	0.000000	+0.000164	+0.000164
gov_staker_remaining_emission_accumulator_filetest.gno	Remaining gov emission accumulator repeat-1000 claim-547	execution-segment-repricing	2597780	2761960	164180	0	0	0	168694	0	0	0	0	0	164.18	164.18	0.000000	+0.000164	+0.000164
gov_staker_remaining_emission_accumulator_filetest.gno	Remaining gov emission accumulator repeat-1000 claim-548	execution-segment-repricing	2597293	2761473	164180	0	0	0	168694	0	0	0	0	0	164.18	164.18	0.000000	+0.000164	+0.000164
gov_staker_remaining_emission_accumulator_filetest.gno	Remaining gov emission accumulator repeat-1000 claim-549	execution-segment-repricing	2597293	2761473	164180	0	0	0	168694	0	0	0	0	0	164.18	164.18	0.000000	+0.000164	+0.000164
gov_staker_remaining_emission_accumulator_filetest.gno	Remaining gov emission accumulator repeat-1000 claim-550	execution-segment-repricing	2597780	2761960	164180	0	0	0	168694	0	0	0	0	0	164.18	164.18	0.000000	+0.000164	+0.000164
gov_staker_remaining_emission_accumulator_filetest.gno	Remaining gov emission accumulator repeat-1000 claim-551	execution-segment-repricing	2590216	2754396	164180	0	0	0	168694	0	0	0	0	0	164.18	164.18	0.000000	+0.000164	+0.000164
gov_staker_remaining_emission_accumulator_filetest.gno	Remaining gov emission accumulator repeat-1000 claim-552	execution-segment-repricing	2597293	2761473	164180	0	0	0	168694	0	0	0	0	0	164.18	164.18	0.000000	+0.000164	+0.000164
gov_staker_remaining_emission_accumulator_filetest.gno	Remaining gov emission accumulator repeat-1000 claim-553	execution-segment-repricing	2597293	2761473	164180	0	0	0	168694	0	0	0	0	0	164.18	164.18	0.000000	+0.000164	+0.000164
gov_staker_remaining_emission_accumulator_filetest.gno	Remaining gov emission accumulator repeat-1000 claim-554	execution-segment-repricing	2597780	2761960	164180	0	0	0	168694	0	0	0	0	0	164.18	164.18	0.000000	+0.000164	+0.000164
gov_staker_remaining_emission_accumulator_filetest.gno	Remaining gov emission accumulator repeat-1000 claim-555	execution-segment-repricing	2597780	2761960	164180	0	0	0	168694	0	0	0	0	0	164.18	164.18	0.000000	+0.000164	+0.000164
gov_staker_remaining_emission_accumulator_filetest.gno	Remaining gov emission accumulator repeat-1000 claim-556	execution-segment-repricing	2597780	2761960	164180	0	0	0	168694	0	0	0	0	0	164.18	164.18	0.000000	+0.000164	+0.000164
gov_staker_remaining_emission_accumulator_filetest.gno	Remaining gov emission accumulator repeat-1000 claim-557	execution-segment-repricing	2597780	2761960	164180	0	0	0	168694	0	0	0	0	0	164.18	164.18	0.000000	+0.000164	+0.000164
gov_staker_remaining_emission_accumulator_filetest.gno	Remaining gov emission accumulator repeat-1000 claim-558	execution-segment-repricing	2593511	2757691	164180	0	0	0	168694	0	0	0	0	0	164.18	164.18	0.000000	+0.000164	+0.000164
gov_staker_remaining_emission_accumulator_filetest.gno	Remaining gov emission accumulator repeat-1000 claim-559	execution-segment-repricing	2597780	2761960	164180	0	0	0	168694	0	0	0	0	0	164.18	164.18	0.000000	+0.000164	+0.000164
gov_staker_remaining_emission_accumulator_filetest.gno	Remaining gov emission accumulator repeat-1000 claim-560	execution-segment-repricing	2596806	2760986	164180	0	0	0	168694	0	0	0	0	0	164.18	164.18	0.000000	+0.000164	+0.000164
gov_staker_remaining_emission_accumulator_filetest.gno	Remaining gov emission accumulator repeat-1000 claim-561	execution-segment-repricing	2597780	2761960	164180	0	0	0	168694	0	0	0	0	0	164.18	164.18	0.000000	+0.000164	+0.000164
gov_staker_remaining_emission_accumulator_filetest.gno	Remaining gov emission accumulator repeat-1000 claim-562	execution-segment-repricing	2593998	2758178	164180	0	0	0	168694	0	0	0	0	0	164.18	164.18	0.000000	+0.000164	+0.000164
gov_staker_remaining_emission_accumulator_filetest.gno	Remaining gov emission accumulator repeat-1000 claim-563	execution-segment-repricing	2597780	2761960	164180	0	0	0	168694	0	0	0	0	0	164.18	164.18	0.000000	+0.000164	+0.000164
gov_staker_remaining_emission_accumulator_filetest.gno	Remaining gov emission accumulator repeat-1000 claim-564	execution-segment-repricing	2598267	2762447	164180	0	0	0	168694	0	0	0	0	0	164.18	164.18	0.000000	+0.000164	+0.000164
gov_staker_remaining_emission_accumulator_filetest.gno	Remaining gov emission accumulator repeat-1000 claim-565	execution-segment-repricing	2593418	2757598	164180	0	0	0	168694	0	0	0	0	0	164.18	164.18	0.000000	+0.000164	+0.000164
gov_staker_remaining_emission_accumulator_filetest.gno	Remaining gov emission accumulator repeat-1000 claim-566	execution-segment-repricing	2597780	2761960	164180	0	0	0	168694	0	0	0	0	0	164.18	164.18	0.000000	+0.000164	+0.000164
gov_staker_remaining_emission_accumulator_filetest.gno	Remaining gov emission accumulator repeat-1000 claim-567	execution-segment-repricing	2597293	2761473	164180	0	0	0	168694	0	0	0	0	0	164.18	164.18	0.000000	+0.000164	+0.000164
gov_staker_remaining_emission_accumulator_filetest.gno	Remaining gov emission accumulator repeat-1000 claim-568	execution-segment-repricing	2598267	2762447	164180	0	0	0	168694	0	0	0	0	0	164.18	164.18	0.000000	+0.000164	+0.000164
gov_staker_remaining_emission_accumulator_filetest.gno	Remaining gov emission accumulator repeat-1000 claim-569	execution-segment-repricing	2597293	2761473	164180	0	0	0	168694	0	0	0	0	0	164.18	164.18	0.000000	+0.000164	+0.000164
gov_staker_remaining_emission_accumulator_filetest.gno	Remaining gov emission accumulator repeat-1000 claim-570	execution-segment-repricing	2598267	2762447	164180	0	0	0	168694	0	0	0	0	0	164.18	164.18	0.000000	+0.000164	+0.000164
gov_staker_remaining_emission_accumulator_filetest.gno	Remaining gov emission accumulator repeat-1000 claim-571	execution-segment-repricing	2597780	2761960	164180	0	0	0	168694	0	0	0	0	0	164.18	164.18	0.000000	+0.000164	+0.000164
gov_staker_remaining_emission_accumulator_filetest.gno	Remaining gov emission accumulator repeat-1000 claim-572	execution-segment-repricing	2598267	2762447	164180	0	0	0	168694	0	0	0	0	0	164.18	164.18	0.000000	+0.000164	+0.000164
gov_staker_remaining_emission_accumulator_filetest.gno	Remaining gov emission accumulator repeat-1000 claim-573	execution-segment-repricing	2594485	2758665	164180	0	0	0	168694	0	0	0	0	0	164.18	164.18	0.000000	+0.000164	+0.000164
gov_staker_remaining_emission_accumulator_filetest.gno	Remaining gov emission accumulator repeat-1000 claim-574	execution-segment-repricing	2597780	2761960	164180	0	0	0	168694	0	0	0	0	0	164.18	164.18	0.000000	+0.000164	+0.000164
gov_staker_remaining_emission_accumulator_filetest.gno	Remaining gov emission accumulator repeat-1000 claim-575	execution-segment-repricing	2598267	2762447	164180	0	0	0	168694	0	0	0	0	0	164.18	164.18	0.000000	+0.000164	+0.000164
gov_staker_remaining_emission_accumulator_filetest.gno	Remaining gov emission accumulator repeat-1000 claim-576	execution-segment-repricing	2597293	2761473	164180	0	0	0	168694	0	0	0	0	0	164.18	164.18	0.000000	+0.000164	+0.000164
gov_staker_remaining_emission_accumulator_filetest.gno	Remaining gov emission accumulator repeat-1000 claim-577	execution-segment-repricing	2598267	2762447	164180	0	0	0	168694	0	0	0	0	0	164.18	164.18	0.000000	+0.000164	+0.000164
gov_staker_remaining_emission_accumulator_filetest.gno	Remaining gov emission accumulator repeat-1000 claim-578	execution-segment-repricing	2597293	2761473	164180	0	0	0	168694	0	0	0	0	0	164.18	164.18	0.000000	+0.000164	+0.000164
gov_staker_remaining_emission_accumulator_filetest.gno	Remaining gov emission accumulator repeat-1000 claim-579	execution-segment-repricing	2598267	2762447	164180	0	0	0	168694	0	0	0	0	0	164.18	164.18	0.000000	+0.000164	+0.000164
gov_staker_remaining_emission_accumulator_filetest.gno	Remaining gov emission accumulator repeat-1000 claim-580	execution-segment-repricing	2593998	2758178	164180	0	0	0	168694	0	0	0	0	0	164.18	164.18	0.000000	+0.000164	+0.000164
gov_staker_remaining_emission_accumulator_filetest.gno	Remaining gov emission accumulator repeat-1000 claim-581	execution-segment-repricing	2597780	2761960	164180	0	0	0	168694	0	0	0	0	0	164.18	164.18	0.000000	+0.000164	+0.000164
gov_staker_remaining_emission_accumulator_filetest.gno	Remaining gov emission accumulator repeat-1000 claim-582	execution-segment-repricing	2597780	2761960	164180	0	0	0	168694	0	0	0	0	0	164.18	164.18	0.000000	+0.000164	+0.000164
gov_staker_remaining_emission_accumulator_filetest.gno	Remaining gov emission accumulator repeat-1000 claim-583	execution-segment-repricing	2597780	2761960	164180	0	0	0	168694	0	0	0	0	0	164.18	164.18	0.000000	+0.000164	+0.000164
gov_staker_remaining_emission_accumulator_filetest.gno	Remaining gov emission accumulator repeat-1000 claim-584	execution-segment-repricing	2594485	2758665	164180	0	0	0	168694	0	0	0	0	0	164.18	164.18	0.000000	+0.000164	+0.000164
gov_staker_remaining_emission_accumulator_filetest.gno	Remaining gov emission accumulator repeat-1000 claim-585	execution-segment-repricing	2597293	2761473	164180	0	0	0	168694	0	0	0	0	0	164.18	164.18	0.000000	+0.000164	+0.000164
gov_staker_remaining_emission_accumulator_filetest.gno	Remaining gov emission accumulator repeat-1000 claim-586	execution-segment-repricing	2598267	2762447	164180	0	0	0	168694	0	0	0	0	0	164.18	164.18	0.000000	+0.000164	+0.000164
gov_staker_remaining_emission_accumulator_filetest.gno	Remaining gov emission accumulator repeat-1000 claim-587	execution-segment-repricing	2593998	2758178	164180	0	0	0	168694	0	0	0	0	0	164.18	164.18	0.000000	+0.000164	+0.000164
gov_staker_remaining_emission_accumulator_filetest.gno	Remaining gov emission accumulator repeat-1000 claim-588	execution-segment-repricing	2597780	2761960	164180	0	0	0	168694	0	0	0	0	0	164.18	164.18	0.000000	+0.000164	+0.000164
gov_staker_remaining_emission_accumulator_filetest.gno	Remaining gov emission accumulator repeat-1000 claim-589	execution-segment-repricing	2597293	2761473	164180	0	0	0	168694	0	0	0	0	0	164.18	164.18	0.000000	+0.000164	+0.000164
gov_staker_remaining_emission_accumulator_filetest.gno	Remaining gov emission accumulator repeat-1000 claim-590	execution-segment-repricing	2597780	2761960	164180	0	0	0	168694	0	0	0	0	0	164.18	164.18	0.000000	+0.000164	+0.000164
gov_staker_remaining_emission_accumulator_filetest.gno	Remaining gov emission accumulator repeat-1000 claim-591	execution-segment-repricing	2597780	2761960	164180	0	0	0	168694	0	0	0	0	0	164.18	164.18	0.000000	+0.000164	+0.000164
gov_staker_remaining_emission_accumulator_filetest.gno	Remaining gov emission accumulator repeat-1000 claim-592	execution-segment-repricing	2597780	2761960	164180	0	0	0	168694	0	0	0	0	0	164.18	164.18	0.000000	+0.000164	+0.000164
gov_staker_remaining_emission_accumulator_filetest.gno	Remaining gov emission accumulator repeat-1000 claim-593	execution-segment-repricing	2597780	2761960	164180	0	0	0	168694	0	0	0	0	0	164.18	164.18	0.000000	+0.000164	+0.000164
gov_staker_remaining_emission_accumulator_filetest.gno	Remaining gov emission accumulator repeat-1000 claim-594	execution-segment-repricing	2593511	2757691	164180	0	0	0	168694	0	0	0	0	0	164.18	164.18	0.000000	+0.000164	+0.000164
gov_staker_remaining_emission_accumulator_filetest.gno	Remaining gov emission accumulator repeat-1000 claim-595	execution-segment-repricing	2593998	2758178	164180	0	0	0	168694	0	0	0	0	0	164.18	164.18	0.000000	+0.000164	+0.000164
gov_staker_remaining_emission_accumulator_filetest.gno	Remaining gov emission accumulator repeat-1000 claim-596	execution-segment-repricing	2597293	2761473	164180	0	0	0	168694	0	0	0	0	0	164.18	164.18	0.000000	+0.000164	+0.000164
gov_staker_remaining_emission_accumulator_filetest.gno	Remaining gov emission accumulator repeat-1000 claim-597	execution-segment-repricing	2597780	2761960	164180	0	0	0	168694	0	0	0	0	0	164.18	164.18	0.000000	+0.000164	+0.000164
gov_staker_remaining_emission_accumulator_filetest.gno	Remaining gov emission accumulator repeat-1000 claim-598	execution-segment-repricing	2597780	2761960	164180	0	0	0	168694	0	0	0	0	0	164.18	164.18	0.000000	+0.000164	+0.000164
gov_staker_remaining_emission_accumulator_filetest.gno	Remaining gov emission accumulator repeat-1000 claim-599	execution-segment-repricing	2597780	2761960	164180	0	0	0	168694	0	0	0	0	0	164.18	164.18	0.000000	+0.000164	+0.000164
gov_staker_remaining_emission_accumulator_filetest.gno	Remaining gov emission accumulator repeat-1000 claim-600	execution-segment-repricing	2597780	2761960	164180	0	0	0	168694	0	0	0	0	0	164.18	164.18	0.000000	+0.000164	+0.000164
gov_staker_remaining_emission_accumulator_filetest.gno	Remaining gov emission accumulator repeat-1000 claim-601	execution-segment-repricing	2593998	2758178	164180	0	0	0	168694	0	0	0	0	0	164.18	164.18	0.000000	+0.000164	+0.000164
gov_staker_remaining_emission_accumulator_filetest.gno	Remaining gov emission accumulator repeat-1000 claim-602	execution-segment-repricing	2597780	2761960	164180	0	0	0	168694	0	0	0	0	0	164.18	164.18	0.000000	+0.000164	+0.000164
gov_staker_remaining_emission_accumulator_filetest.gno	Remaining gov emission accumulator repeat-1000 claim-603	execution-segment-repricing	2597293	2761473	164180	0	0	0	168694	0	0	0	0	0	164.18	164.18	0.000000	+0.000164	+0.000164
gov_staker_remaining_emission_accumulator_filetest.gno	Remaining gov emission accumulator repeat-1000 claim-604	execution-segment-repricing	2597293	2761473	164180	0	0	0	168694	0	0	0	0	0	164.18	164.18	0.000000	+0.000164	+0.000164
gov_staker_remaining_emission_accumulator_filetest.gno	Remaining gov emission accumulator repeat-1000 claim-605	execution-segment-repricing	2597293	2761473	164180	0	0	0	168694	0	0	0	0	0	164.18	164.18	0.000000	+0.000164	+0.000164
gov_staker_remaining_emission_accumulator_filetest.gno	Remaining gov emission accumulator repeat-1000 claim-606	execution-segment-repricing	2592931	2757111	164180	0	0	0	168694	0	0	0	0	0	164.18	164.18	0.000000	+0.000164	+0.000164
gov_staker_remaining_emission_accumulator_filetest.gno	Remaining gov emission accumulator repeat-1000 claim-607	execution-segment-repricing	2597780	2761960	164180	0	0	0	168694	0	0	0	0	0	164.18	164.18	0.000000	+0.000164	+0.000164
gov_staker_remaining_emission_accumulator_filetest.gno	Remaining gov emission accumulator repeat-1000 claim-608	execution-segment-repricing	2597780	2761960	164180	0	0	0	168694	0	0	0	0	0	164.18	164.18	0.000000	+0.000164	+0.000164
gov_staker_remaining_emission_accumulator_filetest.gno	Remaining gov emission accumulator repeat-1000 claim-609	execution-segment-repricing	2597780	2761960	164180	0	0	0	168694	0	0	0	0	0	164.18	164.18	0.000000	+0.000164	+0.000164
gov_staker_remaining_emission_accumulator_filetest.gno	Remaining gov emission accumulator repeat-1000 claim-610	execution-segment-repricing	2597780	2761960	164180	0	0	0	168694	0	0	0	0	0	164.18	164.18	0.000000	+0.000164	+0.000164
gov_staker_remaining_emission_accumulator_filetest.gno	Remaining gov emission accumulator repeat-1000 claim-611	execution-segment-repricing	2597780	2761960	164180	0	0	0	168694	0	0	0	0	0	164.18	164.18	0.000000	+0.000164	+0.000164
gov_staker_remaining_emission_accumulator_filetest.gno	Remaining gov emission accumulator repeat-1000 claim-612	execution-segment-repricing	2597293	2761473	164180	0	0	0	168694	0	0	0	0	0	164.18	164.18	0.000000	+0.000164	+0.000164
gov_staker_remaining_emission_accumulator_filetest.gno	Remaining gov emission accumulator repeat-1000 claim-613	execution-segment-repricing	2597293	2761473	164180	0	0	0	168694	0	0	0	0	0	164.18	164.18	0.000000	+0.000164	+0.000164
gov_staker_remaining_emission_accumulator_filetest.gno	Remaining gov emission accumulator repeat-1000 claim-614	execution-segment-repricing	2597780	2761960	164180	0	0	0	168694	0	0	0	0	0	164.18	164.18	0.000000	+0.000164	+0.000164
gov_staker_remaining_emission_accumulator_filetest.gno	Remaining gov emission accumulator repeat-1000 claim-615	execution-segment-repricing	2593998	2758178	164180	0	0	0	168694	0	0	0	0	0	164.18	164.18	0.000000	+0.000164	+0.000164
gov_staker_remaining_emission_accumulator_filetest.gno	Remaining gov emission accumulator repeat-1000 claim-616	execution-segment-repricing	2597780	2761960	164180	0	0	0	168694	0	0	0	0	0	164.18	164.18	0.000000	+0.000164	+0.000164
gov_staker_remaining_emission_accumulator_filetest.gno	Remaining gov emission accumulator repeat-1000 claim-617	execution-segment-repricing	2597780	2761960	164180	0	0	0	168694	0	0	0	0	0	164.18	164.18	0.000000	+0.000164	+0.000164
gov_staker_remaining_emission_accumulator_filetest.gno	Remaining gov emission accumulator repeat-1000 claim-618	execution-segment-repricing	2597780	2761960	164180	0	0	0	168694	0	0	0	0	0	164.18	164.18	0.000000	+0.000164	+0.000164
gov_staker_remaining_emission_accumulator_filetest.gno	Remaining gov emission accumulator repeat-1000 claim-619	execution-segment-repricing	2597780	2761960	164180	0	0	0	168694	0	0	0	0	0	164.18	164.18	0.000000	+0.000164	+0.000164
gov_staker_remaining_emission_accumulator_filetest.gno	Remaining gov emission accumulator repeat-1000 claim-620	execution-segment-repricing	2597780	2761960	164180	0	0	0	168694	0	0	0	0	0	164.18	164.18	0.000000	+0.000164	+0.000164
gov_staker_remaining_emission_accumulator_filetest.gno	Remaining gov emission accumulator repeat-1000 claim-621	execution-segment-repricing	2597293	2761473	164180	0	0	0	168694	0	0	0	0	0	164.18	164.18	0.000000	+0.000164	+0.000164
gov_staker_remaining_emission_accumulator_filetest.gno	Remaining gov emission accumulator repeat-1000 claim-622	execution-segment-repricing	2597293	2761473	164180	0	0	0	168694	0	0	0	0	0	164.18	164.18	0.000000	+0.000164	+0.000164
gov_staker_remaining_emission_accumulator_filetest.gno	Remaining gov emission accumulator repeat-1000 claim-623	execution-segment-repricing	2593998	2758178	164180	0	0	0	168694	0	0	0	0	0	164.18	164.18	0.000000	+0.000164	+0.000164
gov_staker_remaining_emission_accumulator_filetest.gno	Remaining gov emission accumulator repeat-1000 claim-624	execution-segment-repricing	2597293	2761473	164180	0	0	0	168694	0	0	0	0	0	164.18	164.18	0.000000	+0.000164	+0.000164
gov_staker_remaining_emission_accumulator_filetest.gno	Remaining gov emission accumulator repeat-1000 claim-625	execution-segment-repricing	2597780	2761960	164180	0	0	0	168694	0	0	0	0	0	164.18	164.18	0.000000	+0.000164	+0.000164
gov_staker_remaining_emission_accumulator_filetest.gno	Remaining gov emission accumulator repeat-1000 claim-626	execution-segment-repricing	2593998	2758178	164180	0	0	0	168694	0	0	0	0	0	164.18	164.18	0.000000	+0.000164	+0.000164
gov_staker_remaining_emission_accumulator_filetest.gno	Remaining gov emission accumulator repeat-1000 claim-627	execution-segment-repricing	2597780	2761960	164180	0	0	0	168694	0	0	0	0	0	164.18	164.18	0.000000	+0.000164	+0.000164
gov_staker_remaining_emission_accumulator_filetest.gno	Remaining gov emission accumulator repeat-1000 claim-628	execution-segment-repricing	2597780	2761960	164180	0	0	0	168694	0	0	0	0	0	164.18	164.18	0.000000	+0.000164	+0.000164
gov_staker_remaining_emission_accumulator_filetest.gno	Remaining gov emission accumulator repeat-1000 claim-629	execution-segment-repricing	2597780	2761960	164180	0	0	0	168694	0	0	0	0	0	164.18	164.18	0.000000	+0.000164	+0.000164
gov_staker_remaining_emission_accumulator_filetest.gno	Remaining gov emission accumulator repeat-1000 claim-630	execution-segment-repricing	2593998	2758178	164180	0	0	0	168694	0	0	0	0	0	164.18	164.18	0.000000	+0.000164	+0.000164
gov_staker_remaining_emission_accumulator_filetest.gno	Remaining gov emission accumulator repeat-1000 claim-631	execution-segment-repricing	2596806	2760986	164180	0	0	0	168694	0	0	0	0	0	164.18	164.18	0.000000	+0.000164	+0.000164
gov_staker_remaining_emission_accumulator_filetest.gno	Remaining gov emission accumulator repeat-1000 claim-632	execution-segment-repricing	2597293	2761473	164180	0	0	0	168694	0	0	0	0	0	164.18	164.18	0.000000	+0.000164	+0.000164
gov_staker_remaining_emission_accumulator_filetest.gno	Remaining gov emission accumulator repeat-1000 claim-633	execution-segment-repricing	2597293	2761473	164180	0	0	0	168694	0	0	0	0	0	164.18	164.18	0.000000	+0.000164	+0.000164
gov_staker_remaining_emission_accumulator_filetest.gno	Remaining gov emission accumulator repeat-1000 claim-634	execution-segment-repricing	2597780	2761960	164180	0	0	0	168694	0	0	0	0	0	164.18	164.18	0.000000	+0.000164	+0.000164
gov_staker_remaining_emission_accumulator_filetest.gno	Remaining gov emission accumulator repeat-1000 claim-635	execution-segment-repricing	2597293	2761473	164180	0	0	0	168694	0	0	0	0	0	164.18	164.18	0.000000	+0.000164	+0.000164
gov_staker_remaining_emission_accumulator_filetest.gno	Remaining gov emission accumulator repeat-1000 claim-636	execution-segment-repricing	2598267	2762447	164180	0	0	0	168694	0	0	0	0	0	164.18	164.18	0.000000	+0.000164	+0.000164
gov_staker_remaining_emission_accumulator_filetest.gno	Remaining gov emission accumulator repeat-1000 claim-637	execution-segment-repricing	2590216	2754396	164180	0	0	0	168694	0	0	0	0	0	164.18	164.18	0.000000	+0.000164	+0.000164
gov_staker_remaining_emission_accumulator_filetest.gno	Remaining gov emission accumulator repeat-1000 claim-638	execution-segment-repricing	2597780	2761960	164180	0	0	0	168694	0	0	0	0	0	164.18	164.18	0.000000	+0.000164	+0.000164
gov_staker_remaining_emission_accumulator_filetest.gno	Remaining gov emission accumulator repeat-1000 claim-639	execution-segment-repricing	2597780	2761960	164180	0	0	0	168694	0	0	0	0	0	164.18	164.18	0.000000	+0.000164	+0.000164
gov_staker_remaining_emission_accumulator_filetest.gno	Remaining gov emission accumulator repeat-1000 claim-640	execution-segment-repricing	2597293	2761473	164180	0	0	0	168694	0	0	0	0	0	164.18	164.18	0.000000	+0.000164	+0.000164
gov_staker_remaining_emission_accumulator_filetest.gno	Remaining gov emission accumulator repeat-1000 claim-641	execution-segment-repricing	2598267	2762447	164180	0	0	0	168694	0	0	0	0	0	164.18	164.18	0.000000	+0.000164	+0.000164
gov_staker_remaining_emission_accumulator_filetest.gno	Remaining gov emission accumulator repeat-1000 claim-642	execution-segment-repricing	2597780	2761960	164180	0	0	0	168694	0	0	0	0	0	164.18	164.18	0.000000	+0.000164	+0.000164
gov_staker_remaining_emission_accumulator_filetest.gno	Remaining gov emission accumulator repeat-1000 claim-643	execution-segment-repricing	2598267	2762447	164180	0	0	0	168694	0	0	0	0	0	164.18	164.18	0.000000	+0.000164	+0.000164
gov_staker_remaining_emission_accumulator_filetest.gno	Remaining gov emission accumulator repeat-1000 claim-644	execution-segment-repricing	2597780	2761960	164180	0	0	0	168694	0	0	0	0	0	164.18	164.18	0.000000	+0.000164	+0.000164
gov_staker_remaining_emission_accumulator_filetest.gno	Remaining gov emission accumulator repeat-1000 claim-645	execution-segment-repricing	2597780	2761960	164180	0	0	0	168694	0	0	0	0	0	164.18	164.18	0.000000	+0.000164	+0.000164
gov_staker_remaining_emission_accumulator_filetest.gno	Remaining gov emission accumulator repeat-1000 claim-646	execution-segment-repricing	2597293	2761473	164180	0	0	0	168694	0	0	0	0	0	164.18	164.18	0.000000	+0.000164	+0.000164
gov_staker_remaining_emission_accumulator_filetest.gno	Remaining gov emission accumulator repeat-1000 claim-647	execution-segment-repricing	2598267	2762447	164180	0	0	0	168694	0	0	0	0	0	164.18	164.18	0.000000	+0.000164	+0.000164
gov_staker_remaining_emission_accumulator_filetest.gno	Remaining gov emission accumulator repeat-1000 claim-648	execution-segment-repricing	2593998	2758178	164180	0	0	0	168694	0	0	0	0	0	164.18	164.18	0.000000	+0.000164	+0.000164
gov_staker_remaining_emission_accumulator_filetest.gno	Remaining gov emission accumulator repeat-1000 claim-649	execution-segment-repricing	2597780	2761960	164180	0	0	0	168694	0	0	0	0	0	164.18	164.18	0.000000	+0.000164	+0.000164
gov_staker_remaining_emission_accumulator_filetest.gno	Remaining gov emission accumulator repeat-1000 claim-650	execution-segment-repricing	2598267	2762447	164180	0	0	0	168694	0	0	0	0	0	164.18	164.18	0.000000	+0.000164	+0.000164
gov_staker_remaining_emission_accumulator_filetest.gno	Remaining gov emission accumulator repeat-1000 claim-651	execution-segment-repricing	2597780	2761960	164180	0	0	0	168694	0	0	0	0	0	164.18	164.18	0.000000	+0.000164	+0.000164
gov_staker_remaining_emission_accumulator_filetest.gno	Remaining gov emission accumulator repeat-1000 claim-652	execution-segment-repricing	2597780	2761960	164180	0	0	0	168694	0	0	0	0	0	164.18	164.18	0.000000	+0.000164	+0.000164
gov_staker_remaining_emission_accumulator_filetest.gno	Remaining gov emission accumulator repeat-1000 claim-653	execution-segment-repricing	2597293	2761473	164180	0	0	0	168694	0	0	0	0	0	164.18	164.18	0.000000	+0.000164	+0.000164
gov_staker_remaining_emission_accumulator_filetest.gno	Remaining gov emission accumulator repeat-1000 claim-654	execution-segment-repricing	2598267	2762447	164180	0	0	0	168694	0	0	0	0	0	164.18	164.18	0.000000	+0.000164	+0.000164
gov_staker_remaining_emission_accumulator_filetest.gno	Remaining gov emission accumulator repeat-1000 claim-655	execution-segment-repricing	2597293	2761473	164180	0	0	0	168694	0	0	0	0	0	164.18	164.18	0.000000	+0.000164	+0.000164
gov_staker_remaining_emission_accumulator_filetest.gno	Remaining gov emission accumulator repeat-1000 claim-656	execution-segment-repricing	2598267	2762447	164180	0	0	0	168694	0	0	0	0	0	164.18	164.18	0.000000	+0.000164	+0.000164
gov_staker_remaining_emission_accumulator_filetest.gno	Remaining gov emission accumulator repeat-1000 claim-657	execution-segment-repricing	2597780	2761960	164180	0	0	0	168694	0	0	0	0	0	164.18	164.18	0.000000	+0.000164	+0.000164
gov_staker_remaining_emission_accumulator_filetest.gno	Remaining gov emission accumulator repeat-1000 claim-658	execution-segment-repricing	2597780	2761960	164180	0	0	0	168694	0	0	0	0	0	164.18	164.18	0.000000	+0.000164	+0.000164
gov_staker_remaining_emission_accumulator_filetest.gno	Remaining gov emission accumulator repeat-1000 claim-659	execution-segment-repricing	2590703	2754883	164180	0	0	0	168694	0	0	0	0	0	164.18	164.18	0.000000	+0.000164	+0.000164
gov_staker_remaining_emission_accumulator_filetest.gno	Remaining gov emission accumulator repeat-1000 claim-660	execution-segment-repricing	2597293	2761473	164180	0	0	0	168694	0	0	0	0	0	164.18	164.18	0.000000	+0.000164	+0.000164
gov_staker_remaining_emission_accumulator_filetest.gno	Remaining gov emission accumulator repeat-1000 claim-661	execution-segment-repricing	2597780	2761960	164180	0	0	0	168694	0	0	0	0	0	164.18	164.18	0.000000	+0.000164	+0.000164
gov_staker_remaining_emission_accumulator_filetest.gno	Remaining gov emission accumulator repeat-1000 claim-662	execution-segment-repricing	2597293	2761473	164180	0	0	0	168694	0	0	0	0	0	164.18	164.18	0.000000	+0.000164	+0.000164
gov_staker_remaining_emission_accumulator_filetest.gno	Remaining gov emission accumulator repeat-1000 claim-663	execution-segment-repricing	2598267	2762447	164180	0	0	0	168694	0	0	0	0	0	164.18	164.18	0.000000	+0.000164	+0.000164
gov_staker_remaining_emission_accumulator_filetest.gno	Remaining gov emission accumulator repeat-1000 claim-664	execution-segment-repricing	2597780	2761960	164180	0	0	0	168694	0	0	0	0	0	164.18	164.18	0.000000	+0.000164	+0.000164
gov_staker_remaining_emission_accumulator_filetest.gno	Remaining gov emission accumulator repeat-1000 claim-665	execution-segment-repricing	2598267	2762447	164180	0	0	0	168694	0	0	0	0	0	164.18	164.18	0.000000	+0.000164	+0.000164
gov_staker_remaining_emission_accumulator_filetest.gno	Remaining gov emission accumulator repeat-1000 claim-666	execution-segment-repricing	2593511	2757691	164180	0	0	0	168694	0	0	0	0	0	164.18	164.18	0.000000	+0.000164	+0.000164
gov_staker_remaining_emission_accumulator_filetest.gno	Remaining gov emission accumulator repeat-1000 claim-667	execution-segment-repricing	2597293	2761473	164180	0	0	0	168694	0	0	0	0	0	164.18	164.18	0.000000	+0.000164	+0.000164
gov_staker_remaining_emission_accumulator_filetest.gno	Remaining gov emission accumulator repeat-1000 claim-668	execution-segment-repricing	2597293	2761473	164180	0	0	0	168694	0	0	0	0	0	164.18	164.18	0.000000	+0.000164	+0.000164
gov_staker_remaining_emission_accumulator_filetest.gno	Remaining gov emission accumulator repeat-1000 claim-669	execution-segment-repricing	2597293	2761473	164180	0	0	0	168694	0	0	0	0	0	164.18	164.18	0.000000	+0.000164	+0.000164
gov_staker_remaining_emission_accumulator_filetest.gno	Remaining gov emission accumulator repeat-1000 claim-670	execution-segment-repricing	2594485	2758665	164180	0	0	0	168694	0	0	0	0	0	164.18	164.18	0.000000	+0.000164	+0.000164
gov_staker_remaining_emission_accumulator_filetest.gno	Remaining gov emission accumulator repeat-1000 claim-671	execution-segment-repricing	2597780	2761960	164180	0	0	0	168694	0	0	0	0	0	164.18	164.18	0.000000	+0.000164	+0.000164
gov_staker_remaining_emission_accumulator_filetest.gno	Remaining gov emission accumulator repeat-1000 claim-672	execution-segment-repricing	2598267	2762447	164180	0	0	0	168694	0	0	0	0	0	164.18	164.18	0.000000	+0.000164	+0.000164
gov_staker_remaining_emission_accumulator_filetest.gno	Remaining gov emission accumulator repeat-1000 claim-673	execution-segment-repricing	2593998	2758178	164180	0	0	0	168694	0	0	0	0	0	164.18	164.18	0.000000	+0.000164	+0.000164
gov_staker_remaining_emission_accumulator_filetest.gno	Remaining gov emission accumulator repeat-1000 claim-674	execution-segment-repricing	2597780	2761960	164180	0	0	0	168694	0	0	0	0	0	164.18	164.18	0.000000	+0.000164	+0.000164
gov_staker_remaining_emission_accumulator_filetest.gno	Remaining gov emission accumulator repeat-1000 claim-675	execution-segment-repricing	2597293	2761473	164180	0	0	0	168694	0	0	0	0	0	164.18	164.18	0.000000	+0.000164	+0.000164
gov_staker_remaining_emission_accumulator_filetest.gno	Remaining gov emission accumulator repeat-1000 claim-676	execution-segment-repricing	2597293	2761473	164180	0	0	0	168694	0	0	0	0	0	164.18	164.18	0.000000	+0.000164	+0.000164
gov_staker_remaining_emission_accumulator_filetest.gno	Remaining gov emission accumulator repeat-1000 claim-677	execution-segment-repricing	2597780	2761960	164180	0	0	0	168694	0	0	0	0	0	164.18	164.18	0.000000	+0.000164	+0.000164
gov_staker_remaining_emission_accumulator_filetest.gno	Remaining gov emission accumulator repeat-1000 claim-678	execution-segment-repricing	2597780	2761960	164180	0	0	0	168694	0	0	0	0	0	164.18	164.18	0.000000	+0.000164	+0.000164
gov_staker_remaining_emission_accumulator_filetest.gno	Remaining gov emission accumulator repeat-1000 claim-679	execution-segment-repricing	2594485	2758665	164180	0	0	0	168694	0	0	0	0	0	164.18	164.18	0.000000	+0.000164	+0.000164
gov_staker_remaining_emission_accumulator_filetest.gno	Remaining gov emission accumulator repeat-1000 claim-680	execution-segment-repricing	2592931	2757111	164180	0	0	0	168694	0	0	0	0	0	164.18	164.18	0.000000	+0.000164	+0.000164
gov_staker_remaining_emission_accumulator_filetest.gno	Remaining gov emission accumulator repeat-1000 claim-681	execution-segment-repricing	2592931	2757111	164180	0	0	0	168694	0	0	0	0	0	164.18	164.18	0.000000	+0.000164	+0.000164
gov_staker_remaining_emission_accumulator_filetest.gno	Remaining gov emission accumulator repeat-1000 claim-682	execution-segment-repricing	2597293	2761473	164180	0	0	0	168694	0	0	0	0	0	164.18	164.18	0.000000	+0.000164	+0.000164
gov_staker_remaining_emission_accumulator_filetest.gno	Remaining gov emission accumulator repeat-1000 claim-683	execution-segment-repricing	2597780	2761960	164180	0	0	0	168694	0	0	0	0	0	164.18	164.18	0.000000	+0.000164	+0.000164
gov_staker_remaining_emission_accumulator_filetest.gno	Remaining gov emission accumulator repeat-1000 claim-684	execution-segment-repricing	2597780	2761960	164180	0	0	0	168694	0	0	0	0	0	164.18	164.18	0.000000	+0.000164	+0.000164
gov_staker_remaining_emission_accumulator_filetest.gno	Remaining gov emission accumulator repeat-1000 claim-685	execution-segment-repricing	2597780	2761960	164180	0	0	0	168694	0	0	0	0	0	164.18	164.18	0.000000	+0.000164	+0.000164
gov_staker_remaining_emission_accumulator_filetest.gno	Remaining gov emission accumulator repeat-1000 claim-686	execution-segment-repricing	2597780	2761960	164180	0	0	0	168694	0	0	0	0	0	164.18	164.18	0.000000	+0.000164	+0.000164
gov_staker_remaining_emission_accumulator_filetest.gno	Remaining gov emission accumulator repeat-1000 claim-687	execution-segment-repricing	2597780	2761960	164180	0	0	0	168694	0	0	0	0	0	164.18	164.18	0.000000	+0.000164	+0.000164
gov_staker_remaining_emission_accumulator_filetest.gno	Remaining gov emission accumulator repeat-1000 claim-688	execution-segment-repricing	2597293	2761473	164180	0	0	0	168694	0	0	0	0	0	164.18	164.18	0.000000	+0.000164	+0.000164
gov_staker_remaining_emission_accumulator_filetest.gno	Remaining gov emission accumulator repeat-1000 claim-689	execution-segment-repricing	2597293	2761473	164180	0	0	0	168694	0	0	0	0	0	164.18	164.18	0.000000	+0.000164	+0.000164
gov_staker_remaining_emission_accumulator_filetest.gno	Remaining gov emission accumulator repeat-1000 claim-690	execution-segment-repricing	2593998	2758178	164180	0	0	0	168694	0	0	0	0	0	164.18	164.18	0.000000	+0.000164	+0.000164
gov_staker_remaining_emission_accumulator_filetest.gno	Remaining gov emission accumulator repeat-1000 claim-691	execution-segment-repricing	2597780	2761960	164180	0	0	0	168694	0	0	0	0	0	164.18	164.18	0.000000	+0.000164	+0.000164
gov_staker_remaining_emission_accumulator_filetest.gno	Remaining gov emission accumulator repeat-1000 claim-692	execution-segment-repricing	2597780	2761960	164180	0	0	0	168694	0	0	0	0	0	164.18	164.18	0.000000	+0.000164	+0.000164
gov_staker_remaining_emission_accumulator_filetest.gno	Remaining gov emission accumulator repeat-1000 claim-693	execution-segment-repricing	2597780	2761960	164180	0	0	0	168694	0	0	0	0	0	164.18	164.18	0.000000	+0.000164	+0.000164
gov_staker_remaining_emission_accumulator_filetest.gno	Remaining gov emission accumulator repeat-1000 claim-694	execution-segment-repricing	2597780	2761960	164180	0	0	0	168694	0	0	0	0	0	164.18	164.18	0.000000	+0.000164	+0.000164
gov_staker_remaining_emission_accumulator_filetest.gno	Remaining gov emission accumulator repeat-1000 claim-695	execution-segment-repricing	2593998	2758178	164180	0	0	0	168694	0	0	0	0	0	164.18	164.18	0.000000	+0.000164	+0.000164
gov_staker_remaining_emission_accumulator_filetest.gno	Remaining gov emission accumulator repeat-1000 claim-696	execution-segment-repricing	2597293	2761473	164180	0	0	0	168694	0	0	0	0	0	164.18	164.18	0.000000	+0.000164	+0.000164
gov_staker_remaining_emission_accumulator_filetest.gno	Remaining gov emission accumulator repeat-1000 claim-697	execution-segment-repricing	2597293	2761473	164180	0	0	0	168694	0	0	0	0	0	164.18	164.18	0.000000	+0.000164	+0.000164
gov_staker_remaining_emission_accumulator_filetest.gno	Remaining gov emission accumulator repeat-1000 claim-698	execution-segment-repricing	2597293	2761473	164180	0	0	0	168694	0	0	0	0	0	164.18	164.18	0.000000	+0.000164	+0.000164
gov_staker_remaining_emission_accumulator_filetest.gno	Remaining gov emission accumulator repeat-1000 claim-699	execution-segment-repricing	2597293	2761473	164180	0	0	0	168694	0	0	0	0	0	164.18	164.18	0.000000	+0.000164	+0.000164
gov_staker_remaining_emission_accumulator_filetest.gno	Remaining gov emission accumulator repeat-1000 claim-700	execution-segment-repricing	2598267	2762447	164180	0	0	0	168694	0	0	0	0	0	164.18	164.18	0.000000	+0.000164	+0.000164
gov_staker_remaining_emission_accumulator_filetest.gno	Remaining gov emission accumulator repeat-1000 claim-701	execution-segment-repricing	2593998	2758178	164180	0	0	0	168694	0	0	0	0	0	164.18	164.18	0.000000	+0.000164	+0.000164
gov_staker_remaining_emission_accumulator_filetest.gno	Remaining gov emission accumulator repeat-1000 claim-702	execution-segment-repricing	2593998	2758178	164180	0	0	0	168694	0	0	0	0	0	164.18	164.18	0.000000	+0.000164	+0.000164
gov_staker_remaining_emission_accumulator_filetest.gno	Remaining gov emission accumulator repeat-1000 claim-703	execution-segment-repricing	2597293	2761473	164180	0	0	0	168694	0	0	0	0	0	164.18	164.18	0.000000	+0.000164	+0.000164
gov_staker_remaining_emission_accumulator_filetest.gno	Remaining gov emission accumulator repeat-1000 claim-704	execution-segment-repricing	2597293	2761473	164180	0	0	0	168694	0	0	0	0	0	164.18	164.18	0.000000	+0.000164	+0.000164
gov_staker_remaining_emission_accumulator_filetest.gno	Remaining gov emission accumulator repeat-1000 claim-705	execution-segment-repricing	2597293	2761473	164180	0	0	0	168694	0	0	0	0	0	164.18	164.18	0.000000	+0.000164	+0.000164
gov_staker_remaining_emission_accumulator_filetest.gno	Remaining gov emission accumulator repeat-1000 claim-706	execution-segment-repricing	2597293	2761473	164180	0	0	0	168694	0	0	0	0	0	164.18	164.18	0.000000	+0.000164	+0.000164
gov_staker_remaining_emission_accumulator_filetest.gno	Remaining gov emission accumulator repeat-1000 claim-707	execution-segment-repricing	2597780	2761960	164180	0	0	0	168694	0	0	0	0	0	164.18	164.18	0.000000	+0.000164	+0.000164
gov_staker_remaining_emission_accumulator_filetest.gno	Remaining gov emission accumulator repeat-1000 claim-708	execution-segment-repricing	2597293	2761473	164180	0	0	0	168694	0	0	0	0	0	164.18	164.18	0.000000	+0.000164	+0.000164
gov_staker_remaining_emission_accumulator_filetest.gno	Remaining gov emission accumulator repeat-1000 claim-709	execution-segment-repricing	2593998	2758178	164180	0	0	0	168694	0	0	0	0	0	164.18	164.18	0.000000	+0.000164	+0.000164
gov_staker_remaining_emission_accumulator_filetest.gno	Remaining gov emission accumulator repeat-1000 claim-710	execution-segment-repricing	2597293	2761473	164180	0	0	0	168694	0	0	0	0	0	164.18	164.18	0.000000	+0.000164	+0.000164
gov_staker_remaining_emission_accumulator_filetest.gno	Remaining gov emission accumulator repeat-1000 claim-711	execution-segment-repricing	2597293	2761473	164180	0	0	0	168694	0	0	0	0	0	164.18	164.18	0.000000	+0.000164	+0.000164
gov_staker_remaining_emission_accumulator_filetest.gno	Remaining gov emission accumulator repeat-1000 claim-712	execution-segment-repricing	2593998	2758178	164180	0	0	0	168694	0	0	0	0	0	164.18	164.18	0.000000	+0.000164	+0.000164
gov_staker_remaining_emission_accumulator_filetest.gno	Remaining gov emission accumulator repeat-1000 claim-713	execution-segment-repricing	2600588	2764768	164180	0	0	0	168694	0	0	0	0	0	164.18	164.18	0.000000	+0.000164	+0.000164
gov_staker_remaining_emission_accumulator_filetest.gno	Remaining gov emission accumulator repeat-1000 claim-714	execution-segment-repricing	2601075	2765255	164180	0	0	0	168694	0	0	0	0	0	164.18	164.18	0.000000	+0.000164	+0.000164
gov_staker_remaining_emission_accumulator_filetest.gno	Remaining gov emission accumulator repeat-1000 claim-715	execution-segment-repricing	2601075	2765255	164180	0	0	0	168694	0	0	0	0	0	164.18	164.18	0.000000	+0.000164	+0.000164
gov_staker_remaining_emission_accumulator_filetest.gno	Remaining gov emission accumulator repeat-1000 claim-716	execution-segment-repricing	2596226	2760406	164180	0	0	0	168694	0	0	0	0	0	164.18	164.18	0.000000	+0.000164	+0.000164
gov_staker_remaining_emission_accumulator_filetest.gno	Remaining gov emission accumulator repeat-1000 claim-717	execution-segment-repricing	2600588	2764768	164180	0	0	0	168694	0	0	0	0	0	164.18	164.18	0.000000	+0.000164	+0.000164
gov_staker_remaining_emission_accumulator_filetest.gno	Remaining gov emission accumulator repeat-1000 claim-718	execution-segment-repricing	2601562	2765742	164180	0	0	0	168694	0	0	0	0	0	164.18	164.18	0.000000	+0.000164	+0.000164
gov_staker_remaining_emission_accumulator_filetest.gno	Remaining gov emission accumulator repeat-1000 claim-719	execution-segment-repricing	2601075	2765255	164180	0	0	0	168694	0	0	0	0	0	164.18	164.18	0.000000	+0.000164	+0.000164
gov_staker_remaining_emission_accumulator_filetest.gno	Remaining gov emission accumulator repeat-1000 claim-720	execution-segment-repricing	2601075	2765255	164180	0	0	0	168694	0	0	0	0	0	164.18	164.18	0.000000	+0.000164	+0.000164
gov_staker_remaining_emission_accumulator_filetest.gno	Remaining gov emission accumulator repeat-1000 claim-721	execution-segment-repricing	2601075	2765255	164180	0	0	0	168694	0	0	0	0	0	164.18	164.18	0.000000	+0.000164	+0.000164
gov_staker_remaining_emission_accumulator_filetest.gno	Remaining gov emission accumulator repeat-1000 claim-722	execution-segment-repricing	2601075	2765255	164180	0	0	0	168694	0	0	0	0	0	164.18	164.18	0.000000	+0.000164	+0.000164
gov_staker_remaining_emission_accumulator_filetest.gno	Remaining gov emission accumulator repeat-1000 claim-723	execution-segment-repricing	2597780	2761960	164180	0	0	0	168694	0	0	0	0	0	164.18	164.18	0.000000	+0.000164	+0.000164
gov_staker_remaining_emission_accumulator_filetest.gno	Remaining gov emission accumulator repeat-1000 claim-724	execution-segment-repricing	2600588	2764768	164180	0	0	0	168694	0	0	0	0	0	164.18	164.18	0.000000	+0.000164	+0.000164
gov_staker_remaining_emission_accumulator_filetest.gno	Remaining gov emission accumulator repeat-1000 claim-725	execution-segment-repricing	2601075	2765255	164180	0	0	0	168694	0	0	0	0	0	164.18	164.18	0.000000	+0.000164	+0.000164
gov_staker_remaining_emission_accumulator_filetest.gno	Remaining gov emission accumulator repeat-1000 claim-726	execution-segment-repricing	2600588	2764768	164180	0	0	0	168694	0	0	0	0	0	164.18	164.18	0.000000	+0.000164	+0.000164
gov_staker_remaining_emission_accumulator_filetest.gno	Remaining gov emission accumulator repeat-1000 claim-727	execution-segment-repricing	2601562	2765742	164180	0	0	0	168694	0	0	0	0	0	164.18	164.18	0.000000	+0.000164	+0.000164
gov_staker_remaining_emission_accumulator_filetest.gno	Remaining gov emission accumulator repeat-1000 claim-728	execution-segment-repricing	2601562	2765742	164180	0	0	0	168694	0	0	0	0	0	164.18	164.18	0.000000	+0.000164	+0.000164
gov_staker_remaining_emission_accumulator_filetest.gno	Remaining gov emission accumulator repeat-1000 claim-729	execution-segment-repricing	2601075	2765255	164180	0	0	0	168694	0	0	0	0	0	164.18	164.18	0.000000	+0.000164	+0.000164
gov_staker_remaining_emission_accumulator_filetest.gno	Remaining gov emission accumulator repeat-1000 claim-730	execution-segment-repricing	2601075	2765255	164180	0	0	0	168694	0	0	0	0	0	164.18	164.18	0.000000	+0.000164	+0.000164
gov_staker_remaining_emission_accumulator_filetest.gno	Remaining gov emission accumulator repeat-1000 claim-731	execution-segment-repricing	2597293	2761473	164180	0	0	0	168694	0	0	0	0	0	164.18	164.18	0.000000	+0.000164	+0.000164
gov_staker_remaining_emission_accumulator_filetest.gno	Remaining gov emission accumulator repeat-1000 claim-732	execution-segment-repricing	2600588	2764768	164180	0	0	0	168694	0	0	0	0	0	164.18	164.18	0.000000	+0.000164	+0.000164
gov_staker_remaining_emission_accumulator_filetest.gno	Remaining gov emission accumulator repeat-1000 claim-733	execution-segment-repricing	2601075	2765255	164180	0	0	0	168694	0	0	0	0	0	164.18	164.18	0.000000	+0.000164	+0.000164
gov_staker_remaining_emission_accumulator_filetest.gno	Remaining gov emission accumulator repeat-1000 claim-734	execution-segment-repricing	2597293	2761473	164180	0	0	0	168694	0	0	0	0	0	164.18	164.18	0.000000	+0.000164	+0.000164
gov_staker_remaining_emission_accumulator_filetest.gno	Remaining gov emission accumulator repeat-1000 claim-735	execution-segment-repricing	2601075	2765255	164180	0	0	0	168694	0	0	0	0	0	164.18	164.18	0.000000	+0.000164	+0.000164
gov_staker_remaining_emission_accumulator_filetest.gno	Remaining gov emission accumulator repeat-1000 claim-736	execution-segment-repricing	2601562	2765742	164180	0	0	0	168694	0	0	0	0	0	164.18	164.18	0.000000	+0.000164	+0.000164
gov_staker_remaining_emission_accumulator_filetest.gno	Remaining gov emission accumulator repeat-1000 claim-737	execution-segment-repricing	2601562	2765742	164180	0	0	0	168694	0	0	0	0	0	164.18	164.18	0.000000	+0.000164	+0.000164
gov_staker_remaining_emission_accumulator_filetest.gno	Remaining gov emission accumulator repeat-1000 claim-738	execution-segment-repricing	2597293	2761473	164180	0	0	0	168694	0	0	0	0	0	164.18	164.18	0.000000	+0.000164	+0.000164
gov_staker_remaining_emission_accumulator_filetest.gno	Remaining gov emission accumulator repeat-1000 claim-739	execution-segment-repricing	2600588	2764768	164180	0	0	0	168694	0	0	0	0	0	164.18	164.18	0.000000	+0.000164	+0.000164
gov_staker_remaining_emission_accumulator_filetest.gno	Remaining gov emission accumulator repeat-1000 claim-740	execution-segment-repricing	2601075	2765255	164180	0	0	0	168694	0	0	0	0	0	164.18	164.18	0.000000	+0.000164	+0.000164
gov_staker_remaining_emission_accumulator_filetest.gno	Remaining gov emission accumulator repeat-1000 claim-741	execution-segment-repricing	2600588	2764768	164180	0	0	0	168694	0	0	0	0	0	164.18	164.18	0.000000	+0.000164	+0.000164
gov_staker_remaining_emission_accumulator_filetest.gno	Remaining gov emission accumulator repeat-1000 claim-742	execution-segment-repricing	2601075	2765255	164180	0	0	0	168694	0	0	0	0	0	164.18	164.18	0.000000	+0.000164	+0.000164
gov_staker_remaining_emission_accumulator_filetest.gno	Remaining gov emission accumulator repeat-1000 claim-743	execution-segment-repricing	2601075	2765255	164180	0	0	0	168694	0	0	0	0	0	164.18	164.18	0.000000	+0.000164	+0.000164
gov_staker_remaining_emission_accumulator_filetest.gno	Remaining gov emission accumulator repeat-1000 claim-744	execution-segment-repricing	2601562	2765742	164180	0	0	0	168694	0	0	0	0	0	164.18	164.18	0.000000	+0.000164	+0.000164
gov_staker_remaining_emission_accumulator_filetest.gno	Remaining gov emission accumulator repeat-1000 claim-745	execution-segment-repricing	2593998	2758178	164180	0	0	0	168694	0	0	0	0	0	164.18	164.18	0.000000	+0.000164	+0.000164
gov_staker_remaining_emission_accumulator_filetest.gno	Remaining gov emission accumulator repeat-1000 claim-746	execution-segment-repricing	2601075	2765255	164180	0	0	0	168694	0	0	0	0	0	164.18	164.18	0.000000	+0.000164	+0.000164
gov_staker_remaining_emission_accumulator_filetest.gno	Remaining gov emission accumulator repeat-1000 claim-747	execution-segment-repricing	2601075	2765255	164180	0	0	0	168694	0	0	0	0	0	164.18	164.18	0.000000	+0.000164	+0.000164
gov_staker_remaining_emission_accumulator_filetest.gno	Remaining gov emission accumulator repeat-1000 claim-748	execution-segment-repricing	2600588	2764768	164180	0	0	0	168694	0	0	0	0	0	164.18	164.18	0.000000	+0.000164	+0.000164
gov_staker_remaining_emission_accumulator_filetest.gno	Remaining gov emission accumulator repeat-1000 claim-749	execution-segment-repricing	2601075	2765255	164180	0	0	0	168694	0	0	0	0	0	164.18	164.18	0.000000	+0.000164	+0.000164
gov_staker_remaining_emission_accumulator_filetest.gno	Remaining gov emission accumulator repeat-1000 claim-750	execution-segment-repricing	2600588	2764768	164180	0	0	0	168694	0	0	0	0	0	164.18	164.18	0.000000	+0.000164	+0.000164
gov_staker_remaining_emission_accumulator_filetest.gno	Remaining gov emission accumulator repeat-1000 claim-751	execution-segment-repricing	2601562	2765742	164180	0	0	0	168694	0	0	0	0	0	164.18	164.18	0.000000	+0.000164	+0.000164
gov_staker_remaining_emission_accumulator_filetest.gno	Remaining gov emission accumulator repeat-1000 claim-752	execution-segment-repricing	2596806	2760986	164180	0	0	0	168694	0	0	0	0	0	164.18	164.18	0.000000	+0.000164	+0.000164
gov_staker_remaining_emission_accumulator_filetest.gno	Remaining gov emission accumulator repeat-1000 claim-753	execution-segment-repricing	2601075	2765255	164180	0	0	0	168694	0	0	0	0	0	164.18	164.18	0.000000	+0.000164	+0.000164
gov_staker_remaining_emission_accumulator_filetest.gno	Remaining gov emission accumulator repeat-1000 claim-754	execution-segment-repricing	2597293	2761473	164180	0	0	0	168694	0	0	0	0	0	164.18	164.18	0.000000	+0.000164	+0.000164
gov_staker_remaining_emission_accumulator_filetest.gno	Remaining gov emission accumulator repeat-1000 claim-755	execution-segment-repricing	2601075	2765255	164180	0	0	0	168694	0	0	0	0	0	164.18	164.18	0.000000	+0.000164	+0.000164
gov_staker_remaining_emission_accumulator_filetest.gno	Remaining gov emission accumulator repeat-1000 claim-756	execution-segment-repricing	2601075	2765255	164180	0	0	0	168694	0	0	0	0	0	164.18	164.18	0.000000	+0.000164	+0.000164
gov_staker_remaining_emission_accumulator_filetest.gno	Remaining gov emission accumulator repeat-1000 claim-757	execution-segment-repricing	2600588	2764768	164180	0	0	0	168694	0	0	0	0	0	164.18	164.18	0.000000	+0.000164	+0.000164
gov_staker_remaining_emission_accumulator_filetest.gno	Remaining gov emission accumulator repeat-1000 claim-758	execution-segment-repricing	2601562	2765742	164180	0	0	0	168694	0	0	0	0	0	164.18	164.18	0.000000	+0.000164	+0.000164
gov_staker_remaining_emission_accumulator_filetest.gno	Remaining gov emission accumulator repeat-1000 claim-759	execution-segment-repricing	2600588	2764768	164180	0	0	0	168694	0	0	0	0	0	164.18	164.18	0.000000	+0.000164	+0.000164
gov_staker_remaining_emission_accumulator_filetest.gno	Remaining gov emission accumulator repeat-1000 claim-760	execution-segment-repricing	2601075	2765255	164180	0	0	0	168694	0	0	0	0	0	164.18	164.18	0.000000	+0.000164	+0.000164
gov_staker_remaining_emission_accumulator_filetest.gno	Remaining gov emission accumulator repeat-1000 claim-761	execution-segment-repricing	2600588	2764768	164180	0	0	0	168694	0	0	0	0	0	164.18	164.18	0.000000	+0.000164	+0.000164
gov_staker_remaining_emission_accumulator_filetest.gno	Remaining gov emission accumulator repeat-1000 claim-762	execution-segment-repricing	2601075	2765255	164180	0	0	0	168694	0	0	0	0	0	164.18	164.18	0.000000	+0.000164	+0.000164
gov_staker_remaining_emission_accumulator_filetest.gno	Remaining gov emission accumulator repeat-1000 claim-763	execution-segment-repricing	2600588	2764768	164180	0	0	0	168694	0	0	0	0	0	164.18	164.18	0.000000	+0.000164	+0.000164
gov_staker_remaining_emission_accumulator_filetest.gno	Remaining gov emission accumulator repeat-1000 claim-764	execution-segment-repricing	2601075	2765255	164180	0	0	0	168694	0	0	0	0	0	164.18	164.18	0.000000	+0.000164	+0.000164
gov_staker_remaining_emission_accumulator_filetest.gno	Remaining gov emission accumulator repeat-1000 claim-765	execution-segment-repricing	2597293	2761473	164180	0	0	0	168694	0	0	0	0	0	164.18	164.18	0.000000	+0.000164	+0.000164
gov_staker_remaining_emission_accumulator_filetest.gno	Remaining gov emission accumulator repeat-1000 claim-766	execution-segment-repricing	2600588	2764768	164180	0	0	0	168694	0	0	0	0	0	164.18	164.18	0.000000	+0.000164	+0.000164
gov_staker_remaining_emission_accumulator_filetest.gno	Remaining gov emission accumulator repeat-1000 claim-767	execution-segment-repricing	2601075	2765255	164180	0	0	0	168694	0	0	0	0	0	164.18	164.18	0.000000	+0.000164	+0.000164
gov_staker_remaining_emission_accumulator_filetest.gno	Remaining gov emission accumulator repeat-1000 claim-768	execution-segment-repricing	2600101	2764281	164180	0	0	0	168694	0	0	0	0	0	164.18	164.18	0.000000	+0.000164	+0.000164
gov_staker_remaining_emission_accumulator_filetest.gno	Remaining gov emission accumulator repeat-1000 claim-769	execution-segment-repricing	2601075	2765255	164180	0	0	0	168694	0	0	0	0	0	164.18	164.18	0.000000	+0.000164	+0.000164
gov_staker_remaining_emission_accumulator_filetest.gno	Remaining gov emission accumulator repeat-1000 claim-770	execution-segment-repricing	2600588	2764768	164180	0	0	0	168694	0	0	0	0	0	164.18	164.18	0.000000	+0.000164	+0.000164
gov_staker_remaining_emission_accumulator_filetest.gno	Remaining gov emission accumulator repeat-1000 claim-771	execution-segment-repricing	2601075	2765255	164180	0	0	0	168694	0	0	0	0	0	164.18	164.18	0.000000	+0.000164	+0.000164
gov_staker_remaining_emission_accumulator_filetest.gno	Remaining gov emission accumulator repeat-1000 claim-772	execution-segment-repricing	2600588	2764768	164180	0	0	0	168694	0	0	0	0	0	164.18	164.18	0.000000	+0.000164	+0.000164
gov_staker_remaining_emission_accumulator_filetest.gno	Remaining gov emission accumulator repeat-1000 claim-773	execution-segment-repricing	2601075	2765255	164180	0	0	0	168694	0	0	0	0	0	164.18	164.18	0.000000	+0.000164	+0.000164
gov_staker_remaining_emission_accumulator_filetest.gno	Remaining gov emission accumulator repeat-1000 claim-774	execution-segment-repricing	2597293	2761473	164180	0	0	0	168694	0	0	0	0	0	164.18	164.18	0.000000	+0.000164	+0.000164
gov_staker_remaining_emission_accumulator_filetest.gno	Remaining gov emission accumulator repeat-1000 claim-775	execution-segment-repricing	2600101	2764281	164180	0	0	0	168694	0	0	0	0	0	164.18	164.18	0.000000	+0.000164	+0.000164
gov_staker_remaining_emission_accumulator_filetest.gno	Remaining gov emission accumulator repeat-1000 claim-776	execution-segment-repricing	2597293	2761473	164180	0	0	0	168694	0	0	0	0	0	164.18	164.18	0.000000	+0.000164	+0.000164
gov_staker_remaining_emission_accumulator_filetest.gno	Remaining gov emission accumulator repeat-1000 claim-777	execution-segment-repricing	2600588	2764768	164180	0	0	0	168694	0	0	0	0	0	164.18	164.18	0.000000	+0.000164	+0.000164
gov_staker_remaining_emission_accumulator_filetest.gno	Remaining gov emission accumulator repeat-1000 claim-778	execution-segment-repricing	2601075	2765255	164180	0	0	0	168694	0	0	0	0	0	164.18	164.18	0.000000	+0.000164	+0.000164
gov_staker_remaining_emission_accumulator_filetest.gno	Remaining gov emission accumulator repeat-1000 claim-779	execution-segment-repricing	2600588	2764768	164180	0	0	0	168694	0	0	0	0	0	164.18	164.18	0.000000	+0.000164	+0.000164
gov_staker_remaining_emission_accumulator_filetest.gno	Remaining gov emission accumulator repeat-1000 claim-780	execution-segment-repricing	2601075	2765255	164180	0	0	0	168694	0	0	0	0	0	164.18	164.18	0.000000	+0.000164	+0.000164
gov_staker_remaining_emission_accumulator_filetest.gno	Remaining gov emission accumulator repeat-1000 claim-781	execution-segment-repricing	2597780	2761960	164180	0	0	0	168694	0	0	0	0	0	164.18	164.18	0.000000	+0.000164	+0.000164
gov_staker_remaining_emission_accumulator_filetest.gno	Remaining gov emission accumulator repeat-1000 claim-782	execution-segment-repricing	2600588	2764768	164180	0	0	0	168694	0	0	0	0	0	164.18	164.18	0.000000	+0.000164	+0.000164
gov_staker_remaining_emission_accumulator_filetest.gno	Remaining gov emission accumulator repeat-1000 claim-783	execution-segment-repricing	2600588	2764768	164180	0	0	0	168694	0	0	0	0	0	164.18	164.18	0.000000	+0.000164	+0.000164
gov_staker_remaining_emission_accumulator_filetest.gno	Remaining gov emission accumulator repeat-1000 claim-784	execution-segment-repricing	2600101	2764281	164180	0	0	0	168694	0	0	0	0	0	164.18	164.18	0.000000	+0.000164	+0.000164
gov_staker_remaining_emission_accumulator_filetest.gno	Remaining gov emission accumulator repeat-1000 claim-785	execution-segment-repricing	2600588	2764768	164180	0	0	0	168694	0	0	0	0	0	164.18	164.18	0.000000	+0.000164	+0.000164
gov_staker_remaining_emission_accumulator_filetest.gno	Remaining gov emission accumulator repeat-1000 claim-786	execution-segment-repricing	2601075	2765255	164180	0	0	0	168694	0	0	0	0	0	164.18	164.18	0.000000	+0.000164	+0.000164
gov_staker_remaining_emission_accumulator_filetest.gno	Remaining gov emission accumulator repeat-1000 claim-787	execution-segment-repricing	2597293	2761473	164180	0	0	0	168694	0	0	0	0	0	164.18	164.18	0.000000	+0.000164	+0.000164
gov_staker_remaining_emission_accumulator_filetest.gno	Remaining gov emission accumulator repeat-1000 claim-788	execution-segment-repricing	2597293	2761473	164180	0	0	0	168694	0	0	0	0	0	164.18	164.18	0.000000	+0.000164	+0.000164
gov_staker_remaining_emission_accumulator_filetest.gno	Remaining gov emission accumulator repeat-1000 claim-789	execution-segment-repricing	2601075	2765255	164180	0	0	0	168694	0	0	0	0	0	164.18	164.18	0.000000	+0.000164	+0.000164
gov_staker_remaining_emission_accumulator_filetest.gno	Remaining gov emission accumulator repeat-1000 claim-790	execution-segment-repricing	2601075	2765255	164180	0	0	0	168694	0	0	0	0	0	164.18	164.18	0.000000	+0.000164	+0.000164
gov_staker_remaining_emission_accumulator_filetest.gno	Remaining gov emission accumulator repeat-1000 claim-791	execution-segment-repricing	2601075	2765255	164180	0	0	0	168694	0	0	0	0	0	164.18	164.18	0.000000	+0.000164	+0.000164
gov_staker_remaining_emission_accumulator_filetest.gno	Remaining gov emission accumulator repeat-1000 claim-792	execution-segment-repricing	2601075	2765255	164180	0	0	0	168694	0	0	0	0	0	164.18	164.18	0.000000	+0.000164	+0.000164
gov_staker_remaining_emission_accumulator_filetest.gno	Remaining gov emission accumulator repeat-1000 claim-793	execution-segment-repricing	2600588	2764768	164180	0	0	0	168694	0	0	0	0	0	164.18	164.18	0.000000	+0.000164	+0.000164
gov_staker_remaining_emission_accumulator_filetest.gno	Remaining gov emission accumulator repeat-1000 claim-794	execution-segment-repricing	2601075	2765255	164180	0	0	0	168694	0	0	0	0	0	164.18	164.18	0.000000	+0.000164	+0.000164
gov_staker_remaining_emission_accumulator_filetest.gno	Remaining gov emission accumulator repeat-1000 claim-795	execution-segment-repricing	2601562	2765742	164180	0	0	0	168694	0	0	0	0	0	164.18	164.18	0.000000	+0.000164	+0.000164
gov_staker_remaining_emission_accumulator_filetest.gno	Remaining gov emission accumulator repeat-1000 claim-796	execution-segment-repricing	2600588	2764768	164180	0	0	0	168694	0	0	0	0	0	164.18	164.18	0.000000	+0.000164	+0.000164
gov_staker_remaining_emission_accumulator_filetest.gno	Remaining gov emission accumulator repeat-1000 claim-797	execution-segment-repricing	2601562	2765742	164180	0	0	0	168694	0	0	0	0	0	164.18	164.18	0.000000	+0.000164	+0.000164
gov_staker_remaining_emission_accumulator_filetest.gno	Remaining gov emission accumulator repeat-1000 claim-798	execution-segment-repricing	2597293	2761473	164180	0	0	0	168694	0	0	0	0	0	164.18	164.18	0.000000	+0.000164	+0.000164
gov_staker_remaining_emission_accumulator_filetest.gno	Remaining gov emission accumulator repeat-1000 claim-799	execution-segment-repricing	2601562	2765742	164180	0	0	0	168694	0	0	0	0	0	164.18	164.18	0.000000	+0.000164	+0.000164
gov_staker_remaining_emission_accumulator_filetest.gno	Remaining gov emission accumulator repeat-1000 claim-800	execution-segment-repricing	2601075	2765255	164180	0	0	0	168694	0	0	0	0	0	164.18	164.18	0.000000	+0.000164	+0.000164
gov_staker_remaining_emission_accumulator_filetest.gno	Remaining gov emission accumulator repeat-1000 claim-801	execution-segment-repricing	2601075	2765255	164180	0	0	0	168694	0	0	0	0	0	164.18	164.18	0.000000	+0.000164	+0.000164
gov_staker_remaining_emission_accumulator_filetest.gno	Remaining gov emission accumulator repeat-1000 claim-802	execution-segment-repricing	2601075	2765255	164180	0	0	0	168694	0	0	0	0	0	164.18	164.18	0.000000	+0.000164	+0.000164
gov_staker_remaining_emission_accumulator_filetest.gno	Remaining gov emission accumulator repeat-1000 claim-803	execution-segment-repricing	2600588	2764768	164180	0	0	0	168694	0	0	0	0	0	164.18	164.18	0.000000	+0.000164	+0.000164
gov_staker_remaining_emission_accumulator_filetest.gno	Remaining gov emission accumulator repeat-1000 claim-804	execution-segment-repricing	2601562	2765742	164180	0	0	0	168694	0	0	0	0	0	164.18	164.18	0.000000	+0.000164	+0.000164
gov_staker_remaining_emission_accumulator_filetest.gno	Remaining gov emission accumulator repeat-1000 claim-805	execution-segment-repricing	2600588	2764768	164180	0	0	0	168694	0	0	0	0	0	164.18	164.18	0.000000	+0.000164	+0.000164
gov_staker_remaining_emission_accumulator_filetest.gno	Remaining gov emission accumulator repeat-1000 claim-806	execution-segment-repricing	2601562	2765742	164180	0	0	0	168694	0	0	0	0	0	164.18	164.18	0.000000	+0.000164	+0.000164
gov_staker_remaining_emission_accumulator_filetest.gno	Remaining gov emission accumulator repeat-1000 claim-807	execution-segment-repricing	2600588	2764768	164180	0	0	0	168694	0	0	0	0	0	164.18	164.18	0.000000	+0.000164	+0.000164
gov_staker_remaining_emission_accumulator_filetest.gno	Remaining gov emission accumulator repeat-1000 claim-808	execution-segment-repricing	2601562	2765742	164180	0	0	0	168694	0	0	0	0	0	164.18	164.18	0.000000	+0.000164	+0.000164
gov_staker_remaining_emission_accumulator_filetest.gno	Remaining gov emission accumulator repeat-1000 claim-809	execution-segment-repricing	2597293	2761473	164180	0	0	0	168694	0	0	0	0	0	164.18	164.18	0.000000	+0.000164	+0.000164
gov_staker_remaining_emission_accumulator_filetest.gno	Remaining gov emission accumulator repeat-1000 claim-810	execution-segment-repricing	2597293	2761473	164180	0	0	0	168694	0	0	0	0	0	164.18	164.18	0.000000	+0.000164	+0.000164
gov_staker_remaining_emission_accumulator_filetest.gno	Remaining gov emission accumulator repeat-1000 claim-811	execution-segment-repricing	2601075	2765255	164180	0	0	0	168694	0	0	0	0	0	164.18	164.18	0.000000	+0.000164	+0.000164
gov_staker_remaining_emission_accumulator_filetest.gno	Remaining gov emission accumulator repeat-1000 claim-812	execution-segment-repricing	2600588	2764768	164180	0	0	0	168694	0	0	0	0	0	164.18	164.18	0.000000	+0.000164	+0.000164
gov_staker_remaining_emission_accumulator_filetest.gno	Remaining gov emission accumulator repeat-1000 claim-813	execution-segment-repricing	2601562	2765742	164180	0	0	0	168694	0	0	0	0	0	164.18	164.18	0.000000	+0.000164	+0.000164
gov_staker_remaining_emission_accumulator_filetest.gno	Remaining gov emission accumulator repeat-1000 claim-814	execution-segment-repricing	2600588	2764768	164180	0	0	0	168694	0	0	0	0	0	164.18	164.18	0.000000	+0.000164	+0.000164
gov_staker_remaining_emission_accumulator_filetest.gno	Remaining gov emission accumulator repeat-1000 claim-815	execution-segment-repricing	2601562	2765742	164180	0	0	0	168694	0	0	0	0	0	164.18	164.18	0.000000	+0.000164	+0.000164
gov_staker_remaining_emission_accumulator_filetest.gno	Remaining gov emission accumulator repeat-1000 claim-816	execution-segment-repricing	2600588	2764768	164180	0	0	0	168694	0	0	0	0	0	164.18	164.18	0.000000	+0.000164	+0.000164
gov_staker_remaining_emission_accumulator_filetest.gno	Remaining gov emission accumulator repeat-1000 claim-817	execution-segment-repricing	2597780	2761960	164180	0	0	0	168694	0	0	0	0	0	164.18	164.18	0.000000	+0.000164	+0.000164
gov_staker_remaining_emission_accumulator_filetest.gno	Remaining gov emission accumulator repeat-1000 claim-818	execution-segment-repricing	2600588	2764768	164180	0	0	0	168694	0	0	0	0	0	164.18	164.18	0.000000	+0.000164	+0.000164
gov_staker_remaining_emission_accumulator_filetest.gno	Remaining gov emission accumulator repeat-1000 claim-819	execution-segment-repricing	2600588	2764768	164180	0	0	0	168694	0	0	0	0	0	164.18	164.18	0.000000	+0.000164	+0.000164
gov_staker_remaining_emission_accumulator_filetest.gno	Remaining gov emission accumulator repeat-1000 claim-820	execution-segment-repricing	2597780	2761960	164180	0	0	0	168694	0	0	0	0	0	164.18	164.18	0.000000	+0.000164	+0.000164
gov_staker_remaining_emission_accumulator_filetest.gno	Remaining gov emission accumulator repeat-1000 claim-821	execution-segment-repricing	2600588	2764768	164180	0	0	0	168694	0	0	0	0	0	164.18	164.18	0.000000	+0.000164	+0.000164
gov_staker_remaining_emission_accumulator_filetest.gno	Remaining gov emission accumulator repeat-1000 claim-822	execution-segment-repricing	2601562	2765742	164180	0	0	0	168694	0	0	0	0	0	164.18	164.18	0.000000	+0.000164	+0.000164
gov_staker_remaining_emission_accumulator_filetest.gno	Remaining gov emission accumulator repeat-1000 claim-823	execution-segment-repricing	2600588	2764768	164180	0	0	0	168694	0	0	0	0	0	164.18	164.18	0.000000	+0.000164	+0.000164
gov_staker_remaining_emission_accumulator_filetest.gno	Remaining gov emission accumulator repeat-1000 claim-824	execution-segment-repricing	2597780	2761960	164180	0	0	0	168694	0	0	0	0	0	164.18	164.18	0.000000	+0.000164	+0.000164
gov_staker_remaining_emission_accumulator_filetest.gno	Remaining gov emission accumulator repeat-1000 claim-825	execution-segment-repricing	2600588	2764768	164180	0	0	0	168694	0	0	0	0	0	164.18	164.18	0.000000	+0.000164	+0.000164
gov_staker_remaining_emission_accumulator_filetest.gno	Remaining gov emission accumulator repeat-1000 claim-826	execution-segment-repricing	2601075	2765255	164180	0	0	0	168694	0	0	0	0	0	164.18	164.18	0.000000	+0.000164	+0.000164
gov_staker_remaining_emission_accumulator_filetest.gno	Remaining gov emission accumulator repeat-1000 claim-827	execution-segment-repricing	2601075	2765255	164180	0	0	0	168694	0	0	0	0	0	164.18	164.18	0.000000	+0.000164	+0.000164
gov_staker_remaining_emission_accumulator_filetest.gno	Remaining gov emission accumulator repeat-1000 claim-828	execution-segment-repricing	2600588	2764768	164180	0	0	0	168694	0	0	0	0	0	164.18	164.18	0.000000	+0.000164	+0.000164
gov_staker_remaining_emission_accumulator_filetest.gno	Remaining gov emission accumulator repeat-1000 claim-829	execution-segment-repricing	2597780	2761960	164180	0	0	0	168694	0	0	0	0	0	164.18	164.18	0.000000	+0.000164	+0.000164
gov_staker_remaining_emission_accumulator_filetest.gno	Remaining gov emission accumulator repeat-1000 claim-830	execution-segment-repricing	2600588	2764768	164180	0	0	0	168694	0	0	0	0	0	164.18	164.18	0.000000	+0.000164	+0.000164
gov_staker_remaining_emission_accumulator_filetest.gno	Remaining gov emission accumulator repeat-1000 claim-831	execution-segment-repricing	2593418	2757598	164180	0	0	0	168694	0	0	0	0	0	164.18	164.18	0.000000	+0.000164	+0.000164
gov_staker_remaining_emission_accumulator_filetest.gno	Remaining gov emission accumulator repeat-1000 claim-832	execution-segment-repricing	2600588	2764768	164180	0	0	0	168694	0	0	0	0	0	164.18	164.18	0.000000	+0.000164	+0.000164
gov_staker_remaining_emission_accumulator_filetest.gno	Remaining gov emission accumulator repeat-1000 claim-833	execution-segment-repricing	2601075	2765255	164180	0	0	0	168694	0	0	0	0	0	164.18	164.18	0.000000	+0.000164	+0.000164
gov_staker_remaining_emission_accumulator_filetest.gno	Remaining gov emission accumulator repeat-1000 claim-834	execution-segment-repricing	2600588	2764768	164180	0	0	0	168694	0	0	0	0	0	164.18	164.18	0.000000	+0.000164	+0.000164
gov_staker_remaining_emission_accumulator_filetest.gno	Remaining gov emission accumulator repeat-1000 claim-835	execution-segment-repricing	2601075	2765255	164180	0	0	0	168694	0	0	0	0	0	164.18	164.18	0.000000	+0.000164	+0.000164
gov_staker_remaining_emission_accumulator_filetest.gno	Remaining gov emission accumulator repeat-1000 claim-836	execution-segment-repricing	2601075	2765255	164180	0	0	0	168694	0	0	0	0	0	164.18	164.18	0.000000	+0.000164	+0.000164
gov_staker_remaining_emission_accumulator_filetest.gno	Remaining gov emission accumulator repeat-1000 claim-837	execution-segment-repricing	2600588	2764768	164180	0	0	0	168694	0	0	0	0	0	164.18	164.18	0.000000	+0.000164	+0.000164
gov_staker_remaining_emission_accumulator_filetest.gno	Remaining gov emission accumulator repeat-1000 claim-838	execution-segment-repricing	2601075	2765255	164180	0	0	0	168694	0	0	0	0	0	164.18	164.18	0.000000	+0.000164	+0.000164
gov_staker_remaining_emission_accumulator_filetest.gno	Remaining gov emission accumulator repeat-1000 claim-839	execution-segment-repricing	2600101	2764281	164180	0	0	0	168694	0	0	0	0	0	164.18	164.18	0.000000	+0.000164	+0.000164
gov_staker_remaining_emission_accumulator_filetest.gno	Remaining gov emission accumulator repeat-1000 claim-840	execution-segment-repricing	2597293	2761473	164180	0	0	0	168694	0	0	0	0	0	164.18	164.18	0.000000	+0.000164	+0.000164
gov_staker_remaining_emission_accumulator_filetest.gno	Remaining gov emission accumulator repeat-1000 claim-841	execution-segment-repricing	2600588	2764768	164180	0	0	0	168694	0	0	0	0	0	164.18	164.18	0.000000	+0.000164	+0.000164
gov_staker_remaining_emission_accumulator_filetest.gno	Remaining gov emission accumulator repeat-1000 claim-842	execution-segment-repricing	2601075	2765255	164180	0	0	0	168694	0	0	0	0	0	164.18	164.18	0.000000	+0.000164	+0.000164
gov_staker_remaining_emission_accumulator_filetest.gno	Remaining gov emission accumulator repeat-1000 claim-843	execution-segment-repricing	2601075	2765255	164180	0	0	0	168694	0	0	0	0	0	164.18	164.18	0.000000	+0.000164	+0.000164
gov_staker_remaining_emission_accumulator_filetest.gno	Remaining gov emission accumulator repeat-1000 claim-844	execution-segment-repricing	2601075	2765255	164180	0	0	0	168694	0	0	0	0	0	164.18	164.18	0.000000	+0.000164	+0.000164
gov_staker_remaining_emission_accumulator_filetest.gno	Remaining gov emission accumulator repeat-1000 claim-845	execution-segment-repricing	2601075	2765255	164180	0	0	0	168694	0	0	0	0	0	164.18	164.18	0.000000	+0.000164	+0.000164
gov_staker_remaining_emission_accumulator_filetest.gno	Remaining gov emission accumulator repeat-1000 claim-846	execution-segment-repricing	2596806	2760986	164180	0	0	0	168694	0	0	0	0	0	164.18	164.18	0.000000	+0.000164	+0.000164
gov_staker_remaining_emission_accumulator_filetest.gno	Remaining gov emission accumulator repeat-1000 claim-847	execution-segment-repricing	2600588	2764768	164180	0	0	0	168694	0	0	0	0	0	164.18	164.18	0.000000	+0.000164	+0.000164
gov_staker_remaining_emission_accumulator_filetest.gno	Remaining gov emission accumulator repeat-1000 claim-848	execution-segment-repricing	2600588	2764768	164180	0	0	0	168694	0	0	0	0	0	164.18	164.18	0.000000	+0.000164	+0.000164
gov_staker_remaining_emission_accumulator_filetest.gno	Remaining gov emission accumulator repeat-1000 claim-849	execution-segment-repricing	2600588	2764768	164180	0	0	0	168694	0	0	0	0	0	164.18	164.18	0.000000	+0.000164	+0.000164
gov_staker_remaining_emission_accumulator_filetest.gno	Remaining gov emission accumulator repeat-1000 claim-850	execution-segment-repricing	2600588	2764768	164180	0	0	0	168694	0	0	0	0	0	164.18	164.18	0.000000	+0.000164	+0.000164
gov_staker_remaining_emission_accumulator_filetest.gno	Remaining gov emission accumulator repeat-1000 claim-851	execution-segment-repricing	2597293	2761473	164180	0	0	0	168694	0	0	0	0	0	164.18	164.18	0.000000	+0.000164	+0.000164
gov_staker_remaining_emission_accumulator_filetest.gno	Remaining gov emission accumulator repeat-1000 claim-852	execution-segment-repricing	2601075	2765255	164180	0	0	0	168694	0	0	0	0	0	164.18	164.18	0.000000	+0.000164	+0.000164
gov_staker_remaining_emission_accumulator_filetest.gno	Remaining gov emission accumulator repeat-1000 claim-853	execution-segment-repricing	2597293	2761473	164180	0	0	0	168694	0	0	0	0	0	164.18	164.18	0.000000	+0.000164	+0.000164
gov_staker_remaining_emission_accumulator_filetest.gno	Remaining gov emission accumulator repeat-1000 claim-854	execution-segment-repricing	2600588	2764768	164180	0	0	0	168694	0	0	0	0	0	164.18	164.18	0.000000	+0.000164	+0.000164
gov_staker_remaining_emission_accumulator_filetest.gno	Remaining gov emission accumulator repeat-1000 claim-855	execution-segment-repricing	2600588	2764768	164180	0	0	0	168694	0	0	0	0	0	164.18	164.18	0.000000	+0.000164	+0.000164
gov_staker_remaining_emission_accumulator_filetest.gno	Remaining gov emission accumulator repeat-1000 claim-856	execution-segment-repricing	2600588	2764768	164180	0	0	0	168694	0	0	0	0	0	164.18	164.18	0.000000	+0.000164	+0.000164
gov_staker_remaining_emission_accumulator_filetest.gno	Remaining gov emission accumulator repeat-1000 claim-857	execution-segment-repricing	2601075	2765255	164180	0	0	0	168694	0	0	0	0	0	164.18	164.18	0.000000	+0.000164	+0.000164
gov_staker_remaining_emission_accumulator_filetest.gno	Remaining gov emission accumulator repeat-1000 claim-858	execution-segment-repricing	2600588	2764768	164180	0	0	0	168694	0	0	0	0	0	164.18	164.18	0.000000	+0.000164	+0.000164
gov_staker_remaining_emission_accumulator_filetest.gno	Remaining gov emission accumulator repeat-1000 claim-859	execution-segment-repricing	2601075	2765255	164180	0	0	0	168694	0	0	0	0	0	164.18	164.18	0.000000	+0.000164	+0.000164
gov_staker_remaining_emission_accumulator_filetest.gno	Remaining gov emission accumulator repeat-1000 claim-860	execution-segment-repricing	2597293	2761473	164180	0	0	0	168694	0	0	0	0	0	164.18	164.18	0.000000	+0.000164	+0.000164
gov_staker_remaining_emission_accumulator_filetest.gno	Remaining gov emission accumulator repeat-1000 claim-861	execution-segment-repricing	2600588	2764768	164180	0	0	0	168694	0	0	0	0	0	164.18	164.18	0.000000	+0.000164	+0.000164
gov_staker_remaining_emission_accumulator_filetest.gno	Remaining gov emission accumulator repeat-1000 claim-862	execution-segment-repricing	2597293	2761473	164180	0	0	0	168694	0	0	0	0	0	164.18	164.18	0.000000	+0.000164	+0.000164
gov_staker_remaining_emission_accumulator_filetest.gno	Remaining gov emission accumulator repeat-1000 claim-863	execution-segment-repricing	2601075	2765255	164180	0	0	0	168694	0	0	0	0	0	164.18	164.18	0.000000	+0.000164	+0.000164
gov_staker_remaining_emission_accumulator_filetest.gno	Remaining gov emission accumulator repeat-1000 claim-864	execution-segment-repricing	2601075	2765255	164180	0	0	0	168694	0	0	0	0	0	164.18	164.18	0.000000	+0.000164	+0.000164
gov_staker_remaining_emission_accumulator_filetest.gno	Remaining gov emission accumulator repeat-1000 claim-865	execution-segment-repricing	2601075	2765255	164180	0	0	0	168694	0	0	0	0	0	164.18	164.18	0.000000	+0.000164	+0.000164
gov_staker_remaining_emission_accumulator_filetest.gno	Remaining gov emission accumulator repeat-1000 claim-866	execution-segment-repricing	2601075	2765255	164180	0	0	0	168694	0	0	0	0	0	164.18	164.18	0.000000	+0.000164	+0.000164
gov_staker_remaining_emission_accumulator_filetest.gno	Remaining gov emission accumulator repeat-1000 claim-867	execution-segment-repricing	2596226	2760406	164180	0	0	0	168694	0	0	0	0	0	164.18	164.18	0.000000	+0.000164	+0.000164
gov_staker_remaining_emission_accumulator_filetest.gno	Remaining gov emission accumulator repeat-1000 claim-868	execution-segment-repricing	2601075	2765255	164180	0	0	0	168694	0	0	0	0	0	164.18	164.18	0.000000	+0.000164	+0.000164
gov_staker_remaining_emission_accumulator_filetest.gno	Remaining gov emission accumulator repeat-1000 claim-869	execution-segment-repricing	2600588	2764768	164180	0	0	0	168694	0	0	0	0	0	164.18	164.18	0.000000	+0.000164	+0.000164
gov_staker_remaining_emission_accumulator_filetest.gno	Remaining gov emission accumulator repeat-1000 claim-870	execution-segment-repricing	2601075	2765255	164180	0	0	0	168694	0	0	0	0	0	164.18	164.18	0.000000	+0.000164	+0.000164
gov_staker_remaining_emission_accumulator_filetest.gno	Remaining gov emission accumulator repeat-1000 claim-871	execution-segment-repricing	2601075	2765255	164180	0	0	0	168694	0	0	0	0	0	164.18	164.18	0.000000	+0.000164	+0.000164
gov_staker_remaining_emission_accumulator_filetest.gno	Remaining gov emission accumulator repeat-1000 claim-872	execution-segment-repricing	2601562	2765742	164180	0	0	0	168694	0	0	0	0	0	164.18	164.18	0.000000	+0.000164	+0.000164
gov_staker_remaining_emission_accumulator_filetest.gno	Remaining gov emission accumulator repeat-1000 claim-873	execution-segment-repricing	2597780	2761960	164180	0	0	0	168694	0	0	0	0	0	164.18	164.18	0.000000	+0.000164	+0.000164
gov_staker_remaining_emission_accumulator_filetest.gno	Remaining gov emission accumulator repeat-1000 claim-874	execution-segment-repricing	2601075	2765255	164180	0	0	0	168694	0	0	0	0	0	164.18	164.18	0.000000	+0.000164	+0.000164
gov_staker_remaining_emission_accumulator_filetest.gno	Remaining gov emission accumulator repeat-1000 claim-875	execution-segment-repricing	2601075	2765255	164180	0	0	0	168694	0	0	0	0	0	164.18	164.18	0.000000	+0.000164	+0.000164
gov_staker_remaining_emission_accumulator_filetest.gno	Remaining gov emission accumulator repeat-1000 claim-876	execution-segment-repricing	2600588	2764768	164180	0	0	0	168694	0	0	0	0	0	164.18	164.18	0.000000	+0.000164	+0.000164
gov_staker_remaining_emission_accumulator_filetest.gno	Remaining gov emission accumulator repeat-1000 claim-877	execution-segment-repricing	2601075	2765255	164180	0	0	0	168694	0	0	0	0	0	164.18	164.18	0.000000	+0.000164	+0.000164
gov_staker_remaining_emission_accumulator_filetest.gno	Remaining gov emission accumulator repeat-1000 claim-878	execution-segment-repricing	2601075	2765255	164180	0	0	0	168694	0	0	0	0	0	164.18	164.18	0.000000	+0.000164	+0.000164
gov_staker_remaining_emission_accumulator_filetest.gno	Remaining gov emission accumulator repeat-1000 claim-879	execution-segment-repricing	2601562	2765742	164180	0	0	0	168694	0	0	0	0	0	164.18	164.18	0.000000	+0.000164	+0.000164
gov_staker_remaining_emission_accumulator_filetest.gno	Remaining gov emission accumulator repeat-1000 claim-880	execution-segment-repricing	2601075	2765255	164180	0	0	0	168694	0	0	0	0	0	164.18	164.18	0.000000	+0.000164	+0.000164
gov_staker_remaining_emission_accumulator_filetest.gno	Remaining gov emission accumulator repeat-1000 claim-881	execution-segment-repricing	2601562	2765742	164180	0	0	0	168694	0	0	0	0	0	164.18	164.18	0.000000	+0.000164	+0.000164
gov_staker_remaining_emission_accumulator_filetest.gno	Remaining gov emission accumulator repeat-1000 claim-882	execution-segment-repricing	2597293	2761473	164180	0	0	0	168694	0	0	0	0	0	164.18	164.18	0.000000	+0.000164	+0.000164
gov_staker_remaining_emission_accumulator_filetest.gno	Remaining gov emission accumulator repeat-1000 claim-883	execution-segment-repricing	2600588	2764768	164180	0	0	0	168694	0	0	0	0	0	164.18	164.18	0.000000	+0.000164	+0.000164
gov_staker_remaining_emission_accumulator_filetest.gno	Remaining gov emission accumulator repeat-1000 claim-884	execution-segment-repricing	2597293	2761473	164180	0	0	0	168694	0	0	0	0	0	164.18	164.18	0.000000	+0.000164	+0.000164
gov_staker_remaining_emission_accumulator_filetest.gno	Remaining gov emission accumulator repeat-1000 claim-885	execution-segment-repricing	2601075	2765255	164180	0	0	0	168694	0	0	0	0	0	164.18	164.18	0.000000	+0.000164	+0.000164
gov_staker_remaining_emission_accumulator_filetest.gno	Remaining gov emission accumulator repeat-1000 claim-886	execution-segment-repricing	2601075	2765255	164180	0	0	0	168694	0	0	0	0	0	164.18	164.18	0.000000	+0.000164	+0.000164
gov_staker_remaining_emission_accumulator_filetest.gno	Remaining gov emission accumulator repeat-1000 claim-887	execution-segment-repricing	2601075	2765255	164180	0	0	0	168694	0	0	0	0	0	164.18	164.18	0.000000	+0.000164	+0.000164
gov_staker_remaining_emission_accumulator_filetest.gno	Remaining gov emission accumulator repeat-1000 claim-888	execution-segment-repricing	2601075	2765255	164180	0	0	0	168694	0	0	0	0	0	164.18	164.18	0.000000	+0.000164	+0.000164
gov_staker_remaining_emission_accumulator_filetest.gno	Remaining gov emission accumulator repeat-1000 claim-889	execution-segment-repricing	2597293	2761473	164180	0	0	0	168694	0	0	0	0	0	164.18	164.18	0.000000	+0.000164	+0.000164
gov_staker_remaining_emission_accumulator_filetest.gno	Remaining gov emission accumulator repeat-1000 claim-890	execution-segment-repricing	2601075	2765255	164180	0	0	0	168694	0	0	0	0	0	164.18	164.18	0.000000	+0.000164	+0.000164
gov_staker_remaining_emission_accumulator_filetest.gno	Remaining gov emission accumulator repeat-1000 claim-891	execution-segment-repricing	2600588	2764768	164180	0	0	0	168694	0	0	0	0	0	164.18	164.18	0.000000	+0.000164	+0.000164
gov_staker_remaining_emission_accumulator_filetest.gno	Remaining gov emission accumulator repeat-1000 claim-892	execution-segment-repricing	2601075	2765255	164180	0	0	0	168694	0	0	0	0	0	164.18	164.18	0.000000	+0.000164	+0.000164
gov_staker_remaining_emission_accumulator_filetest.gno	Remaining gov emission accumulator repeat-1000 claim-893	execution-segment-repricing	2600588	2764768	164180	0	0	0	168694	0	0	0	0	0	164.18	164.18	0.000000	+0.000164	+0.000164
gov_staker_remaining_emission_accumulator_filetest.gno	Remaining gov emission accumulator repeat-1000 claim-894	execution-segment-repricing	2601075	2765255	164180	0	0	0	168694	0	0	0	0	0	164.18	164.18	0.000000	+0.000164	+0.000164
gov_staker_remaining_emission_accumulator_filetest.gno	Remaining gov emission accumulator repeat-1000 claim-895	execution-segment-repricing	2596226	2760406	164180	0	0	0	168694	0	0	0	0	0	164.18	164.18	0.000000	+0.000164	+0.000164
gov_staker_remaining_emission_accumulator_filetest.gno	Remaining gov emission accumulator repeat-1000 claim-896	execution-segment-repricing	2597293	2761473	164180	0	0	0	168694	0	0	0	0	0	164.18	164.18	0.000000	+0.000164	+0.000164
gov_staker_remaining_emission_accumulator_filetest.gno	Remaining gov emission accumulator repeat-1000 claim-897	execution-segment-repricing	2600588	2764768	164180	0	0	0	168694	0	0	0	0	0	164.18	164.18	0.000000	+0.000164	+0.000164
gov_staker_remaining_emission_accumulator_filetest.gno	Remaining gov emission accumulator repeat-1000 claim-898	execution-segment-repricing	2601075	2765255	164180	0	0	0	168694	0	0	0	0	0	164.18	164.18	0.000000	+0.000164	+0.000164
gov_staker_remaining_emission_accumulator_filetest.gno	Remaining gov emission accumulator repeat-1000 claim-899	execution-segment-repricing	2601562	2765742	164180	0	0	0	168694	0	0	0	0	0	164.18	164.18	0.000000	+0.000164	+0.000164
gov_staker_remaining_emission_accumulator_filetest.gno	Remaining gov emission accumulator repeat-1000 claim-900	execution-segment-repricing	2600588	2764768	164180	0	0	0	168694	0	0	0	0	0	164.18	164.18	0.000000	+0.000164	+0.000164
gov_staker_remaining_emission_accumulator_filetest.gno	Remaining gov emission accumulator repeat-1000 claim-901	execution-segment-repricing	2601075	2765255	164180	0	0	0	168694	0	0	0	0	0	164.18	164.18	0.000000	+0.000164	+0.000164
gov_staker_remaining_emission_accumulator_filetest.gno	Remaining gov emission accumulator repeat-1000 claim-902	execution-segment-repricing	2600588	2764768	164180	0	0	0	168694	0	0	0	0	0	164.18	164.18	0.000000	+0.000164	+0.000164
gov_staker_remaining_emission_accumulator_filetest.gno	Remaining gov emission accumulator repeat-1000 claim-903	execution-segment-repricing	2597293	2761473	164180	0	0	0	168694	0	0	0	0	0	164.18	164.18	0.000000	+0.000164	+0.000164
gov_staker_remaining_emission_accumulator_filetest.gno	Remaining gov emission accumulator repeat-1000 claim-904	execution-segment-repricing	2596806	2760986	164180	0	0	0	168694	0	0	0	0	0	164.18	164.18	0.000000	+0.000164	+0.000164
gov_staker_remaining_emission_accumulator_filetest.gno	Remaining gov emission accumulator repeat-1000 claim-905	execution-segment-repricing	2601075	2765255	164180	0	0	0	168694	0	0	0	0	0	164.18	164.18	0.000000	+0.000164	+0.000164
gov_staker_remaining_emission_accumulator_filetest.gno	Remaining gov emission accumulator repeat-1000 claim-906	execution-segment-repricing	2601075	2765255	164180	0	0	0	168694	0	0	0	0	0	164.18	164.18	0.000000	+0.000164	+0.000164
gov_staker_remaining_emission_accumulator_filetest.gno	Remaining gov emission accumulator repeat-1000 claim-907	execution-segment-repricing	2601075	2765255	164180	0	0	0	168694	0	0	0	0	0	164.18	164.18	0.000000	+0.000164	+0.000164
gov_staker_remaining_emission_accumulator_filetest.gno	Remaining gov emission accumulator repeat-1000 claim-908	execution-segment-repricing	2601562	2765742	164180	0	0	0	168694	0	0	0	0	0	164.18	164.18	0.000000	+0.000164	+0.000164
gov_staker_remaining_emission_accumulator_filetest.gno	Remaining gov emission accumulator repeat-1000 claim-909	execution-segment-repricing	2601075	2765255	164180	0	0	0	168694	0	0	0	0	0	164.18	164.18	0.000000	+0.000164	+0.000164
gov_staker_remaining_emission_accumulator_filetest.gno	Remaining gov emission accumulator repeat-1000 claim-910	execution-segment-repricing	2601075	2765255	164180	0	0	0	168694	0	0	0	0	0	164.18	164.18	0.000000	+0.000164	+0.000164
gov_staker_remaining_emission_accumulator_filetest.gno	Remaining gov emission accumulator repeat-1000 claim-911	execution-segment-repricing	2600101	2764281	164180	0	0	0	168694	0	0	0	0	0	164.18	164.18	0.000000	+0.000164	+0.000164
gov_staker_remaining_emission_accumulator_filetest.gno	Remaining gov emission accumulator repeat-1000 claim-912	execution-segment-repricing	2600588	2764768	164180	0	0	0	168694	0	0	0	0	0	164.18	164.18	0.000000	+0.000164	+0.000164
gov_staker_remaining_emission_accumulator_filetest.gno	Remaining gov emission accumulator repeat-1000 claim-913	execution-segment-repricing	2600101	2764281	164180	0	0	0	168694	0	0	0	0	0	164.18	164.18	0.000000	+0.000164	+0.000164
gov_staker_remaining_emission_accumulator_filetest.gno	Remaining gov emission accumulator repeat-1000 claim-914	execution-segment-repricing	2601075	2765255	164180	0	0	0	168694	0	0	0	0	0	164.18	164.18	0.000000	+0.000164	+0.000164
gov_staker_remaining_emission_accumulator_filetest.gno	Remaining gov emission accumulator repeat-1000 claim-915	execution-segment-repricing	2597780	2761960	164180	0	0	0	168694	0	0	0	0	0	164.18	164.18	0.000000	+0.000164	+0.000164
gov_staker_remaining_emission_accumulator_filetest.gno	Remaining gov emission accumulator repeat-1000 claim-916	execution-segment-repricing	2601075	2765255	164180	0	0	0	168694	0	0	0	0	0	164.18	164.18	0.000000	+0.000164	+0.000164
gov_staker_remaining_emission_accumulator_filetest.gno	Remaining gov emission accumulator repeat-1000 claim-917	execution-segment-repricing	2601562	2765742	164180	0	0	0	168694	0	0	0	0	0	164.18	164.18	0.000000	+0.000164	+0.000164
gov_staker_remaining_emission_accumulator_filetest.gno	Remaining gov emission accumulator repeat-1000 claim-918	execution-segment-repricing	2597293	2761473	164180	0	0	0	168694	0	0	0	0	0	164.18	164.18	0.000000	+0.000164	+0.000164
gov_staker_remaining_emission_accumulator_filetest.gno	Remaining gov emission accumulator repeat-1000 claim-919	execution-segment-repricing	2601075	2765255	164180	0	0	0	168694	0	0	0	0	0	164.18	164.18	0.000000	+0.000164	+0.000164
gov_staker_remaining_emission_accumulator_filetest.gno	Remaining gov emission accumulator repeat-1000 claim-920	execution-segment-repricing	2600101	2764281	164180	0	0	0	168694	0	0	0	0	0	164.18	164.18	0.000000	+0.000164	+0.000164
gov_staker_remaining_emission_accumulator_filetest.gno	Remaining gov emission accumulator repeat-1000 claim-921	execution-segment-repricing	2601075	2765255	164180	0	0	0	168694	0	0	0	0	0	164.18	164.18	0.000000	+0.000164	+0.000164
gov_staker_remaining_emission_accumulator_filetest.gno	Remaining gov emission accumulator repeat-1000 claim-922	execution-segment-repricing	2601075	2765255	164180	0	0	0	168694	0	0	0	0	0	164.18	164.18	0.000000	+0.000164	+0.000164
gov_staker_remaining_emission_accumulator_filetest.gno	Remaining gov emission accumulator repeat-1000 claim-923	execution-segment-repricing	2601075	2765255	164180	0	0	0	168694	0	0	0	0	0	164.18	164.18	0.000000	+0.000164	+0.000164
gov_staker_remaining_emission_accumulator_filetest.gno	Remaining gov emission accumulator repeat-1000 claim-924	execution-segment-repricing	2601075	2765255	164180	0	0	0	168694	0	0	0	0	0	164.18	164.18	0.000000	+0.000164	+0.000164
gov_staker_remaining_emission_accumulator_filetest.gno	Remaining gov emission accumulator repeat-1000 claim-925	execution-segment-repricing	2597293	2761473	164180	0	0	0	168694	0	0	0	0	0	164.18	164.18	0.000000	+0.000164	+0.000164
gov_staker_remaining_emission_accumulator_filetest.gno	Remaining gov emission accumulator repeat-1000 claim-926	execution-segment-repricing	2597293	2761473	164180	0	0	0	168694	0	0	0	0	0	164.18	164.18	0.000000	+0.000164	+0.000164
gov_staker_remaining_emission_accumulator_filetest.gno	Remaining gov emission accumulator repeat-1000 claim-927	execution-segment-repricing	2600588	2764768	164180	0	0	0	168694	0	0	0	0	0	164.18	164.18	0.000000	+0.000164	+0.000164
gov_staker_remaining_emission_accumulator_filetest.gno	Remaining gov emission accumulator repeat-1000 claim-928	execution-segment-repricing	2601075	2765255	164180	0	0	0	168694	0	0	0	0	0	164.18	164.18	0.000000	+0.000164	+0.000164
gov_staker_remaining_emission_accumulator_filetest.gno	Remaining gov emission accumulator repeat-1000 claim-929	execution-segment-repricing	2600588	2764768	164180	0	0	0	168694	0	0	0	0	0	164.18	164.18	0.000000	+0.000164	+0.000164
gov_staker_remaining_emission_accumulator_filetest.gno	Remaining gov emission accumulator repeat-1000 claim-930	execution-segment-repricing	2601075	2765255	164180	0	0	0	168694	0	0	0	0	0	164.18	164.18	0.000000	+0.000164	+0.000164
gov_staker_remaining_emission_accumulator_filetest.gno	Remaining gov emission accumulator repeat-1000 claim-931	execution-segment-repricing	2601075	2765255	164180	0	0	0	168694	0	0	0	0	0	164.18	164.18	0.000000	+0.000164	+0.000164
gov_staker_remaining_emission_accumulator_filetest.gno	Remaining gov emission accumulator repeat-1000 claim-932	execution-segment-repricing	2597293	2761473	164180	0	0	0	168694	0	0	0	0	0	164.18	164.18	0.000000	+0.000164	+0.000164
gov_staker_remaining_emission_accumulator_filetest.gno	Remaining gov emission accumulator repeat-1000 claim-933	execution-segment-repricing	2600588	2764768	164180	0	0	0	168694	0	0	0	0	0	164.18	164.18	0.000000	+0.000164	+0.000164
gov_staker_remaining_emission_accumulator_filetest.gno	Remaining gov emission accumulator repeat-1000 claim-934	execution-segment-repricing	2600588	2764768	164180	0	0	0	168694	0	0	0	0	0	164.18	164.18	0.000000	+0.000164	+0.000164
gov_staker_remaining_emission_accumulator_filetest.gno	Remaining gov emission accumulator repeat-1000 claim-935	execution-segment-repricing	2600588	2764768	164180	0	0	0	168694	0	0	0	0	0	164.18	164.18	0.000000	+0.000164	+0.000164
gov_staker_remaining_emission_accumulator_filetest.gno	Remaining gov emission accumulator repeat-1000 claim-936	execution-segment-repricing	2601075	2765255	164180	0	0	0	168694	0	0	0	0	0	164.18	164.18	0.000000	+0.000164	+0.000164
gov_staker_remaining_emission_accumulator_filetest.gno	Remaining gov emission accumulator repeat-1000 claim-937	execution-segment-repricing	2597293	2761473	164180	0	0	0	168694	0	0	0	0	0	164.18	164.18	0.000000	+0.000164	+0.000164
gov_staker_remaining_emission_accumulator_filetest.gno	Remaining gov emission accumulator repeat-1000 claim-938	execution-segment-repricing	2600588	2764768	164180	0	0	0	168694	0	0	0	0	0	164.18	164.18	0.000000	+0.000164	+0.000164
gov_staker_remaining_emission_accumulator_filetest.gno	Remaining gov emission accumulator repeat-1000 claim-939	execution-segment-repricing	2597780	2761960	164180	0	0	0	168694	0	0	0	0	0	164.18	164.18	0.000000	+0.000164	+0.000164
gov_staker_remaining_emission_accumulator_filetest.gno	Remaining gov emission accumulator repeat-1000 claim-940	execution-segment-repricing	2600101	2764281	164180	0	0	0	168694	0	0	0	0	0	164.18	164.18	0.000000	+0.000164	+0.000164
gov_staker_remaining_emission_accumulator_filetest.gno	Remaining gov emission accumulator repeat-1000 claim-941	execution-segment-repricing	2601075	2765255	164180	0	0	0	168694	0	0	0	0	0	164.18	164.18	0.000000	+0.000164	+0.000164
gov_staker_remaining_emission_accumulator_filetest.gno	Remaining gov emission accumulator repeat-1000 claim-942	execution-segment-repricing	2601075	2765255	164180	0	0	0	168694	0	0	0	0	0	164.18	164.18	0.000000	+0.000164	+0.000164
gov_staker_remaining_emission_accumulator_filetest.gno	Remaining gov emission accumulator repeat-1000 claim-943	execution-segment-repricing	2601075	2765255	164180	0	0	0	168694	0	0	0	0	0	164.18	164.18	0.000000	+0.000164	+0.000164
gov_staker_remaining_emission_accumulator_filetest.gno	Remaining gov emission accumulator repeat-1000 claim-944	execution-segment-repricing	2601562	2765742	164180	0	0	0	168694	0	0	0	0	0	164.18	164.18	0.000000	+0.000164	+0.000164
gov_staker_remaining_emission_accumulator_filetest.gno	Remaining gov emission accumulator repeat-1000 claim-945	execution-segment-repricing	2601562	2765742	164180	0	0	0	168694	0	0	0	0	0	164.18	164.18	0.000000	+0.000164	+0.000164
gov_staker_remaining_emission_accumulator_filetest.gno	Remaining gov emission accumulator repeat-1000 claim-946	execution-segment-repricing	2601075	2765255	164180	0	0	0	168694	0	0	0	0	0	164.18	164.18	0.000000	+0.000164	+0.000164
gov_staker_remaining_emission_accumulator_filetest.gno	Remaining gov emission accumulator repeat-1000 claim-947	execution-segment-repricing	2600588	2764768	164180	0	0	0	168694	0	0	0	0	0	164.18	164.18	0.000000	+0.000164	+0.000164
gov_staker_remaining_emission_accumulator_filetest.gno	Remaining gov emission accumulator repeat-1000 claim-948	execution-segment-repricing	2597293	2761473	164180	0	0	0	168694	0	0	0	0	0	164.18	164.18	0.000000	+0.000164	+0.000164
gov_staker_remaining_emission_accumulator_filetest.gno	Remaining gov emission accumulator repeat-1000 claim-949	execution-segment-repricing	2601075	2765255	164180	0	0	0	168694	0	0	0	0	0	164.18	164.18	0.000000	+0.000164	+0.000164
gov_staker_remaining_emission_accumulator_filetest.gno	Remaining gov emission accumulator repeat-1000 claim-950	execution-segment-repricing	2601075	2765255	164180	0	0	0	168694	0	0	0	0	0	164.18	164.18	0.000000	+0.000164	+0.000164
gov_staker_remaining_emission_accumulator_filetest.gno	Remaining gov emission accumulator repeat-1000 claim-951	execution-segment-repricing	2601075	2765255	164180	0	0	0	168694	0	0	0	0	0	164.18	164.18	0.000000	+0.000164	+0.000164
gov_staker_remaining_emission_accumulator_filetest.gno	Remaining gov emission accumulator repeat-1000 claim-952	execution-segment-repricing	2601562	2765742	164180	0	0	0	168694	0	0	0	0	0	164.18	164.18	0.000000	+0.000164	+0.000164
gov_staker_remaining_emission_accumulator_filetest.gno	Remaining gov emission accumulator repeat-1000 claim-953	execution-segment-repricing	2601562	2765742	164180	0	0	0	168694	0	0	0	0	0	164.18	164.18	0.000000	+0.000164	+0.000164
gov_staker_remaining_emission_accumulator_filetest.gno	Remaining gov emission accumulator repeat-1000 claim-954	execution-segment-repricing	2601075	2765255	164180	0	0	0	168694	0	0	0	0	0	164.18	164.18	0.000000	+0.000164	+0.000164
gov_staker_remaining_emission_accumulator_filetest.gno	Remaining gov emission accumulator repeat-1000 claim-955	execution-segment-repricing	2600588	2764768	164180	0	0	0	168694	0	0	0	0	0	164.18	164.18	0.000000	+0.000164	+0.000164
gov_staker_remaining_emission_accumulator_filetest.gno	Remaining gov emission accumulator repeat-1000 claim-956	execution-segment-repricing	2600588	2764768	164180	0	0	0	168694	0	0	0	0	0	164.18	164.18	0.000000	+0.000164	+0.000164
gov_staker_remaining_emission_accumulator_filetest.gno	Remaining gov emission accumulator repeat-1000 claim-957	execution-segment-repricing	2600588	2764768	164180	0	0	0	168694	0	0	0	0	0	164.18	164.18	0.000000	+0.000164	+0.000164
gov_staker_remaining_emission_accumulator_filetest.gno	Remaining gov emission accumulator repeat-1000 claim-958	execution-segment-repricing	2601075	2765255	164180	0	0	0	168694	0	0	0	0	0	164.18	164.18	0.000000	+0.000164	+0.000164
gov_staker_remaining_emission_accumulator_filetest.gno	Remaining gov emission accumulator repeat-1000 claim-959	execution-segment-repricing	2597780	2761960	164180	0	0	0	168694	0	0	0	0	0	164.18	164.18	0.000000	+0.000164	+0.000164
gov_staker_remaining_emission_accumulator_filetest.gno	Remaining gov emission accumulator repeat-1000 claim-960	execution-segment-repricing	2601562	2765742	164180	0	0	0	168694	0	0	0	0	0	164.18	164.18	0.000000	+0.000164	+0.000164
gov_staker_remaining_emission_accumulator_filetest.gno	Remaining gov emission accumulator repeat-1000 claim-961	execution-segment-repricing	2597780	2761960	164180	0	0	0	168694	0	0	0	0	0	164.18	164.18	0.000000	+0.000164	+0.000164
gov_staker_remaining_emission_accumulator_filetest.gno	Remaining gov emission accumulator repeat-1000 claim-962	execution-segment-repricing	2601075	2765255	164180	0	0	0	168694	0	0	0	0	0	164.18	164.18	0.000000	+0.000164	+0.000164
gov_staker_remaining_emission_accumulator_filetest.gno	Remaining gov emission accumulator repeat-1000 claim-963	execution-segment-repricing	2601075	2765255	164180	0	0	0	168694	0	0	0	0	0	164.18	164.18	0.000000	+0.000164	+0.000164
gov_staker_remaining_emission_accumulator_filetest.gno	Remaining gov emission accumulator repeat-1000 claim-964	execution-segment-repricing	2600588	2764768	164180	0	0	0	168694	0	0	0	0	0	164.18	164.18	0.000000	+0.000164	+0.000164
gov_staker_remaining_emission_accumulator_filetest.gno	Remaining gov emission accumulator repeat-1000 claim-965	execution-segment-repricing	2601075	2765255	164180	0	0	0	168694	0	0	0	0	0	164.18	164.18	0.000000	+0.000164	+0.000164
gov_staker_remaining_emission_accumulator_filetest.gno	Remaining gov emission accumulator repeat-1000 claim-966	execution-segment-repricing	2601075	2765255	164180	0	0	0	168694	0	0	0	0	0	164.18	164.18	0.000000	+0.000164	+0.000164
gov_staker_remaining_emission_accumulator_filetest.gno	Remaining gov emission accumulator repeat-1000 claim-967	execution-segment-repricing	2601075	2765255	164180	0	0	0	168694	0	0	0	0	0	164.18	164.18	0.000000	+0.000164	+0.000164
gov_staker_remaining_emission_accumulator_filetest.gno	Remaining gov emission accumulator repeat-1000 claim-968	execution-segment-repricing	2593998	2758178	164180	0	0	0	168694	0	0	0	0	0	164.18	164.18	0.000000	+0.000164	+0.000164
gov_staker_remaining_emission_accumulator_filetest.gno	Remaining gov emission accumulator repeat-1000 claim-969	execution-segment-repricing	2601075	2765255	164180	0	0	0	168694	0	0	0	0	0	164.18	164.18	0.000000	+0.000164	+0.000164
gov_staker_remaining_emission_accumulator_filetest.gno	Remaining gov emission accumulator repeat-1000 claim-970	execution-segment-repricing	2596226	2760406	164180	0	0	0	168694	0	0	0	0	0	164.18	164.18	0.000000	+0.000164	+0.000164
gov_staker_remaining_emission_accumulator_filetest.gno	Remaining gov emission accumulator repeat-1000 claim-971	execution-segment-repricing	2601075	2765255	164180	0	0	0	168694	0	0	0	0	0	164.18	164.18	0.000000	+0.000164	+0.000164
gov_staker_remaining_emission_accumulator_filetest.gno	Remaining gov emission accumulator repeat-1000 claim-972	execution-segment-repricing	2601075	2765255	164180	0	0	0	168694	0	0	0	0	0	164.18	164.18	0.000000	+0.000164	+0.000164
gov_staker_remaining_emission_accumulator_filetest.gno	Remaining gov emission accumulator repeat-1000 claim-973	execution-segment-repricing	2601075	2765255	164180	0	0	0	168694	0	0	0	0	0	164.18	164.18	0.000000	+0.000164	+0.000164
gov_staker_remaining_emission_accumulator_filetest.gno	Remaining gov emission accumulator repeat-1000 claim-974	execution-segment-repricing	2601075	2765255	164180	0	0	0	168694	0	0	0	0	0	164.18	164.18	0.000000	+0.000164	+0.000164
gov_staker_remaining_emission_accumulator_filetest.gno	Remaining gov emission accumulator repeat-1000 claim-975	execution-segment-repricing	2597293	2761473	164180	0	0	0	168694	0	0	0	0	0	164.18	164.18	0.000000	+0.000164	+0.000164
gov_staker_remaining_emission_accumulator_filetest.gno	Remaining gov emission accumulator repeat-1000 claim-976	execution-segment-repricing	2601075	2765255	164180	0	0	0	168694	0	0	0	0	0	164.18	164.18	0.000000	+0.000164	+0.000164
gov_staker_remaining_emission_accumulator_filetest.gno	Remaining gov emission accumulator repeat-1000 claim-977	execution-segment-repricing	2600588	2764768	164180	0	0	0	168694	0	0	0	0	0	164.18	164.18	0.000000	+0.000164	+0.000164
gov_staker_remaining_emission_accumulator_filetest.gno	Remaining gov emission accumulator repeat-1000 claim-978	execution-segment-repricing	2601075	2765255	164180	0	0	0	168694	0	0	0	0	0	164.18	164.18	0.000000	+0.000164	+0.000164
gov_staker_remaining_emission_accumulator_filetest.gno	Remaining gov emission accumulator repeat-1000 claim-979	execution-segment-repricing	2597293	2761473	164180	0	0	0	168694	0	0	0	0	0	164.18	164.18	0.000000	+0.000164	+0.000164
gov_staker_remaining_emission_accumulator_filetest.gno	Remaining gov emission accumulator repeat-1000 claim-980	execution-segment-repricing	2601075	2765255	164180	0	0	0	168694	0	0	0	0	0	164.18	164.18	0.000000	+0.000164	+0.000164
gov_staker_remaining_emission_accumulator_filetest.gno	Remaining gov emission accumulator repeat-1000 claim-981	execution-segment-repricing	2601075	2765255	164180	0	0	0	168694	0	0	0	0	0	164.18	164.18	0.000000	+0.000164	+0.000164
gov_staker_remaining_emission_accumulator_filetest.gno	Remaining gov emission accumulator repeat-1000 claim-982	execution-segment-repricing	2601075	2765255	164180	0	0	0	168694	0	0	0	0	0	164.18	164.18	0.000000	+0.000164	+0.000164
gov_staker_remaining_emission_accumulator_filetest.gno	Remaining gov emission accumulator repeat-1000 claim-983	execution-segment-repricing	2600588	2764768	164180	0	0	0	168694	0	0	0	0	0	164.18	164.18	0.000000	+0.000164	+0.000164
gov_staker_remaining_emission_accumulator_filetest.gno	Remaining gov emission accumulator repeat-1000 claim-984	execution-segment-repricing	2600588	2764768	164180	0	0	0	168694	0	0	0	0	0	164.18	164.18	0.000000	+0.000164	+0.000164
gov_staker_remaining_emission_accumulator_filetest.gno	Remaining gov emission accumulator repeat-1000 claim-985	execution-segment-repricing	2601075	2765255	164180	0	0	0	168694	0	0	0	0	0	164.18	164.18	0.000000	+0.000164	+0.000164
gov_staker_remaining_emission_accumulator_filetest.gno	Remaining gov emission accumulator repeat-1000 claim-986	execution-segment-repricing	2600588	2764768	164180	0	0	0	168694	0	0	0	0	0	164.18	164.18	0.000000	+0.000164	+0.000164
gov_staker_remaining_emission_accumulator_filetest.gno	Remaining gov emission accumulator repeat-1000 claim-987	execution-segment-repricing	2601075	2765255	164180	0	0	0	168694	0	0	0	0	0	164.18	164.18	0.000000	+0.000164	+0.000164
gov_staker_remaining_emission_accumulator_filetest.gno	Remaining gov emission accumulator repeat-1000 claim-988	execution-segment-repricing	2600588	2764768	164180	0	0	0	168694	0	0	0	0	0	164.18	164.18	0.000000	+0.000164	+0.000164
gov_staker_remaining_emission_accumulator_filetest.gno	Remaining gov emission accumulator repeat-1000 claim-989	execution-segment-repricing	2601562	2765742	164180	0	0	0	168694	0	0	0	0	0	164.18	164.18	0.000000	+0.000164	+0.000164
gov_staker_remaining_emission_accumulator_filetest.gno	Remaining gov emission accumulator repeat-1000 claim-990	execution-segment-repricing	2597293	2761473	164180	0	0	0	168694	0	0	0	0	0	164.18	164.18	0.000000	+0.000164	+0.000164
gov_staker_remaining_emission_accumulator_filetest.gno	Remaining gov emission accumulator repeat-1000 claim-991	execution-segment-repricing	2600588	2764768	164180	0	0	0	168694	0	0	0	0	0	164.18	164.18	0.000000	+0.000164	+0.000164
gov_staker_remaining_emission_accumulator_filetest.gno	Remaining gov emission accumulator repeat-1000 claim-992	execution-segment-repricing	2601075	2765255	164180	0	0	0	168694	0	0	0	0	0	164.18	164.18	0.000000	+0.000164	+0.000164
gov_staker_remaining_emission_accumulator_filetest.gno	Remaining gov emission accumulator repeat-1000 claim-993	execution-segment-repricing	2600588	2764768	164180	0	0	0	168694	0	0	0	0	0	164.18	164.18	0.000000	+0.000164	+0.000164
gov_staker_remaining_emission_accumulator_filetest.gno	Remaining gov emission accumulator repeat-1000 claim-994	execution-segment-repricing	2601075	2765255	164180	0	0	0	168694	0	0	0	0	0	164.18	164.18	0.000000	+0.000164	+0.000164
gov_staker_remaining_emission_accumulator_filetest.gno	Remaining gov emission accumulator repeat-1000 claim-995	execution-segment-repricing	2600588	2764768	164180	0	0	0	168694	0	0	0	0	0	164.18	164.18	0.000000	+0.000164	+0.000164
gov_staker_remaining_emission_accumulator_filetest.gno	Remaining gov emission accumulator repeat-1000 claim-996	execution-segment-repricing	2601562	2765742	164180	0	0	0	168694	0	0	0	0	0	164.18	164.18	0.000000	+0.000164	+0.000164
gov_staker_remaining_emission_accumulator_filetest.gno	Remaining gov emission accumulator repeat-1000 claim-997	execution-segment-repricing	2596806	2760986	164180	0	0	0	168694	0	0	0	0	0	164.18	164.18	0.000000	+0.000164	+0.000164
gov_staker_remaining_emission_accumulator_filetest.gno	Remaining gov emission accumulator repeat-1000 claim-998	execution-segment-repricing	2601075	2765255	164180	0	0	0	168694	0	0	0	0	0	164.18	164.18	0.000000	+0.000164	+0.000164
gov_staker_remaining_emission_accumulator_filetest.gno	Remaining gov emission accumulator repeat-1000 claim-999	execution-segment-repricing	2600588	2764768	164180	0	0	0	168694	0	0	0	0	0	164.18	164.18	0.000000	+0.000164	+0.000164
gov_staker_remaining_emission_accumulator_filetest.gno	Remaining gov emission accumulator repeat-1000 claim-1000	execution-segment-repricing	2600588	2764768	164180	0	0	0	168694	0	0	0	0	0	164.18	164.18	0.000000	+0.000164	+0.000164
gov_staker_remaining_emission_accumulator_filetest.gno	Remaining gov emission accumulator no-new-reward claim	execution-segment-repricing	1456866	1622162	165296	0	0	0	168694	0	0	0	0	0	165.296	165.296	0.000000	+0.000165	+0.000165
gov_staker_remaining_emission_accumulator_filetest.gno	Remaining gov emission accumulator lifecycle undelegate	execution-segment-repricing	3053387	3223270	169883	1636	1636	0	175952	163600	163600	0	0	0	169.883	169.883	0.000000	+0.000170	+0.000170
gov_staker_remaining_emission_accumulator_filetest.gno	Remaining gov emission accumulator lifecycle withdraw	execution-segment-repricing	4769237	4769237	0	-6664	-6664	0	0	0	0	666400	666400	0	0	0	0.000000	0.000000	0.000000
gov_staker_remaining_emission_accumulator_filetest.gno	Remaining gov emission accumulator lifecycle restake	execution-segment-repricing	3753627	3924923	171296	6866	6866	0	175952	686600	686600	0	0	0	171.296	171.296	0.000000	+0.000171	+0.000171
gov_staker_remaining_fee_accumulator_filetest.gno	Remaining gov fee accumulator delegate allocation	execution-segment-repricing	3102619	3282390	179771	38282	38283	1	175952	3828200	3828300	0	0	100	179.771	279.771	+0.000100	+0.000180	+0.000280
gov_staker_remaining_fee_accumulator_filetest.gno	Remaining gov fee accumulator tokens-1	execution-segment-repricing	3674937	3954586	279649	378	-437	-815	286789	249900	168400	212100	212100	-81500	279.649	-81220.351	-0.081500	+0.000280	-0.081220
gov_staker_remaining_fee_accumulator_filetest.gno	Remaining gov fee accumulator tokens-2	execution-segment-repricing	5893580	6341825	448245	-1860	-2675	-815	457850	238200	156700	424200	424200	-81500	448.245	-81051.755	-0.081500	+0.000448	-0.081052
gov_staker_remaining_fee_accumulator_filetest.gno	Remaining gov fee accumulator tokens-3	execution-segment-repricing	8160159	8776335	616176	-3992	-4807	-815	628984	238200	156700	637400	637400	-81500	616.176	-80883.824	-0.081500	+0.000616	-0.080884
gov_staker_remaining_fee_accumulator_filetest.gno	Remaining gov fee accumulator tokens-4	execution-segment-repricing	10437152	11220521	783369	-6122	-6937	-815	800118	238200	156700	850400	850400	-81500	783.369	-80716.631	-0.081500	+0.000783	-0.080717
gov_staker_remaining_fee_accumulator_filetest.gno	Remaining gov fee accumulator repeat-1 claim-1	execution-segment-repricing	10442467	11285591	843124	-8518	-8518	0	860415	0	0	851800	851800	0	843.124	843.124	0.000000	+0.000843	+0.000843
gov_staker_remaining_fee_accumulator_filetest.gno	Remaining gov fee accumulator repeat-10 claim-1	execution-segment-repricing	10439448	11282572	843124	-8525	-8525	0	860415	0	0	852500	852500	0	843.124	843.124	0.000000	+0.000843	+0.000843
gov_staker_remaining_fee_accumulator_filetest.gno	Remaining gov fee accumulator repeat-10 claim-2	execution-segment-repricing	10443454	11286578	843124	-8525	-8525	0	860415	0	0	852500	852500	0	843.124	843.124	0.000000	+0.000843	+0.000843
gov_staker_remaining_fee_accumulator_filetest.gno	Remaining gov fee accumulator repeat-10 claim-3	execution-segment-repricing	10442967	11286091	843124	-8525	-8525	0	860415	0	0	852500	852500	0	843.124	843.124	0.000000	+0.000843	+0.000843
gov_staker_remaining_fee_accumulator_filetest.gno	Remaining gov fee accumulator repeat-10 claim-4	execution-segment-repricing	10442967	11286091	843124	-8525	-8525	0	860415	0	0	852500	852500	0	843.124	843.124	0.000000	+0.000843	+0.000843
gov_staker_remaining_fee_accumulator_filetest.gno	Remaining gov fee accumulator repeat-10 claim-5	execution-segment-repricing	10443503	11286627	843124	-8525	-8525	0	860415	0	0	852500	852500	0	843.124	843.124	0.000000	+0.000843	+0.000843
gov_staker_remaining_fee_accumulator_filetest.gno	Remaining gov fee accumulator repeat-10 claim-6	execution-segment-repricing	10444526	11287650	843124	-8525	-8525	0	860415	0	0	852500	852500	0	843.124	843.124	0.000000	+0.000843	+0.000843
gov_staker_remaining_fee_accumulator_filetest.gno	Remaining gov fee accumulator repeat-10 claim-7	execution-segment-repricing	10442741	11285865	843124	-8525	-8525	0	860415	0	0	852500	852500	0	843.124	843.124	0.000000	+0.000843	+0.000843
gov_staker_remaining_fee_accumulator_filetest.gno	Remaining gov fee accumulator repeat-10 claim-8	execution-segment-repricing	10447059	11290183	843124	-8525	-8525	0	860415	0	0	852500	852500	0	843.124	843.124	0.000000	+0.000843	+0.000843
gov_staker_remaining_fee_accumulator_filetest.gno	Remaining gov fee accumulator repeat-10 claim-9	execution-segment-repricing	10450354	11293478	843124	-8525	-8525	0	860415	0	0	852500	852500	0	843.124	843.124	0.000000	+0.000843	+0.000843
gov_staker_remaining_fee_accumulator_filetest.gno	Remaining gov fee accumulator repeat-10 claim-10	execution-segment-repricing	10442790	11285914	843124	-8525	-8525	0	860415	0	0	852500	852500	0	843.124	843.124	0.000000	+0.000843	+0.000843
gov_staker_remaining_fee_accumulator_filetest.gno	Remaining gov fee accumulator repeat-100 claim-1	execution-segment-repricing	10446348	11289472	843124	-8525	-8525	0	860415	0	0	852500	852500	0	843.124	843.124	0.000000	+0.000843	+0.000843
gov_staker_remaining_fee_accumulator_filetest.gno	Remaining gov fee accumulator repeat-100 claim-2	execution-segment-repricing	10446572	11289696	843124	-8525	-8525	0	860415	0	0	852500	852500	0	843.124	843.124	0.000000	+0.000843	+0.000843
gov_staker_remaining_fee_accumulator_filetest.gno	Remaining gov fee accumulator repeat-100 claim-3	execution-segment-repricing	10443764	11286888	843124	-8525	-8525	0	860415	0	0	852500	852500	0	843.124	843.124	0.000000	+0.000843	+0.000843
gov_staker_remaining_fee_accumulator_filetest.gno	Remaining gov fee accumulator repeat-100 claim-4	execution-segment-repricing	10451328	11294452	843124	-8525	-8525	0	860415	0	0	852500	852500	0	843.124	843.124	0.000000	+0.000843	+0.000843
gov_staker_remaining_fee_accumulator_filetest.gno	Remaining gov fee accumulator repeat-100 claim-5	execution-segment-repricing	10447546	11290670	843124	-8525	-8525	0	860415	0	0	852500	852500	0	843.124	843.124	0.000000	+0.000843	+0.000843
gov_staker_remaining_fee_accumulator_filetest.gno	Remaining gov fee accumulator repeat-100 claim-6	execution-segment-repricing	10443277	11286401	843124	-8525	-8525	0	860415	0	0	852500	852500	0	843.124	843.124	0.000000	+0.000843	+0.000843
gov_staker_remaining_fee_accumulator_filetest.gno	Remaining gov fee accumulator repeat-100 claim-7	execution-segment-repricing	10446572	11289696	843124	-8525	-8525	0	860415	0	0	852500	852500	0	843.124	843.124	0.000000	+0.000843	+0.000843
gov_staker_remaining_fee_accumulator_filetest.gno	Remaining gov fee accumulator repeat-100 claim-8	execution-segment-repricing	10446085	11289209	843124	-8525	-8525	0	860415	0	0	852500	852500	0	843.124	843.124	0.000000	+0.000843	+0.000843
gov_staker_remaining_fee_accumulator_filetest.gno	Remaining gov fee accumulator repeat-100 claim-9	execution-segment-repricing	10446572	11289696	843124	-8525	-8525	0	860415	0	0	852500	852500	0	843.124	843.124	0.000000	+0.000843	+0.000843
gov_staker_remaining_fee_accumulator_filetest.gno	Remaining gov fee accumulator repeat-100 claim-10	execution-segment-repricing	10447059	11290183	843124	-8525	-8525	0	860415	0	0	852500	852500	0	843.124	843.124	0.000000	+0.000843	+0.000843
gov_staker_remaining_fee_accumulator_filetest.gno	Remaining gov fee accumulator repeat-100 claim-11	execution-segment-repricing	10446572	11289696	843124	-8525	-8525	0	860415	0	0	852500	852500	0	843.124	843.124	0.000000	+0.000843	+0.000843
gov_staker_remaining_fee_accumulator_filetest.gno	Remaining gov fee accumulator repeat-100 claim-12	execution-segment-repricing	10446617	11289741	843124	-8531	-8531	0	860415	0	0	853100	853100	0	843.124	843.124	0.000000	+0.000843	+0.000843
gov_staker_remaining_fee_accumulator_filetest.gno	Remaining gov fee accumulator repeat-100 claim-13	execution-segment-repricing	10449470	11292594	843124	-8543	-8543	0	860415	0	0	854300	854300	0	843.124	843.124	0.000000	+0.000843	+0.000843
gov_staker_remaining_fee_accumulator_filetest.gno	Remaining gov fee accumulator repeat-100 claim-14	execution-segment-repricing	10453297	11296421	843124	-8555	-8555	0	860415	0	0	855500	855500	0	843.124	843.124	0.000000	+0.000843	+0.000843
gov_staker_remaining_fee_accumulator_filetest.gno	Remaining gov fee accumulator repeat-100 claim-15	execution-segment-repricing	10467388	11310512	843124	-8567	-8567	0	860415	0	0	856700	856700	0	843.124	843.124	0.000000	+0.000843	+0.000843
gov_staker_remaining_fee_accumulator_filetest.gno	Remaining gov fee accumulator repeat-100 claim-16	execution-segment-repricing	10485216	11328340	843124	-8573	-8573	0	860415	0	0	857300	857300	0	843.124	843.124	0.000000	+0.000843	+0.000843
gov_staker_remaining_fee_accumulator_filetest.gno	Remaining gov fee accumulator repeat-100 claim-17	execution-segment-repricing	10503044	11346168	843124	-8573	-8573	0	860415	0	0	857300	857300	0	843.124	843.124	0.000000	+0.000843	+0.000843
gov_staker_remaining_fee_accumulator_filetest.gno	Remaining gov fee accumulator repeat-100 claim-18	execution-segment-repricing	10519411	11362535	843124	-8573	-8573	0	860415	0	0	857300	857300	0	843.124	843.124	0.000000	+0.000843	+0.000843
gov_staker_remaining_fee_accumulator_filetest.gno	Remaining gov fee accumulator repeat-100 claim-19	execution-segment-repricing	10523193	11366317	843124	-8573	-8573	0	860415	0	0	857300	857300	0	843.124	843.124	0.000000	+0.000843	+0.000843
gov_staker_remaining_fee_accumulator_filetest.gno	Remaining gov fee accumulator repeat-100 claim-20	execution-segment-repricing	10519411	11362535	843124	-8573	-8573	0	860415	0	0	857300	857300	0	843.124	843.124	0.000000	+0.000843	+0.000843
gov_staker_remaining_fee_accumulator_filetest.gno	Remaining gov fee accumulator repeat-100 claim-21	execution-segment-repricing	10519411	11362535	843124	-8573	-8573	0	860415	0	0	857300	857300	0	843.124	843.124	0.000000	+0.000843	+0.000843
gov_staker_remaining_fee_accumulator_filetest.gno	Remaining gov fee accumulator repeat-100 claim-22	execution-segment-repricing	10520385	11363509	843124	-8573	-8573	0	860415	0	0	857300	857300	0	843.124	843.124	0.000000	+0.000843	+0.000843
gov_staker_remaining_fee_accumulator_filetest.gno	Remaining gov fee accumulator repeat-100 claim-23	execution-segment-repricing	10520385	11363509	843124	-8573	-8573	0	860415	0	0	857300	857300	0	843.124	843.124	0.000000	+0.000843	+0.000843
gov_staker_remaining_fee_accumulator_filetest.gno	Remaining gov fee accumulator repeat-100 claim-24	execution-segment-repricing	10523193	11366317	843124	-8573	-8573	0	860415	0	0	857300	857300	0	843.124	843.124	0.000000	+0.000843	+0.000843
gov_staker_remaining_fee_accumulator_filetest.gno	Remaining gov fee accumulator repeat-100 claim-25	execution-segment-repricing	10522706	11365830	843124	-8573	-8573	0	860415	0	0	857300	857300	0	843.124	843.124	0.000000	+0.000843	+0.000843
gov_staker_remaining_fee_accumulator_filetest.gno	Remaining gov fee accumulator repeat-100 claim-26	execution-segment-repricing	10522219	11365343	843124	-8573	-8573	0	860415	0	0	857300	857300	0	843.124	843.124	0.000000	+0.000843	+0.000843
gov_staker_remaining_fee_accumulator_filetest.gno	Remaining gov fee accumulator repeat-100 claim-27	execution-segment-repricing	10522219	11365343	843124	-8573	-8573	0	860415	0	0	857300	857300	0	843.124	843.124	0.000000	+0.000843	+0.000843
gov_staker_remaining_fee_accumulator_filetest.gno	Remaining gov fee accumulator repeat-100 claim-28	execution-segment-repricing	10523409	11366317	842908	-8523	-8573	-50	860415	5000	0	857300	857300	-5000	842.908	-4157.092	-0.005000	+0.000843	-0.004157
gov_staker_remaining_fee_accumulator_filetest.gno	Remaining gov fee accumulator repeat-100 claim-29	execution-segment-repricing	10523932	11366804	842872	-8573	-8573	0	860415	0	0	857300	857300	0	842.872	842.872	0.000000	+0.000843	+0.000843
gov_staker_remaining_fee_accumulator_filetest.gno	Remaining gov fee accumulator repeat-100 claim-30	execution-segment-repricing	10524419	11367291	842872	-8573	-8573	0	860415	0	0	857300	857300	0	842.872	842.872	0.000000	+0.000843	+0.000843
gov_staker_remaining_fee_accumulator_filetest.gno	Remaining gov fee accumulator repeat-100 claim-31	execution-segment-repricing	10523932	11366804	842872	-8573	-8573	0	860415	0	0	857300	857300	0	842.872	842.872	0.000000	+0.000843	+0.000843
gov_staker_remaining_fee_accumulator_filetest.gno	Remaining gov fee accumulator repeat-100 claim-32	execution-segment-repricing	10523932	11366804	842872	-8573	-8573	0	860415	0	0	857300	857300	0	842.872	842.872	0.000000	+0.000843	+0.000843
gov_staker_remaining_fee_accumulator_filetest.gno	Remaining gov fee accumulator repeat-100 claim-33	execution-segment-repricing	10523445	11366317	842872	-8573	-8573	0	860415	0	0	857300	857300	0	842.872	842.872	0.000000	+0.000843	+0.000843
gov_staker_remaining_fee_accumulator_filetest.gno	Remaining gov fee accumulator repeat-100 claim-34	execution-segment-repricing	10523445	11366317	842872	-8573	-8573	0	860415	0	0	857300	857300	0	842.872	842.872	0.000000	+0.000843	+0.000843
gov_staker_remaining_fee_accumulator_filetest.gno	Remaining gov fee accumulator repeat-100 claim-35	execution-segment-repricing	10523445	11366317	842872	-8573	-8573	0	860415	0	0	857300	857300	0	842.872	842.872	0.000000	+0.000843	+0.000843
gov_staker_remaining_fee_accumulator_filetest.gno	Remaining gov fee accumulator repeat-100 claim-36	execution-segment-repricing	10523445	11366317	842872	-8573	-8573	0	860415	0	0	857300	857300	0	842.872	842.872	0.000000	+0.000843	+0.000843
gov_staker_remaining_fee_accumulator_filetest.gno	Remaining gov fee accumulator repeat-100 claim-37	execution-segment-repricing	10523932	11366804	842872	-8573	-8573	0	860415	0	0	857300	857300	0	842.872	842.872	0.000000	+0.000843	+0.000843
gov_staker_remaining_fee_accumulator_filetest.gno	Remaining gov fee accumulator repeat-100 claim-38	execution-segment-repricing	10523445	11366317	842872	-8573	-8573	0	860415	0	0	857300	857300	0	842.872	842.872	0.000000	+0.000843	+0.000843
gov_staker_remaining_fee_accumulator_filetest.gno	Remaining gov fee accumulator repeat-100 claim-39	execution-segment-repricing	10523932	11366804	842872	-8573	-8573	0	860415	0	0	857300	857300	0	842.872	842.872	0.000000	+0.000843	+0.000843
gov_staker_remaining_fee_accumulator_filetest.gno	Remaining gov fee accumulator repeat-100 claim-40	execution-segment-repricing	10523445	11366317	842872	-8573	-8573	0	860415	0	0	857300	857300	0	842.872	842.872	0.000000	+0.000843	+0.000843
gov_staker_remaining_fee_accumulator_filetest.gno	Remaining gov fee accumulator repeat-100 claim-41	execution-segment-repricing	10523445	11366317	842872	-8573	-8573	0	860415	0	0	857300	857300	0	842.872	842.872	0.000000	+0.000843	+0.000843
gov_staker_remaining_fee_accumulator_filetest.gno	Remaining gov fee accumulator repeat-100 claim-42	execution-segment-repricing	10523932	11366804	842872	-8573	-8573	0	860415	0	0	857300	857300	0	842.872	842.872	0.000000	+0.000843	+0.000843
gov_staker_remaining_fee_accumulator_filetest.gno	Remaining gov fee accumulator repeat-100 claim-43	execution-segment-repricing	10523445	11366317	842872	-8573	-8573	0	860415	0	0	857300	857300	0	842.872	842.872	0.000000	+0.000843	+0.000843
gov_staker_remaining_fee_accumulator_filetest.gno	Remaining gov fee accumulator repeat-100 claim-44	execution-segment-repricing	10523932	11366804	842872	-8573	-8573	0	860415	0	0	857300	857300	0	842.872	842.872	0.000000	+0.000843	+0.000843
gov_staker_remaining_fee_accumulator_filetest.gno	Remaining gov fee accumulator repeat-100 claim-45	execution-segment-repricing	10523445	11366317	842872	-8573	-8573	0	860415	0	0	857300	857300	0	842.872	842.872	0.000000	+0.000843	+0.000843
gov_staker_remaining_fee_accumulator_filetest.gno	Remaining gov fee accumulator repeat-100 claim-46	execution-segment-repricing	10523445	11366317	842872	-8573	-8573	0	860415	0	0	857300	857300	0	842.872	842.872	0.000000	+0.000843	+0.000843
gov_staker_remaining_fee_accumulator_filetest.gno	Remaining gov fee accumulator repeat-100 claim-47	execution-segment-repricing	10523932	11366804	842872	-8573	-8573	0	860415	0	0	857300	857300	0	842.872	842.872	0.000000	+0.000843	+0.000843
gov_staker_remaining_fee_accumulator_filetest.gno	Remaining gov fee accumulator repeat-100 claim-48	execution-segment-repricing	10523932	11366804	842872	-8573	-8573	0	860415	0	0	857300	857300	0	842.872	842.872	0.000000	+0.000843	+0.000843
gov_staker_remaining_fee_accumulator_filetest.gno	Remaining gov fee accumulator repeat-100 claim-49	execution-segment-repricing	10524419	11367291	842872	-8573	-8573	0	860415	0	0	857300	857300	0	842.872	842.872	0.000000	+0.000843	+0.000843
gov_staker_remaining_fee_accumulator_filetest.gno	Remaining gov fee accumulator repeat-100 claim-50	execution-segment-repricing	10523932	11366804	842872	-8573	-8573	0	860415	0	0	857300	857300	0	842.872	842.872	0.000000	+0.000843	+0.000843
gov_staker_remaining_fee_accumulator_filetest.gno	Remaining gov fee accumulator repeat-100 claim-51	execution-segment-repricing	10523445	11366317	842872	-8573	-8573	0	860415	0	0	857300	857300	0	842.872	842.872	0.000000	+0.000843	+0.000843
gov_staker_remaining_fee_accumulator_filetest.gno	Remaining gov fee accumulator repeat-100 claim-52	execution-segment-repricing	10523445	11366317	842872	-8573	-8573	0	860415	0	0	857300	857300	0	842.872	842.872	0.000000	+0.000843	+0.000843
gov_staker_remaining_fee_accumulator_filetest.gno	Remaining gov fee accumulator repeat-100 claim-53	execution-segment-repricing	10523445	11366317	842872	-8573	-8573	0	860415	0	0	857300	857300	0	842.872	842.872	0.000000	+0.000843	+0.000843
gov_staker_remaining_fee_accumulator_filetest.gno	Remaining gov fee accumulator repeat-100 claim-54	execution-segment-repricing	10523932	11366804	842872	-8573	-8573	0	860415	0	0	857300	857300	0	842.872	842.872	0.000000	+0.000843	+0.000843
gov_staker_remaining_fee_accumulator_filetest.gno	Remaining gov fee accumulator repeat-100 claim-55	execution-segment-repricing	10524419	11367291	842872	-8573	-8573	0	860415	0	0	857300	857300	0	842.872	842.872	0.000000	+0.000843	+0.000843
gov_staker_remaining_fee_accumulator_filetest.gno	Remaining gov fee accumulator repeat-100 claim-56	execution-segment-repricing	10523932	11366804	842872	-8573	-8573	0	860415	0	0	857300	857300	0	842.872	842.872	0.000000	+0.000843	+0.000843
gov_staker_remaining_fee_accumulator_filetest.gno	Remaining gov fee accumulator repeat-100 claim-57	execution-segment-repricing	10519083	11361955	842872	-8573	-8573	0	860415	0	0	857300	857300	0	842.872	842.872	0.000000	+0.000843	+0.000843
gov_staker_remaining_fee_accumulator_filetest.gno	Remaining gov fee accumulator repeat-100 claim-58	execution-segment-repricing	10518596	11361468	842872	-8573	-8573	0	860415	0	0	857300	857300	0	842.872	842.872	0.000000	+0.000843	+0.000843
gov_staker_remaining_fee_accumulator_filetest.gno	Remaining gov fee accumulator repeat-100 claim-59	execution-segment-repricing	10518596	11361468	842872	-8573	-8573	0	860415	0	0	857300	857300	0	842.872	842.872	0.000000	+0.000843	+0.000843
gov_staker_remaining_fee_accumulator_filetest.gno	Remaining gov fee accumulator repeat-100 claim-60	execution-segment-repricing	10518596	11361468	842872	-8573	-8573	0	860415	0	0	857300	857300	0	842.872	842.872	0.000000	+0.000843	+0.000843
gov_staker_remaining_fee_accumulator_filetest.gno	Remaining gov fee accumulator repeat-100 claim-61	execution-segment-repricing	10523445	11366317	842872	-8573	-8573	0	860415	0	0	857300	857300	0	842.872	842.872	0.000000	+0.000843	+0.000843
gov_staker_remaining_fee_accumulator_filetest.gno	Remaining gov fee accumulator repeat-100 claim-62	execution-segment-repricing	10520159	11363031	842872	-8573	-8573	0	860415	0	0	857300	857300	0	842.872	842.872	0.000000	+0.000843	+0.000843
gov_staker_remaining_fee_accumulator_filetest.gno	Remaining gov fee accumulator repeat-100 claim-63	execution-segment-repricing	10519672	11362544	842872	-8573	-8573	0	860415	0	0	857300	857300	0	842.872	842.872	0.000000	+0.000843	+0.000843
gov_staker_remaining_fee_accumulator_filetest.gno	Remaining gov fee accumulator repeat-100 claim-64	execution-segment-repricing	10520159	11363031	842872	-8573	-8573	0	860415	0	0	857300	857300	0	842.872	842.872	0.000000	+0.000843	+0.000843
gov_staker_remaining_fee_accumulator_filetest.gno	Remaining gov fee accumulator repeat-100 claim-65	execution-segment-repricing	10519672	11362544	842872	-8573	-8573	0	860415	0	0	857300	857300	0	842.872	842.872	0.000000	+0.000843	+0.000843
gov_staker_remaining_fee_accumulator_filetest.gno	Remaining gov fee accumulator repeat-100 claim-66	execution-segment-repricing	10523454	11366326	842872	-8573	-8573	0	860415	0	0	857300	857300	0	842.872	842.872	0.000000	+0.000843	+0.000843
gov_staker_remaining_fee_accumulator_filetest.gno	Remaining gov fee accumulator repeat-100 claim-67	execution-segment-repricing	10520159	11363031	842872	-8573	-8573	0	860415	0	0	857300	857300	0	842.872	842.872	0.000000	+0.000843	+0.000843
gov_staker_remaining_fee_accumulator_filetest.gno	Remaining gov fee accumulator repeat-100 claim-68	execution-segment-repricing	10515310	11358182	842872	-8573	-8573	0	860415	0	0	857300	857300	0	842.872	842.872	0.000000	+0.000843	+0.000843
gov_staker_remaining_fee_accumulator_filetest.gno	Remaining gov fee accumulator repeat-100 claim-69	execution-segment-repricing	10515797	11358747	842950	-8573	-8553	20	860415	0	2000	857300	857300	2000	842.95	2842.95	+0.002000	+0.000843	+0.002843
gov_staker_remaining_fee_accumulator_filetest.gno	Remaining gov fee accumulator repeat-100 claim-70	execution-segment-repricing	10515310	11358302	842992	-8573	-8568	5	860415	0	500	857300	857300	500	842.992	1342.992	+0.000500	+0.000843	+0.001343
gov_staker_remaining_fee_accumulator_filetest.gno	Remaining gov fee accumulator repeat-100 claim-71	execution-segment-repricing	10515310	11358302	842992	-8573	-8573	0	860415	0	0	857300	857300	0	842.992	842.992	0.000000	+0.000843	+0.000843
gov_staker_remaining_fee_accumulator_filetest.gno	Remaining gov fee accumulator repeat-100 claim-72	execution-segment-repricing	10516377	11359369	842992	-8573	-8573	0	860415	0	0	857300	857300	0	842.992	842.992	0.000000	+0.000843	+0.000843
gov_staker_remaining_fee_accumulator_filetest.gno	Remaining gov fee accumulator repeat-100 claim-73	execution-segment-repricing	10516377	11359369	842992	-8573	-8573	0	860415	0	0	857300	857300	0	842.992	842.992	0.000000	+0.000843	+0.000843
gov_staker_remaining_fee_accumulator_filetest.gno	Remaining gov fee accumulator repeat-100 claim-74	execution-segment-repricing	10513569	11356561	842992	-8573	-8573	0	860415	0	0	857300	857300	0	842.992	842.992	0.000000	+0.000843	+0.000843
gov_staker_remaining_fee_accumulator_filetest.gno	Remaining gov fee accumulator repeat-100 claim-75	execution-segment-repricing	10517351	11360343	842992	-8573	-8573	0	860415	0	0	857300	857300	0	842.992	842.992	0.000000	+0.000843	+0.000843
gov_staker_remaining_fee_accumulator_filetest.gno	Remaining gov fee accumulator repeat-100 claim-76	execution-segment-repricing	10520646	11363638	842992	-8573	-8573	0	860415	0	0	857300	857300	0	842.992	842.992	0.000000	+0.000843	+0.000843
gov_staker_remaining_fee_accumulator_filetest.gno	Remaining gov fee accumulator repeat-100 claim-77	execution-segment-repricing	10513082	11356074	842992	-8573	-8573	0	860415	0	0	857300	857300	0	842.992	842.992	0.000000	+0.000843	+0.000843
gov_staker_remaining_fee_accumulator_filetest.gno	Remaining gov fee accumulator repeat-100 claim-78	execution-segment-repricing	10515890	11358882	842992	-8573	-8573	0	860415	0	0	857300	857300	0	842.992	842.992	0.000000	+0.000843	+0.000843
gov_staker_remaining_fee_accumulator_filetest.gno	Remaining gov fee accumulator repeat-100 claim-79	execution-segment-repricing	10515890	11358882	842992	-8573	-8573	0	860415	0	0	857300	857300	0	842.992	842.992	0.000000	+0.000843	+0.000843
gov_staker_remaining_fee_accumulator_filetest.gno	Remaining gov fee accumulator repeat-100 claim-80	execution-segment-repricing	10513082	11356074	842992	-8573	-8573	0	860415	0	0	857300	857300	0	842.992	842.992	0.000000	+0.000843	+0.000843
gov_staker_remaining_fee_accumulator_filetest.gno	Remaining gov fee accumulator repeat-100 claim-81	execution-segment-repricing	10520646	11363638	842992	-8573	-8573	0	860415	0	0	857300	857300	0	842.992	842.992	0.000000	+0.000843	+0.000843
gov_staker_remaining_fee_accumulator_filetest.gno	Remaining gov fee accumulator repeat-100 claim-82	execution-segment-repricing	10517351	11360343	842992	-8573	-8573	0	860415	0	0	857300	857300	0	842.992	842.992	0.000000	+0.000843	+0.000843
gov_staker_remaining_fee_accumulator_filetest.gno	Remaining gov fee accumulator repeat-100 claim-83	execution-segment-repricing	10513082	11356074	842992	-8573	-8573	0	860415	0	0	857300	857300	0	842.992	842.992	0.000000	+0.000843	+0.000843
gov_staker_remaining_fee_accumulator_filetest.gno	Remaining gov fee accumulator repeat-100 claim-84	execution-segment-repricing	10516377	11359369	842992	-8573	-8573	0	860415	0	0	857300	857300	0	842.992	842.992	0.000000	+0.000843	+0.000843
gov_staker_remaining_fee_accumulator_filetest.gno	Remaining gov fee accumulator repeat-100 claim-85	execution-segment-repricing	10519142	11362134	842992	-8573	-8573	0	860415	0	0	857300	857300	0	842.992	842.992	0.000000	+0.000843	+0.000843
gov_staker_remaining_fee_accumulator_filetest.gno	Remaining gov fee accumulator repeat-100 claim-86	execution-segment-repricing	10522881	11365873	842992	-8573	-8573	0	860415	0	0	857300	857300	0	842.992	842.992	0.000000	+0.000843	+0.000843
gov_staker_remaining_fee_accumulator_filetest.gno	Remaining gov fee accumulator repeat-100 claim-87	execution-segment-repricing	10526620	11369612	842992	-8573	-8573	0	860415	0	0	857300	857300	0	842.992	842.992	0.000000	+0.000843	+0.000843
gov_staker_remaining_fee_accumulator_filetest.gno	Remaining gov fee accumulator repeat-100 claim-88	execution-segment-repricing	10529872	11372864	842992	-8573	-8573	0	860415	0	0	857300	857300	0	842.992	842.992	0.000000	+0.000843	+0.000843
gov_staker_remaining_fee_accumulator_filetest.gno	Remaining gov fee accumulator repeat-100 claim-89	execution-segment-repricing	10526577	11369569	842992	-8573	-8573	0	860415	0	0	857300	857300	0	842.992	842.992	0.000000	+0.000843	+0.000843
gov_staker_remaining_fee_accumulator_filetest.gno	Remaining gov fee accumulator repeat-100 claim-90	execution-segment-repricing	10529385	11372377	842992	-8573	-8573	0	860415	0	0	857300	857300	0	842.992	842.992	0.000000	+0.000843	+0.000843
gov_staker_remaining_fee_accumulator_filetest.gno	Remaining gov fee accumulator repeat-100 claim-91	execution-segment-repricing	10533167	11376159	842992	-8573	-8573	0	860415	0	0	857300	857300	0	842.992	842.992	0.000000	+0.000843	+0.000843
gov_staker_remaining_fee_accumulator_filetest.gno	Remaining gov fee accumulator repeat-100 claim-92	execution-segment-repricing	10532680	11375672	842992	-8573	-8573	0	860415	0	0	857300	857300	0	842.992	842.992	0.000000	+0.000843	+0.000843
gov_staker_remaining_fee_accumulator_filetest.gno	Remaining gov fee accumulator repeat-100 claim-93	execution-segment-repricing	10536462	11379454	842992	-8573	-8573	0	860415	0	0	857300	857300	0	842.992	842.992	0.000000	+0.000843	+0.000843
gov_staker_remaining_fee_accumulator_filetest.gno	Remaining gov fee accumulator repeat-100 claim-94	execution-segment-repricing	10536949	11379941	842992	-8573	-8573	0	860415	0	0	857300	857300	0	842.992	842.992	0.000000	+0.000843	+0.000843
gov_staker_remaining_fee_accumulator_filetest.gno	Remaining gov fee accumulator repeat-100 claim-95	execution-segment-repricing	10535975	11378967	842992	-8573	-8573	0	860415	0	0	857300	857300	0	842.992	842.992	0.000000	+0.000843	+0.000843
gov_staker_remaining_fee_accumulator_filetest.gno	Remaining gov fee accumulator repeat-100 claim-96	execution-segment-repricing	10536462	11379454	842992	-8573	-8573	0	860415	0	0	857300	857300	0	842.992	842.992	0.000000	+0.000843	+0.000843
gov_staker_remaining_fee_accumulator_filetest.gno	Remaining gov fee accumulator repeat-100 claim-97	execution-segment-repricing	10535975	11378967	842992	-8573	-8573	0	860415	0	0	857300	857300	0	842.992	842.992	0.000000	+0.000843	+0.000843
gov_staker_remaining_fee_accumulator_filetest.gno	Remaining gov fee accumulator repeat-100 claim-98	execution-segment-repricing	10535975	11378967	842992	-8573	-8573	0	860415	0	0	857300	857300	0	842.992	842.992	0.000000	+0.000843	+0.000843
gov_staker_remaining_fee_accumulator_filetest.gno	Remaining gov fee accumulator repeat-100 claim-99	execution-segment-repricing	10536949	11379941	842992	-8573	-8573	0	860415	0	0	857300	857300	0	842.992	842.992	0.000000	+0.000843	+0.000843
gov_staker_remaining_fee_accumulator_filetest.gno	Remaining gov fee accumulator repeat-100 claim-100	execution-segment-repricing	10536949	11379941	842992	-8573	-8573	0	860415	0	0	857300	857300	0	842.992	842.992	0.000000	+0.000843	+0.000843
gov_staker_remaining_fee_accumulator_filetest.gno	Remaining gov fee accumulator repeat-1000 claim-1	execution-segment-repricing	10536725	11379717	842992	-8573	-8573	0	860415	0	0	857300	857300	0	842.992	842.992	0.000000	+0.000843	+0.000843
gov_staker_remaining_fee_accumulator_filetest.gno	Remaining gov fee accumulator repeat-1000 claim-2	execution-segment-repricing	10535975	11378967	842992	-8573	-8573	0	860415	0	0	857300	857300	0	842.992	842.992	0.000000	+0.000843	+0.000843
gov_staker_remaining_fee_accumulator_filetest.gno	Remaining gov fee accumulator repeat-1000 claim-3	execution-segment-repricing	10535488	11378480	842992	-8573	-8573	0	860415	0	0	857300	857300	0	842.992	842.992	0.000000	+0.000843	+0.000843
gov_staker_remaining_fee_accumulator_filetest.gno	Remaining gov fee accumulator repeat-1000 claim-4	execution-segment-repricing	10535488	11378480	842992	-8573	-8573	0	860415	0	0	857300	857300	0	842.992	842.992	0.000000	+0.000843	+0.000843
gov_staker_remaining_fee_accumulator_filetest.gno	Remaining gov fee accumulator repeat-1000 claim-5	execution-segment-repricing	10536462	11379454	842992	-8573	-8573	0	860415	0	0	857300	857300	0	842.992	842.992	0.000000	+0.000843	+0.000843
gov_staker_remaining_fee_accumulator_filetest.gno	Remaining gov fee accumulator repeat-1000 claim-6	execution-segment-repricing	10536949	11379941	842992	-8573	-8573	0	860415	0	0	857300	857300	0	842.992	842.992	0.000000	+0.000843	+0.000843
gov_staker_remaining_fee_accumulator_filetest.gno	Remaining gov fee accumulator repeat-1000 claim-7	execution-segment-repricing	10537436	11380428	842992	-8573	-8573	0	860415	0	0	857300	857300	0	842.992	842.992	0.000000	+0.000843	+0.000843
gov_staker_remaining_fee_accumulator_filetest.gno	Remaining gov fee accumulator repeat-1000 claim-8	execution-segment-repricing	10536949	11379941	842992	-8573	-8573	0	860415	0	0	857300	857300	0	842.992	842.992	0.000000	+0.000843	+0.000843
gov_staker_remaining_fee_accumulator_filetest.gno	Remaining gov fee accumulator repeat-1000 claim-9	execution-segment-repricing	10536949	11379941	842992	-8573	-8573	0	860415	0	0	857300	857300	0	842.992	842.992	0.000000	+0.000843	+0.000843
gov_staker_remaining_fee_accumulator_filetest.gno	Remaining gov fee accumulator repeat-1000 claim-10	execution-segment-repricing	10536462	11379454	842992	-8573	-8573	0	860415	0	0	857300	857300	0	842.992	842.992	0.000000	+0.000843	+0.000843
gov_staker_remaining_fee_accumulator_filetest.gno	Remaining gov fee accumulator repeat-1000 claim-11	execution-segment-repricing	10536462	11379454	842992	-8573	-8573	0	860415	0	0	857300	857300	0	842.992	842.992	0.000000	+0.000843	+0.000843
gov_staker_remaining_fee_accumulator_filetest.gno	Remaining gov fee accumulator repeat-1000 claim-12	execution-segment-repricing	10536462	11379454	842992	-8573	-8573	0	860415	0	0	857300	857300	0	842.992	842.992	0.000000	+0.000843	+0.000843
gov_staker_remaining_fee_accumulator_filetest.gno	Remaining gov fee accumulator repeat-1000 claim-13	execution-segment-repricing	10536462	11379454	842992	-8573	-8573	0	860415	0	0	857300	857300	0	842.992	842.992	0.000000	+0.000843	+0.000843
gov_staker_remaining_fee_accumulator_filetest.gno	Remaining gov fee accumulator repeat-1000 claim-14	execution-segment-repricing	10536949	11379941	842992	-8573	-8573	0	860415	0	0	857300	857300	0	842.992	842.992	0.000000	+0.000843	+0.000843
gov_staker_remaining_fee_accumulator_filetest.gno	Remaining gov fee accumulator repeat-1000 claim-15	execution-segment-repricing	10536462	11379454	842992	-8573	-8573	0	860415	0	0	857300	857300	0	842.992	842.992	0.000000	+0.000843	+0.000843
gov_staker_remaining_fee_accumulator_filetest.gno	Remaining gov fee accumulator repeat-1000 claim-16	execution-segment-repricing	10536949	11379941	842992	-8573	-8573	0	860415	0	0	857300	857300	0	842.992	842.992	0.000000	+0.000843	+0.000843
gov_staker_remaining_fee_accumulator_filetest.gno	Remaining gov fee accumulator repeat-1000 claim-17	execution-segment-repricing	10536462	11379454	842992	-8573	-8573	0	860415	0	0	857300	857300	0	842.992	842.992	0.000000	+0.000843	+0.000843
gov_staker_remaining_fee_accumulator_filetest.gno	Remaining gov fee accumulator repeat-1000 claim-18	execution-segment-repricing	10536462	11379454	842992	-8573	-8573	0	860415	0	0	857300	857300	0	842.992	842.992	0.000000	+0.000843	+0.000843
gov_staker_remaining_fee_accumulator_filetest.gno	Remaining gov fee accumulator repeat-1000 claim-19	execution-segment-repricing	10536949	11379941	842992	-8573	-8573	0	860415	0	0	857300	857300	0	842.992	842.992	0.000000	+0.000843	+0.000843
gov_staker_remaining_fee_accumulator_filetest.gno	Remaining gov fee accumulator repeat-1000 claim-20	execution-segment-repricing	10536949	11379941	842992	-8573	-8573	0	860415	0	0	857300	857300	0	842.992	842.992	0.000000	+0.000843	+0.000843
gov_staker_remaining_fee_accumulator_filetest.gno	Remaining gov fee accumulator repeat-1000 claim-21	execution-segment-repricing	10537436	11380428	842992	-8573	-8573	0	860415	0	0	857300	857300	0	842.992	842.992	0.000000	+0.000843	+0.000843
gov_staker_remaining_fee_accumulator_filetest.gno	Remaining gov fee accumulator repeat-1000 claim-22	execution-segment-repricing	10536949	11379941	842992	-8573	-8573	0	860415	0	0	857300	857300	0	842.992	842.992	0.000000	+0.000843	+0.000843
gov_staker_remaining_fee_accumulator_filetest.gno	Remaining gov fee accumulator repeat-1000 claim-23	execution-segment-repricing	10536949	11379941	842992	-8573	-8573	0	860415	0	0	857300	857300	0	842.992	842.992	0.000000	+0.000843	+0.000843
gov_staker_remaining_fee_accumulator_filetest.gno	Remaining gov fee accumulator repeat-1000 claim-24	execution-segment-repricing	10536949	11379941	842992	-8573	-8573	0	860415	0	0	857300	857300	0	842.992	842.992	0.000000	+0.000843	+0.000843
gov_staker_remaining_fee_accumulator_filetest.gno	Remaining gov fee accumulator repeat-1000 claim-25	execution-segment-repricing	10536949	11379941	842992	-8573	-8573	0	860415	0	0	857300	857300	0	842.992	842.992	0.000000	+0.000843	+0.000843
gov_staker_remaining_fee_accumulator_filetest.gno	Remaining gov fee accumulator repeat-1000 claim-26	execution-segment-repricing	10537436	11380428	842992	-8573	-8573	0	860415	0	0	857300	857300	0	842.992	842.992	0.000000	+0.000843	+0.000843
gov_staker_remaining_fee_accumulator_filetest.gno	Remaining gov fee accumulator repeat-1000 claim-27	execution-segment-repricing	10536949	11379941	842992	-8573	-8573	0	860415	0	0	857300	857300	0	842.992	842.992	0.000000	+0.000843	+0.000843
gov_staker_remaining_fee_accumulator_filetest.gno	Remaining gov fee accumulator repeat-1000 claim-28	execution-segment-repricing	10536462	11379454	842992	-8573	-8573	0	860415	0	0	857300	857300	0	842.992	842.992	0.000000	+0.000843	+0.000843
gov_staker_remaining_fee_accumulator_filetest.gno	Remaining gov fee accumulator repeat-1000 claim-29	execution-segment-repricing	10531613	11374605	842992	-8573	-8573	0	860415	0	0	857300	857300	0	842.992	842.992	0.000000	+0.000843	+0.000843
gov_staker_remaining_fee_accumulator_filetest.gno	Remaining gov fee accumulator repeat-1000 claim-30	execution-segment-repricing	10531613	11374605	842992	-8573	-8573	0	860415	0	0	857300	857300	0	842.992	842.992	0.000000	+0.000843	+0.000843
gov_staker_remaining_fee_accumulator_filetest.gno	Remaining gov fee accumulator repeat-1000 claim-31	execution-segment-repricing	10532100	11375092	842992	-8573	-8573	0	860415	0	0	857300	857300	0	842.992	842.992	0.000000	+0.000843	+0.000843
gov_staker_remaining_fee_accumulator_filetest.gno	Remaining gov fee accumulator repeat-1000 claim-32	execution-segment-repricing	10532587	11375579	842992	-8573	-8573	0	860415	0	0	857300	857300	0	842.992	842.992	0.000000	+0.000843	+0.000843
gov_staker_remaining_fee_accumulator_filetest.gno	Remaining gov fee accumulator repeat-1000 claim-33	execution-segment-repricing	10537436	11380428	842992	-8573	-8573	0	860415	0	0	857300	857300	0	842.992	842.992	0.000000	+0.000843	+0.000843
gov_staker_remaining_fee_accumulator_filetest.gno	Remaining gov fee accumulator repeat-1000 claim-34	execution-segment-repricing	10533654	11376646	842992	-8573	-8573	0	860415	0	0	857300	857300	0	842.992	842.992	0.000000	+0.000843	+0.000843
gov_staker_remaining_fee_accumulator_filetest.gno	Remaining gov fee accumulator repeat-1000 claim-35	execution-segment-repricing	10533167	11376159	842992	-8573	-8573	0	860415	0	0	857300	857300	0	842.992	842.992	0.000000	+0.000843	+0.000843
gov_staker_remaining_fee_accumulator_filetest.gno	Remaining gov fee accumulator repeat-1000 claim-36	execution-segment-repricing	10533167	11376159	842992	-8573	-8573	0	860415	0	0	857300	857300	0	842.992	842.992	0.000000	+0.000843	+0.000843
gov_staker_remaining_fee_accumulator_filetest.gno	Remaining gov fee accumulator repeat-1000 claim-37	execution-segment-repricing	10532680	11375672	842992	-8573	-8573	0	860415	0	0	857300	857300	0	842.992	842.992	0.000000	+0.000843	+0.000843
gov_staker_remaining_fee_accumulator_filetest.gno	Remaining gov fee accumulator repeat-1000 claim-38	execution-segment-repricing	10536462	11379454	842992	-8573	-8573	0	860415	0	0	857300	857300	0	842.992	842.992	0.000000	+0.000843	+0.000843
gov_staker_remaining_fee_accumulator_filetest.gno	Remaining gov fee accumulator repeat-1000 claim-39	execution-segment-repricing	10533167	11376159	842992	-8573	-8573	0	860415	0	0	857300	857300	0	842.992	842.992	0.000000	+0.000843	+0.000843
gov_staker_remaining_fee_accumulator_filetest.gno	Remaining gov fee accumulator repeat-1000 claim-40	execution-segment-repricing	10532680	11375672	842992	-8573	-8573	0	860415	0	0	857300	857300	0	842.992	842.992	0.000000	+0.000843	+0.000843
gov_staker_remaining_fee_accumulator_filetest.gno	Remaining gov fee accumulator repeat-1000 claim-41	execution-segment-repricing	10533167	11376159	842992	-8573	-8573	0	860415	0	0	857300	857300	0	842.992	842.992	0.000000	+0.000843	+0.000843
gov_staker_remaining_fee_accumulator_filetest.gno	Remaining gov fee accumulator repeat-1000 claim-42	execution-segment-repricing	10532680	11375672	842992	-8573	-8573	0	860415	0	0	857300	857300	0	842.992	842.992	0.000000	+0.000843	+0.000843
gov_staker_remaining_fee_accumulator_filetest.gno	Remaining gov fee accumulator repeat-1000 claim-43	execution-segment-repricing	10536462	11379454	842992	-8573	-8573	0	860415	0	0	857300	857300	0	842.992	842.992	0.000000	+0.000843	+0.000843
gov_staker_remaining_fee_accumulator_filetest.gno	Remaining gov fee accumulator repeat-1000 claim-44	execution-segment-repricing	10533167	11376159	842992	-8573	-8573	0	860415	0	0	857300	857300	0	842.992	842.992	0.000000	+0.000843	+0.000843
gov_staker_remaining_fee_accumulator_filetest.gno	Remaining gov fee accumulator repeat-1000 claim-45	execution-segment-repricing	10533167	11376159	842992	-8573	-8573	0	860415	0	0	857300	857300	0	842.992	842.992	0.000000	+0.000843	+0.000843
gov_staker_remaining_fee_accumulator_filetest.gno	Remaining gov fee accumulator repeat-1000 claim-46	execution-segment-repricing	10533654	11376646	842992	-8573	-8573	0	860415	0	0	857300	857300	0	842.992	842.992	0.000000	+0.000843	+0.000843
gov_staker_remaining_fee_accumulator_filetest.gno	Remaining gov fee accumulator repeat-1000 claim-47	execution-segment-repricing	10533167	11376159	842992	-8573	-8573	0	860415	0	0	857300	857300	0	842.992	842.992	0.000000	+0.000843	+0.000843
gov_staker_remaining_fee_accumulator_filetest.gno	Remaining gov fee accumulator repeat-1000 claim-48	execution-segment-repricing	10532100	11375092	842992	-8573	-8573	0	860415	0	0	857300	857300	0	842.992	842.992	0.000000	+0.000843	+0.000843
gov_staker_remaining_fee_accumulator_filetest.gno	Remaining gov fee accumulator repeat-1000 claim-49	execution-segment-repricing	10528318	11371310	842992	-8573	-8573	0	860415	0	0	857300	857300	0	842.992	842.992	0.000000	+0.000843	+0.000843
gov_staker_remaining_fee_accumulator_filetest.gno	Remaining gov fee accumulator repeat-1000 claim-50	execution-segment-repricing	10528318	11371310	842992	-8573	-8573	0	860415	0	0	857300	857300	0	842.992	842.992	0.000000	+0.000843	+0.000843
gov_staker_remaining_fee_accumulator_filetest.gno	Remaining gov fee accumulator repeat-1000 claim-51	execution-segment-repricing	10525023	11368015	842992	-8573	-8573	0	860415	0	0	857300	857300	0	842.992	842.992	0.000000	+0.000843	+0.000843
gov_staker_remaining_fee_accumulator_filetest.gno	Remaining gov fee accumulator repeat-1000 claim-52	execution-segment-repricing	10529872	11372864	842992	-8573	-8573	0	860415	0	0	857300	857300	0	842.992	842.992	0.000000	+0.000843	+0.000843
gov_staker_remaining_fee_accumulator_filetest.gno	Remaining gov fee accumulator repeat-1000 claim-53	execution-segment-repricing	10533167	11376159	842992	-8573	-8573	0	860415	0	0	857300	857300	0	842.992	842.992	0.000000	+0.000843	+0.000843
gov_staker_remaining_fee_accumulator_filetest.gno	Remaining gov fee accumulator repeat-1000 claim-54	execution-segment-repricing	10525603	11368595	842992	-8573	-8573	0	860415	0	0	857300	857300	0	842.992	842.992	0.000000	+0.000843	+0.000843
gov_staker_remaining_fee_accumulator_filetest.gno	Remaining gov fee accumulator repeat-1000 claim-55	execution-segment-repricing	10528898	11371890	842992	-8573	-8573	0	860415	0	0	857300	857300	0	842.992	842.992	0.000000	+0.000843	+0.000843
gov_staker_remaining_fee_accumulator_filetest.gno	Remaining gov fee accumulator repeat-1000 claim-56	execution-segment-repricing	10528898	11371890	842992	-8573	-8573	0	860415	0	0	857300	857300	0	842.992	842.992	0.000000	+0.000843	+0.000843
gov_staker_remaining_fee_accumulator_filetest.gno	Remaining gov fee accumulator repeat-1000 claim-57	execution-segment-repricing	10525603	11368595	842992	-8573	-8573	0	860415	0	0	857300	857300	0	842.992	842.992	0.000000	+0.000843	+0.000843
gov_staker_remaining_fee_accumulator_filetest.gno	Remaining gov fee accumulator repeat-1000 claim-58	execution-segment-repricing	10533167	11376159	842992	-8573	-8573	0	860415	0	0	857300	857300	0	842.992	842.992	0.000000	+0.000843	+0.000843
gov_staker_remaining_fee_accumulator_filetest.gno	Remaining gov fee accumulator repeat-1000 claim-59	execution-segment-repricing	10529872	11372864	842992	-8573	-8573	0	860415	0	0	857300	857300	0	842.992	842.992	0.000000	+0.000843	+0.000843
gov_staker_remaining_fee_accumulator_filetest.gno	Remaining gov fee accumulator repeat-1000 claim-60	execution-segment-repricing	10525603	11368595	842992	-8573	-8573	0	860415	0	0	857300	857300	0	842.992	842.992	0.000000	+0.000843	+0.000843
gov_staker_remaining_fee_accumulator_filetest.gno	Remaining gov fee accumulator repeat-1000 claim-61	execution-segment-repricing	10529385	11372377	842992	-8573	-8573	0	860415	0	0	857300	857300	0	842.992	842.992	0.000000	+0.000843	+0.000843
gov_staker_remaining_fee_accumulator_filetest.gno	Remaining gov fee accumulator repeat-1000 claim-62	execution-segment-repricing	10528898	11371890	842992	-8573	-8573	0	860415	0	0	857300	857300	0	842.992	842.992	0.000000	+0.000843	+0.000843
gov_staker_remaining_fee_accumulator_filetest.gno	Remaining gov fee accumulator repeat-1000 claim-63	execution-segment-repricing	10529385	11372377	842992	-8573	-8573	0	860415	0	0	857300	857300	0	842.992	842.992	0.000000	+0.000843	+0.000843
gov_staker_remaining_fee_accumulator_filetest.gno	Remaining gov fee accumulator repeat-1000 claim-64	execution-segment-repricing	10533167	11376159	842992	-8573	-8573	0	860415	0	0	857300	857300	0	842.992	842.992	0.000000	+0.000843	+0.000843
gov_staker_remaining_fee_accumulator_filetest.gno	Remaining gov fee accumulator repeat-1000 claim-65	execution-segment-repricing	10533167	11376159	842992	-8573	-8573	0	860415	0	0	857300	857300	0	842.992	842.992	0.000000	+0.000843	+0.000843
gov_staker_remaining_fee_accumulator_filetest.gno	Remaining gov fee accumulator repeat-1000 claim-66	execution-segment-repricing	10529872	11372864	842992	-8573	-8573	0	860415	0	0	857300	857300	0	842.992	842.992	0.000000	+0.000843	+0.000843
gov_staker_remaining_fee_accumulator_filetest.gno	Remaining gov fee accumulator repeat-1000 claim-67	execution-segment-repricing	10532680	11375672	842992	-8573	-8573	0	860415	0	0	857300	857300	0	842.992	842.992	0.000000	+0.000843	+0.000843
gov_staker_remaining_fee_accumulator_filetest.gno	Remaining gov fee accumulator repeat-1000 claim-68	execution-segment-repricing	10533167	11376159	842992	-8573	-8573	0	860415	0	0	857300	857300	0	842.992	842.992	0.000000	+0.000843	+0.000843
gov_staker_remaining_fee_accumulator_filetest.gno	Remaining gov fee accumulator repeat-1000 claim-69	execution-segment-repricing	10529385	11372377	842992	-8573	-8573	0	860415	0	0	857300	857300	0	842.992	842.992	0.000000	+0.000843	+0.000843
gov_staker_remaining_fee_accumulator_filetest.gno	Remaining gov fee accumulator repeat-1000 claim-70	execution-segment-repricing	10533167	11376159	842992	-8573	-8573	0	860415	0	0	857300	857300	0	842.992	842.992	0.000000	+0.000843	+0.000843
gov_staker_remaining_fee_accumulator_filetest.gno	Remaining gov fee accumulator repeat-1000 claim-71	execution-segment-repricing	10533654	11376646	842992	-8573	-8573	0	860415	0	0	857300	857300	0	842.992	842.992	0.000000	+0.000843	+0.000843
gov_staker_remaining_fee_accumulator_filetest.gno	Remaining gov fee accumulator repeat-1000 claim-72	execution-segment-repricing	10532680	11375672	842992	-8573	-8573	0	860415	0	0	857300	857300	0	842.992	842.992	0.000000	+0.000843	+0.000843
gov_staker_remaining_fee_accumulator_filetest.gno	Remaining gov fee accumulator repeat-1000 claim-73	execution-segment-repricing	10536462	11379454	842992	-8573	-8573	0	860415	0	0	857300	857300	0	842.992	842.992	0.000000	+0.000843	+0.000843
gov_staker_remaining_fee_accumulator_filetest.gno	Remaining gov fee accumulator repeat-1000 claim-74	execution-segment-repricing	10535975	11378967	842992	-8573	-8573	0	860415	0	0	857300	857300	0	842.992	842.992	0.000000	+0.000843	+0.000843
gov_staker_remaining_fee_accumulator_filetest.gno	Remaining gov fee accumulator repeat-1000 claim-75	execution-segment-repricing	10535975	11378967	842992	-8573	-8573	0	860415	0	0	857300	857300	0	842.992	842.992	0.000000	+0.000843	+0.000843
gov_staker_remaining_fee_accumulator_filetest.gno	Remaining gov fee accumulator repeat-1000 claim-76	execution-segment-repricing	10536949	11379941	842992	-8573	-8573	0	860415	0	0	857300	857300	0	842.992	842.992	0.000000	+0.000843	+0.000843
gov_staker_remaining_fee_accumulator_filetest.gno	Remaining gov fee accumulator repeat-1000 claim-77	execution-segment-repricing	10536949	11379941	842992	-8573	-8573	0	860415	0	0	857300	857300	0	842.992	842.992	0.000000	+0.000843	+0.000843
gov_staker_remaining_fee_accumulator_filetest.gno	Remaining gov fee accumulator repeat-1000 claim-78	execution-segment-repricing	10537436	11380428	842992	-8573	-8573	0	860415	0	0	857300	857300	0	842.992	842.992	0.000000	+0.000843	+0.000843
gov_staker_remaining_fee_accumulator_filetest.gno	Remaining gov fee accumulator repeat-1000 claim-79	execution-segment-repricing	10536949	11379941	842992	-8573	-8573	0	860415	0	0	857300	857300	0	842.992	842.992	0.000000	+0.000843	+0.000843
gov_staker_remaining_fee_accumulator_filetest.gno	Remaining gov fee accumulator repeat-1000 claim-80	execution-segment-repricing	10536462	11379454	842992	-8573	-8573	0	860415	0	0	857300	857300	0	842.992	842.992	0.000000	+0.000843	+0.000843
gov_staker_remaining_fee_accumulator_filetest.gno	Remaining gov fee accumulator repeat-1000 claim-81	execution-segment-repricing	10536462	11379454	842992	-8573	-8573	0	860415	0	0	857300	857300	0	842.992	842.992	0.000000	+0.000843	+0.000843
gov_staker_remaining_fee_accumulator_filetest.gno	Remaining gov fee accumulator repeat-1000 claim-82	execution-segment-repricing	10536462	11379454	842992	-8573	-8573	0	860415	0	0	857300	857300	0	842.992	842.992	0.000000	+0.000843	+0.000843
gov_staker_remaining_fee_accumulator_filetest.gno	Remaining gov fee accumulator repeat-1000 claim-83	execution-segment-repricing	10536949	11379941	842992	-8573	-8573	0	860415	0	0	857300	857300	0	842.992	842.992	0.000000	+0.000843	+0.000843
gov_staker_remaining_fee_accumulator_filetest.gno	Remaining gov fee accumulator repeat-1000 claim-84	execution-segment-repricing	10537436	11380428	842992	-8573	-8573	0	860415	0	0	857300	857300	0	842.992	842.992	0.000000	+0.000843	+0.000843
gov_staker_remaining_fee_accumulator_filetest.gno	Remaining gov fee accumulator repeat-1000 claim-85	execution-segment-repricing	10536949	11379941	842992	-8573	-8573	0	860415	0	0	857300	857300	0	842.992	842.992	0.000000	+0.000843	+0.000843
gov_staker_remaining_fee_accumulator_filetest.gno	Remaining gov fee accumulator repeat-1000 claim-86	execution-segment-repricing	10536949	11379941	842992	-8573	-8573	0	860415	0	0	857300	857300	0	842.992	842.992	0.000000	+0.000843	+0.000843
gov_staker_remaining_fee_accumulator_filetest.gno	Remaining gov fee accumulator repeat-1000 claim-87	execution-segment-repricing	10536462	11379454	842992	-8573	-8573	0	860415	0	0	857300	857300	0	842.992	842.992	0.000000	+0.000843	+0.000843
gov_staker_remaining_fee_accumulator_filetest.gno	Remaining gov fee accumulator repeat-1000 claim-88	execution-segment-repricing	10536462	11379454	842992	-8573	-8573	0	860415	0	0	857300	857300	0	842.992	842.992	0.000000	+0.000843	+0.000843
gov_staker_remaining_fee_accumulator_filetest.gno	Remaining gov fee accumulator repeat-1000 claim-89	execution-segment-repricing	10536462	11379454	842992	-8573	-8573	0	860415	0	0	857300	857300	0	842.992	842.992	0.000000	+0.000843	+0.000843
gov_staker_remaining_fee_accumulator_filetest.gno	Remaining gov fee accumulator repeat-1000 claim-90	execution-segment-repricing	10536462	11379454	842992	-8573	-8573	0	860415	0	0	857300	857300	0	842.992	842.992	0.000000	+0.000843	+0.000843
gov_staker_remaining_fee_accumulator_filetest.gno	Remaining gov fee accumulator repeat-1000 claim-91	execution-segment-repricing	10536949	11379941	842992	-8573	-8573	0	860415	0	0	857300	857300	0	842.992	842.992	0.000000	+0.000843	+0.000843
gov_staker_remaining_fee_accumulator_filetest.gno	Remaining gov fee accumulator repeat-1000 claim-92	execution-segment-repricing	10536462	11379454	842992	-8573	-8573	0	860415	0	0	857300	857300	0	842.992	842.992	0.000000	+0.000843	+0.000843
gov_staker_remaining_fee_accumulator_filetest.gno	Remaining gov fee accumulator repeat-1000 claim-93	execution-segment-repricing	10536949	11379941	842992	-8573	-8573	0	860415	0	0	857300	857300	0	842.992	842.992	0.000000	+0.000843	+0.000843
gov_staker_remaining_fee_accumulator_filetest.gno	Remaining gov fee accumulator repeat-1000 claim-94	execution-segment-repricing	10536462	11379454	842992	-8573	-8573	0	860415	0	0	857300	857300	0	842.992	842.992	0.000000	+0.000843	+0.000843
gov_staker_remaining_fee_accumulator_filetest.gno	Remaining gov fee accumulator repeat-1000 claim-95	execution-segment-repricing	10536462	11379454	842992	-8573	-8573	0	860415	0	0	857300	857300	0	842.992	842.992	0.000000	+0.000843	+0.000843
gov_staker_remaining_fee_accumulator_filetest.gno	Remaining gov fee accumulator repeat-1000 claim-96	execution-segment-repricing	10536949	11379941	842992	-8573	-8573	0	860415	0	0	857300	857300	0	842.992	842.992	0.000000	+0.000843	+0.000843
gov_staker_remaining_fee_accumulator_filetest.gno	Remaining gov fee accumulator repeat-1000 claim-97	execution-segment-repricing	10536949	11379941	842992	-8573	-8573	0	860415	0	0	857300	857300	0	842.992	842.992	0.000000	+0.000843	+0.000843
gov_staker_remaining_fee_accumulator_filetest.gno	Remaining gov fee accumulator repeat-1000 claim-98	execution-segment-repricing	10537436	11380428	842992	-8573	-8573	0	860415	0	0	857300	857300	0	842.992	842.992	0.000000	+0.000843	+0.000843
gov_staker_remaining_fee_accumulator_filetest.gno	Remaining gov fee accumulator repeat-1000 claim-99	execution-segment-repricing	10536949	11379941	842992	-8573	-8573	0	860415	0	0	857300	857300	0	842.992	842.992	0.000000	+0.000843	+0.000843
gov_staker_remaining_fee_accumulator_filetest.gno	Remaining gov fee accumulator repeat-1000 claim-100	execution-segment-repricing	10536949	11379941	842992	-8573	-8573	0	860415	0	0	857300	857300	0	842.992	842.992	0.000000	+0.000843	+0.000843
gov_staker_remaining_fee_accumulator_filetest.gno	Remaining gov fee accumulator repeat-1000 claim-101	execution-segment-repricing	10532100	11375092	842992	-8573	-8573	0	860415	0	0	857300	857300	0	842.992	842.992	0.000000	+0.000843	+0.000843
gov_staker_remaining_fee_accumulator_filetest.gno	Remaining gov fee accumulator repeat-1000 claim-102	execution-segment-repricing	10532100	11375092	842992	-8573	-8573	0	860415	0	0	857300	857300	0	842.992	842.992	0.000000	+0.000843	+0.000843
gov_staker_remaining_fee_accumulator_filetest.gno	Remaining gov fee accumulator repeat-1000 claim-103	execution-segment-repricing	10532587	11375579	842992	-8573	-8573	0	860415	0	0	857300	857300	0	842.992	842.992	0.000000	+0.000843	+0.000843
gov_staker_remaining_fee_accumulator_filetest.gno	Remaining gov fee accumulator repeat-1000 claim-104	execution-segment-repricing	10532100	11375092	842992	-8573	-8573	0	860415	0	0	857300	857300	0	842.992	842.992	0.000000	+0.000843	+0.000843
gov_staker_remaining_fee_accumulator_filetest.gno	Remaining gov fee accumulator repeat-1000 claim-105	execution-segment-repricing	10536462	11379454	842992	-8573	-8573	0	860415	0	0	857300	857300	0	842.992	842.992	0.000000	+0.000843	+0.000843
gov_staker_remaining_fee_accumulator_filetest.gno	Remaining gov fee accumulator repeat-1000 claim-106	execution-segment-repricing	10532680	11375672	842992	-8573	-8573	0	860415	0	0	857300	857300	0	842.992	842.992	0.000000	+0.000843	+0.000843
gov_staker_remaining_fee_accumulator_filetest.gno	Remaining gov fee accumulator repeat-1000 claim-107	execution-segment-repricing	10532193	11375185	842992	-8573	-8573	0	860415	0	0	857300	857300	0	842.992	842.992	0.000000	+0.000843	+0.000843
gov_staker_remaining_fee_accumulator_filetest.gno	Remaining gov fee accumulator repeat-1000 claim-108	execution-segment-repricing	10532680	11375672	842992	-8573	-8573	0	860415	0	0	857300	857300	0	842.992	842.992	0.000000	+0.000843	+0.000843
gov_staker_remaining_fee_accumulator_filetest.gno	Remaining gov fee accumulator repeat-1000 claim-109	execution-segment-repricing	10533167	11376159	842992	-8573	-8573	0	860415	0	0	857300	857300	0	842.992	842.992	0.000000	+0.000843	+0.000843
gov_staker_remaining_fee_accumulator_filetest.gno	Remaining gov fee accumulator repeat-1000 claim-110	execution-segment-repricing	10536949	11379941	842992	-8573	-8573	0	860415	0	0	857300	857300	0	842.992	842.992	0.000000	+0.000843	+0.000843
gov_staker_remaining_fee_accumulator_filetest.gno	Remaining gov fee accumulator repeat-1000 claim-111	execution-segment-repricing	10533654	11376646	842992	-8573	-8573	0	860415	0	0	857300	857300	0	842.992	842.992	0.000000	+0.000843	+0.000843
gov_staker_remaining_fee_accumulator_filetest.gno	Remaining gov fee accumulator repeat-1000 claim-112	execution-segment-repricing	10533167	11376159	842992	-8573	-8573	0	860415	0	0	857300	857300	0	842.992	842.992	0.000000	+0.000843	+0.000843
gov_staker_remaining_fee_accumulator_filetest.gno	Remaining gov fee accumulator repeat-1000 claim-113	execution-segment-repricing	10533167	11376159	842992	-8573	-8573	0	860415	0	0	857300	857300	0	842.992	842.992	0.000000	+0.000843	+0.000843
gov_staker_remaining_fee_accumulator_filetest.gno	Remaining gov fee accumulator repeat-1000 claim-114	execution-segment-repricing	10532680	11375672	842992	-8573	-8573	0	860415	0	0	857300	857300	0	842.992	842.992	0.000000	+0.000843	+0.000843
gov_staker_remaining_fee_accumulator_filetest.gno	Remaining gov fee accumulator repeat-1000 claim-115	execution-segment-repricing	10536462	11379454	842992	-8573	-8573	0	860415	0	0	857300	857300	0	842.992	842.992	0.000000	+0.000843	+0.000843
gov_staker_remaining_fee_accumulator_filetest.gno	Remaining gov fee accumulator repeat-1000 claim-116	execution-segment-repricing	10533167	11376159	842992	-8573	-8573	0	860415	0	0	857300	857300	0	842.992	842.992	0.000000	+0.000843	+0.000843
gov_staker_remaining_fee_accumulator_filetest.gno	Remaining gov fee accumulator repeat-1000 claim-117	execution-segment-repricing	10532680	11375672	842992	-8573	-8573	0	860415	0	0	857300	857300	0	842.992	842.992	0.000000	+0.000843	+0.000843
gov_staker_remaining_fee_accumulator_filetest.gno	Remaining gov fee accumulator repeat-1000 claim-118	execution-segment-repricing	10533167	11376159	842992	-8573	-8573	0	860415	0	0	857300	857300	0	842.992	842.992	0.000000	+0.000843	+0.000843
gov_staker_remaining_fee_accumulator_filetest.gno	Remaining gov fee accumulator repeat-1000 claim-119	execution-segment-repricing	10532680	11375672	842992	-8573	-8573	0	860415	0	0	857300	857300	0	842.992	842.992	0.000000	+0.000843	+0.000843
gov_staker_remaining_fee_accumulator_filetest.gno	Remaining gov fee accumulator repeat-1000 claim-120	execution-segment-repricing	10536462	11379454	842992	-8573	-8573	0	860415	0	0	857300	857300	0	842.992	842.992	0.000000	+0.000843	+0.000843
gov_staker_remaining_fee_accumulator_filetest.gno	Remaining gov fee accumulator repeat-1000 claim-121	execution-segment-repricing	10533167	11376159	842992	-8573	-8573	0	860415	0	0	857300	857300	0	842.992	842.992	0.000000	+0.000843	+0.000843
gov_staker_remaining_fee_accumulator_filetest.gno	Remaining gov fee accumulator repeat-1000 claim-122	execution-segment-repricing	10533167	11376159	842992	-8573	-8573	0	860415	0	0	857300	857300	0	842.992	842.992	0.000000	+0.000843	+0.000843
gov_staker_remaining_fee_accumulator_filetest.gno	Remaining gov fee accumulator repeat-1000 claim-123	execution-segment-repricing	10533654	11376646	842992	-8573	-8573	0	860415	0	0	857300	857300	0	842.992	842.992	0.000000	+0.000843	+0.000843
gov_staker_remaining_fee_accumulator_filetest.gno	Remaining gov fee accumulator repeat-1000 claim-124	execution-segment-repricing	10533167	11376159	842992	-8573	-8573	0	860415	0	0	857300	857300	0	842.992	842.992	0.000000	+0.000843	+0.000843
gov_staker_remaining_fee_accumulator_filetest.gno	Remaining gov fee accumulator repeat-1000 claim-125	execution-segment-repricing	10536949	11379941	842992	-8573	-8573	0	860415	0	0	857300	857300	0	842.992	842.992	0.000000	+0.000843	+0.000843
gov_staker_remaining_fee_accumulator_filetest.gno	Remaining gov fee accumulator repeat-1000 claim-126	execution-segment-repricing	10533167	11376159	842992	-8573	-8573	0	860415	0	0	857300	857300	0	842.992	842.992	0.000000	+0.000843	+0.000843
gov_staker_remaining_fee_accumulator_filetest.gno	Remaining gov fee accumulator repeat-1000 claim-127	execution-segment-repricing	10533167	11376159	842992	-8573	-8573	0	860415	0	0	857300	857300	0	842.992	842.992	0.000000	+0.000843	+0.000843
gov_staker_remaining_fee_accumulator_filetest.gno	Remaining gov fee accumulator repeat-1000 claim-128	execution-segment-repricing	10528805	11371797	842992	-8573	-8573	0	860415	0	0	857300	857300	0	842.992	842.992	0.000000	+0.000843	+0.000843
gov_staker_remaining_fee_accumulator_filetest.gno	Remaining gov fee accumulator repeat-1000 claim-129	execution-segment-repricing	10528805	11371797	842992	-8573	-8573	0	860415	0	0	857300	857300	0	842.992	842.992	0.000000	+0.000843	+0.000843
gov_staker_remaining_fee_accumulator_filetest.gno	Remaining gov fee accumulator repeat-1000 claim-130	execution-segment-repricing	10532100	11375092	842992	-8573	-8573	0	860415	0	0	857300	857300	0	842.992	842.992	0.000000	+0.000843	+0.000843
gov_staker_remaining_fee_accumulator_filetest.gno	Remaining gov fee accumulator repeat-1000 claim-131	execution-segment-repricing	10524536	11367528	842992	-8573	-8573	0	860415	0	0	857300	857300	0	842.992	842.992	0.000000	+0.000843	+0.000843
gov_staker_remaining_fee_accumulator_filetest.gno	Remaining gov fee accumulator repeat-1000 claim-132	execution-segment-repricing	10528898	11371890	842992	-8573	-8573	0	860415	0	0	857300	857300	0	842.992	842.992	0.000000	+0.000843	+0.000843
gov_staker_remaining_fee_accumulator_filetest.gno	Remaining gov fee accumulator repeat-1000 claim-133	execution-segment-repricing	10528898	11371890	842992	-8573	-8573	0	860415	0	0	857300	857300	0	842.992	842.992	0.000000	+0.000843	+0.000843
gov_staker_remaining_fee_accumulator_filetest.gno	Remaining gov fee accumulator repeat-1000 claim-134	execution-segment-repricing	10525603	11368595	842992	-8573	-8573	0	860415	0	0	857300	857300	0	842.992	842.992	0.000000	+0.000843	+0.000843
gov_staker_remaining_fee_accumulator_filetest.gno	Remaining gov fee accumulator repeat-1000 claim-135	execution-segment-repricing	10533167	11376159	842992	-8573	-8573	0	860415	0	0	857300	857300	0	842.992	842.992	0.000000	+0.000843	+0.000843
gov_staker_remaining_fee_accumulator_filetest.gno	Remaining gov fee accumulator repeat-1000 claim-136	execution-segment-repricing	10533654	11376646	842992	-8573	-8573	0	860415	0	0	857300	857300	0	842.992	842.992	0.000000	+0.000843	+0.000843
gov_staker_remaining_fee_accumulator_filetest.gno	Remaining gov fee accumulator repeat-1000 claim-137	execution-segment-repricing	10529385	11372377	842992	-8573	-8573	0	860415	0	0	857300	857300	0	842.992	842.992	0.000000	+0.000843	+0.000843
gov_staker_remaining_fee_accumulator_filetest.gno	Remaining gov fee accumulator repeat-1000 claim-138	execution-segment-repricing	10533167	11376159	842992	-8573	-8573	0	860415	0	0	857300	857300	0	842.992	842.992	0.000000	+0.000843	+0.000843
gov_staker_remaining_fee_accumulator_filetest.gno	Remaining gov fee accumulator repeat-1000 claim-139	execution-segment-repricing	10532680	11375672	842992	-8573	-8573	0	860415	0	0	857300	857300	0	842.992	842.992	0.000000	+0.000843	+0.000843
gov_staker_remaining_fee_accumulator_filetest.gno	Remaining gov fee accumulator repeat-1000 claim-140	execution-segment-repricing	10528898	11371890	842992	-8573	-8573	0	860415	0	0	857300	857300	0	842.992	842.992	0.000000	+0.000843	+0.000843
gov_staker_remaining_fee_accumulator_filetest.gno	Remaining gov fee accumulator repeat-1000 claim-141	execution-segment-repricing	10532680	11375672	842992	-8573	-8573	0	860415	0	0	857300	857300	0	842.992	842.992	0.000000	+0.000843	+0.000843
gov_staker_remaining_fee_accumulator_filetest.gno	Remaining gov fee accumulator repeat-1000 claim-142	execution-segment-repricing	10532680	11375672	842992	-8573	-8573	0	860415	0	0	857300	857300	0	842.992	842.992	0.000000	+0.000843	+0.000843
gov_staker_remaining_fee_accumulator_filetest.gno	Remaining gov fee accumulator repeat-1000 claim-143	execution-segment-repricing	10529385	11372377	842992	-8573	-8573	0	860415	0	0	857300	857300	0	842.992	842.992	0.000000	+0.000843	+0.000843
gov_staker_remaining_fee_accumulator_filetest.gno	Remaining gov fee accumulator repeat-1000 claim-144	execution-segment-repricing	10532680	11375672	842992	-8573	-8573	0	860415	0	0	857300	857300	0	842.992	842.992	0.000000	+0.000843	+0.000843
gov_staker_remaining_fee_accumulator_filetest.gno	Remaining gov fee accumulator repeat-1000 claim-145	execution-segment-repricing	10533167	11376159	842992	-8573	-8573	0	860415	0	0	857300	857300	0	842.992	842.992	0.000000	+0.000843	+0.000843
gov_staker_remaining_fee_accumulator_filetest.gno	Remaining gov fee accumulator repeat-1000 claim-146	execution-segment-repricing	10528898	11371890	842992	-8573	-8573	0	860415	0	0	857300	857300	0	842.992	842.992	0.000000	+0.000843	+0.000843
gov_staker_remaining_fee_accumulator_filetest.gno	Remaining gov fee accumulator repeat-1000 claim-147	execution-segment-repricing	10532680	11375672	842992	-8573	-8573	0	860415	0	0	857300	857300	0	842.992	842.992	0.000000	+0.000843	+0.000843
gov_staker_remaining_fee_accumulator_filetest.gno	Remaining gov fee accumulator repeat-1000 claim-148	execution-segment-repricing	10533167	11376159	842992	-8573	-8573	0	860415	0	0	857300	857300	0	842.992	842.992	0.000000	+0.000843	+0.000843
gov_staker_remaining_fee_accumulator_filetest.gno	Remaining gov fee accumulator repeat-1000 claim-149	execution-segment-repricing	10528898	11371890	842992	-8573	-8573	0	860415	0	0	857300	857300	0	842.992	842.992	0.000000	+0.000843	+0.000843
gov_staker_remaining_fee_accumulator_filetest.gno	Remaining gov fee accumulator repeat-1000 claim-150	execution-segment-repricing	10533167	11376159	842992	-8573	-8573	0	860415	0	0	857300	857300	0	842.992	842.992	0.000000	+0.000843	+0.000843
gov_staker_remaining_fee_accumulator_filetest.gno	Remaining gov fee accumulator repeat-1000 claim-151	execution-segment-repricing	10532680	11375672	842992	-8573	-8573	0	860415	0	0	857300	857300	0	842.992	842.992	0.000000	+0.000843	+0.000843
gov_staker_remaining_fee_accumulator_filetest.gno	Remaining gov fee accumulator repeat-1000 claim-152	execution-segment-repricing	10532680	11375672	842992	-8573	-8573	0	860415	0	0	857300	857300	0	842.992	842.992	0.000000	+0.000843	+0.000843
gov_staker_remaining_fee_accumulator_filetest.gno	Remaining gov fee accumulator repeat-1000 claim-153	execution-segment-repricing	10536949	11379941	842992	-8573	-8573	0	860415	0	0	857300	857300	0	842.992	842.992	0.000000	+0.000843	+0.000843
gov_staker_remaining_fee_accumulator_filetest.gno	Remaining gov fee accumulator repeat-1000 claim-154	execution-segment-repricing	10536949	11379941	842992	-8573	-8573	0	860415	0	0	857300	857300	0	842.992	842.992	0.000000	+0.000843	+0.000843
gov_staker_remaining_fee_accumulator_filetest.gno	Remaining gov fee accumulator repeat-1000 claim-155	execution-segment-repricing	10537436	11380428	842992	-8573	-8573	0	860415	0	0	857300	857300	0	842.992	842.992	0.000000	+0.000843	+0.000843
gov_staker_remaining_fee_accumulator_filetest.gno	Remaining gov fee accumulator repeat-1000 claim-156	execution-segment-repricing	10536949	11379941	842992	-8573	-8573	0	860415	0	0	857300	857300	0	842.992	842.992	0.000000	+0.000843	+0.000843
gov_staker_remaining_fee_accumulator_filetest.gno	Remaining gov fee accumulator repeat-1000 claim-157	execution-segment-repricing	10536462	11379454	842992	-8573	-8573	0	860415	0	0	857300	857300	0	842.992	842.992	0.000000	+0.000843	+0.000843
gov_staker_remaining_fee_accumulator_filetest.gno	Remaining gov fee accumulator repeat-1000 claim-158	execution-segment-repricing	10536462	11379454	842992	-8573	-8573	0	860415	0	0	857300	857300	0	842.992	842.992	0.000000	+0.000843	+0.000843
gov_staker_remaining_fee_accumulator_filetest.gno	Remaining gov fee accumulator repeat-1000 claim-159	execution-segment-repricing	10536462	11379454	842992	-8573	-8573	0	860415	0	0	857300	857300	0	842.992	842.992	0.000000	+0.000843	+0.000843
gov_staker_remaining_fee_accumulator_filetest.gno	Remaining gov fee accumulator repeat-1000 claim-160	execution-segment-repricing	10536949	11379941	842992	-8573	-8573	0	860415	0	0	857300	857300	0	842.992	842.992	0.000000	+0.000843	+0.000843
gov_staker_remaining_fee_accumulator_filetest.gno	Remaining gov fee accumulator repeat-1000 claim-161	execution-segment-repricing	10537436	11380428	842992	-8573	-8573	0	860415	0	0	857300	857300	0	842.992	842.992	0.000000	+0.000843	+0.000843
gov_staker_remaining_fee_accumulator_filetest.gno	Remaining gov fee accumulator repeat-1000 claim-162	execution-segment-repricing	10536994	11379986	842992	-8579	-8579	0	860415	0	0	857900	857900	0	842.992	842.992	0.000000	+0.000843	+0.000843
gov_staker_remaining_fee_accumulator_filetest.gno	Remaining gov fee accumulator repeat-1000 claim-163	execution-segment-repricing	10537039	11380031	842992	-8591	-8591	0	860415	0	0	859100	859100	0	842.992	842.992	0.000000	+0.000843	+0.000843
gov_staker_remaining_fee_accumulator_filetest.gno	Remaining gov fee accumulator repeat-1000 claim-164	execution-segment-repricing	10536597	11379589	842992	-8603	-8603	0	860415	0	0	860300	860300	0	842.992	842.992	0.000000	+0.000843	+0.000843
gov_staker_remaining_fee_accumulator_filetest.gno	Remaining gov fee accumulator repeat-1000 claim-165	execution-segment-repricing	10536642	11379634	842992	-8615	-8615	0	860415	0	0	861500	861500	0	842.992	842.992	0.000000	+0.000843	+0.000843
gov_staker_remaining_fee_accumulator_filetest.gno	Remaining gov fee accumulator repeat-1000 claim-166	execution-segment-repricing	10536642	11379634	842992	-8621	-8621	0	860415	0	0	862100	862100	0	842.992	842.992	0.000000	+0.000843	+0.000843
gov_staker_remaining_fee_accumulator_filetest.gno	Remaining gov fee accumulator repeat-1000 claim-167	execution-segment-repricing	10536642	11379634	842992	-8621	-8621	0	860415	0	0	862100	862100	0	842.992	842.992	0.000000	+0.000843	+0.000843
gov_staker_remaining_fee_accumulator_filetest.gno	Remaining gov fee accumulator repeat-1000 claim-168	execution-segment-repricing	10537129	11380121	842992	-8621	-8621	0	860415	0	0	862100	862100	0	842.992	842.992	0.000000	+0.000843	+0.000843
gov_staker_remaining_fee_accumulator_filetest.gno	Remaining gov fee accumulator repeat-1000 claim-169	execution-segment-repricing	10536642	11379634	842992	-8621	-8621	0	860415	0	0	862100	862100	0	842.992	842.992	0.000000	+0.000843	+0.000843
gov_staker_remaining_fee_accumulator_filetest.gno	Remaining gov fee accumulator repeat-1000 claim-170	execution-segment-repricing	10537129	11380121	842992	-8621	-8621	0	860415	0	0	862100	862100	0	842.992	842.992	0.000000	+0.000843	+0.000843
gov_staker_remaining_fee_accumulator_filetest.gno	Remaining gov fee accumulator repeat-1000 claim-171	execution-segment-repricing	10536642	11379634	842992	-8621	-8621	0	860415	0	0	862100	862100	0	842.992	842.992	0.000000	+0.000843	+0.000843
gov_staker_remaining_fee_accumulator_filetest.gno	Remaining gov fee accumulator repeat-1000 claim-172	execution-segment-repricing	10536642	11379634	842992	-8621	-8621	0	860415	0	0	862100	862100	0	842.992	842.992	0.000000	+0.000843	+0.000843
gov_staker_remaining_fee_accumulator_filetest.gno	Remaining gov fee accumulator repeat-1000 claim-173	execution-segment-repricing	10533347	11376339	842992	-8621	-8621	0	860415	0	0	862100	862100	0	842.992	842.992	0.000000	+0.000843	+0.000843
gov_staker_remaining_fee_accumulator_filetest.gno	Remaining gov fee accumulator repeat-1000 claim-174	execution-segment-repricing	10533347	11376339	842992	-8621	-8621	0	860415	0	0	862100	862100	0	842.992	842.992	0.000000	+0.000843	+0.000843
gov_staker_remaining_fee_accumulator_filetest.gno	Remaining gov fee accumulator repeat-1000 claim-175	execution-segment-repricing	10533834	11376826	842992	-8621	-8621	0	860415	0	0	862100	862100	0	842.992	842.992	0.000000	+0.000843	+0.000843
gov_staker_remaining_fee_accumulator_filetest.gno	Remaining gov fee accumulator repeat-1000 claim-176	execution-segment-repricing	10533347	11376339	842992	-8621	-8621	0	860415	0	0	862100	862100	0	842.992	842.992	0.000000	+0.000843	+0.000843
gov_staker_remaining_fee_accumulator_filetest.gno	Remaining gov fee accumulator repeat-1000 claim-177	execution-segment-repricing	10537129	11380121	842992	-8621	-8621	0	860415	0	0	862100	862100	0	842.992	842.992	0.000000	+0.000843	+0.000843
gov_staker_remaining_fee_accumulator_filetest.gno	Remaining gov fee accumulator repeat-1000 claim-178	execution-segment-repricing	10533347	11376339	842992	-8621	-8621	0	860415	0	0	862100	862100	0	842.992	842.992	0.000000	+0.000843	+0.000843
gov_staker_remaining_fee_accumulator_filetest.gno	Remaining gov fee accumulator repeat-1000 claim-179	execution-segment-repricing	10534414	11377406	842992	-8621	-8621	0	860415	0	0	862100	862100	0	842.992	842.992	0.000000	+0.000843	+0.000843
gov_staker_remaining_fee_accumulator_filetest.gno	Remaining gov fee accumulator repeat-1000 claim-180	execution-segment-repricing	10535968	11378960	842992	-8621	-8621	0	860415	0	0	862100	862100	0	842.992	842.992	0.000000	+0.000843	+0.000843
gov_staker_remaining_fee_accumulator_filetest.gno	Remaining gov fee accumulator repeat-1000 claim-181	execution-segment-repricing	10537035	11380027	842992	-8621	-8621	0	860415	0	0	862100	862100	0	842.992	842.992	0.000000	+0.000843	+0.000843
gov_staker_remaining_fee_accumulator_filetest.gno	Remaining gov fee accumulator repeat-1000 claim-182	execution-segment-repricing	10541397	11384389	842992	-8621	-8621	0	860415	0	0	862100	862100	0	842.992	842.992	0.000000	+0.000843	+0.000843
gov_staker_remaining_fee_accumulator_filetest.gno	Remaining gov fee accumulator repeat-1000 claim-183	execution-segment-repricing	10537615	11380607	842992	-8621	-8621	0	860415	0	0	862100	862100	0	842.992	842.992	0.000000	+0.000843	+0.000843
gov_staker_remaining_fee_accumulator_filetest.gno	Remaining gov fee accumulator repeat-1000 claim-184	execution-segment-repricing	10537128	11380120	842992	-8621	-8621	0	860415	0	0	862100	862100	0	842.992	842.992	0.000000	+0.000843	+0.000843
gov_staker_remaining_fee_accumulator_filetest.gno	Remaining gov fee accumulator repeat-1000 claim-185	execution-segment-repricing	10537128	11380120	842992	-8621	-8621	0	860415	0	0	862100	862100	0	842.992	842.992	0.000000	+0.000843	+0.000843
gov_staker_remaining_fee_accumulator_filetest.gno	Remaining gov fee accumulator repeat-1000 claim-186	execution-segment-repricing	10537615	11380607	842992	-8621	-8621	0	860415	0	0	862100	862100	0	842.992	842.992	0.000000	+0.000843	+0.000843
gov_staker_remaining_fee_accumulator_filetest.gno	Remaining gov fee accumulator repeat-1000 claim-187	execution-segment-repricing	10541397	11384389	842992	-8621	-8621	0	860415	0	0	862100	862100	0	842.992	842.992	0.000000	+0.000843	+0.000843
gov_staker_remaining_fee_accumulator_filetest.gno	Remaining gov fee accumulator repeat-1000 claim-188	execution-segment-repricing	10538102	11381094	842992	-8621	-8621	0	860415	0	0	862100	862100	0	842.992	842.992	0.000000	+0.000843	+0.000843
gov_staker_remaining_fee_accumulator_filetest.gno	Remaining gov fee accumulator repeat-1000 claim-189	execution-segment-repricing	10537615	11380607	842992	-8621	-8621	0	860415	0	0	862100	862100	0	842.992	842.992	0.000000	+0.000843	+0.000843
gov_staker_remaining_fee_accumulator_filetest.gno	Remaining gov fee accumulator repeat-1000 claim-190	execution-segment-repricing	10537615	11380607	842992	-8621	-8621	0	860415	0	0	862100	862100	0	842.992	842.992	0.000000	+0.000843	+0.000843
gov_staker_remaining_fee_accumulator_filetest.gno	Remaining gov fee accumulator repeat-1000 claim-191	execution-segment-repricing	10537128	11380120	842992	-8621	-8621	0	860415	0	0	862100	862100	0	842.992	842.992	0.000000	+0.000843	+0.000843
gov_staker_remaining_fee_accumulator_filetest.gno	Remaining gov fee accumulator repeat-1000 claim-192	execution-segment-repricing	10540910	11383902	842992	-8621	-8621	0	860415	0	0	862100	862100	0	842.992	842.992	0.000000	+0.000843	+0.000843
gov_staker_remaining_fee_accumulator_filetest.gno	Remaining gov fee accumulator repeat-1000 claim-193	execution-segment-repricing	10537615	11380607	842992	-8621	-8621	0	860415	0	0	862100	862100	0	842.992	842.992	0.000000	+0.000843	+0.000843
gov_staker_remaining_fee_accumulator_filetest.gno	Remaining gov fee accumulator repeat-1000 claim-194	execution-segment-repricing	10537615	11380607	842992	-8621	-8621	0	860415	0	0	862100	862100	0	842.992	842.992	0.000000	+0.000843	+0.000843
gov_staker_remaining_fee_accumulator_filetest.gno	Remaining gov fee accumulator repeat-1000 claim-195	execution-segment-repricing	10538102	11381094	842992	-8621	-8621	0	860415	0	0	862100	862100	0	842.992	842.992	0.000000	+0.000843	+0.000843
gov_staker_remaining_fee_accumulator_filetest.gno	Remaining gov fee accumulator repeat-1000 claim-196	execution-segment-repricing	10537615	11380607	842992	-8621	-8621	0	860415	0	0	862100	862100	0	842.992	842.992	0.000000	+0.000843	+0.000843
gov_staker_remaining_fee_accumulator_filetest.gno	Remaining gov fee accumulator repeat-1000 claim-197	execution-segment-repricing	10541397	11384389	842992	-8621	-8621	0	860415	0	0	862100	862100	0	842.992	842.992	0.000000	+0.000843	+0.000843
gov_staker_remaining_fee_accumulator_filetest.gno	Remaining gov fee accumulator repeat-1000 claim-198	execution-segment-repricing	10537615	11380607	842992	-8621	-8621	0	860415	0	0	862100	862100	0	842.992	842.992	0.000000	+0.000843	+0.000843
gov_staker_remaining_fee_accumulator_filetest.gno	Remaining gov fee accumulator repeat-1000 claim-199	execution-segment-repricing	10537615	11380607	842992	-8621	-8621	0	860415	0	0	862100	862100	0	842.992	842.992	0.000000	+0.000843	+0.000843
gov_staker_remaining_fee_accumulator_filetest.gno	Remaining gov fee accumulator repeat-1000 claim-200	execution-segment-repricing	10538102	11381094	842992	-8621	-8621	0	860415	0	0	862100	862100	0	842.992	842.992	0.000000	+0.000843	+0.000843
gov_staker_remaining_fee_accumulator_filetest.gno	Remaining gov fee accumulator repeat-1000 claim-201	execution-segment-repricing	10537615	11380607	842992	-8621	-8621	0	860415	0	0	862100	862100	0	842.992	842.992	0.000000	+0.000843	+0.000843
gov_staker_remaining_fee_accumulator_filetest.gno	Remaining gov fee accumulator repeat-1000 claim-202	execution-segment-repricing	10541397	11384389	842992	-8621	-8621	0	860415	0	0	862100	862100	0	842.992	842.992	0.000000	+0.000843	+0.000843
gov_staker_remaining_fee_accumulator_filetest.gno	Remaining gov fee accumulator repeat-1000 claim-203	execution-segment-repricing	10537615	11380607	842992	-8621	-8621	0	860415	0	0	862100	862100	0	842.992	842.992	0.000000	+0.000843	+0.000843
gov_staker_remaining_fee_accumulator_filetest.gno	Remaining gov fee accumulator repeat-1000 claim-204	execution-segment-repricing	10537615	11380607	842992	-8621	-8621	0	860415	0	0	862100	862100	0	842.992	842.992	0.000000	+0.000843	+0.000843
gov_staker_remaining_fee_accumulator_filetest.gno	Remaining gov fee accumulator repeat-1000 claim-205	execution-segment-repricing	10538102	11381094	842992	-8621	-8621	0	860415	0	0	862100	862100	0	842.992	842.992	0.000000	+0.000843	+0.000843
gov_staker_remaining_fee_accumulator_filetest.gno	Remaining gov fee accumulator repeat-1000 claim-206	execution-segment-repricing	10538102	11381094	842992	-8621	-8621	0	860415	0	0	862100	862100	0	842.992	842.992	0.000000	+0.000843	+0.000843
gov_staker_remaining_fee_accumulator_filetest.gno	Remaining gov fee accumulator repeat-1000 claim-207	execution-segment-repricing	10541397	11384389	842992	-8621	-8621	0	860415	0	0	862100	862100	0	842.992	842.992	0.000000	+0.000843	+0.000843
gov_staker_remaining_fee_accumulator_filetest.gno	Remaining gov fee accumulator repeat-1000 claim-208	execution-segment-repricing	10540910	11383902	842992	-8621	-8621	0	860415	0	0	862100	862100	0	842.992	842.992	0.000000	+0.000843	+0.000843
gov_staker_remaining_fee_accumulator_filetest.gno	Remaining gov fee accumulator repeat-1000 claim-209	execution-segment-repricing	10540423	11383415	842992	-8621	-8621	0	860415	0	0	862100	862100	0	842.992	842.992	0.000000	+0.000843	+0.000843
gov_staker_remaining_fee_accumulator_filetest.gno	Remaining gov fee accumulator repeat-1000 claim-210	execution-segment-repricing	10540423	11383415	842992	-8621	-8621	0	860415	0	0	862100	862100	0	842.992	842.992	0.000000	+0.000843	+0.000843
gov_staker_remaining_fee_accumulator_filetest.gno	Remaining gov fee accumulator repeat-1000 claim-211	execution-segment-repricing	10537128	11380120	842992	-8621	-8621	0	860415	0	0	862100	862100	0	842.992	842.992	0.000000	+0.000843	+0.000843
gov_staker_remaining_fee_accumulator_filetest.gno	Remaining gov fee accumulator repeat-1000 claim-212	execution-segment-repricing	10537615	11380607	842992	-8621	-8621	0	860415	0	0	862100	862100	0	842.992	842.992	0.000000	+0.000843	+0.000843
gov_staker_remaining_fee_accumulator_filetest.gno	Remaining gov fee accumulator repeat-1000 claim-213	execution-segment-repricing	10538102	11381094	842992	-8621	-8621	0	860415	0	0	862100	862100	0	842.992	842.992	0.000000	+0.000843	+0.000843
gov_staker_remaining_fee_accumulator_filetest.gno	Remaining gov fee accumulator repeat-1000 claim-214	execution-segment-repricing	10533833	11376825	842992	-8621	-8621	0	860415	0	0	862100	862100	0	842.992	842.992	0.000000	+0.000843	+0.000843
gov_staker_remaining_fee_accumulator_filetest.gno	Remaining gov fee accumulator repeat-1000 claim-215	execution-segment-repricing	10537615	11380607	842992	-8621	-8621	0	860415	0	0	862100	862100	0	842.992	842.992	0.000000	+0.000843	+0.000843
gov_staker_remaining_fee_accumulator_filetest.gno	Remaining gov fee accumulator repeat-1000 claim-216	execution-segment-repricing	10537128	11380120	842992	-8621	-8621	0	860415	0	0	862100	862100	0	842.992	842.992	0.000000	+0.000843	+0.000843
gov_staker_remaining_fee_accumulator_filetest.gno	Remaining gov fee accumulator repeat-1000 claim-217	execution-segment-repricing	10533346	11376338	842992	-8621	-8621	0	860415	0	0	862100	862100	0	842.992	842.992	0.000000	+0.000843	+0.000843
gov_staker_remaining_fee_accumulator_filetest.gno	Remaining gov fee accumulator repeat-1000 claim-218	execution-segment-repricing	10537128	11380120	842992	-8621	-8621	0	860415	0	0	862100	862100	0	842.992	842.992	0.000000	+0.000843	+0.000843
gov_staker_remaining_fee_accumulator_filetest.gno	Remaining gov fee accumulator repeat-1000 claim-219	execution-segment-repricing	10537128	11380120	842992	-8621	-8621	0	860415	0	0	862100	862100	0	842.992	842.992	0.000000	+0.000843	+0.000843
gov_staker_remaining_fee_accumulator_filetest.gno	Remaining gov fee accumulator repeat-1000 claim-220	execution-segment-repricing	10533833	11376825	842992	-8621	-8621	0	860415	0	0	862100	862100	0	842.992	842.992	0.000000	+0.000843	+0.000843
gov_staker_remaining_fee_accumulator_filetest.gno	Remaining gov fee accumulator repeat-1000 claim-221	execution-segment-repricing	10537128	11380120	842992	-8621	-8621	0	860415	0	0	862100	862100	0	842.992	842.992	0.000000	+0.000843	+0.000843
gov_staker_remaining_fee_accumulator_filetest.gno	Remaining gov fee accumulator repeat-1000 claim-222	execution-segment-repricing	10537615	11380607	842992	-8621	-8621	0	860415	0	0	862100	862100	0	842.992	842.992	0.000000	+0.000843	+0.000843
gov_staker_remaining_fee_accumulator_filetest.gno	Remaining gov fee accumulator repeat-1000 claim-223	execution-segment-repricing	10533346	11376338	842992	-8621	-8621	0	860415	0	0	862100	862100	0	842.992	842.992	0.000000	+0.000843	+0.000843
gov_staker_remaining_fee_accumulator_filetest.gno	Remaining gov fee accumulator repeat-1000 claim-224	execution-segment-repricing	10537128	11380120	842992	-8621	-8621	0	860415	0	0	862100	862100	0	842.992	842.992	0.000000	+0.000843	+0.000843
gov_staker_remaining_fee_accumulator_filetest.gno	Remaining gov fee accumulator repeat-1000 claim-225	execution-segment-repricing	10537615	11380607	842992	-8621	-8621	0	860415	0	0	862100	862100	0	842.992	842.992	0.000000	+0.000843	+0.000843
gov_staker_remaining_fee_accumulator_filetest.gno	Remaining gov fee accumulator repeat-1000 claim-226	execution-segment-repricing	10534320	11377312	842992	-8621	-8621	0	860415	0	0	862100	862100	0	842.992	842.992	0.000000	+0.000843	+0.000843
gov_staker_remaining_fee_accumulator_filetest.gno	Remaining gov fee accumulator repeat-1000 claim-227	execution-segment-repricing	10538589	11381581	842992	-8621	-8621	0	860415	0	0	862100	862100	0	842.992	842.992	0.000000	+0.000843	+0.000843
gov_staker_remaining_fee_accumulator_filetest.gno	Remaining gov fee accumulator repeat-1000 claim-228	execution-segment-repricing	10538102	11381094	842992	-8621	-8621	0	860415	0	0	862100	862100	0	842.992	842.992	0.000000	+0.000843	+0.000843
gov_staker_remaining_fee_accumulator_filetest.gno	Remaining gov fee accumulator repeat-1000 claim-229	execution-segment-repricing	10534320	11377312	842992	-8621	-8621	0	860415	0	0	862100	862100	0	842.992	842.992	0.000000	+0.000843	+0.000843
gov_staker_remaining_fee_accumulator_filetest.gno	Remaining gov fee accumulator repeat-1000 claim-230	execution-segment-repricing	10537615	11380607	842992	-8621	-8621	0	860415	0	0	862100	862100	0	842.992	842.992	0.000000	+0.000843	+0.000843
gov_staker_remaining_fee_accumulator_filetest.gno	Remaining gov fee accumulator repeat-1000 claim-231	execution-segment-repricing	10537615	11380607	842992	-8621	-8621	0	860415	0	0	862100	862100	0	842.992	842.992	0.000000	+0.000843	+0.000843
gov_staker_remaining_fee_accumulator_filetest.gno	Remaining gov fee accumulator repeat-1000 claim-232	execution-segment-repricing	10534807	11377799	842992	-8621	-8621	0	860415	0	0	862100	862100	0	842.992	842.992	0.000000	+0.000843	+0.000843
gov_staker_remaining_fee_accumulator_filetest.gno	Remaining gov fee accumulator repeat-1000 claim-233	execution-segment-repricing	10538102	11381094	842992	-8621	-8621	0	860415	0	0	862100	862100	0	842.992	842.992	0.000000	+0.000843	+0.000843
gov_staker_remaining_fee_accumulator_filetest.gno	Remaining gov fee accumulator repeat-1000 claim-234	execution-segment-repricing	10537615	11380607	842992	-8621	-8621	0	860415	0	0	862100	862100	0	842.992	842.992	0.000000	+0.000843	+0.000843
gov_staker_remaining_fee_accumulator_filetest.gno	Remaining gov fee accumulator repeat-1000 claim-235	execution-segment-repricing	10537128	11380120	842992	-8621	-8621	0	860415	0	0	862100	862100	0	842.992	842.992	0.000000	+0.000843	+0.000843
gov_staker_remaining_fee_accumulator_filetest.gno	Remaining gov fee accumulator repeat-1000 claim-236	execution-segment-repricing	10539936	11382928	842992	-8621	-8621	0	860415	0	0	862100	862100	0	842.992	842.992	0.000000	+0.000843	+0.000843
gov_staker_remaining_fee_accumulator_filetest.gno	Remaining gov fee accumulator repeat-1000 claim-237	execution-segment-repricing	10540423	11383415	842992	-8621	-8621	0	860415	0	0	862100	862100	0	842.992	842.992	0.000000	+0.000843	+0.000843
gov_staker_remaining_fee_accumulator_filetest.gno	Remaining gov fee accumulator repeat-1000 claim-238	execution-segment-repricing	10540910	11383902	842992	-8621	-8621	0	860415	0	0	862100	862100	0	842.992	842.992	0.000000	+0.000843	+0.000843
gov_staker_remaining_fee_accumulator_filetest.gno	Remaining gov fee accumulator repeat-1000 claim-239	execution-segment-repricing	10541397	11384389	842992	-8621	-8621	0	860415	0	0	862100	862100	0	842.992	842.992	0.000000	+0.000843	+0.000843
gov_staker_remaining_fee_accumulator_filetest.gno	Remaining gov fee accumulator repeat-1000 claim-240	execution-segment-repricing	10537035	11380027	842992	-8621	-8621	0	860415	0	0	862100	862100	0	842.992	842.992	0.000000	+0.000843	+0.000843
gov_staker_remaining_fee_accumulator_filetest.gno	Remaining gov fee accumulator repeat-1000 claim-241	execution-segment-repricing	10536548	11379540	842992	-8621	-8621	0	860415	0	0	862100	862100	0	842.992	842.992	0.000000	+0.000843	+0.000843
gov_staker_remaining_fee_accumulator_filetest.gno	Remaining gov fee accumulator repeat-1000 claim-242	execution-segment-repricing	10536548	11379540	842992	-8621	-8621	0	860415	0	0	862100	862100	0	842.992	842.992	0.000000	+0.000843	+0.000843
gov_staker_remaining_fee_accumulator_filetest.gno	Remaining gov fee accumulator repeat-1000 claim-243	execution-segment-repricing	10536061	11379053	842992	-8621	-8621	0	860415	0	0	862100	862100	0	842.992	842.992	0.000000	+0.000843	+0.000843
gov_staker_remaining_fee_accumulator_filetest.gno	Remaining gov fee accumulator repeat-1000 claim-244	execution-segment-repricing	10540910	11383902	842992	-8621	-8621	0	860415	0	0	862100	862100	0	842.992	842.992	0.000000	+0.000843	+0.000843
gov_staker_remaining_fee_accumulator_filetest.gno	Remaining gov fee accumulator repeat-1000 claim-245	execution-segment-repricing	10537615	11380607	842992	-8621	-8621	0	860415	0	0	862100	862100	0	842.992	842.992	0.000000	+0.000843	+0.000843
gov_staker_remaining_fee_accumulator_filetest.gno	Remaining gov fee accumulator repeat-1000 claim-246	execution-segment-repricing	10537128	11380120	842992	-8621	-8621	0	860415	0	0	862100	862100	0	842.992	842.992	0.000000	+0.000843	+0.000843
gov_staker_remaining_fee_accumulator_filetest.gno	Remaining gov fee accumulator repeat-1000 claim-247	execution-segment-repricing	10537615	11380607	842992	-8621	-8621	0	860415	0	0	862100	862100	0	842.992	842.992	0.000000	+0.000843	+0.000843
gov_staker_remaining_fee_accumulator_filetest.gno	Remaining gov fee accumulator repeat-1000 claim-248	execution-segment-repricing	10537128	11380120	842992	-8621	-8621	0	860415	0	0	862100	862100	0	842.992	842.992	0.000000	+0.000843	+0.000843
gov_staker_remaining_fee_accumulator_filetest.gno	Remaining gov fee accumulator repeat-1000 claim-249	execution-segment-repricing	10540910	11383902	842992	-8621	-8621	0	860415	0	0	862100	862100	0	842.992	842.992	0.000000	+0.000843	+0.000843
gov_staker_remaining_fee_accumulator_filetest.gno	Remaining gov fee accumulator repeat-1000 claim-250	execution-segment-repricing	10537615	11380607	842992	-8621	-8621	0	860415	0	0	862100	862100	0	842.992	842.992	0.000000	+0.000843	+0.000843
gov_staker_remaining_fee_accumulator_filetest.gno	Remaining gov fee accumulator repeat-1000 claim-251	execution-segment-repricing	10537615	11380607	842992	-8621	-8621	0	860415	0	0	862100	862100	0	842.992	842.992	0.000000	+0.000843	+0.000843
gov_staker_remaining_fee_accumulator_filetest.gno	Remaining gov fee accumulator repeat-1000 claim-252	execution-segment-repricing	10537615	11380607	842992	-8621	-8621	0	860415	0	0	862100	862100	0	842.992	842.992	0.000000	+0.000843	+0.000843
gov_staker_remaining_fee_accumulator_filetest.gno	Remaining gov fee accumulator repeat-1000 claim-253	execution-segment-repricing	10537128	11380120	842992	-8621	-8621	0	860415	0	0	862100	862100	0	842.992	842.992	0.000000	+0.000843	+0.000843
gov_staker_remaining_fee_accumulator_filetest.gno	Remaining gov fee accumulator repeat-1000 claim-254	execution-segment-repricing	10540910	11383902	842992	-8621	-8621	0	860415	0	0	862100	862100	0	842.992	842.992	0.000000	+0.000843	+0.000843
gov_staker_remaining_fee_accumulator_filetest.gno	Remaining gov fee accumulator repeat-1000 claim-255	execution-segment-repricing	10537128	11380120	842992	-8621	-8621	0	860415	0	0	862100	862100	0	842.992	842.992	0.000000	+0.000843	+0.000843
gov_staker_remaining_fee_accumulator_filetest.gno	Remaining gov fee accumulator repeat-1000 claim-256	execution-segment-repricing	10537615	11380607	842992	-8621	-8621	0	860415	0	0	862100	862100	0	842.992	842.992	0.000000	+0.000843	+0.000843
gov_staker_remaining_fee_accumulator_filetest.gno	Remaining gov fee accumulator repeat-1000 claim-257	execution-segment-repricing	10538102	11381094	842992	-8621	-8621	0	860415	0	0	862100	862100	0	842.992	842.992	0.000000	+0.000843	+0.000843
gov_staker_remaining_fee_accumulator_filetest.gno	Remaining gov fee accumulator repeat-1000 claim-258	execution-segment-repricing	10538102	11381094	842992	-8621	-8621	0	860415	0	0	862100	862100	0	842.992	842.992	0.000000	+0.000843	+0.000843
gov_staker_remaining_fee_accumulator_filetest.gno	Remaining gov fee accumulator repeat-1000 claim-259	execution-segment-repricing	10541397	11384389	842992	-8621	-8621	0	860415	0	0	862100	862100	0	842.992	842.992	0.000000	+0.000843	+0.000843
gov_staker_remaining_fee_accumulator_filetest.gno	Remaining gov fee accumulator repeat-1000 claim-260	execution-segment-repricing	10537615	11380607	842992	-8621	-8621	0	860415	0	0	862100	862100	0	842.992	842.992	0.000000	+0.000843	+0.000843
gov_staker_remaining_fee_accumulator_filetest.gno	Remaining gov fee accumulator repeat-1000 claim-261	execution-segment-repricing	10537128	11380120	842992	-8621	-8621	0	860415	0	0	862100	862100	0	842.992	842.992	0.000000	+0.000843	+0.000843
gov_staker_remaining_fee_accumulator_filetest.gno	Remaining gov fee accumulator repeat-1000 claim-262	execution-segment-repricing	10537128	11380120	842992	-8621	-8621	0	860415	0	0	862100	862100	0	842.992	842.992	0.000000	+0.000843	+0.000843
gov_staker_remaining_fee_accumulator_filetest.gno	Remaining gov fee accumulator repeat-1000 claim-263	execution-segment-repricing	10537615	11380607	842992	-8621	-8621	0	860415	0	0	862100	862100	0	842.992	842.992	0.000000	+0.000843	+0.000843
gov_staker_remaining_fee_accumulator_filetest.gno	Remaining gov fee accumulator repeat-1000 claim-264	execution-segment-repricing	10541397	11384389	842992	-8621	-8621	0	860415	0	0	862100	862100	0	842.992	842.992	0.000000	+0.000843	+0.000843
gov_staker_remaining_fee_accumulator_filetest.gno	Remaining gov fee accumulator repeat-1000 claim-265	execution-segment-repricing	10538102	11381094	842992	-8621	-8621	0	860415	0	0	862100	862100	0	842.992	842.992	0.000000	+0.000843	+0.000843
gov_staker_remaining_fee_accumulator_filetest.gno	Remaining gov fee accumulator repeat-1000 claim-266	execution-segment-repricing	10537615	11380607	842992	-8621	-8621	0	860415	0	0	862100	862100	0	842.992	842.992	0.000000	+0.000843	+0.000843
gov_staker_remaining_fee_accumulator_filetest.gno	Remaining gov fee accumulator repeat-1000 claim-267	execution-segment-repricing	10537615	11380607	842992	-8621	-8621	0	860415	0	0	862100	862100	0	842.992	842.992	0.000000	+0.000843	+0.000843
gov_staker_remaining_fee_accumulator_filetest.gno	Remaining gov fee accumulator repeat-1000 claim-268	execution-segment-repricing	10537128	11380120	842992	-8621	-8621	0	860415	0	0	862100	862100	0	842.992	842.992	0.000000	+0.000843	+0.000843
gov_staker_remaining_fee_accumulator_filetest.gno	Remaining gov fee accumulator repeat-1000 claim-269	execution-segment-repricing	10540910	11383902	842992	-8621	-8621	0	860415	0	0	862100	862100	0	842.992	842.992	0.000000	+0.000843	+0.000843
gov_staker_remaining_fee_accumulator_filetest.gno	Remaining gov fee accumulator repeat-1000 claim-270	execution-segment-repricing	10537615	11380607	842992	-8621	-8621	0	860415	0	0	862100	862100	0	842.992	842.992	0.000000	+0.000843	+0.000843
gov_staker_remaining_fee_accumulator_filetest.gno	Remaining gov fee accumulator repeat-1000 claim-271	execution-segment-repricing	10537615	11380607	842992	-8621	-8621	0	860415	0	0	862100	862100	0	842.992	842.992	0.000000	+0.000843	+0.000843
gov_staker_remaining_fee_accumulator_filetest.gno	Remaining gov fee accumulator repeat-1000 claim-272	execution-segment-repricing	10538102	11381094	842992	-8621	-8621	0	860415	0	0	862100	862100	0	842.992	842.992	0.000000	+0.000843	+0.000843
gov_staker_remaining_fee_accumulator_filetest.gno	Remaining gov fee accumulator repeat-1000 claim-273	execution-segment-repricing	10537615	11380607	842992	-8621	-8621	0	860415	0	0	862100	862100	0	842.992	842.992	0.000000	+0.000843	+0.000843
gov_staker_remaining_fee_accumulator_filetest.gno	Remaining gov fee accumulator repeat-1000 claim-274	execution-segment-repricing	10541397	11384389	842992	-8621	-8621	0	860415	0	0	862100	862100	0	842.992	842.992	0.000000	+0.000843	+0.000843
gov_staker_remaining_fee_accumulator_filetest.gno	Remaining gov fee accumulator repeat-1000 claim-275	execution-segment-repricing	10540910	11383902	842992	-8621	-8621	0	860415	0	0	862100	862100	0	842.992	842.992	0.000000	+0.000843	+0.000843
gov_staker_remaining_fee_accumulator_filetest.gno	Remaining gov fee accumulator repeat-1000 claim-276	execution-segment-repricing	10540910	11383902	842992	-8621	-8621	0	860415	0	0	862100	862100	0	842.992	842.992	0.000000	+0.000843	+0.000843
gov_staker_remaining_fee_accumulator_filetest.gno	Remaining gov fee accumulator repeat-1000 claim-277	execution-segment-repricing	10541397	11384389	842992	-8621	-8621	0	860415	0	0	862100	862100	0	842.992	842.992	0.000000	+0.000843	+0.000843
gov_staker_remaining_fee_accumulator_filetest.gno	Remaining gov fee accumulator repeat-1000 claim-278	execution-segment-repricing	10540910	11383902	842992	-8621	-8621	0	860415	0	0	862100	862100	0	842.992	842.992	0.000000	+0.000843	+0.000843
gov_staker_remaining_fee_accumulator_filetest.gno	Remaining gov fee accumulator repeat-1000 claim-279	execution-segment-repricing	10541397	11384389	842992	-8621	-8621	0	860415	0	0	862100	862100	0	842.992	842.992	0.000000	+0.000843	+0.000843
gov_staker_remaining_fee_accumulator_filetest.gno	Remaining gov fee accumulator repeat-1000 claim-280	execution-segment-repricing	10540910	11383902	842992	-8621	-8621	0	860415	0	0	862100	862100	0	842.992	842.992	0.000000	+0.000843	+0.000843
gov_staker_remaining_fee_accumulator_filetest.gno	Remaining gov fee accumulator repeat-1000 claim-281	execution-segment-repricing	10540910	11383902	842992	-8621	-8621	0	860415	0	0	862100	862100	0	842.992	842.992	0.000000	+0.000843	+0.000843
gov_staker_remaining_fee_accumulator_filetest.gno	Remaining gov fee accumulator repeat-1000 claim-282	execution-segment-repricing	10541397	11384389	842992	-8621	-8621	0	860415	0	0	862100	862100	0	842.992	842.992	0.000000	+0.000843	+0.000843
gov_staker_remaining_fee_accumulator_filetest.gno	Remaining gov fee accumulator repeat-1000 claim-283	execution-segment-repricing	10541397	11384389	842992	-8621	-8621	0	860415	0	0	862100	862100	0	842.992	842.992	0.000000	+0.000843	+0.000843
gov_staker_remaining_fee_accumulator_filetest.gno	Remaining gov fee accumulator repeat-1000 claim-284	execution-segment-repricing	10541884	11384876	842992	-8621	-8621	0	860415	0	0	862100	862100	0	842.992	842.992	0.000000	+0.000843	+0.000843
gov_staker_remaining_fee_accumulator_filetest.gno	Remaining gov fee accumulator repeat-1000 claim-285	execution-segment-repricing	10541397	11384389	842992	-8621	-8621	0	860415	0	0	862100	862100	0	842.992	842.992	0.000000	+0.000843	+0.000843
gov_staker_remaining_fee_accumulator_filetest.gno	Remaining gov fee accumulator repeat-1000 claim-286	execution-segment-repricing	10540910	11383902	842992	-8621	-8621	0	860415	0	0	862100	862100	0	842.992	842.992	0.000000	+0.000843	+0.000843
gov_staker_remaining_fee_accumulator_filetest.gno	Remaining gov fee accumulator repeat-1000 claim-287	execution-segment-repricing	10540910	11383902	842992	-8621	-8621	0	860415	0	0	862100	862100	0	842.992	842.992	0.000000	+0.000843	+0.000843
gov_staker_remaining_fee_accumulator_filetest.gno	Remaining gov fee accumulator repeat-1000 claim-288	execution-segment-repricing	10540423	11383415	842992	-8621	-8621	0	860415	0	0	862100	862100	0	842.992	842.992	0.000000	+0.000843	+0.000843
gov_staker_remaining_fee_accumulator_filetest.gno	Remaining gov fee accumulator repeat-1000 claim-289	execution-segment-repricing	10540910	11383902	842992	-8621	-8621	0	860415	0	0	862100	862100	0	842.992	842.992	0.000000	+0.000843	+0.000843
gov_staker_remaining_fee_accumulator_filetest.gno	Remaining gov fee accumulator repeat-1000 claim-290	execution-segment-repricing	10541397	11384389	842992	-8621	-8621	0	860415	0	0	862100	862100	0	842.992	842.992	0.000000	+0.000843	+0.000843
gov_staker_remaining_fee_accumulator_filetest.gno	Remaining gov fee accumulator repeat-1000 claim-291	execution-segment-repricing	10536061	11379053	842992	-8621	-8621	0	860415	0	0	862100	862100	0	842.992	842.992	0.000000	+0.000843	+0.000843
gov_staker_remaining_fee_accumulator_filetest.gno	Remaining gov fee accumulator repeat-1000 claim-292	execution-segment-repricing	10536548	11379540	842992	-8621	-8621	0	860415	0	0	862100	862100	0	842.992	842.992	0.000000	+0.000843	+0.000843
gov_staker_remaining_fee_accumulator_filetest.gno	Remaining gov fee accumulator repeat-1000 claim-293	execution-segment-repricing	10536061	11379053	842992	-8621	-8621	0	860415	0	0	862100	862100	0	842.992	842.992	0.000000	+0.000843	+0.000843
gov_staker_remaining_fee_accumulator_filetest.gno	Remaining gov fee accumulator repeat-1000 claim-294	execution-segment-repricing	10532279	11375271	842992	-8621	-8621	0	860415	0	0	862100	862100	0	842.992	842.992	0.000000	+0.000843	+0.000843
gov_staker_remaining_fee_accumulator_filetest.gno	Remaining gov fee accumulator repeat-1000 claim-295	execution-segment-repricing	10537128	11380120	842992	-8621	-8621	0	860415	0	0	862100	862100	0	842.992	842.992	0.000000	+0.000843	+0.000843
gov_staker_remaining_fee_accumulator_filetest.gno	Remaining gov fee accumulator repeat-1000 claim-296	execution-segment-repricing	10537128	11380120	842992	-8621	-8621	0	860415	0	0	862100	862100	0	842.992	842.992	0.000000	+0.000843	+0.000843
gov_staker_remaining_fee_accumulator_filetest.gno	Remaining gov fee accumulator repeat-1000 claim-297	execution-segment-repricing	10534320	11377312	842992	-8621	-8621	0	860415	0	0	862100	862100	0	842.992	842.992	0.000000	+0.000843	+0.000843
gov_staker_remaining_fee_accumulator_filetest.gno	Remaining gov fee accumulator repeat-1000 claim-298	execution-segment-repricing	10537615	11380607	842992	-8621	-8621	0	860415	0	0	862100	862100	0	842.992	842.992	0.000000	+0.000843	+0.000843
gov_staker_remaining_fee_accumulator_filetest.gno	Remaining gov fee accumulator repeat-1000 claim-299	execution-segment-repricing	10538102	11381094	842992	-8621	-8621	0	860415	0	0	862100	862100	0	842.992	842.992	0.000000	+0.000843	+0.000843
gov_staker_remaining_fee_accumulator_filetest.gno	Remaining gov fee accumulator repeat-1000 claim-300	execution-segment-repricing	10533833	11376825	842992	-8621	-8621	0	860415	0	0	862100	862100	0	842.992	842.992	0.000000	+0.000843	+0.000843
gov_staker_remaining_fee_accumulator_filetest.gno	Remaining gov fee accumulator repeat-1000 claim-301	execution-segment-repricing	10537128	11380120	842992	-8621	-8621	0	860415	0	0	862100	862100	0	842.992	842.992	0.000000	+0.000843	+0.000843
gov_staker_remaining_fee_accumulator_filetest.gno	Remaining gov fee accumulator repeat-1000 claim-302	execution-segment-repricing	10537615	11380607	842992	-8621	-8621	0	860415	0	0	862100	862100	0	842.992	842.992	0.000000	+0.000843	+0.000843
gov_staker_remaining_fee_accumulator_filetest.gno	Remaining gov fee accumulator repeat-1000 claim-303	execution-segment-repricing	10534320	11377312	842992	-8621	-8621	0	860415	0	0	862100	862100	0	842.992	842.992	0.000000	+0.000843	+0.000843
gov_staker_remaining_fee_accumulator_filetest.gno	Remaining gov fee accumulator repeat-1000 claim-304	execution-segment-repricing	10538589	11381581	842992	-8621	-8621	0	860415	0	0	862100	862100	0	842.992	842.992	0.000000	+0.000843	+0.000843
gov_staker_remaining_fee_accumulator_filetest.gno	Remaining gov fee accumulator repeat-1000 claim-305	execution-segment-repricing	10538102	11381094	842992	-8621	-8621	0	860415	0	0	862100	862100	0	842.992	842.992	0.000000	+0.000843	+0.000843
gov_staker_remaining_fee_accumulator_filetest.gno	Remaining gov fee accumulator repeat-1000 claim-306	execution-segment-repricing	10534320	11377312	842992	-8621	-8621	0	860415	0	0	862100	862100	0	842.992	842.992	0.000000	+0.000843	+0.000843
gov_staker_remaining_fee_accumulator_filetest.gno	Remaining gov fee accumulator repeat-1000 claim-307	execution-segment-repricing	10537615	11380607	842992	-8621	-8621	0	860415	0	0	862100	862100	0	842.992	842.992	0.000000	+0.000843	+0.000843
gov_staker_remaining_fee_accumulator_filetest.gno	Remaining gov fee accumulator repeat-1000 claim-308	execution-segment-repricing	10537615	11380607	842992	-8621	-8621	0	860415	0	0	862100	862100	0	842.992	842.992	0.000000	+0.000843	+0.000843
gov_staker_remaining_fee_accumulator_filetest.gno	Remaining gov fee accumulator repeat-1000 claim-309	execution-segment-repricing	10534807	11377799	842992	-8621	-8621	0	860415	0	0	862100	862100	0	842.992	842.992	0.000000	+0.000843	+0.000843
gov_staker_remaining_fee_accumulator_filetest.gno	Remaining gov fee accumulator repeat-1000 claim-310	execution-segment-repricing	10538102	11381094	842992	-8621	-8621	0	860415	0	0	862100	862100	0	842.992	842.992	0.000000	+0.000843	+0.000843
gov_staker_remaining_fee_accumulator_filetest.gno	Remaining gov fee accumulator repeat-1000 claim-311	execution-segment-repricing	10537615	11380607	842992	-8621	-8621	0	860415	0	0	862100	862100	0	842.992	842.992	0.000000	+0.000843	+0.000843
gov_staker_remaining_fee_accumulator_filetest.gno	Remaining gov fee accumulator repeat-1000 claim-312	execution-segment-repricing	10528984	11371976	842992	-8621	-8621	0	860415	0	0	862100	862100	0	842.992	842.992	0.000000	+0.000843	+0.000843
gov_staker_remaining_fee_accumulator_filetest.gno	Remaining gov fee accumulator repeat-1000 claim-313	execution-segment-repricing	10531792	11374784	842992	-8621	-8621	0	860415	0	0	862100	862100	0	842.992	842.992	0.000000	+0.000843	+0.000843
gov_staker_remaining_fee_accumulator_filetest.gno	Remaining gov fee accumulator repeat-1000 claim-314	execution-segment-repricing	10532279	11375271	842992	-8621	-8621	0	860415	0	0	862100	862100	0	842.992	842.992	0.000000	+0.000843	+0.000843
gov_staker_remaining_fee_accumulator_filetest.gno	Remaining gov fee accumulator repeat-1000 claim-315	execution-segment-repricing	10532766	11375758	842992	-8621	-8621	0	860415	0	0	862100	862100	0	842.992	842.992	0.000000	+0.000843	+0.000843
gov_staker_remaining_fee_accumulator_filetest.gno	Remaining gov fee accumulator repeat-1000 claim-316	execution-segment-repricing	10541397	11384389	842992	-8621	-8621	0	860415	0	0	862100	862100	0	842.992	842.992	0.000000	+0.000843	+0.000843
gov_staker_remaining_fee_accumulator_filetest.gno	Remaining gov fee accumulator repeat-1000 claim-317	execution-segment-repricing	10538102	11381094	842992	-8621	-8621	0	860415	0	0	862100	862100	0	842.992	842.992	0.000000	+0.000843	+0.000843
gov_staker_remaining_fee_accumulator_filetest.gno	Remaining gov fee accumulator repeat-1000 claim-318	execution-segment-repricing	10537128	11380120	842992	-8621	-8621	0	860415	0	0	862100	862100	0	842.992	842.992	0.000000	+0.000843	+0.000843
gov_staker_remaining_fee_accumulator_filetest.gno	Remaining gov fee accumulator repeat-1000 claim-319	execution-segment-repricing	10537128	11380120	842992	-8621	-8621	0	860415	0	0	862100	862100	0	842.992	842.992	0.000000	+0.000843	+0.000843
gov_staker_remaining_fee_accumulator_filetest.gno	Remaining gov fee accumulator repeat-1000 claim-320	execution-segment-repricing	10536641	11379633	842992	-8621	-8621	0	860415	0	0	862100	862100	0	842.992	842.992	0.000000	+0.000843	+0.000843
gov_staker_remaining_fee_accumulator_filetest.gno	Remaining gov fee accumulator repeat-1000 claim-321	execution-segment-repricing	10540423	11383415	842992	-8621	-8621	0	860415	0	0	862100	862100	0	842.992	842.992	0.000000	+0.000843	+0.000843
gov_staker_remaining_fee_accumulator_filetest.gno	Remaining gov fee accumulator repeat-1000 claim-322	execution-segment-repricing	10537615	11380607	842992	-8621	-8621	0	860415	0	0	862100	862100	0	842.992	842.992	0.000000	+0.000843	+0.000843
gov_staker_remaining_fee_accumulator_filetest.gno	Remaining gov fee accumulator repeat-1000 claim-323	execution-segment-repricing	10537128	11380120	842992	-8621	-8621	0	860415	0	0	862100	862100	0	842.992	842.992	0.000000	+0.000843	+0.000843
gov_staker_remaining_fee_accumulator_filetest.gno	Remaining gov fee accumulator repeat-1000 claim-324	execution-segment-repricing	10537128	11380120	842992	-8621	-8621	0	860415	0	0	862100	862100	0	842.992	842.992	0.000000	+0.000843	+0.000843
gov_staker_remaining_fee_accumulator_filetest.gno	Remaining gov fee accumulator repeat-1000 claim-325	execution-segment-repricing	10536641	11379633	842992	-8621	-8621	0	860415	0	0	862100	862100	0	842.992	842.992	0.000000	+0.000843	+0.000843
gov_staker_remaining_fee_accumulator_filetest.gno	Remaining gov fee accumulator repeat-1000 claim-326	execution-segment-repricing	10540423	11383415	842992	-8621	-8621	0	860415	0	0	862100	862100	0	842.992	842.992	0.000000	+0.000843	+0.000843
gov_staker_remaining_fee_accumulator_filetest.gno	Remaining gov fee accumulator repeat-1000 claim-327	execution-segment-repricing	10537128	11380120	842992	-8621	-8621	0	860415	0	0	862100	862100	0	842.992	842.992	0.000000	+0.000843	+0.000843
gov_staker_remaining_fee_accumulator_filetest.gno	Remaining gov fee accumulator repeat-1000 claim-328	execution-segment-repricing	10537615	11380607	842992	-8621	-8621	0	860415	0	0	862100	862100	0	842.992	842.992	0.000000	+0.000843	+0.000843
gov_staker_remaining_fee_accumulator_filetest.gno	Remaining gov fee accumulator repeat-1000 claim-329	execution-segment-repricing	10538102	11381094	842992	-8621	-8621	0	860415	0	0	862100	862100	0	842.992	842.992	0.000000	+0.000843	+0.000843
gov_staker_remaining_fee_accumulator_filetest.gno	Remaining gov fee accumulator repeat-1000 claim-330	execution-segment-repricing	10537615	11380607	842992	-8621	-8621	0	860415	0	0	862100	862100	0	842.992	842.992	0.000000	+0.000843	+0.000843
gov_staker_remaining_fee_accumulator_filetest.gno	Remaining gov fee accumulator repeat-1000 claim-331	execution-segment-repricing	10541397	11384389	842992	-8621	-8621	0	860415	0	0	862100	862100	0	842.992	842.992	0.000000	+0.000843	+0.000843
gov_staker_remaining_fee_accumulator_filetest.gno	Remaining gov fee accumulator repeat-1000 claim-332	execution-segment-repricing	10537615	11380607	842992	-8621	-8621	0	860415	0	0	862100	862100	0	842.992	842.992	0.000000	+0.000843	+0.000843
gov_staker_remaining_fee_accumulator_filetest.gno	Remaining gov fee accumulator repeat-1000 claim-333	execution-segment-repricing	10537615	11380607	842992	-8621	-8621	0	860415	0	0	862100	862100	0	842.992	842.992	0.000000	+0.000843	+0.000843
gov_staker_remaining_fee_accumulator_filetest.gno	Remaining gov fee accumulator repeat-1000 claim-334	execution-segment-repricing	10538102	11381094	842992	-8621	-8621	0	860415	0	0	862100	862100	0	842.992	842.992	0.000000	+0.000843	+0.000843
gov_staker_remaining_fee_accumulator_filetest.gno	Remaining gov fee accumulator repeat-1000 claim-335	execution-segment-repricing	10538102	11381094	842992	-8621	-8621	0	860415	0	0	862100	862100	0	842.992	842.992	0.000000	+0.000843	+0.000843
gov_staker_remaining_fee_accumulator_filetest.gno	Remaining gov fee accumulator repeat-1000 claim-336	execution-segment-repricing	10541397	11384389	842992	-8621	-8621	0	860415	0	0	862100	862100	0	842.992	842.992	0.000000	+0.000843	+0.000843
gov_staker_remaining_fee_accumulator_filetest.gno	Remaining gov fee accumulator repeat-1000 claim-337	execution-segment-repricing	10537615	11380607	842992	-8621	-8621	0	860415	0	0	862100	862100	0	842.992	842.992	0.000000	+0.000843	+0.000843
gov_staker_remaining_fee_accumulator_filetest.gno	Remaining gov fee accumulator repeat-1000 claim-338	execution-segment-repricing	10537128	11380120	842992	-8621	-8621	0	860415	0	0	862100	862100	0	842.992	842.992	0.000000	+0.000843	+0.000843
gov_staker_remaining_fee_accumulator_filetest.gno	Remaining gov fee accumulator repeat-1000 claim-339	execution-segment-repricing	10537140	11380132	842992	-8618	-8618	0	860415	0	0	861800	861800	0	842.992	842.992	0.000000	+0.000843	+0.000843
gov_staker_remaining_fee_accumulator_filetest.gno	Remaining gov fee accumulator repeat-1000 claim-340	execution-segment-repricing	10537642	11380634	842992	-8618	-8618	0	860415	0	0	861800	861800	0	842.992	842.992	0.000000	+0.000843	+0.000843
gov_staker_remaining_fee_accumulator_filetest.gno	Remaining gov fee accumulator repeat-1000 claim-341	execution-segment-repricing	10541439	11384431	842992	-8618	-8618	0	860415	0	0	861800	861800	0	842.992	842.992	0.000000	+0.000843	+0.000843
gov_staker_remaining_fee_accumulator_filetest.gno	Remaining gov fee accumulator repeat-1000 claim-342	execution-segment-repricing	10538646	11381638	842992	-8618	-8618	0	860415	0	0	861800	861800	0	842.992	842.992	0.000000	+0.000843	+0.000843
gov_staker_remaining_fee_accumulator_filetest.gno	Remaining gov fee accumulator repeat-1000 claim-343	execution-segment-repricing	10538162	11381154	842992	-8621	-8621	0	860415	0	0	862100	862100	0	842.992	842.992	0.000000	+0.000843	+0.000843
gov_staker_remaining_fee_accumulator_filetest.gno	Remaining gov fee accumulator repeat-1000 claim-344	execution-segment-repricing	10538162	11381154	842992	-8621	-8621	0	860415	0	0	862100	862100	0	842.992	842.992	0.000000	+0.000843	+0.000843
gov_staker_remaining_fee_accumulator_filetest.gno	Remaining gov fee accumulator repeat-1000 claim-345	execution-segment-repricing	10537675	11380667	842992	-8621	-8621	0	860415	0	0	862100	862100	0	842.992	842.992	0.000000	+0.000843	+0.000843
gov_staker_remaining_fee_accumulator_filetest.gno	Remaining gov fee accumulator repeat-1000 claim-346	execution-segment-repricing	10540970	11383962	842992	-8621	-8621	0	860415	0	0	862100	862100	0	842.992	842.992	0.000000	+0.000843	+0.000843
gov_staker_remaining_fee_accumulator_filetest.gno	Remaining gov fee accumulator repeat-1000 claim-347	execution-segment-repricing	10540970	11383962	842992	-8621	-8621	0	860415	0	0	862100	862100	0	842.992	842.992	0.000000	+0.000843	+0.000843
gov_staker_remaining_fee_accumulator_filetest.gno	Remaining gov fee accumulator repeat-1000 claim-348	execution-segment-repricing	10540970	11383962	842992	-8621	-8621	0	860415	0	0	862100	862100	0	842.992	842.992	0.000000	+0.000843	+0.000843
gov_staker_remaining_fee_accumulator_filetest.gno	Remaining gov fee accumulator repeat-1000 claim-349	execution-segment-repricing	10541457	11384449	842992	-8621	-8621	0	860415	0	0	862100	862100	0	842.992	842.992	0.000000	+0.000843	+0.000843
gov_staker_remaining_fee_accumulator_filetest.gno	Remaining gov fee accumulator repeat-1000 claim-350	execution-segment-repricing	10540970	11383962	842992	-8621	-8621	0	860415	0	0	862100	862100	0	842.992	842.992	0.000000	+0.000843	+0.000843
gov_staker_remaining_fee_accumulator_filetest.gno	Remaining gov fee accumulator repeat-1000 claim-351	execution-segment-repricing	10541457	11384449	842992	-8621	-8621	0	860415	0	0	862100	862100	0	842.992	842.992	0.000000	+0.000843	+0.000843
gov_staker_remaining_fee_accumulator_filetest.gno	Remaining gov fee accumulator repeat-1000 claim-352	execution-segment-repricing	10540970	11383962	842992	-8621	-8621	0	860415	0	0	862100	862100	0	842.992	842.992	0.000000	+0.000843	+0.000843
gov_staker_remaining_fee_accumulator_filetest.gno	Remaining gov fee accumulator repeat-1000 claim-353	execution-segment-repricing	10540970	11383962	842992	-8621	-8621	0	860415	0	0	862100	862100	0	842.992	842.992	0.000000	+0.000843	+0.000843
gov_staker_remaining_fee_accumulator_filetest.gno	Remaining gov fee accumulator repeat-1000 claim-354	execution-segment-repricing	10541457	11384449	842992	-8621	-8621	0	860415	0	0	862100	862100	0	842.992	842.992	0.000000	+0.000843	+0.000843
gov_staker_remaining_fee_accumulator_filetest.gno	Remaining gov fee accumulator repeat-1000 claim-355	execution-segment-repricing	10540970	11383962	842992	-8621	-8621	0	860415	0	0	862100	862100	0	842.992	842.992	0.000000	+0.000843	+0.000843
gov_staker_remaining_fee_accumulator_filetest.gno	Remaining gov fee accumulator repeat-1000 claim-356	execution-segment-repricing	10541457	11384449	842992	-8621	-8621	0	860415	0	0	862100	862100	0	842.992	842.992	0.000000	+0.000843	+0.000843
gov_staker_remaining_fee_accumulator_filetest.gno	Remaining gov fee accumulator repeat-1000 claim-357	execution-segment-repricing	10540970	11383962	842992	-8621	-8621	0	860415	0	0	862100	862100	0	842.992	842.992	0.000000	+0.000843	+0.000843
gov_staker_remaining_fee_accumulator_filetest.gno	Remaining gov fee accumulator repeat-1000 claim-358	execution-segment-repricing	10540970	11383962	842992	-8621	-8621	0	860415	0	0	862100	862100	0	842.992	842.992	0.000000	+0.000843	+0.000843
gov_staker_remaining_fee_accumulator_filetest.gno	Remaining gov fee accumulator repeat-1000 claim-359	execution-segment-repricing	10541457	11384449	842992	-8621	-8621	0	860415	0	0	862100	862100	0	842.992	842.992	0.000000	+0.000843	+0.000843
gov_staker_remaining_fee_accumulator_filetest.gno	Remaining gov fee accumulator repeat-1000 claim-360	execution-segment-repricing	10541457	11384449	842992	-8621	-8621	0	860415	0	0	862100	862100	0	842.992	842.992	0.000000	+0.000843	+0.000843
gov_staker_remaining_fee_accumulator_filetest.gno	Remaining gov fee accumulator repeat-1000 claim-361	execution-segment-repricing	10541944	11384936	842992	-8621	-8621	0	860415	0	0	862100	862100	0	842.992	842.992	0.000000	+0.000843	+0.000843
gov_staker_remaining_fee_accumulator_filetest.gno	Remaining gov fee accumulator repeat-1000 claim-362	execution-segment-repricing	10541457	11384449	842992	-8621	-8621	0	860415	0	0	862100	862100	0	842.992	842.992	0.000000	+0.000843	+0.000843
gov_staker_remaining_fee_accumulator_filetest.gno	Remaining gov fee accumulator repeat-1000 claim-363	execution-segment-repricing	10540970	11383962	842992	-8621	-8621	0	860415	0	0	862100	862100	0	842.992	842.992	0.000000	+0.000843	+0.000843
gov_staker_remaining_fee_accumulator_filetest.gno	Remaining gov fee accumulator repeat-1000 claim-364	execution-segment-repricing	10540970	11383962	842992	-8621	-8621	0	860415	0	0	862100	862100	0	842.992	842.992	0.000000	+0.000843	+0.000843
gov_staker_remaining_fee_accumulator_filetest.gno	Remaining gov fee accumulator repeat-1000 claim-365	execution-segment-repricing	10540483	11383475	842992	-8621	-8621	0	860415	0	0	862100	862100	0	842.992	842.992	0.000000	+0.000843	+0.000843
gov_staker_remaining_fee_accumulator_filetest.gno	Remaining gov fee accumulator repeat-1000 claim-366	execution-segment-repricing	10540970	11383962	842992	-8621	-8621	0	860415	0	0	862100	862100	0	842.992	842.992	0.000000	+0.000843	+0.000843
gov_staker_remaining_fee_accumulator_filetest.gno	Remaining gov fee accumulator repeat-1000 claim-367	execution-segment-repricing	10541457	11384449	842992	-8621	-8621	0	860415	0	0	862100	862100	0	842.992	842.992	0.000000	+0.000843	+0.000843
gov_staker_remaining_fee_accumulator_filetest.gno	Remaining gov fee accumulator repeat-1000 claim-368	execution-segment-repricing	10540970	11383962	842992	-8621	-8621	0	860415	0	0	862100	862100	0	842.992	842.992	0.000000	+0.000843	+0.000843
gov_staker_remaining_fee_accumulator_filetest.gno	Remaining gov fee accumulator repeat-1000 claim-369	execution-segment-repricing	10541457	11384449	842992	-8621	-8621	0	860415	0	0	862100	862100	0	842.992	842.992	0.000000	+0.000843	+0.000843
gov_staker_remaining_fee_accumulator_filetest.gno	Remaining gov fee accumulator repeat-1000 claim-370	execution-segment-repricing	10540970	11383962	842992	-8621	-8621	0	860415	0	0	862100	862100	0	842.992	842.992	0.000000	+0.000843	+0.000843
gov_staker_remaining_fee_accumulator_filetest.gno	Remaining gov fee accumulator repeat-1000 claim-371	execution-segment-repricing	10536121	11379113	842992	-8621	-8621	0	860415	0	0	862100	862100	0	842.992	842.992	0.000000	+0.000843	+0.000843
gov_staker_remaining_fee_accumulator_filetest.gno	Remaining gov fee accumulator repeat-1000 claim-372	execution-segment-repricing	10536121	11379113	842992	-8621	-8621	0	860415	0	0	862100	862100	0	842.992	842.992	0.000000	+0.000843	+0.000843
gov_staker_remaining_fee_accumulator_filetest.gno	Remaining gov fee accumulator repeat-1000 claim-373	execution-segment-repricing	10536121	11379113	842992	-8621	-8621	0	860415	0	0	862100	862100	0	842.992	842.992	0.000000	+0.000843	+0.000843
gov_staker_remaining_fee_accumulator_filetest.gno	Remaining gov fee accumulator repeat-1000 claim-374	execution-segment-repricing	10533313	11376305	842992	-8621	-8621	0	860415	0	0	862100	862100	0	842.992	842.992	0.000000	+0.000843	+0.000843
gov_staker_remaining_fee_accumulator_filetest.gno	Remaining gov fee accumulator repeat-1000 claim-375	execution-segment-repricing	10537675	11380667	842992	-8621	-8621	0	860415	0	0	862100	862100	0	842.992	842.992	0.000000	+0.000843	+0.000843
gov_staker_remaining_fee_accumulator_filetest.gno	Remaining gov fee accumulator repeat-1000 claim-376	execution-segment-repricing	10538162	11381154	842992	-8621	-8621	0	860415	0	0	862100	862100	0	842.992	842.992	0.000000	+0.000843	+0.000843
gov_staker_remaining_fee_accumulator_filetest.gno	Remaining gov fee accumulator repeat-1000 claim-377	execution-segment-repricing	10533893	11376885	842992	-8621	-8621	0	860415	0	0	862100	862100	0	842.992	842.992	0.000000	+0.000843	+0.000843
gov_staker_remaining_fee_accumulator_filetest.gno	Remaining gov fee accumulator repeat-1000 claim-378	execution-segment-repricing	10537404	11380180	842776	-8571	-8621	-50	860415	5000	0	862100	862100	-5000	842.776	-4157.224	-0.005000	+0.000843	-0.004157
gov_staker_remaining_fee_accumulator_filetest.gno	Remaining gov fee accumulator repeat-1000 claim-379	execution-segment-repricing	10537927	11380667	842740	-8621	-8621	0	860415	0	0	862100	862100	0	842.74	842.74	0.000000	+0.000843	+0.000843
gov_staker_remaining_fee_accumulator_filetest.gno	Remaining gov fee accumulator repeat-1000 claim-380	execution-segment-repricing	10534632	11377372	842740	-8621	-8621	0	860415	0	0	862100	862100	0	842.74	842.74	0.000000	+0.000843	+0.000843
gov_staker_remaining_fee_accumulator_filetest.gno	Remaining gov fee accumulator repeat-1000 claim-381	execution-segment-repricing	10538414	11381154	842740	-8621	-8621	0	860415	0	0	862100	862100	0	842.74	842.74	0.000000	+0.000843	+0.000843
gov_staker_remaining_fee_accumulator_filetest.gno	Remaining gov fee accumulator repeat-1000 claim-382	execution-segment-repricing	10537927	11380667	842740	-8621	-8621	0	860415	0	0	862100	862100	0	842.74	842.74	0.000000	+0.000843	+0.000843
gov_staker_remaining_fee_accumulator_filetest.gno	Remaining gov fee accumulator repeat-1000 claim-383	execution-segment-repricing	10534145	11376885	842740	-8621	-8621	0	860415	0	0	862100	862100	0	842.74	842.74	0.000000	+0.000843	+0.000843
gov_staker_remaining_fee_accumulator_filetest.gno	Remaining gov fee accumulator repeat-1000 claim-384	execution-segment-repricing	10532591	11375331	842740	-8621	-8621	0	860415	0	0	862100	862100	0	842.74	842.74	0.000000	+0.000843	+0.000843
gov_staker_remaining_fee_accumulator_filetest.gno	Remaining gov fee accumulator repeat-1000 claim-385	execution-segment-repricing	10533078	11375818	842740	-8621	-8621	0	860415	0	0	862100	862100	0	842.74	842.74	0.000000	+0.000843	+0.000843
gov_staker_remaining_fee_accumulator_filetest.gno	Remaining gov fee accumulator repeat-1000 claim-386	execution-segment-repricing	10530270	11373010	842740	-8621	-8621	0	860415	0	0	862100	862100	0	842.74	842.74	0.000000	+0.000843	+0.000843
gov_staker_remaining_fee_accumulator_filetest.gno	Remaining gov fee accumulator repeat-1000 claim-387	execution-segment-repricing	10534052	11376792	842740	-8621	-8621	0	860415	0	0	862100	862100	0	842.74	842.74	0.000000	+0.000843	+0.000843
gov_staker_remaining_fee_accumulator_filetest.gno	Remaining gov fee accumulator repeat-1000 claim-388	execution-segment-repricing	10538414	11381154	842740	-8621	-8621	0	860415	0	0	862100	862100	0	842.74	842.74	0.000000	+0.000843	+0.000843
gov_staker_remaining_fee_accumulator_filetest.gno	Remaining gov fee accumulator repeat-1000 claim-389	execution-segment-repricing	10530850	11373590	842740	-8621	-8621	0	860415	0	0	862100	862100	0	842.74	842.74	0.000000	+0.000843	+0.000843
gov_staker_remaining_fee_accumulator_filetest.gno	Remaining gov fee accumulator repeat-1000 claim-390	execution-segment-repricing	10533658	11376398	842740	-8621	-8621	0	860415	0	0	862100	862100	0	842.74	842.74	0.000000	+0.000843	+0.000843
gov_staker_remaining_fee_accumulator_filetest.gno	Remaining gov fee accumulator repeat-1000 claim-391	execution-segment-repricing	10533658	11376398	842740	-8621	-8621	0	860415	0	0	862100	862100	0	842.74	842.74	0.000000	+0.000843	+0.000843
gov_staker_remaining_fee_accumulator_filetest.gno	Remaining gov fee accumulator repeat-1000 claim-392	execution-segment-repricing	10530850	11373590	842740	-8621	-8621	0	860415	0	0	862100	862100	0	842.74	842.74	0.000000	+0.000843	+0.000843
gov_staker_remaining_fee_accumulator_filetest.gno	Remaining gov fee accumulator repeat-1000 claim-393	execution-segment-repricing	10538414	11381154	842740	-8621	-8621	0	860415	0	0	862100	862100	0	842.74	842.74	0.000000	+0.000843	+0.000843
gov_staker_remaining_fee_accumulator_filetest.gno	Remaining gov fee accumulator repeat-1000 claim-394	execution-segment-repricing	10535119	11377859	842740	-8621	-8621	0	860415	0	0	862100	862100	0	842.74	842.74	0.000000	+0.000843	+0.000843
gov_staker_remaining_fee_accumulator_filetest.gno	Remaining gov fee accumulator repeat-1000 claim-395	execution-segment-repricing	10534145	11376885	842740	-8621	-8621	0	860415	0	0	862100	862100	0	842.74	842.74	0.000000	+0.000843	+0.000843
gov_staker_remaining_fee_accumulator_filetest.gno	Remaining gov fee accumulator repeat-1000 claim-396	execution-segment-repricing	10537440	11380180	842740	-8621	-8621	0	860415	0	0	862100	862100	0	842.74	842.74	0.000000	+0.000843	+0.000843
gov_staker_remaining_fee_accumulator_filetest.gno	Remaining gov fee accumulator repeat-1000 claim-397	execution-segment-repricing	10536953	11379693	842740	-8621	-8621	0	860415	0	0	862100	862100	0	842.74	842.74	0.000000	+0.000843	+0.000843
gov_staker_remaining_fee_accumulator_filetest.gno	Remaining gov fee accumulator repeat-1000 claim-398	execution-segment-repricing	10540735	11383475	842740	-8621	-8621	0	860415	0	0	862100	862100	0	842.74	842.74	0.000000	+0.000843	+0.000843
gov_staker_remaining_fee_accumulator_filetest.gno	Remaining gov fee accumulator repeat-1000 claim-399	execution-segment-repricing	10537927	11380667	842740	-8621	-8621	0	860415	0	0	862100	862100	0	842.74	842.74	0.000000	+0.000843	+0.000843
gov_staker_remaining_fee_accumulator_filetest.gno	Remaining gov fee accumulator repeat-1000 claim-400	execution-segment-repricing	10537927	11380667	842740	-8621	-8621	0	860415	0	0	862100	862100	0	842.74	842.74	0.000000	+0.000843	+0.000843
gov_staker_remaining_fee_accumulator_filetest.gno	Remaining gov fee accumulator repeat-1000 claim-401	execution-segment-repricing	10537927	11380667	842740	-8621	-8621	0	860415	0	0	862100	862100	0	842.74	842.74	0.000000	+0.000843	+0.000843
gov_staker_remaining_fee_accumulator_filetest.gno	Remaining gov fee accumulator repeat-1000 claim-402	execution-segment-repricing	10537440	11380180	842740	-8621	-8621	0	860415	0	0	862100	862100	0	842.74	842.74	0.000000	+0.000843	+0.000843
gov_staker_remaining_fee_accumulator_filetest.gno	Remaining gov fee accumulator repeat-1000 claim-403	execution-segment-repricing	10541222	11383962	842740	-8621	-8621	0	860415	0	0	862100	862100	0	842.74	842.74	0.000000	+0.000843	+0.000843
gov_staker_remaining_fee_accumulator_filetest.gno	Remaining gov fee accumulator repeat-1000 claim-404	execution-segment-repricing	10537440	11380180	842740	-8621	-8621	0	860415	0	0	862100	862100	0	842.74	842.74	0.000000	+0.000843	+0.000843
gov_staker_remaining_fee_accumulator_filetest.gno	Remaining gov fee accumulator repeat-1000 claim-405	execution-segment-repricing	10537927	11380667	842740	-8621	-8621	0	860415	0	0	862100	862100	0	842.74	842.74	0.000000	+0.000843	+0.000843
gov_staker_remaining_fee_accumulator_filetest.gno	Remaining gov fee accumulator repeat-1000 claim-406	execution-segment-repricing	10538414	11381154	842740	-8621	-8621	0	860415	0	0	862100	862100	0	842.74	842.74	0.000000	+0.000843	+0.000843
gov_staker_remaining_fee_accumulator_filetest.gno	Remaining gov fee accumulator repeat-1000 claim-407	execution-segment-repricing	10537440	11380180	842740	-8621	-8621	0	860415	0	0	862100	862100	0	842.74	842.74	0.000000	+0.000843	+0.000843
gov_staker_remaining_fee_accumulator_filetest.gno	Remaining gov fee accumulator repeat-1000 claim-408	execution-segment-repricing	10541222	11383962	842740	-8621	-8621	0	860415	0	0	862100	862100	0	842.74	842.74	0.000000	+0.000843	+0.000843
gov_staker_remaining_fee_accumulator_filetest.gno	Remaining gov fee accumulator repeat-1000 claim-409	execution-segment-repricing	10537440	11380180	842740	-8621	-8621	0	860415	0	0	862100	862100	0	842.74	842.74	0.000000	+0.000843	+0.000843
gov_staker_remaining_fee_accumulator_filetest.gno	Remaining gov fee accumulator repeat-1000 claim-410	execution-segment-repricing	10537440	11380180	842740	-8621	-8621	0	860415	0	0	862100	862100	0	842.74	842.74	0.000000	+0.000843	+0.000843
gov_staker_remaining_fee_accumulator_filetest.gno	Remaining gov fee accumulator repeat-1000 claim-411	execution-segment-repricing	10538414	11381154	842740	-8621	-8621	0	860415	0	0	862100	862100	0	842.74	842.74	0.000000	+0.000843	+0.000843
gov_staker_remaining_fee_accumulator_filetest.gno	Remaining gov fee accumulator repeat-1000 claim-412	execution-segment-repricing	10538414	11381154	842740	-8621	-8621	0	860415	0	0	862100	862100	0	842.74	842.74	0.000000	+0.000843	+0.000843
gov_staker_remaining_fee_accumulator_filetest.gno	Remaining gov fee accumulator repeat-1000 claim-413	execution-segment-repricing	10541222	11383962	842740	-8621	-8621	0	860415	0	0	862100	862100	0	842.74	842.74	0.000000	+0.000843	+0.000843
gov_staker_remaining_fee_accumulator_filetest.gno	Remaining gov fee accumulator repeat-1000 claim-414	execution-segment-repricing	10537440	11380180	842740	-8621	-8621	0	860415	0	0	862100	862100	0	842.74	842.74	0.000000	+0.000843	+0.000843
gov_staker_remaining_fee_accumulator_filetest.gno	Remaining gov fee accumulator repeat-1000 claim-415	execution-segment-repricing	10536953	11379693	842740	-8621	-8621	0	860415	0	0	862100	862100	0	842.74	842.74	0.000000	+0.000843	+0.000843
gov_staker_remaining_fee_accumulator_filetest.gno	Remaining gov fee accumulator repeat-1000 claim-416	execution-segment-repricing	10536953	11379693	842740	-8621	-8621	0	860415	0	0	862100	862100	0	842.74	842.74	0.000000	+0.000843	+0.000843
gov_staker_remaining_fee_accumulator_filetest.gno	Remaining gov fee accumulator repeat-1000 claim-417	execution-segment-repricing	10537440	11380180	842740	-8621	-8621	0	860415	0	0	862100	862100	0	842.74	842.74	0.000000	+0.000843	+0.000843
gov_staker_remaining_fee_accumulator_filetest.gno	Remaining gov fee accumulator repeat-1000 claim-418	execution-segment-repricing	10541222	11383962	842740	-8621	-8621	0	860415	0	0	862100	862100	0	842.74	842.74	0.000000	+0.000843	+0.000843
gov_staker_remaining_fee_accumulator_filetest.gno	Remaining gov fee accumulator repeat-1000 claim-419	execution-segment-repricing	10541709	11384449	842740	-8621	-8621	0	860415	0	0	862100	862100	0	842.74	842.74	0.000000	+0.000843	+0.000843
gov_staker_remaining_fee_accumulator_filetest.gno	Remaining gov fee accumulator repeat-1000 claim-420	execution-segment-repricing	10541222	11383962	842740	-8621	-8621	0	860415	0	0	862100	862100	0	842.74	842.74	0.000000	+0.000843	+0.000843
gov_staker_remaining_fee_accumulator_filetest.gno	Remaining gov fee accumulator repeat-1000 claim-421	execution-segment-repricing	10541709	11384449	842740	-8621	-8621	0	860415	0	0	862100	862100	0	842.74	842.74	0.000000	+0.000843	+0.000843
gov_staker_remaining_fee_accumulator_filetest.gno	Remaining gov fee accumulator repeat-1000 claim-422	execution-segment-repricing	10541222	11383962	842740	-8621	-8621	0	860415	0	0	862100	862100	0	842.74	842.74	0.000000	+0.000843	+0.000843
gov_staker_remaining_fee_accumulator_filetest.gno	Remaining gov fee accumulator repeat-1000 claim-423	execution-segment-repricing	10541222	11383962	842740	-8621	-8621	0	860415	0	0	862100	862100	0	842.74	842.74	0.000000	+0.000843	+0.000843
gov_staker_remaining_fee_accumulator_filetest.gno	Remaining gov fee accumulator repeat-1000 claim-424	execution-segment-repricing	10541222	11383962	842740	-8621	-8621	0	860415	0	0	862100	862100	0	842.74	842.74	0.000000	+0.000843	+0.000843
gov_staker_remaining_fee_accumulator_filetest.gno	Remaining gov fee accumulator repeat-1000 claim-425	execution-segment-repricing	10541222	11383962	842740	-8621	-8621	0	860415	0	0	862100	862100	0	842.74	842.74	0.000000	+0.000843	+0.000843
gov_staker_remaining_fee_accumulator_filetest.gno	Remaining gov fee accumulator repeat-1000 claim-426	execution-segment-repricing	10541709	11384449	842740	-8621	-8621	0	860415	0	0	862100	862100	0	842.74	842.74	0.000000	+0.000843	+0.000843
gov_staker_remaining_fee_accumulator_filetest.gno	Remaining gov fee accumulator repeat-1000 claim-427	execution-segment-repricing	10541222	11383962	842740	-8621	-8621	0	860415	0	0	862100	862100	0	842.74	842.74	0.000000	+0.000843	+0.000843
gov_staker_remaining_fee_accumulator_filetest.gno	Remaining gov fee accumulator repeat-1000 claim-428	execution-segment-repricing	10541709	11384449	842740	-8621	-8621	0	860415	0	0	862100	862100	0	842.74	842.74	0.000000	+0.000843	+0.000843
gov_staker_remaining_fee_accumulator_filetest.gno	Remaining gov fee accumulator repeat-1000 claim-429	execution-segment-repricing	10541222	11383962	842740	-8621	-8621	0	860415	0	0	862100	862100	0	842.74	842.74	0.000000	+0.000843	+0.000843
gov_staker_remaining_fee_accumulator_filetest.gno	Remaining gov fee accumulator repeat-1000 claim-430	execution-segment-repricing	10541222	11383962	842740	-8621	-8621	0	860415	0	0	862100	862100	0	842.74	842.74	0.000000	+0.000843	+0.000843
gov_staker_remaining_fee_accumulator_filetest.gno	Remaining gov fee accumulator repeat-1000 claim-431	execution-segment-repricing	10541709	11384449	842740	-8621	-8621	0	860415	0	0	862100	862100	0	842.74	842.74	0.000000	+0.000843	+0.000843
gov_staker_remaining_fee_accumulator_filetest.gno	Remaining gov fee accumulator repeat-1000 claim-432	execution-segment-repricing	10541709	11384449	842740	-8621	-8621	0	860415	0	0	862100	862100	0	842.74	842.74	0.000000	+0.000843	+0.000843
gov_staker_remaining_fee_accumulator_filetest.gno	Remaining gov fee accumulator repeat-1000 claim-433	execution-segment-repricing	10542196	11384936	842740	-8621	-8621	0	860415	0	0	862100	862100	0	842.74	842.74	0.000000	+0.000843	+0.000843
gov_staker_remaining_fee_accumulator_filetest.gno	Remaining gov fee accumulator repeat-1000 claim-434	execution-segment-repricing	10541709	11384449	842740	-8621	-8621	0	860415	0	0	862100	862100	0	842.74	842.74	0.000000	+0.000843	+0.000843
gov_staker_remaining_fee_accumulator_filetest.gno	Remaining gov fee accumulator repeat-1000 claim-435	execution-segment-repricing	10541709	11384449	842740	-8621	-8621	0	860415	0	0	862100	862100	0	842.74	842.74	0.000000	+0.000843	+0.000843
gov_staker_remaining_fee_accumulator_filetest.gno	Remaining gov fee accumulator repeat-1000 claim-436	execution-segment-repricing	10541709	11384449	842740	-8621	-8621	0	860415	0	0	862100	862100	0	842.74	842.74	0.000000	+0.000843	+0.000843
gov_staker_remaining_fee_accumulator_filetest.gno	Remaining gov fee accumulator repeat-1000 claim-437	execution-segment-repricing	10541709	11384449	842740	-8621	-8621	0	860415	0	0	862100	862100	0	842.74	842.74	0.000000	+0.000843	+0.000843
gov_staker_remaining_fee_accumulator_filetest.gno	Remaining gov fee accumulator repeat-1000 claim-438	execution-segment-repricing	10542196	11384936	842740	-8621	-8621	0	860415	0	0	862100	862100	0	842.74	842.74	0.000000	+0.000843	+0.000843
gov_staker_remaining_fee_accumulator_filetest.gno	Remaining gov fee accumulator repeat-1000 claim-439	execution-segment-repricing	10541709	11384449	842740	-8621	-8621	0	860415	0	0	862100	862100	0	842.74	842.74	0.000000	+0.000843	+0.000843
gov_staker_remaining_fee_accumulator_filetest.gno	Remaining gov fee accumulator repeat-1000 claim-440	execution-segment-repricing	10541222	11383962	842740	-8621	-8621	0	860415	0	0	862100	862100	0	842.74	842.74	0.000000	+0.000843	+0.000843
gov_staker_remaining_fee_accumulator_filetest.gno	Remaining gov fee accumulator repeat-1000 claim-441	execution-segment-repricing	10541222	11383962	842740	-8621	-8621	0	860415	0	0	862100	862100	0	842.74	842.74	0.000000	+0.000843	+0.000843
gov_staker_remaining_fee_accumulator_filetest.gno	Remaining gov fee accumulator repeat-1000 claim-442	execution-segment-repricing	10540735	11383475	842740	-8621	-8621	0	860415	0	0	862100	862100	0	842.74	842.74	0.000000	+0.000843	+0.000843
gov_staker_remaining_fee_accumulator_filetest.gno	Remaining gov fee accumulator repeat-1000 claim-443	execution-segment-repricing	10541222	11383962	842740	-8621	-8621	0	860415	0	0	862100	862100	0	842.74	842.74	0.000000	+0.000843	+0.000843
gov_staker_remaining_fee_accumulator_filetest.gno	Remaining gov fee accumulator repeat-1000 claim-444	execution-segment-repricing	10541709	11384449	842740	-8621	-8621	0	860415	0	0	862100	862100	0	842.74	842.74	0.000000	+0.000843	+0.000843
gov_staker_remaining_fee_accumulator_filetest.gno	Remaining gov fee accumulator repeat-1000 claim-445	execution-segment-repricing	10541709	11384449	842740	-8621	-8621	0	860415	0	0	862100	862100	0	842.74	842.74	0.000000	+0.000843	+0.000843
gov_staker_remaining_fee_accumulator_filetest.gno	Remaining gov fee accumulator repeat-1000 claim-446	execution-segment-repricing	10542196	11384936	842740	-8621	-8621	0	860415	0	0	862100	862100	0	842.74	842.74	0.000000	+0.000843	+0.000843
gov_staker_remaining_fee_accumulator_filetest.gno	Remaining gov fee accumulator repeat-1000 claim-447	execution-segment-repricing	10541709	11384449	842740	-8621	-8621	0	860415	0	0	862100	862100	0	842.74	842.74	0.000000	+0.000843	+0.000843
gov_staker_remaining_fee_accumulator_filetest.gno	Remaining gov fee accumulator repeat-1000 claim-448	execution-segment-repricing	10541709	11384449	842740	-8621	-8621	0	860415	0	0	862100	862100	0	842.74	842.74	0.000000	+0.000843	+0.000843
gov_staker_remaining_fee_accumulator_filetest.gno	Remaining gov fee accumulator repeat-1000 claim-449	execution-segment-repricing	10541222	11383962	842740	-8621	-8621	0	860415	0	0	862100	862100	0	842.74	842.74	0.000000	+0.000843	+0.000843
gov_staker_remaining_fee_accumulator_filetest.gno	Remaining gov fee accumulator repeat-1000 claim-450	execution-segment-repricing	10541222	11383962	842740	-8621	-8621	0	860415	0	0	862100	862100	0	842.74	842.74	0.000000	+0.000843	+0.000843
gov_staker_remaining_fee_accumulator_filetest.gno	Remaining gov fee accumulator repeat-1000 claim-451	execution-segment-repricing	10536860	11379600	842740	-8621	-8621	0	860415	0	0	862100	862100	0	842.74	842.74	0.000000	+0.000843	+0.000843
gov_staker_remaining_fee_accumulator_filetest.gno	Remaining gov fee accumulator repeat-1000 claim-452	execution-segment-repricing	10536373	11379113	842740	-8621	-8621	0	860415	0	0	862100	862100	0	842.74	842.74	0.000000	+0.000843	+0.000843
gov_staker_remaining_fee_accumulator_filetest.gno	Remaining gov fee accumulator repeat-1000 claim-453	execution-segment-repricing	10536860	11379600	842740	-8621	-8621	0	860415	0	0	862100	862100	0	842.74	842.74	0.000000	+0.000843	+0.000843
gov_staker_remaining_fee_accumulator_filetest.gno	Remaining gov fee accumulator repeat-1000 claim-454	execution-segment-repricing	10532591	11375331	842740	-8621	-8621	0	860415	0	0	862100	862100	0	842.74	842.74	0.000000	+0.000843	+0.000843
gov_staker_remaining_fee_accumulator_filetest.gno	Remaining gov fee accumulator repeat-1000 claim-455	execution-segment-repricing	10537440	11380180	842740	-8621	-8621	0	860415	0	0	862100	862100	0	842.74	842.74	0.000000	+0.000843	+0.000843
gov_staker_remaining_fee_accumulator_filetest.gno	Remaining gov fee accumulator repeat-1000 claim-456	execution-segment-repricing	10534145	11376885	842740	-8621	-8621	0	860415	0	0	862100	862100	0	842.74	842.74	0.000000	+0.000843	+0.000843
gov_staker_remaining_fee_accumulator_filetest.gno	Remaining gov fee accumulator repeat-1000 claim-457	execution-segment-repricing	10530363	11373103	842740	-8621	-8621	0	860415	0	0	862100	862100	0	842.74	842.74	0.000000	+0.000843	+0.000843
gov_staker_remaining_fee_accumulator_filetest.gno	Remaining gov fee accumulator repeat-1000 claim-458	execution-segment-repricing	10534145	11376885	842740	-8621	-8621	0	860415	0	0	862100	862100	0	842.74	842.74	0.000000	+0.000843	+0.000843
gov_staker_remaining_fee_accumulator_filetest.gno	Remaining gov fee accumulator repeat-1000 claim-459	execution-segment-repricing	10533658	11376398	842740	-8621	-8621	0	860415	0	0	862100	862100	0	842.74	842.74	0.000000	+0.000843	+0.000843
gov_staker_remaining_fee_accumulator_filetest.gno	Remaining gov fee accumulator repeat-1000 claim-460	execution-segment-repricing	10533658	11376398	842740	-8621	-8621	0	860415	0	0	862100	862100	0	842.74	842.74	0.000000	+0.000843	+0.000843
gov_staker_remaining_fee_accumulator_filetest.gno	Remaining gov fee accumulator repeat-1000 claim-461	execution-segment-repricing	10533658	11376398	842740	-8621	-8621	0	860415	0	0	862100	862100	0	842.74	842.74	0.000000	+0.000843	+0.000843
gov_staker_remaining_fee_accumulator_filetest.gno	Remaining gov fee accumulator repeat-1000 claim-462	execution-segment-repricing	10534145	11376885	842740	-8621	-8621	0	860415	0	0	862100	862100	0	842.74	842.74	0.000000	+0.000843	+0.000843
gov_staker_remaining_fee_accumulator_filetest.gno	Remaining gov fee accumulator repeat-1000 claim-463	execution-segment-repricing	10531337	11374077	842740	-8621	-8621	0	860415	0	0	862100	862100	0	842.74	842.74	0.000000	+0.000843	+0.000843
gov_staker_remaining_fee_accumulator_filetest.gno	Remaining gov fee accumulator repeat-1000 claim-464	execution-segment-repricing	10535119	11377859	842740	-8621	-8621	0	860415	0	0	862100	862100	0	842.74	842.74	0.000000	+0.000843	+0.000843
gov_staker_remaining_fee_accumulator_filetest.gno	Remaining gov fee accumulator repeat-1000 claim-465	execution-segment-repricing	10538414	11381154	842740	-8621	-8621	0	860415	0	0	862100	862100	0	842.74	842.74	0.000000	+0.000843	+0.000843
gov_staker_remaining_fee_accumulator_filetest.gno	Remaining gov fee accumulator repeat-1000 claim-466	execution-segment-repricing	10530850	11373590	842740	-8621	-8621	0	860415	0	0	862100	862100	0	842.74	842.74	0.000000	+0.000843	+0.000843
gov_staker_remaining_fee_accumulator_filetest.gno	Remaining gov fee accumulator repeat-1000 claim-467	execution-segment-repricing	10533658	11376398	842740	-8621	-8621	0	860415	0	0	862100	862100	0	842.74	842.74	0.000000	+0.000843	+0.000843
gov_staker_remaining_fee_accumulator_filetest.gno	Remaining gov fee accumulator repeat-1000 claim-468	execution-segment-repricing	10533658	11376398	842740	-8621	-8621	0	860415	0	0	862100	862100	0	842.74	842.74	0.000000	+0.000843	+0.000843
gov_staker_remaining_fee_accumulator_filetest.gno	Remaining gov fee accumulator repeat-1000 claim-469	execution-segment-repricing	10530850	11373590	842740	-8621	-8621	0	860415	0	0	862100	862100	0	842.74	842.74	0.000000	+0.000843	+0.000843
gov_staker_remaining_fee_accumulator_filetest.gno	Remaining gov fee accumulator repeat-1000 claim-470	execution-segment-repricing	10538414	11381154	842740	-8621	-8621	0	860415	0	0	862100	862100	0	842.74	842.74	0.000000	+0.000843	+0.000843
gov_staker_remaining_fee_accumulator_filetest.gno	Remaining gov fee accumulator repeat-1000 claim-471	execution-segment-repricing	10535119	11377859	842740	-8621	-8621	0	860415	0	0	862100	862100	0	842.74	842.74	0.000000	+0.000843	+0.000843
gov_staker_remaining_fee_accumulator_filetest.gno	Remaining gov fee accumulator repeat-1000 claim-472	execution-segment-repricing	10530850	11373590	842740	-8621	-8621	0	860415	0	0	862100	862100	0	842.74	842.74	0.000000	+0.000843	+0.000843
gov_staker_remaining_fee_accumulator_filetest.gno	Remaining gov fee accumulator repeat-1000 claim-473	execution-segment-repricing	10534145	11376885	842740	-8621	-8621	0	860415	0	0	862100	862100	0	842.74	842.74	0.000000	+0.000843	+0.000843
gov_staker_remaining_fee_accumulator_filetest.gno	Remaining gov fee accumulator repeat-1000 claim-474	execution-segment-repricing	10533658	11376398	842740	-8621	-8621	0	860415	0	0	862100	862100	0	842.74	842.74	0.000000	+0.000843	+0.000843
gov_staker_remaining_fee_accumulator_filetest.gno	Remaining gov fee accumulator repeat-1000 claim-475	execution-segment-repricing	10537440	11380180	842740	-8621	-8621	0	860415	0	0	862100	862100	0	842.74	842.74	0.000000	+0.000843	+0.000843
gov_staker_remaining_fee_accumulator_filetest.gno	Remaining gov fee accumulator repeat-1000 claim-476	execution-segment-repricing	10537927	11380667	842740	-8621	-8621	0	860415	0	0	862100	862100	0	842.74	842.74	0.000000	+0.000843	+0.000843
gov_staker_remaining_fee_accumulator_filetest.gno	Remaining gov fee accumulator repeat-1000 claim-477	execution-segment-repricing	10537927	11380667	842740	-8621	-8621	0	860415	0	0	862100	862100	0	842.74	842.74	0.000000	+0.000843	+0.000843
gov_staker_remaining_fee_accumulator_filetest.gno	Remaining gov fee accumulator repeat-1000 claim-478	execution-segment-repricing	10537927	11380667	842740	-8621	-8621	0	860415	0	0	862100	862100	0	842.74	842.74	0.000000	+0.000843	+0.000843
gov_staker_remaining_fee_accumulator_filetest.gno	Remaining gov fee accumulator repeat-1000 claim-479	execution-segment-repricing	10537440	11380180	842740	-8621	-8621	0	860415	0	0	862100	862100	0	842.74	842.74	0.000000	+0.000843	+0.000843
gov_staker_remaining_fee_accumulator_filetest.gno	Remaining gov fee accumulator repeat-1000 claim-480	execution-segment-repricing	10541222	11383962	842740	-8621	-8621	0	860415	0	0	862100	862100	0	842.74	842.74	0.000000	+0.000843	+0.000843
gov_staker_remaining_fee_accumulator_filetest.gno	Remaining gov fee accumulator repeat-1000 claim-481	execution-segment-repricing	10537440	11380180	842740	-8621	-8621	0	860415	0	0	862100	862100	0	842.74	842.74	0.000000	+0.000843	+0.000843
gov_staker_remaining_fee_accumulator_filetest.gno	Remaining gov fee accumulator repeat-1000 claim-482	execution-segment-repricing	10537927	11380667	842740	-8621	-8621	0	860415	0	0	862100	862100	0	842.74	842.74	0.000000	+0.000843	+0.000843
gov_staker_remaining_fee_accumulator_filetest.gno	Remaining gov fee accumulator repeat-1000 claim-483	execution-segment-repricing	10538414	11381154	842740	-8621	-8621	0	860415	0	0	862100	862100	0	842.74	842.74	0.000000	+0.000843	+0.000843
gov_staker_remaining_fee_accumulator_filetest.gno	Remaining gov fee accumulator repeat-1000 claim-484	execution-segment-repricing	10537440	11380180	842740	-8621	-8621	0	860415	0	0	862100	862100	0	842.74	842.74	0.000000	+0.000843	+0.000843
gov_staker_remaining_fee_accumulator_filetest.gno	Remaining gov fee accumulator repeat-1000 claim-485	execution-segment-repricing	10541222	11383962	842740	-8621	-8621	0	860415	0	0	862100	862100	0	842.74	842.74	0.000000	+0.000843	+0.000843
gov_staker_remaining_fee_accumulator_filetest.gno	Remaining gov fee accumulator repeat-1000 claim-486	execution-segment-repricing	10537440	11380180	842740	-8621	-8621	0	860415	0	0	862100	862100	0	842.74	842.74	0.000000	+0.000843	+0.000843
gov_staker_remaining_fee_accumulator_filetest.gno	Remaining gov fee accumulator repeat-1000 claim-487	execution-segment-repricing	10537440	11380180	842740	-8621	-8621	0	860415	0	0	862100	862100	0	842.74	842.74	0.000000	+0.000843	+0.000843
gov_staker_remaining_fee_accumulator_filetest.gno	Remaining gov fee accumulator repeat-1000 claim-488	execution-segment-repricing	10538414	11381154	842740	-8621	-8621	0	860415	0	0	862100	862100	0	842.74	842.74	0.000000	+0.000843	+0.000843
gov_staker_remaining_fee_accumulator_filetest.gno	Remaining gov fee accumulator repeat-1000 claim-489	execution-segment-repricing	10538414	11381154	842740	-8621	-8621	0	860415	0	0	862100	862100	0	842.74	842.74	0.000000	+0.000843	+0.000843
gov_staker_remaining_fee_accumulator_filetest.gno	Remaining gov fee accumulator repeat-1000 claim-490	execution-segment-repricing	10542196	11384936	842740	-8621	-8621	0	860415	0	0	862100	862100	0	842.74	842.74	0.000000	+0.000843	+0.000843
gov_staker_remaining_fee_accumulator_filetest.gno	Remaining gov fee accumulator repeat-1000 claim-491	execution-segment-repricing	10541709	11384449	842740	-8621	-8621	0	860415	0	0	862100	862100	0	842.74	842.74	0.000000	+0.000843	+0.000843
gov_staker_remaining_fee_accumulator_filetest.gno	Remaining gov fee accumulator repeat-1000 claim-492	execution-segment-repricing	10541222	11383962	842740	-8621	-8621	0	860415	0	0	862100	862100	0	842.74	842.74	0.000000	+0.000843	+0.000843
gov_staker_remaining_fee_accumulator_filetest.gno	Remaining gov fee accumulator repeat-1000 claim-493	execution-segment-repricing	10541222	11383962	842740	-8621	-8621	0	860415	0	0	862100	862100	0	842.74	842.74	0.000000	+0.000843	+0.000843
gov_staker_remaining_fee_accumulator_filetest.gno	Remaining gov fee accumulator repeat-1000 claim-494	execution-segment-repricing	10540735	11383475	842740	-8621	-8621	0	860415	0	0	862100	862100	0	842.74	842.74	0.000000	+0.000843	+0.000843
gov_staker_remaining_fee_accumulator_filetest.gno	Remaining gov fee accumulator repeat-1000 claim-495	execution-segment-repricing	10541222	11383962	842740	-8621	-8621	0	860415	0	0	862100	862100	0	842.74	842.74	0.000000	+0.000843	+0.000843
gov_staker_remaining_fee_accumulator_filetest.gno	Remaining gov fee accumulator repeat-1000 claim-496	execution-segment-repricing	10541709	11384449	842740	-8621	-8621	0	860415	0	0	862100	862100	0	842.74	842.74	0.000000	+0.000843	+0.000843
gov_staker_remaining_fee_accumulator_filetest.gno	Remaining gov fee accumulator repeat-1000 claim-497	execution-segment-repricing	10541222	11383962	842740	-8621	-8621	0	860415	0	0	862100	862100	0	842.74	842.74	0.000000	+0.000843	+0.000843
gov_staker_remaining_fee_accumulator_filetest.gno	Remaining gov fee accumulator repeat-1000 claim-498	execution-segment-repricing	10541709	11384449	842740	-8621	-8621	0	860415	0	0	862100	862100	0	842.74	842.74	0.000000	+0.000843	+0.000843
gov_staker_remaining_fee_accumulator_filetest.gno	Remaining gov fee accumulator repeat-1000 claim-499	execution-segment-repricing	10541222	11383962	842740	-8621	-8621	0	860415	0	0	862100	862100	0	842.74	842.74	0.000000	+0.000843	+0.000843
gov_staker_remaining_fee_accumulator_filetest.gno	Remaining gov fee accumulator repeat-1000 claim-500	execution-segment-repricing	10541222	11383962	842740	-8621	-8621	0	860415	0	0	862100	862100	0	842.74	842.74	0.000000	+0.000843	+0.000843
gov_staker_remaining_fee_accumulator_filetest.gno	Remaining gov fee accumulator repeat-1000 claim-501	execution-segment-repricing	10541222	11383962	842740	-8621	-8621	0	860415	0	0	862100	862100	0	842.74	842.74	0.000000	+0.000843	+0.000843
gov_staker_remaining_fee_accumulator_filetest.gno	Remaining gov fee accumulator repeat-1000 claim-502	execution-segment-repricing	10541222	11383962	842740	-8621	-8621	0	860415	0	0	862100	862100	0	842.74	842.74	0.000000	+0.000843	+0.000843
gov_staker_remaining_fee_accumulator_filetest.gno	Remaining gov fee accumulator repeat-1000 claim-503	execution-segment-repricing	10541709	11384449	842740	-8621	-8621	0	860415	0	0	862100	862100	0	842.74	842.74	0.000000	+0.000843	+0.000843
gov_staker_remaining_fee_accumulator_filetest.gno	Remaining gov fee accumulator repeat-1000 claim-504	execution-segment-repricing	10541222	11383962	842740	-8621	-8621	0	860415	0	0	862100	862100	0	842.74	842.74	0.000000	+0.000843	+0.000843
gov_staker_remaining_fee_accumulator_filetest.gno	Remaining gov fee accumulator repeat-1000 claim-505	execution-segment-repricing	10541709	11384449	842740	-8621	-8621	0	860415	0	0	862100	862100	0	842.74	842.74	0.000000	+0.000843	+0.000843
gov_staker_remaining_fee_accumulator_filetest.gno	Remaining gov fee accumulator repeat-1000 claim-506	execution-segment-repricing	10541222	11383962	842740	-8621	-8621	0	860415	0	0	862100	862100	0	842.74	842.74	0.000000	+0.000843	+0.000843
gov_staker_remaining_fee_accumulator_filetest.gno	Remaining gov fee accumulator repeat-1000 claim-507	execution-segment-repricing	10541222	11383962	842740	-8621	-8621	0	860415	0	0	862100	862100	0	842.74	842.74	0.000000	+0.000843	+0.000843
gov_staker_remaining_fee_accumulator_filetest.gno	Remaining gov fee accumulator repeat-1000 claim-508	execution-segment-repricing	10541709	11384449	842740	-8621	-8621	0	860415	0	0	862100	862100	0	842.74	842.74	0.000000	+0.000843	+0.000843
gov_staker_remaining_fee_accumulator_filetest.gno	Remaining gov fee accumulator repeat-1000 claim-509	execution-segment-repricing	10541709	11384449	842740	-8621	-8621	0	860415	0	0	862100	862100	0	842.74	842.74	0.000000	+0.000843	+0.000843
gov_staker_remaining_fee_accumulator_filetest.gno	Remaining gov fee accumulator repeat-1000 claim-510	execution-segment-repricing	10541709	11384449	842740	-8621	-8621	0	860415	0	0	862100	862100	0	842.74	842.74	0.000000	+0.000843	+0.000843
gov_staker_remaining_fee_accumulator_filetest.gno	Remaining gov fee accumulator repeat-1000 claim-511	execution-segment-repricing	10541222	11383962	842740	-8621	-8621	0	860415	0	0	862100	862100	0	842.74	842.74	0.000000	+0.000843	+0.000843
gov_staker_remaining_fee_accumulator_filetest.gno	Remaining gov fee accumulator repeat-1000 claim-512	execution-segment-repricing	10541222	11383962	842740	-8621	-8621	0	860415	0	0	862100	862100	0	842.74	842.74	0.000000	+0.000843	+0.000843
gov_staker_remaining_fee_accumulator_filetest.gno	Remaining gov fee accumulator repeat-1000 claim-513	execution-segment-repricing	10541222	11383962	842740	-8621	-8621	0	860415	0	0	862100	862100	0	842.74	842.74	0.000000	+0.000843	+0.000843
gov_staker_remaining_fee_accumulator_filetest.gno	Remaining gov fee accumulator repeat-1000 claim-514	execution-segment-repricing	10541709	11384449	842740	-8621	-8621	0	860415	0	0	862100	862100	0	842.74	842.74	0.000000	+0.000843	+0.000843
gov_staker_remaining_fee_accumulator_filetest.gno	Remaining gov fee accumulator repeat-1000 claim-515	execution-segment-repricing	10542196	11384936	842740	-8621	-8621	0	860415	0	0	862100	862100	0	842.74	842.74	0.000000	+0.000843	+0.000843
gov_staker_remaining_fee_accumulator_filetest.gno	Remaining gov fee accumulator repeat-1000 claim-516	execution-segment-repricing	10541709	11384449	842740	-8621	-8621	0	860415	0	0	862100	862100	0	842.74	842.74	0.000000	+0.000843	+0.000843
gov_staker_remaining_fee_accumulator_filetest.gno	Remaining gov fee accumulator repeat-1000 claim-517	execution-segment-repricing	10541222	11383962	842740	-8621	-8621	0	860415	0	0	862100	862100	0	842.74	842.74	0.000000	+0.000843	+0.000843
gov_staker_remaining_fee_accumulator_filetest.gno	Remaining gov fee accumulator repeat-1000 claim-518	execution-segment-repricing	10541222	11383962	842740	-8621	-8621	0	860415	0	0	862100	862100	0	842.74	842.74	0.000000	+0.000843	+0.000843
gov_staker_remaining_fee_accumulator_filetest.gno	Remaining gov fee accumulator repeat-1000 claim-519	execution-segment-repricing	10540735	11383475	842740	-8621	-8621	0	860415	0	0	862100	862100	0	842.74	842.74	0.000000	+0.000843	+0.000843
gov_staker_remaining_fee_accumulator_filetest.gno	Remaining gov fee accumulator repeat-1000 claim-520	execution-segment-repricing	10541222	11383962	842740	-8621	-8621	0	860415	0	0	862100	862100	0	842.74	842.74	0.000000	+0.000843	+0.000843
gov_staker_remaining_fee_accumulator_filetest.gno	Remaining gov fee accumulator repeat-1000 claim-521	execution-segment-repricing	10541709	11384449	842740	-8621	-8621	0	860415	0	0	862100	862100	0	842.74	842.74	0.000000	+0.000843	+0.000843
gov_staker_remaining_fee_accumulator_filetest.gno	Remaining gov fee accumulator repeat-1000 claim-522	execution-segment-repricing	10541709	11384449	842740	-8621	-8621	0	860415	0	0	862100	862100	0	842.74	842.74	0.000000	+0.000843	+0.000843
gov_staker_remaining_fee_accumulator_filetest.gno	Remaining gov fee accumulator repeat-1000 claim-523	execution-segment-repricing	10537347	11380087	842740	-8621	-8621	0	860415	0	0	862100	862100	0	842.74	842.74	0.000000	+0.000843	+0.000843
gov_staker_remaining_fee_accumulator_filetest.gno	Remaining gov fee accumulator repeat-1000 claim-524	execution-segment-repricing	10536860	11379600	842740	-8621	-8621	0	860415	0	0	862100	862100	0	842.74	842.74	0.000000	+0.000843	+0.000843
gov_staker_remaining_fee_accumulator_filetest.gno	Remaining gov fee accumulator repeat-1000 claim-525	execution-segment-repricing	10536860	11379600	842740	-8621	-8621	0	860415	0	0	862100	862100	0	842.74	842.74	0.000000	+0.000843	+0.000843
gov_staker_remaining_fee_accumulator_filetest.gno	Remaining gov fee accumulator repeat-1000 claim-526	execution-segment-repricing	10536373	11379113	842740	-8621	-8621	0	860415	0	0	862100	862100	0	842.74	842.74	0.000000	+0.000843	+0.000843
gov_staker_remaining_fee_accumulator_filetest.gno	Remaining gov fee accumulator repeat-1000 claim-527	execution-segment-repricing	10541222	11383962	842740	-8621	-8621	0	860415	0	0	862100	862100	0	842.74	842.74	0.000000	+0.000843	+0.000843
gov_staker_remaining_fee_accumulator_filetest.gno	Remaining gov fee accumulator repeat-1000 claim-528	execution-segment-repricing	10537927	11380667	842740	-8621	-8621	0	860415	0	0	862100	862100	0	842.74	842.74	0.000000	+0.000843	+0.000843
gov_staker_remaining_fee_accumulator_filetest.gno	Remaining gov fee accumulator repeat-1000 claim-529	execution-segment-repricing	10537440	11380180	842740	-8621	-8621	0	860415	0	0	862100	862100	0	842.74	842.74	0.000000	+0.000843	+0.000843
gov_staker_remaining_fee_accumulator_filetest.gno	Remaining gov fee accumulator repeat-1000 claim-530	execution-segment-repricing	10537927	11380667	842740	-8621	-8621	0	860415	0	0	862100	862100	0	842.74	842.74	0.000000	+0.000843	+0.000843
gov_staker_remaining_fee_accumulator_filetest.gno	Remaining gov fee accumulator repeat-1000 claim-531	execution-segment-repricing	10537440	11380180	842740	-8621	-8621	0	860415	0	0	862100	862100	0	842.74	842.74	0.000000	+0.000843	+0.000843
gov_staker_remaining_fee_accumulator_filetest.gno	Remaining gov fee accumulator repeat-1000 claim-532	execution-segment-repricing	10541222	11383962	842740	-8621	-8621	0	860415	0	0	862100	862100	0	842.74	842.74	0.000000	+0.000843	+0.000843
gov_staker_remaining_fee_accumulator_filetest.gno	Remaining gov fee accumulator repeat-1000 claim-533	execution-segment-repricing	10537927	11380667	842740	-8621	-8621	0	860415	0	0	862100	862100	0	842.74	842.74	0.000000	+0.000843	+0.000843
gov_staker_remaining_fee_accumulator_filetest.gno	Remaining gov fee accumulator repeat-1000 claim-534	execution-segment-repricing	10534145	11376885	842740	-8621	-8621	0	860415	0	0	862100	862100	0	842.74	842.74	0.000000	+0.000843	+0.000843
gov_staker_remaining_fee_accumulator_filetest.gno	Remaining gov fee accumulator repeat-1000 claim-535	execution-segment-repricing	10534632	11377372	842740	-8621	-8621	0	860415	0	0	862100	862100	0	842.74	842.74	0.000000	+0.000843	+0.000843
gov_staker_remaining_fee_accumulator_filetest.gno	Remaining gov fee accumulator repeat-1000 claim-536	execution-segment-repricing	10534145	11376885	842740	-8621	-8621	0	860415	0	0	862100	862100	0	842.74	842.74	0.000000	+0.000843	+0.000843
gov_staker_remaining_fee_accumulator_filetest.gno	Remaining gov fee accumulator repeat-1000 claim-537	execution-segment-repricing	10534145	11376885	842740	-8621	-8621	0	860415	0	0	862100	862100	0	842.74	842.74	0.000000	+0.000843	+0.000843
gov_staker_remaining_fee_accumulator_filetest.gno	Remaining gov fee accumulator repeat-1000 claim-538	execution-segment-repricing	10534145	11376885	842740	-8621	-8621	0	860415	0	0	862100	862100	0	842.74	842.74	0.000000	+0.000843	+0.000843
gov_staker_remaining_fee_accumulator_filetest.gno	Remaining gov fee accumulator repeat-1000 claim-539	execution-segment-repricing	10534145	11376885	842740	-8621	-8621	0	860415	0	0	862100	862100	0	842.74	842.74	0.000000	+0.000843	+0.000843
gov_staker_remaining_fee_accumulator_filetest.gno	Remaining gov fee accumulator repeat-1000 claim-540	execution-segment-repricing	10530850	11373590	842740	-8621	-8621	0	860415	0	0	862100	862100	0	842.74	842.74	0.000000	+0.000843	+0.000843
gov_staker_remaining_fee_accumulator_filetest.gno	Remaining gov fee accumulator repeat-1000 claim-541	execution-segment-repricing	10534632	11377372	842740	-8621	-8621	0	860415	0	0	862100	862100	0	842.74	842.74	0.000000	+0.000843	+0.000843
gov_staker_remaining_fee_accumulator_filetest.gno	Remaining gov fee accumulator repeat-1000 claim-542	execution-segment-repricing	10537927	11380667	842740	-8621	-8621	0	860415	0	0	862100	862100	0	842.74	842.74	0.000000	+0.000843	+0.000843
gov_staker_remaining_fee_accumulator_filetest.gno	Remaining gov fee accumulator repeat-1000 claim-543	execution-segment-repricing	10530363	11373103	842740	-8621	-8621	0	860415	0	0	862100	862100	0	842.74	842.74	0.000000	+0.000843	+0.000843
gov_staker_remaining_fee_accumulator_filetest.gno	Remaining gov fee accumulator repeat-1000 claim-544	execution-segment-repricing	10533658	11376398	842740	-8621	-8621	0	860415	0	0	862100	862100	0	842.74	842.74	0.000000	+0.000843	+0.000843
gov_staker_remaining_fee_accumulator_filetest.gno	Remaining gov fee accumulator repeat-1000 claim-545	execution-segment-repricing	10533658	11376398	842740	-8621	-8621	0	860415	0	0	862100	862100	0	842.74	842.74	0.000000	+0.000843	+0.000843
gov_staker_remaining_fee_accumulator_filetest.gno	Remaining gov fee accumulator repeat-1000 claim-546	execution-segment-repricing	10530363	11373103	842740	-8621	-8621	0	860415	0	0	862100	862100	0	842.74	842.74	0.000000	+0.000843	+0.000843
gov_staker_remaining_fee_accumulator_filetest.gno	Remaining gov fee accumulator repeat-1000 claim-547	execution-segment-repricing	10537927	11380667	842740	-8621	-8621	0	860415	0	0	862100	862100	0	842.74	842.74	0.000000	+0.000843	+0.000843
gov_staker_remaining_fee_accumulator_filetest.gno	Remaining gov fee accumulator repeat-1000 claim-548	execution-segment-repricing	10535119	11377859	842740	-8621	-8621	0	860415	0	0	862100	862100	0	842.74	842.74	0.000000	+0.000843	+0.000843
gov_staker_remaining_fee_accumulator_filetest.gno	Remaining gov fee accumulator repeat-1000 claim-549	execution-segment-repricing	10530850	11373590	842740	-8621	-8621	0	860415	0	0	862100	862100	0	842.74	842.74	0.000000	+0.000843	+0.000843
gov_staker_remaining_fee_accumulator_filetest.gno	Remaining gov fee accumulator repeat-1000 claim-550	execution-segment-repricing	10534632	11377372	842740	-8621	-8621	0	860415	0	0	862100	862100	0	842.74	842.74	0.000000	+0.000843	+0.000843
gov_staker_remaining_fee_accumulator_filetest.gno	Remaining gov fee accumulator repeat-1000 claim-551	execution-segment-repricing	10534145	11376885	842740	-8621	-8621	0	860415	0	0	862100	862100	0	842.74	842.74	0.000000	+0.000843	+0.000843
gov_staker_remaining_fee_accumulator_filetest.gno	Remaining gov fee accumulator repeat-1000 claim-552	execution-segment-repricing	10534145	11376885	842740	-8621	-8621	0	860415	0	0	862100	862100	0	842.74	842.74	0.000000	+0.000843	+0.000843
gov_staker_remaining_fee_accumulator_filetest.gno	Remaining gov fee accumulator repeat-1000 claim-553	execution-segment-repricing	10534632	11377372	842740	-8621	-8621	0	860415	0	0	862100	862100	0	842.74	842.74	0.000000	+0.000843	+0.000843
gov_staker_remaining_fee_accumulator_filetest.gno	Remaining gov fee accumulator repeat-1000 claim-554	execution-segment-repricing	10534632	11377372	842740	-8621	-8621	0	860415	0	0	862100	862100	0	842.74	842.74	0.000000	+0.000843	+0.000843
gov_staker_remaining_fee_accumulator_filetest.gno	Remaining gov fee accumulator repeat-1000 claim-555	execution-segment-repricing	10531337	11374077	842740	-8621	-8621	0	860415	0	0	862100	862100	0	842.74	842.74	0.000000	+0.000843	+0.000843
gov_staker_remaining_fee_accumulator_filetest.gno	Remaining gov fee accumulator repeat-1000 claim-556	execution-segment-repricing	10534145	11376885	842740	-8621	-8621	0	860415	0	0	862100	862100	0	842.74	842.74	0.000000	+0.000843	+0.000843
gov_staker_remaining_fee_accumulator_filetest.gno	Remaining gov fee accumulator repeat-1000 claim-557	execution-segment-repricing	10537927	11380667	842740	-8621	-8621	0	860415	0	0	862100	862100	0	842.74	842.74	0.000000	+0.000843	+0.000843
gov_staker_remaining_fee_accumulator_filetest.gno	Remaining gov fee accumulator repeat-1000 claim-558	execution-segment-repricing	10537440	11380180	842740	-8621	-8621	0	860415	0	0	862100	862100	0	842.74	842.74	0.000000	+0.000843	+0.000843
gov_staker_remaining_fee_accumulator_filetest.gno	Remaining gov fee accumulator repeat-1000 claim-559	execution-segment-repricing	10541222	11383962	842740	-8621	-8621	0	860415	0	0	862100	862100	0	842.74	842.74	0.000000	+0.000843	+0.000843
gov_staker_remaining_fee_accumulator_filetest.gno	Remaining gov fee accumulator repeat-1000 claim-560	execution-segment-repricing	10541709	11384449	842740	-8621	-8621	0	860415	0	0	862100	862100	0	842.74	842.74	0.000000	+0.000843	+0.000843
gov_staker_remaining_fee_accumulator_filetest.gno	Remaining gov fee accumulator repeat-1000 claim-561	execution-segment-repricing	10540735	11383475	842740	-8621	-8621	0	860415	0	0	862100	862100	0	842.74	842.74	0.000000	+0.000843	+0.000843
gov_staker_remaining_fee_accumulator_filetest.gno	Remaining gov fee accumulator repeat-1000 claim-562	execution-segment-repricing	10540735	11383475	842740	-8621	-8621	0	860415	0	0	862100	862100	0	842.74	842.74	0.000000	+0.000843	+0.000843
gov_staker_remaining_fee_accumulator_filetest.gno	Remaining gov fee accumulator repeat-1000 claim-563	execution-segment-repricing	10540248	11382988	842740	-8621	-8621	0	860415	0	0	862100	862100	0	842.74	842.74	0.000000	+0.000843	+0.000843
gov_staker_remaining_fee_accumulator_filetest.gno	Remaining gov fee accumulator repeat-1000 claim-564	execution-segment-repricing	10540248	11382988	842740	-8621	-8621	0	860415	0	0	862100	862100	0	842.74	842.74	0.000000	+0.000843	+0.000843
gov_staker_remaining_fee_accumulator_filetest.gno	Remaining gov fee accumulator repeat-1000 claim-565	execution-segment-repricing	10541222	11383962	842740	-8621	-8621	0	860415	0	0	862100	862100	0	842.74	842.74	0.000000	+0.000843	+0.000843
gov_staker_remaining_fee_accumulator_filetest.gno	Remaining gov fee accumulator repeat-1000 claim-566	execution-segment-repricing	10541709	11384449	842740	-8621	-8621	0	860415	0	0	862100	862100	0	842.74	842.74	0.000000	+0.000843	+0.000843
gov_staker_remaining_fee_accumulator_filetest.gno	Remaining gov fee accumulator repeat-1000 claim-567	execution-segment-repricing	10542196	11384936	842740	-8621	-8621	0	860415	0	0	862100	862100	0	842.74	842.74	0.000000	+0.000843	+0.000843
gov_staker_remaining_fee_accumulator_filetest.gno	Remaining gov fee accumulator repeat-1000 claim-568	execution-segment-repricing	10541709	11384449	842740	-8621	-8621	0	860415	0	0	862100	862100	0	842.74	842.74	0.000000	+0.000843	+0.000843
gov_staker_remaining_fee_accumulator_filetest.gno	Remaining gov fee accumulator repeat-1000 claim-569	execution-segment-repricing	10541222	11383962	842740	-8621	-8621	0	860415	0	0	862100	862100	0	842.74	842.74	0.000000	+0.000843	+0.000843
gov_staker_remaining_fee_accumulator_filetest.gno	Remaining gov fee accumulator repeat-1000 claim-570	execution-segment-repricing	10541222	11383962	842740	-8621	-8621	0	860415	0	0	862100	862100	0	842.74	842.74	0.000000	+0.000843	+0.000843
gov_staker_remaining_fee_accumulator_filetest.gno	Remaining gov fee accumulator repeat-1000 claim-571	execution-segment-repricing	10540735	11383475	842740	-8621	-8621	0	860415	0	0	862100	862100	0	842.74	842.74	0.000000	+0.000843	+0.000843
gov_staker_remaining_fee_accumulator_filetest.gno	Remaining gov fee accumulator repeat-1000 claim-572	execution-segment-repricing	10541222	11383962	842740	-8621	-8621	0	860415	0	0	862100	862100	0	842.74	842.74	0.000000	+0.000843	+0.000843
gov_staker_remaining_fee_accumulator_filetest.gno	Remaining gov fee accumulator repeat-1000 claim-573	execution-segment-repricing	10541709	11384449	842740	-8621	-8621	0	860415	0	0	862100	862100	0	842.74	842.74	0.000000	+0.000843	+0.000843
gov_staker_remaining_fee_accumulator_filetest.gno	Remaining gov fee accumulator repeat-1000 claim-574	execution-segment-repricing	10541222	11383962	842740	-8621	-8621	0	860415	0	0	862100	862100	0	842.74	842.74	0.000000	+0.000843	+0.000843
gov_staker_remaining_fee_accumulator_filetest.gno	Remaining gov fee accumulator repeat-1000 claim-575	execution-segment-repricing	10541709	11384449	842740	-8621	-8621	0	860415	0	0	862100	862100	0	842.74	842.74	0.000000	+0.000843	+0.000843
gov_staker_remaining_fee_accumulator_filetest.gno	Remaining gov fee accumulator repeat-1000 claim-576	execution-segment-repricing	10541222	11383962	842740	-8621	-8621	0	860415	0	0	862100	862100	0	842.74	842.74	0.000000	+0.000843	+0.000843
gov_staker_remaining_fee_accumulator_filetest.gno	Remaining gov fee accumulator repeat-1000 claim-577	execution-segment-repricing	10541222	11383962	842740	-8621	-8621	0	860415	0	0	862100	862100	0	842.74	842.74	0.000000	+0.000843	+0.000843
gov_staker_remaining_fee_accumulator_filetest.gno	Remaining gov fee accumulator repeat-1000 claim-578	execution-segment-repricing	10541222	11383962	842740	-8621	-8621	0	860415	0	0	862100	862100	0	842.74	842.74	0.000000	+0.000843	+0.000843
gov_staker_remaining_fee_accumulator_filetest.gno	Remaining gov fee accumulator repeat-1000 claim-579	execution-segment-repricing	10541222	11383962	842740	-8621	-8621	0	860415	0	0	862100	862100	0	842.74	842.74	0.000000	+0.000843	+0.000843
gov_staker_remaining_fee_accumulator_filetest.gno	Remaining gov fee accumulator repeat-1000 claim-580	execution-segment-repricing	10541709	11384449	842740	-8621	-8621	0	860415	0	0	862100	862100	0	842.74	842.74	0.000000	+0.000843	+0.000843
gov_staker_remaining_fee_accumulator_filetest.gno	Remaining gov fee accumulator repeat-1000 claim-581	execution-segment-repricing	10541222	11383962	842740	-8621	-8621	0	860415	0	0	862100	862100	0	842.74	842.74	0.000000	+0.000843	+0.000843
gov_staker_remaining_fee_accumulator_filetest.gno	Remaining gov fee accumulator repeat-1000 claim-582	execution-segment-repricing	10541709	11384449	842740	-8621	-8621	0	860415	0	0	862100	862100	0	842.74	842.74	0.000000	+0.000843	+0.000843
gov_staker_remaining_fee_accumulator_filetest.gno	Remaining gov fee accumulator repeat-1000 claim-583	execution-segment-repricing	10541222	11383962	842740	-8621	-8621	0	860415	0	0	862100	862100	0	842.74	842.74	0.000000	+0.000843	+0.000843
gov_staker_remaining_fee_accumulator_filetest.gno	Remaining gov fee accumulator repeat-1000 claim-584	execution-segment-repricing	10541222	11383962	842740	-8621	-8621	0	860415	0	0	862100	862100	0	842.74	842.74	0.000000	+0.000843	+0.000843
gov_staker_remaining_fee_accumulator_filetest.gno	Remaining gov fee accumulator repeat-1000 claim-585	execution-segment-repricing	10541709	11384449	842740	-8621	-8621	0	860415	0	0	862100	862100	0	842.74	842.74	0.000000	+0.000843	+0.000843
gov_staker_remaining_fee_accumulator_filetest.gno	Remaining gov fee accumulator repeat-1000 claim-586	execution-segment-repricing	10541709	11384449	842740	-8621	-8621	0	860415	0	0	862100	862100	0	842.74	842.74	0.000000	+0.000843	+0.000843
gov_staker_remaining_fee_accumulator_filetest.gno	Remaining gov fee accumulator repeat-1000 claim-587	execution-segment-repricing	10541709	11384449	842740	-8621	-8621	0	860415	0	0	862100	862100	0	842.74	842.74	0.000000	+0.000843	+0.000843
gov_staker_remaining_fee_accumulator_filetest.gno	Remaining gov fee accumulator repeat-1000 claim-588	execution-segment-repricing	10541222	11383962	842740	-8621	-8621	0	860415	0	0	862100	862100	0	842.74	842.74	0.000000	+0.000843	+0.000843
gov_staker_remaining_fee_accumulator_filetest.gno	Remaining gov fee accumulator repeat-1000 claim-589	execution-segment-repricing	10541222	11383962	842740	-8621	-8621	0	860415	0	0	862100	862100	0	842.74	842.74	0.000000	+0.000843	+0.000843
gov_staker_remaining_fee_accumulator_filetest.gno	Remaining gov fee accumulator repeat-1000 claim-590	execution-segment-repricing	10541222	11383962	842740	-8621	-8621	0	860415	0	0	862100	862100	0	842.74	842.74	0.000000	+0.000843	+0.000843
gov_staker_remaining_fee_accumulator_filetest.gno	Remaining gov fee accumulator repeat-1000 claim-591	execution-segment-repricing	10541709	11384449	842740	-8621	-8621	0	860415	0	0	862100	862100	0	842.74	842.74	0.000000	+0.000843	+0.000843
gov_staker_remaining_fee_accumulator_filetest.gno	Remaining gov fee accumulator repeat-1000 claim-592	execution-segment-repricing	10542196	11384936	842740	-8621	-8621	0	860415	0	0	862100	862100	0	842.74	842.74	0.000000	+0.000843	+0.000843
gov_staker_remaining_fee_accumulator_filetest.gno	Remaining gov fee accumulator repeat-1000 claim-593	execution-segment-repricing	10542196	11384936	842740	-8621	-8621	0	860415	0	0	862100	862100	0	842.74	842.74	0.000000	+0.000843	+0.000843
gov_staker_remaining_fee_accumulator_filetest.gno	Remaining gov fee accumulator repeat-1000 claim-594	execution-segment-repricing	10541709	11384449	842740	-8621	-8621	0	860415	0	0	862100	862100	0	842.74	842.74	0.000000	+0.000843	+0.000843
gov_staker_remaining_fee_accumulator_filetest.gno	Remaining gov fee accumulator repeat-1000 claim-595	execution-segment-repricing	10536860	11379600	842740	-8621	-8621	0	860415	0	0	862100	862100	0	842.74	842.74	0.000000	+0.000843	+0.000843
gov_staker_remaining_fee_accumulator_filetest.gno	Remaining gov fee accumulator repeat-1000 claim-596	execution-segment-repricing	10536373	11379113	842740	-8621	-8621	0	860415	0	0	862100	862100	0	842.74	842.74	0.000000	+0.000843	+0.000843
gov_staker_remaining_fee_accumulator_filetest.gno	Remaining gov fee accumulator repeat-1000 claim-597	execution-segment-repricing	10536373	11379113	842740	-8621	-8621	0	860415	0	0	862100	862100	0	842.74	842.74	0.000000	+0.000843	+0.000843
gov_staker_remaining_fee_accumulator_filetest.gno	Remaining gov fee accumulator repeat-1000 claim-598	execution-segment-repricing	10536373	11379113	842740	-8621	-8621	0	860415	0	0	862100	862100	0	842.74	842.74	0.000000	+0.000843	+0.000843
gov_staker_remaining_fee_accumulator_filetest.gno	Remaining gov fee accumulator repeat-1000 claim-599	execution-segment-repricing	10541222	11383962	842740	-8621	-8621	0	860415	0	0	862100	862100	0	842.74	842.74	0.000000	+0.000843	+0.000843
gov_staker_remaining_fee_accumulator_filetest.gno	Remaining gov fee accumulator repeat-1000 claim-600	execution-segment-repricing	10537927	11380667	842740	-8621	-8621	0	860415	0	0	862100	862100	0	842.74	842.74	0.000000	+0.000843	+0.000843
gov_staker_remaining_fee_accumulator_filetest.gno	Remaining gov fee accumulator repeat-1000 claim-601	execution-segment-repricing	10537440	11380180	842740	-8621	-8621	0	860415	0	0	862100	862100	0	842.74	842.74	0.000000	+0.000843	+0.000843
gov_staker_remaining_fee_accumulator_filetest.gno	Remaining gov fee accumulator repeat-1000 claim-602	execution-segment-repricing	10537927	11380667	842740	-8621	-8621	0	860415	0	0	862100	862100	0	842.74	842.74	0.000000	+0.000843	+0.000843
gov_staker_remaining_fee_accumulator_filetest.gno	Remaining gov fee accumulator repeat-1000 claim-603	execution-segment-repricing	10537440	11380180	842740	-8621	-8621	0	860415	0	0	862100	862100	0	842.74	842.74	0.000000	+0.000843	+0.000843
gov_staker_remaining_fee_accumulator_filetest.gno	Remaining gov fee accumulator repeat-1000 claim-604	execution-segment-repricing	10541222	11383962	842740	-8621	-8621	0	860415	0	0	862100	862100	0	842.74	842.74	0.000000	+0.000843	+0.000843
gov_staker_remaining_fee_accumulator_filetest.gno	Remaining gov fee accumulator repeat-1000 claim-605	execution-segment-repricing	10537927	11380667	842740	-8621	-8621	0	860415	0	0	862100	862100	0	842.74	842.74	0.000000	+0.000843	+0.000843
gov_staker_remaining_fee_accumulator_filetest.gno	Remaining gov fee accumulator repeat-1000 claim-606	execution-segment-repricing	10537927	11380667	842740	-8621	-8621	0	860415	0	0	862100	862100	0	842.74	842.74	0.000000	+0.000843	+0.000843
gov_staker_remaining_fee_accumulator_filetest.gno	Remaining gov fee accumulator repeat-1000 claim-607	execution-segment-repricing	10538414	11381154	842740	-8621	-8621	0	860415	0	0	862100	862100	0	842.74	842.74	0.000000	+0.000843	+0.000843
gov_staker_remaining_fee_accumulator_filetest.gno	Remaining gov fee accumulator repeat-1000 claim-608	execution-segment-repricing	10537927	11380667	842740	-8621	-8621	0	860415	0	0	862100	862100	0	842.74	842.74	0.000000	+0.000843	+0.000843
gov_staker_remaining_fee_accumulator_filetest.gno	Remaining gov fee accumulator repeat-1000 claim-609	execution-segment-repricing	10541709	11384449	842740	-8621	-8621	0	860415	0	0	862100	862100	0	842.74	842.74	0.000000	+0.000843	+0.000843
gov_staker_remaining_fee_accumulator_filetest.gno	Remaining gov fee accumulator repeat-1000 claim-610	execution-segment-repricing	10537927	11380667	842740	-8621	-8621	0	860415	0	0	862100	862100	0	842.74	842.74	0.000000	+0.000843	+0.000843
gov_staker_remaining_fee_accumulator_filetest.gno	Remaining gov fee accumulator repeat-1000 claim-611	execution-segment-repricing	10537927	11380667	842740	-8621	-8621	0	860415	0	0	862100	862100	0	842.74	842.74	0.000000	+0.000843	+0.000843
gov_staker_remaining_fee_accumulator_filetest.gno	Remaining gov fee accumulator repeat-1000 claim-612	execution-segment-repricing	10538414	11381154	842740	-8621	-8621	0	860415	0	0	862100	862100	0	842.74	842.74	0.000000	+0.000843	+0.000843
gov_staker_remaining_fee_accumulator_filetest.gno	Remaining gov fee accumulator repeat-1000 claim-613	execution-segment-repricing	10537927	11380667	842740	-8621	-8621	0	860415	0	0	862100	862100	0	842.74	842.74	0.000000	+0.000843	+0.000843
gov_staker_remaining_fee_accumulator_filetest.gno	Remaining gov fee accumulator repeat-1000 claim-614	execution-segment-repricing	10536860	11379600	842740	-8621	-8621	0	860415	0	0	862100	862100	0	842.74	842.74	0.000000	+0.000843	+0.000843
gov_staker_remaining_fee_accumulator_filetest.gno	Remaining gov fee accumulator repeat-1000 claim-615	execution-segment-repricing	10533078	11375818	842740	-8621	-8621	0	860415	0	0	862100	862100	0	842.74	842.74	0.000000	+0.000843	+0.000843
gov_staker_remaining_fee_accumulator_filetest.gno	Remaining gov fee accumulator repeat-1000 claim-616	execution-segment-repricing	10533078	11375818	842740	-8621	-8621	0	860415	0	0	862100	862100	0	842.74	842.74	0.000000	+0.000843	+0.000843
gov_staker_remaining_fee_accumulator_filetest.gno	Remaining gov fee accumulator repeat-1000 claim-617	execution-segment-repricing	10529783	11372523	842740	-8621	-8621	0	860415	0	0	862100	862100	0	842.74	842.74	0.000000	+0.000843	+0.000843
gov_staker_remaining_fee_accumulator_filetest.gno	Remaining gov fee accumulator repeat-1000 claim-618	execution-segment-repricing	10534632	11377372	842740	-8621	-8621	0	860415	0	0	862100	862100	0	842.74	842.74	0.000000	+0.000843	+0.000843
gov_staker_remaining_fee_accumulator_filetest.gno	Remaining gov fee accumulator repeat-1000 claim-619	execution-segment-repricing	10537927	11380667	842740	-8621	-8621	0	860415	0	0	862100	862100	0	842.74	842.74	0.000000	+0.000843	+0.000843
gov_staker_remaining_fee_accumulator_filetest.gno	Remaining gov fee accumulator repeat-1000 claim-620	execution-segment-repricing	10530363	11373103	842740	-8621	-8621	0	860415	0	0	862100	862100	0	842.74	842.74	0.000000	+0.000843	+0.000843
gov_staker_remaining_fee_accumulator_filetest.gno	Remaining gov fee accumulator repeat-1000 claim-621	execution-segment-repricing	10533658	11376398	842740	-8621	-8621	0	860415	0	0	862100	862100	0	842.74	842.74	0.000000	+0.000843	+0.000843
gov_staker_remaining_fee_accumulator_filetest.gno	Remaining gov fee accumulator repeat-1000 claim-622	execution-segment-repricing	10533658	11376398	842740	-8621	-8621	0	860415	0	0	862100	862100	0	842.74	842.74	0.000000	+0.000843	+0.000843
gov_staker_remaining_fee_accumulator_filetest.gno	Remaining gov fee accumulator repeat-1000 claim-623	execution-segment-repricing	10529876	11372616	842740	-8621	-8621	0	860415	0	0	862100	862100	0	842.74	842.74	0.000000	+0.000843	+0.000843
gov_staker_remaining_fee_accumulator_filetest.gno	Remaining gov fee accumulator repeat-1000 claim-624	execution-segment-repricing	10537440	11380180	842740	-8621	-8621	0	860415	0	0	862100	862100	0	842.74	842.74	0.000000	+0.000843	+0.000843
gov_staker_remaining_fee_accumulator_filetest.gno	Remaining gov fee accumulator repeat-1000 claim-625	execution-segment-repricing	10534632	11377372	842740	-8621	-8621	0	860415	0	0	862100	862100	0	842.74	842.74	0.000000	+0.000843	+0.000843
gov_staker_remaining_fee_accumulator_filetest.gno	Remaining gov fee accumulator repeat-1000 claim-626	execution-segment-repricing	10530363	11373103	842740	-8621	-8621	0	860415	0	0	862100	862100	0	842.74	842.74	0.000000	+0.000843	+0.000843
gov_staker_remaining_fee_accumulator_filetest.gno	Remaining gov fee accumulator repeat-1000 claim-627	execution-segment-repricing	10534632	11377372	842740	-8621	-8621	0	860415	0	0	862100	862100	0	842.74	842.74	0.000000	+0.000843	+0.000843
gov_staker_remaining_fee_accumulator_filetest.gno	Remaining gov fee accumulator repeat-1000 claim-628	execution-segment-repricing	10534145	11376885	842740	-8621	-8621	0	860415	0	0	862100	862100	0	842.74	842.74	0.000000	+0.000843	+0.000843
gov_staker_remaining_fee_accumulator_filetest.gno	Remaining gov fee accumulator repeat-1000 claim-629	execution-segment-repricing	10533658	11376398	842740	-8621	-8621	0	860415	0	0	862100	862100	0	842.74	842.74	0.000000	+0.000843	+0.000843
gov_staker_remaining_fee_accumulator_filetest.gno	Remaining gov fee accumulator repeat-1000 claim-630	execution-segment-repricing	10537440	11380180	842740	-8621	-8621	0	860415	0	0	862100	862100	0	842.74	842.74	0.000000	+0.000843	+0.000843
gov_staker_remaining_fee_accumulator_filetest.gno	Remaining gov fee accumulator repeat-1000 claim-631	execution-segment-repricing	10537440	11380180	842740	-8621	-8621	0	860415	0	0	862100	862100	0	842.74	842.74	0.000000	+0.000843	+0.000843
gov_staker_remaining_fee_accumulator_filetest.gno	Remaining gov fee accumulator repeat-1000 claim-632	execution-segment-repricing	10534145	11376885	842740	-8621	-8621	0	860415	0	0	862100	862100	0	842.74	842.74	0.000000	+0.000843	+0.000843
gov_staker_remaining_fee_accumulator_filetest.gno	Remaining gov fee accumulator repeat-1000 claim-633	execution-segment-repricing	10537440	11380180	842740	-8621	-8621	0	860415	0	0	862100	862100	0	842.74	842.74	0.000000	+0.000843	+0.000843
gov_staker_remaining_fee_accumulator_filetest.gno	Remaining gov fee accumulator repeat-1000 claim-634	execution-segment-repricing	10537927	11380667	842740	-8621	-8621	0	860415	0	0	862100	862100	0	842.74	842.74	0.000000	+0.000843	+0.000843
gov_staker_remaining_fee_accumulator_filetest.gno	Remaining gov fee accumulator repeat-1000 claim-635	execution-segment-repricing	10534145	11376885	842740	-8621	-8621	0	860415	0	0	862100	862100	0	842.74	842.74	0.000000	+0.000843	+0.000843
gov_staker_remaining_fee_accumulator_filetest.gno	Remaining gov fee accumulator repeat-1000 claim-636	execution-segment-repricing	10537927	11380667	842740	-8621	-8621	0	860415	0	0	862100	862100	0	842.74	842.74	0.000000	+0.000843	+0.000843
gov_staker_remaining_fee_accumulator_filetest.gno	Remaining gov fee accumulator repeat-1000 claim-637	execution-segment-repricing	10538414	11381154	842740	-8621	-8621	0	860415	0	0	862100	862100	0	842.74	842.74	0.000000	+0.000843	+0.000843
gov_staker_remaining_fee_accumulator_filetest.gno	Remaining gov fee accumulator repeat-1000 claim-638	execution-segment-repricing	10538414	11381154	842740	-8621	-8621	0	860415	0	0	862100	862100	0	842.74	842.74	0.000000	+0.000843	+0.000843
gov_staker_remaining_fee_accumulator_filetest.gno	Remaining gov fee accumulator repeat-1000 claim-639	execution-segment-repricing	10541709	11384449	842740	-8621	-8621	0	860415	0	0	862100	862100	0	842.74	842.74	0.000000	+0.000843	+0.000843
gov_staker_remaining_fee_accumulator_filetest.gno	Remaining gov fee accumulator repeat-1000 claim-640	execution-segment-repricing	10541222	11383962	842740	-8621	-8621	0	860415	0	0	862100	862100	0	842.74	842.74	0.000000	+0.000843	+0.000843
gov_staker_remaining_fee_accumulator_filetest.gno	Remaining gov fee accumulator repeat-1000 claim-641	execution-segment-repricing	10541222	11383962	842740	-8621	-8621	0	860415	0	0	862100	862100	0	842.74	842.74	0.000000	+0.000843	+0.000843
gov_staker_remaining_fee_accumulator_filetest.gno	Remaining gov fee accumulator repeat-1000 claim-642	execution-segment-repricing	10541222	11383962	842740	-8621	-8621	0	860415	0	0	862100	862100	0	842.74	842.74	0.000000	+0.000843	+0.000843
gov_staker_remaining_fee_accumulator_filetest.gno	Remaining gov fee accumulator repeat-1000 claim-643	execution-segment-repricing	10541709	11384449	842740	-8621	-8621	0	860415	0	0	862100	862100	0	842.74	842.74	0.000000	+0.000843	+0.000843
gov_staker_remaining_fee_accumulator_filetest.gno	Remaining gov fee accumulator repeat-1000 claim-644	execution-segment-repricing	10542196	11384936	842740	-8621	-8621	0	860415	0	0	862100	862100	0	842.74	842.74	0.000000	+0.000843	+0.000843
gov_staker_remaining_fee_accumulator_filetest.gno	Remaining gov fee accumulator repeat-1000 claim-645	execution-segment-repricing	10541709	11384449	842740	-8621	-8621	0	860415	0	0	862100	862100	0	842.74	842.74	0.000000	+0.000843	+0.000843
gov_staker_remaining_fee_accumulator_filetest.gno	Remaining gov fee accumulator repeat-1000 claim-646	execution-segment-repricing	10541222	11383962	842740	-8621	-8621	0	860415	0	0	862100	862100	0	842.74	842.74	0.000000	+0.000843	+0.000843
gov_staker_remaining_fee_accumulator_filetest.gno	Remaining gov fee accumulator repeat-1000 claim-647	execution-segment-repricing	10541222	11383962	842740	-8621	-8621	0	860415	0	0	862100	862100	0	842.74	842.74	0.000000	+0.000843	+0.000843
gov_staker_remaining_fee_accumulator_filetest.gno	Remaining gov fee accumulator repeat-1000 claim-648	execution-segment-repricing	10540735	11383475	842740	-8621	-8621	0	860415	0	0	862100	862100	0	842.74	842.74	0.000000	+0.000843	+0.000843
gov_staker_remaining_fee_accumulator_filetest.gno	Remaining gov fee accumulator repeat-1000 claim-649	execution-segment-repricing	10541222	11383962	842740	-8621	-8621	0	860415	0	0	862100	862100	0	842.74	842.74	0.000000	+0.000843	+0.000843
gov_staker_remaining_fee_accumulator_filetest.gno	Remaining gov fee accumulator repeat-1000 claim-650	execution-segment-repricing	10541709	11384449	842740	-8621	-8621	0	860415	0	0	862100	862100	0	842.74	842.74	0.000000	+0.000843	+0.000843
gov_staker_remaining_fee_accumulator_filetest.gno	Remaining gov fee accumulator repeat-1000 claim-651	execution-segment-repricing	10541709	11384449	842740	-8621	-8621	0	860415	0	0	862100	862100	0	842.74	842.74	0.000000	+0.000843	+0.000843
gov_staker_remaining_fee_accumulator_filetest.gno	Remaining gov fee accumulator repeat-1000 claim-652	execution-segment-repricing	10542196	11384936	842740	-8621	-8621	0	860415	0	0	862100	862100	0	842.74	842.74	0.000000	+0.000843	+0.000843
gov_staker_remaining_fee_accumulator_filetest.gno	Remaining gov fee accumulator repeat-1000 claim-653	execution-segment-repricing	10541709	11384449	842740	-8621	-8621	0	860415	0	0	862100	862100	0	842.74	842.74	0.000000	+0.000843	+0.000843
gov_staker_remaining_fee_accumulator_filetest.gno	Remaining gov fee accumulator repeat-1000 claim-654	execution-segment-repricing	10541709	11384449	842740	-8621	-8621	0	860415	0	0	862100	862100	0	842.74	842.74	0.000000	+0.000843	+0.000843
gov_staker_remaining_fee_accumulator_filetest.gno	Remaining gov fee accumulator repeat-1000 claim-655	execution-segment-repricing	10541222	11383962	842740	-8621	-8621	0	860415	0	0	862100	862100	0	842.74	842.74	0.000000	+0.000843	+0.000843
gov_staker_remaining_fee_accumulator_filetest.gno	Remaining gov fee accumulator repeat-1000 claim-656	execution-segment-repricing	10541222	11383962	842740	-8621	-8621	0	860415	0	0	862100	862100	0	842.74	842.74	0.000000	+0.000843	+0.000843
gov_staker_remaining_fee_accumulator_filetest.gno	Remaining gov fee accumulator repeat-1000 claim-657	execution-segment-repricing	10541709	11384449	842740	-8621	-8621	0	860415	0	0	862100	862100	0	842.74	842.74	0.000000	+0.000843	+0.000843
gov_staker_remaining_fee_accumulator_filetest.gno	Remaining gov fee accumulator repeat-1000 claim-658	execution-segment-repricing	10541222	11383962	842740	-8621	-8621	0	860415	0	0	862100	862100	0	842.74	842.74	0.000000	+0.000843	+0.000843
gov_staker_remaining_fee_accumulator_filetest.gno	Remaining gov fee accumulator repeat-1000 claim-659	execution-segment-repricing	10541709	11384449	842740	-8621	-8621	0	860415	0	0	862100	862100	0	842.74	842.74	0.000000	+0.000843	+0.000843
gov_staker_remaining_fee_accumulator_filetest.gno	Remaining gov fee accumulator repeat-1000 claim-660	execution-segment-repricing	10541222	11383962	842740	-8621	-8621	0	860415	0	0	862100	862100	0	842.74	842.74	0.000000	+0.000843	+0.000843
gov_staker_remaining_fee_accumulator_filetest.gno	Remaining gov fee accumulator repeat-1000 claim-661	execution-segment-repricing	10541222	11383962	842740	-8621	-8621	0	860415	0	0	862100	862100	0	842.74	842.74	0.000000	+0.000843	+0.000843
gov_staker_remaining_fee_accumulator_filetest.gno	Remaining gov fee accumulator repeat-1000 claim-662	execution-segment-repricing	10541709	11384449	842740	-8621	-8621	0	860415	0	0	862100	862100	0	842.74	842.74	0.000000	+0.000843	+0.000843
gov_staker_remaining_fee_accumulator_filetest.gno	Remaining gov fee accumulator repeat-1000 claim-663	execution-segment-repricing	10541709	11384449	842740	-8621	-8621	0	860415	0	0	862100	862100	0	842.74	842.74	0.000000	+0.000843	+0.000843
gov_staker_remaining_fee_accumulator_filetest.gno	Remaining gov fee accumulator repeat-1000 claim-664	execution-segment-repricing	10542196	11384936	842740	-8621	-8621	0	860415	0	0	862100	862100	0	842.74	842.74	0.000000	+0.000843	+0.000843
gov_staker_remaining_fee_accumulator_filetest.gno	Remaining gov fee accumulator repeat-1000 claim-665	execution-segment-repricing	10541709	11384449	842740	-8621	-8621	0	860415	0	0	862100	862100	0	842.74	842.74	0.000000	+0.000843	+0.000843
gov_staker_remaining_fee_accumulator_filetest.gno	Remaining gov fee accumulator repeat-1000 claim-666	execution-segment-repricing	10541709	11384449	842740	-8621	-8621	0	860415	0	0	862100	862100	0	842.74	842.74	0.000000	+0.000843	+0.000843
gov_staker_remaining_fee_accumulator_filetest.gno	Remaining gov fee accumulator repeat-1000 claim-667	execution-segment-repricing	10536860	11379600	842740	-8621	-8621	0	860415	0	0	862100	862100	0	842.74	842.74	0.000000	+0.000843	+0.000843
gov_staker_remaining_fee_accumulator_filetest.gno	Remaining gov fee accumulator repeat-1000 claim-668	execution-segment-repricing	10536860	11379600	842740	-8621	-8621	0	860415	0	0	862100	862100	0	842.74	842.74	0.000000	+0.000843	+0.000843
gov_staker_remaining_fee_accumulator_filetest.gno	Remaining gov fee accumulator repeat-1000 claim-669	execution-segment-repricing	10537347	11380087	842740	-8621	-8621	0	860415	0	0	862100	862100	0	842.74	842.74	0.000000	+0.000843	+0.000843
gov_staker_remaining_fee_accumulator_filetest.gno	Remaining gov fee accumulator repeat-1000 claim-670	execution-segment-repricing	10537347	11380087	842740	-8621	-8621	0	860415	0	0	862100	862100	0	842.74	842.74	0.000000	+0.000843	+0.000843
gov_staker_remaining_fee_accumulator_filetest.gno	Remaining gov fee accumulator repeat-1000 claim-671	execution-segment-repricing	10541709	11384449	842740	-8621	-8621	0	860415	0	0	862100	862100	0	842.74	842.74	0.000000	+0.000843	+0.000843
gov_staker_remaining_fee_accumulator_filetest.gno	Remaining gov fee accumulator repeat-1000 claim-672	execution-segment-repricing	10537927	11380667	842740	-8621	-8621	0	860415	0	0	862100	862100	0	842.74	842.74	0.000000	+0.000843	+0.000843
gov_staker_remaining_fee_accumulator_filetest.gno	Remaining gov fee accumulator repeat-1000 claim-673	execution-segment-repricing	10537440	11380180	842740	-8621	-8621	0	860415	0	0	862100	862100	0	842.74	842.74	0.000000	+0.000843	+0.000843
gov_staker_remaining_fee_accumulator_filetest.gno	Remaining gov fee accumulator repeat-1000 claim-674	execution-segment-repricing	10537440	11380180	842740	-8621	-8621	0	860415	0	0	862100	862100	0	842.74	842.74	0.000000	+0.000843	+0.000843
gov_staker_remaining_fee_accumulator_filetest.gno	Remaining gov fee accumulator repeat-1000 claim-675	execution-segment-repricing	10537440	11380180	842740	-8621	-8621	0	860415	0	0	862100	862100	0	842.74	842.74	0.000000	+0.000843	+0.000843
gov_staker_remaining_fee_accumulator_filetest.gno	Remaining gov fee accumulator repeat-1000 claim-676	execution-segment-repricing	10541222	11383962	842740	-8621	-8621	0	860415	0	0	862100	862100	0	842.74	842.74	0.000000	+0.000843	+0.000843
gov_staker_remaining_fee_accumulator_filetest.gno	Remaining gov fee accumulator repeat-1000 claim-677	execution-segment-repricing	10537927	11380667	842740	-8621	-8621	0	860415	0	0	862100	862100	0	842.74	842.74	0.000000	+0.000843	+0.000843
gov_staker_remaining_fee_accumulator_filetest.gno	Remaining gov fee accumulator repeat-1000 claim-678	execution-segment-repricing	10537440	11380180	842740	-8621	-8621	0	860415	0	0	862100	862100	0	842.74	842.74	0.000000	+0.000843	+0.000843
gov_staker_remaining_fee_accumulator_filetest.gno	Remaining gov fee accumulator repeat-1000 claim-679	execution-segment-repricing	10537927	11380667	842740	-8621	-8621	0	860415	0	0	862100	862100	0	842.74	842.74	0.000000	+0.000843	+0.000843
gov_staker_remaining_fee_accumulator_filetest.gno	Remaining gov fee accumulator repeat-1000 claim-680	execution-segment-repricing	10537440	11380180	842740	-8621	-8621	0	860415	0	0	862100	862100	0	842.74	842.74	0.000000	+0.000843	+0.000843
gov_staker_remaining_fee_accumulator_filetest.gno	Remaining gov fee accumulator repeat-1000 claim-681	execution-segment-repricing	10541222	11383962	842740	-8621	-8621	0	860415	0	0	862100	862100	0	842.74	842.74	0.000000	+0.000843	+0.000843
gov_staker_remaining_fee_accumulator_filetest.gno	Remaining gov fee accumulator repeat-1000 claim-682	execution-segment-repricing	10537927	11380667	842740	-8621	-8621	0	860415	0	0	862100	862100	0	842.74	842.74	0.000000	+0.000843	+0.000843
gov_staker_remaining_fee_accumulator_filetest.gno	Remaining gov fee accumulator repeat-1000 claim-683	execution-segment-repricing	10537927	11380667	842740	-8621	-8621	0	860415	0	0	862100	862100	0	842.74	842.74	0.000000	+0.000843	+0.000843
gov_staker_remaining_fee_accumulator_filetest.gno	Remaining gov fee accumulator repeat-1000 claim-684	execution-segment-repricing	10538414	11381154	842740	-8621	-8621	0	860415	0	0	862100	862100	0	842.74	842.74	0.000000	+0.000843	+0.000843
gov_staker_remaining_fee_accumulator_filetest.gno	Remaining gov fee accumulator repeat-1000 claim-685	execution-segment-repricing	10537927	11380667	842740	-8621	-8621	0	860415	0	0	862100	862100	0	842.74	842.74	0.000000	+0.000843	+0.000843
gov_staker_remaining_fee_accumulator_filetest.gno	Remaining gov fee accumulator repeat-1000 claim-686	execution-segment-repricing	10541709	11384449	842740	-8621	-8621	0	860415	0	0	862100	862100	0	842.74	842.74	0.000000	+0.000843	+0.000843
gov_staker_remaining_fee_accumulator_filetest.gno	Remaining gov fee accumulator repeat-1000 claim-687	execution-segment-repricing	10537927	11380667	842740	-8621	-8621	0	860415	0	0	862100	862100	0	842.74	842.74	0.000000	+0.000843	+0.000843
gov_staker_remaining_fee_accumulator_filetest.gno	Remaining gov fee accumulator repeat-1000 claim-688	execution-segment-repricing	10537927	11380667	842740	-8621	-8621	0	860415	0	0	862100	862100	0	842.74	842.74	0.000000	+0.000843	+0.000843
gov_staker_remaining_fee_accumulator_filetest.gno	Remaining gov fee accumulator repeat-1000 claim-689	execution-segment-repricing	10538414	11381154	842740	-8621	-8621	0	860415	0	0	862100	862100	0	842.74	842.74	0.000000	+0.000843	+0.000843
gov_staker_remaining_fee_accumulator_filetest.gno	Remaining gov fee accumulator repeat-1000 claim-690	execution-segment-repricing	10537927	11380667	842740	-8621	-8621	0	860415	0	0	862100	862100	0	842.74	842.74	0.000000	+0.000843	+0.000843
gov_staker_remaining_fee_accumulator_filetest.gno	Remaining gov fee accumulator repeat-1000 claim-691	execution-segment-repricing	10541222	11383962	842740	-8621	-8621	0	860415	0	0	862100	862100	0	842.74	842.74	0.000000	+0.000843	+0.000843
gov_staker_remaining_fee_accumulator_filetest.gno	Remaining gov fee accumulator repeat-1000 claim-692	execution-segment-repricing	10537440	11380180	842740	-8621	-8621	0	860415	0	0	862100	862100	0	842.74	842.74	0.000000	+0.000843	+0.000843
gov_staker_remaining_fee_accumulator_filetest.gno	Remaining gov fee accumulator repeat-1000 claim-693	execution-segment-repricing	10537440	11380180	842740	-8621	-8621	0	860415	0	0	862100	862100	0	842.74	842.74	0.000000	+0.000843	+0.000843
gov_staker_remaining_fee_accumulator_filetest.gno	Remaining gov fee accumulator repeat-1000 claim-694	execution-segment-repricing	10533078	11375818	842740	-8621	-8621	0	860415	0	0	862100	862100	0	842.74	842.74	0.000000	+0.000843	+0.000843
gov_staker_remaining_fee_accumulator_filetest.gno	Remaining gov fee accumulator repeat-1000 claim-695	execution-segment-repricing	10533565	11376305	842740	-8621	-8621	0	860415	0	0	862100	862100	0	842.74	842.74	0.000000	+0.000843	+0.000843
gov_staker_remaining_fee_accumulator_filetest.gno	Remaining gov fee accumulator repeat-1000 claim-696	execution-segment-repricing	10537347	11380087	842740	-8621	-8621	0	860415	0	0	862100	862100	0	842.74	842.74	0.000000	+0.000843	+0.000843
gov_staker_remaining_fee_accumulator_filetest.gno	Remaining gov fee accumulator repeat-1000 claim-697	execution-segment-repricing	10530593	11372523	841930	-8603	-8621	-18	860415	1800	0	862100	862100	-1800	841.93	-958.07	-0.001800	+0.000842	-0.000958
gov_staker_remaining_fee_accumulator_filetest.gno	Remaining gov fee accumulator repeat-1000 claim-698	execution-segment-repricing	10535213	11376885	841672	-8611	-8621	-10	860415	1000	0	862100	862100	-1000	841.672	-158.328	-0.001000	+0.000842	-0.000158
gov_staker_remaining_fee_accumulator_filetest.gno	Remaining gov fee accumulator repeat-1000 claim-699	execution-segment-repricing	10535213	11376885	841672	-8621	-8621	0	860415	0	0	862100	862100	0	841.672	841.672	0.000000	+0.000842	+0.000842
gov_staker_remaining_fee_accumulator_filetest.gno	Remaining gov fee accumulator repeat-1000 claim-700	execution-segment-repricing	10530944	11372616	841672	-8621	-8621	0	860415	0	0	862100	862100	0	841.672	841.672	0.000000	+0.000842	+0.000842
gov_staker_remaining_fee_accumulator_filetest.gno	Remaining gov fee accumulator repeat-1000 claim-701	execution-segment-repricing	10538508	11380180	841672	-8621	-8621	0	860415	0	0	862100	862100	0	841.672	841.672	0.000000	+0.000842	+0.000842
gov_staker_remaining_fee_accumulator_filetest.gno	Remaining gov fee accumulator repeat-1000 claim-702	execution-segment-repricing	10538995	11380667	841672	-8621	-8621	0	860415	0	0	862100	862100	0	841.672	841.672	0.000000	+0.000842	+0.000842
gov_staker_remaining_fee_accumulator_filetest.gno	Remaining gov fee accumulator repeat-1000 claim-703	execution-segment-repricing	10534726	11376398	841672	-8621	-8621	0	860415	0	0	862100	862100	0	841.672	841.672	0.000000	+0.000842	+0.000842
gov_staker_remaining_fee_accumulator_filetest.gno	Remaining gov fee accumulator repeat-1000 claim-704	execution-segment-repricing	10538995	11380667	841672	-8621	-8621	0	860415	0	0	862100	862100	0	841.672	841.672	0.000000	+0.000842	+0.000842
gov_staker_remaining_fee_accumulator_filetest.gno	Remaining gov fee accumulator repeat-1000 claim-705	execution-segment-repricing	10538508	11380180	841672	-8621	-8621	0	860415	0	0	862100	862100	0	841.672	841.672	0.000000	+0.000842	+0.000842
gov_staker_remaining_fee_accumulator_filetest.gno	Remaining gov fee accumulator repeat-1000 claim-706	execution-segment-repricing	10534726	11376398	841672	-8621	-8621	0	860415	0	0	862100	862100	0	841.672	841.672	0.000000	+0.000842	+0.000842
gov_staker_remaining_fee_accumulator_filetest.gno	Remaining gov fee accumulator repeat-1000 claim-707	execution-segment-repricing	10538508	11380180	841672	-8621	-8621	0	860415	0	0	862100	862100	0	841.672	841.672	0.000000	+0.000842	+0.000842
gov_staker_remaining_fee_accumulator_filetest.gno	Remaining gov fee accumulator repeat-1000 claim-708	execution-segment-repricing	10538508	11380180	841672	-8621	-8621	0	860415	0	0	862100	862100	0	841.672	841.672	0.000000	+0.000842	+0.000842
gov_staker_remaining_fee_accumulator_filetest.gno	Remaining gov fee accumulator repeat-1000 claim-709	execution-segment-repricing	10535700	11377372	841672	-8621	-8621	0	860415	0	0	862100	862100	0	841.672	841.672	0.000000	+0.000842	+0.000842
gov_staker_remaining_fee_accumulator_filetest.gno	Remaining gov fee accumulator repeat-1000 claim-710	execution-segment-repricing	10538995	11380667	841672	-8621	-8621	0	860415	0	0	862100	862100	0	841.672	841.672	0.000000	+0.000842	+0.000842
gov_staker_remaining_fee_accumulator_filetest.gno	Remaining gov fee accumulator repeat-1000 claim-711	execution-segment-repricing	10539482	11381154	841672	-8621	-8621	0	860415	0	0	862100	862100	0	841.672	841.672	0.000000	+0.000842	+0.000842
gov_staker_remaining_fee_accumulator_filetest.gno	Remaining gov fee accumulator repeat-1000 claim-712	execution-segment-repricing	10535225	11376897	841672	-8620	-8620	0	860415	0	0	862000	862000	0	841.672	841.672	0.000000	+0.000842	+0.000842
gov_staker_remaining_fee_accumulator_filetest.gno	Remaining gov fee accumulator repeat-1000 claim-713	execution-segment-repricing	10538520	11380192	841672	-8620	-8620	0	860415	0	0	862000	862000	0	841.672	841.672	0.000000	+0.000842	+0.000842
gov_staker_remaining_fee_accumulator_filetest.gno	Remaining gov fee accumulator repeat-1000 claim-714	execution-segment-repricing	10539007	11380679	841672	-8620	-8620	0	860415	0	0	862000	862000	0	841.672	841.672	0.000000	+0.000842	+0.000842
gov_staker_remaining_fee_accumulator_filetest.gno	Remaining gov fee accumulator repeat-1000 claim-715	execution-segment-repricing	10535712	11377384	841672	-8620	-8620	0	860415	0	0	862000	862000	0	841.672	841.672	0.000000	+0.000842	+0.000842
gov_staker_remaining_fee_accumulator_filetest.gno	Remaining gov fee accumulator repeat-1000 claim-716	execution-segment-repricing	10539494	11381166	841672	-8620	-8620	0	860415	0	0	862000	862000	0	841.672	841.672	0.000000	+0.000842	+0.000842
gov_staker_remaining_fee_accumulator_filetest.gno	Remaining gov fee accumulator repeat-1000 claim-717	execution-segment-repricing	10539007	11380679	841672	-8620	-8620	0	860415	0	0	862000	862000	0	841.672	841.672	0.000000	+0.000842	+0.000842
gov_staker_remaining_fee_accumulator_filetest.gno	Remaining gov fee accumulator repeat-1000 claim-718	execution-segment-repricing	10538520	11380192	841672	-8620	-8620	0	860415	0	0	862000	862000	0	841.672	841.672	0.000000	+0.000842	+0.000842
gov_staker_remaining_fee_accumulator_filetest.gno	Remaining gov fee accumulator repeat-1000 claim-719	execution-segment-repricing	10541815	11383487	841672	-8620	-8620	0	860415	0	0	862000	862000	0	841.672	841.672	0.000000	+0.000842	+0.000842
gov_staker_remaining_fee_accumulator_filetest.gno	Remaining gov fee accumulator repeat-1000 claim-720	execution-segment-repricing	10542302	11383974	841672	-8620	-8620	0	860415	0	0	862000	862000	0	841.672	841.672	0.000000	+0.000842	+0.000842
gov_staker_remaining_fee_accumulator_filetest.gno	Remaining gov fee accumulator repeat-1000 claim-721	execution-segment-repricing	10542789	11384461	841672	-8620	-8620	0	860415	0	0	862000	862000	0	841.672	841.672	0.000000	+0.000842	+0.000842
gov_staker_remaining_fee_accumulator_filetest.gno	Remaining gov fee accumulator repeat-1000 claim-722	execution-segment-repricing	10542789	11384461	841672	-8620	-8620	0	860415	0	0	862000	862000	0	841.672	841.672	0.000000	+0.000842	+0.000842
gov_staker_remaining_fee_accumulator_filetest.gno	Remaining gov fee accumulator repeat-1000 claim-723	execution-segment-repricing	10542302	11383974	841672	-8620	-8620	0	860415	0	0	862000	862000	0	841.672	841.672	0.000000	+0.000842	+0.000842
gov_staker_remaining_fee_accumulator_filetest.gno	Remaining gov fee accumulator repeat-1000 claim-724	execution-segment-repricing	10542302	11383974	841672	-8620	-8620	0	860415	0	0	862000	862000	0	841.672	841.672	0.000000	+0.000842	+0.000842
gov_staker_remaining_fee_accumulator_filetest.gno	Remaining gov fee accumulator repeat-1000 claim-725	execution-segment-repricing	10541815	11383487	841672	-8620	-8620	0	860415	0	0	862000	862000	0	841.672	841.672	0.000000	+0.000842	+0.000842
gov_staker_remaining_fee_accumulator_filetest.gno	Remaining gov fee accumulator repeat-1000 claim-726	execution-segment-repricing	10542302	11383974	841672	-8620	-8620	0	860415	0	0	862000	862000	0	841.672	841.672	0.000000	+0.000842	+0.000842
gov_staker_remaining_fee_accumulator_filetest.gno	Remaining gov fee accumulator repeat-1000 claim-727	execution-segment-repricing	10542302	11383974	841672	-8620	-8620	0	860415	0	0	862000	862000	0	841.672	841.672	0.000000	+0.000842	+0.000842
gov_staker_remaining_fee_accumulator_filetest.gno	Remaining gov fee accumulator repeat-1000 claim-728	execution-segment-repricing	10542302	11383974	841672	-8620	-8620	0	860415	0	0	862000	862000	0	841.672	841.672	0.000000	+0.000842	+0.000842
gov_staker_remaining_fee_accumulator_filetest.gno	Remaining gov fee accumulator repeat-1000 claim-729	execution-segment-repricing	10542789	11384461	841672	-8620	-8620	0	860415	0	0	862000	862000	0	841.672	841.672	0.000000	+0.000842	+0.000842
gov_staker_remaining_fee_accumulator_filetest.gno	Remaining gov fee accumulator repeat-1000 claim-730	execution-segment-repricing	10542302	11383974	841672	-8620	-8620	0	860415	0	0	862000	862000	0	841.672	841.672	0.000000	+0.000842	+0.000842
gov_staker_remaining_fee_accumulator_filetest.gno	Remaining gov fee accumulator repeat-1000 claim-731	execution-segment-repricing	10542789	11384461	841672	-8620	-8620	0	860415	0	0	862000	862000	0	841.672	841.672	0.000000	+0.000842	+0.000842
gov_staker_remaining_fee_accumulator_filetest.gno	Remaining gov fee accumulator repeat-1000 claim-732	execution-segment-repricing	10542302	11383974	841672	-8620	-8620	0	860415	0	0	862000	862000	0	841.672	841.672	0.000000	+0.000842	+0.000842
gov_staker_remaining_fee_accumulator_filetest.gno	Remaining gov fee accumulator repeat-1000 claim-733	execution-segment-repricing	10542302	11383974	841672	-8620	-8620	0	860415	0	0	862000	862000	0	841.672	841.672	0.000000	+0.000842	+0.000842
gov_staker_remaining_fee_accumulator_filetest.gno	Remaining gov fee accumulator repeat-1000 claim-734	execution-segment-repricing	10542789	11384461	841672	-8620	-8620	0	860415	0	0	862000	862000	0	841.672	841.672	0.000000	+0.000842	+0.000842
gov_staker_remaining_fee_accumulator_filetest.gno	Remaining gov fee accumulator repeat-1000 claim-735	execution-segment-repricing	10542302	11383974	841672	-8620	-8620	0	860415	0	0	862000	862000	0	841.672	841.672	0.000000	+0.000842	+0.000842
gov_staker_remaining_fee_accumulator_filetest.gno	Remaining gov fee accumulator repeat-1000 claim-736	execution-segment-repricing	10542789	11384461	841672	-8620	-8620	0	860415	0	0	862000	862000	0	841.672	841.672	0.000000	+0.000842	+0.000842
gov_staker_remaining_fee_accumulator_filetest.gno	Remaining gov fee accumulator repeat-1000 claim-737	execution-segment-repricing	10542302	11383974	841672	-8620	-8620	0	860415	0	0	862000	862000	0	841.672	841.672	0.000000	+0.000842	+0.000842
gov_staker_remaining_fee_accumulator_filetest.gno	Remaining gov fee accumulator repeat-1000 claim-738	execution-segment-repricing	10542302	11383974	841672	-8620	-8620	0	860415	0	0	862000	862000	0	841.672	841.672	0.000000	+0.000842	+0.000842
gov_staker_remaining_fee_accumulator_filetest.gno	Remaining gov fee accumulator repeat-1000 claim-739	execution-segment-repricing	10539007	11380679	841672	-8620	-8620	0	860415	0	0	862000	862000	0	841.672	841.672	0.000000	+0.000842	+0.000842
gov_staker_remaining_fee_accumulator_filetest.gno	Remaining gov fee accumulator repeat-1000 claim-740	execution-segment-repricing	10539007	11380679	841672	-8620	-8620	0	860415	0	0	862000	862000	0	841.672	841.672	0.000000	+0.000842	+0.000842
gov_staker_remaining_fee_accumulator_filetest.gno	Remaining gov fee accumulator repeat-1000 claim-741	execution-segment-repricing	10539494	11381166	841672	-8620	-8620	0	860415	0	0	862000	862000	0	841.672	841.672	0.000000	+0.000842	+0.000842
gov_staker_remaining_fee_accumulator_filetest.gno	Remaining gov fee accumulator repeat-1000 claim-742	execution-segment-repricing	10539007	11380679	841672	-8620	-8620	0	860415	0	0	862000	862000	0	841.672	841.672	0.000000	+0.000842	+0.000842
gov_staker_remaining_fee_accumulator_filetest.gno	Remaining gov fee accumulator repeat-1000 claim-743	execution-segment-repricing	10542789	11384461	841672	-8620	-8620	0	860415	0	0	862000	862000	0	841.672	841.672	0.000000	+0.000842	+0.000842
gov_staker_remaining_fee_accumulator_filetest.gno	Remaining gov fee accumulator repeat-1000 claim-744	execution-segment-repricing	10539007	11380679	841672	-8620	-8620	0	860415	0	0	862000	862000	0	841.672	841.672	0.000000	+0.000842	+0.000842
gov_staker_remaining_fee_accumulator_filetest.gno	Remaining gov fee accumulator repeat-1000 claim-745	execution-segment-repricing	10539007	11380679	841672	-8620	-8620	0	860415	0	0	862000	862000	0	841.672	841.672	0.000000	+0.000842	+0.000842
gov_staker_remaining_fee_accumulator_filetest.gno	Remaining gov fee accumulator repeat-1000 claim-746	execution-segment-repricing	10539494	11381166	841672	-8620	-8620	0	860415	0	0	862000	862000	0	841.672	841.672	0.000000	+0.000842	+0.000842
gov_staker_remaining_fee_accumulator_filetest.gno	Remaining gov fee accumulator repeat-1000 claim-747	execution-segment-repricing	10539494	11381166	841672	-8620	-8620	0	860415	0	0	862000	862000	0	841.672	841.672	0.000000	+0.000842	+0.000842
gov_staker_remaining_fee_accumulator_filetest.gno	Remaining gov fee accumulator repeat-1000 claim-748	execution-segment-repricing	10542789	11384461	841672	-8620	-8620	0	860415	0	0	862000	862000	0	841.672	841.672	0.000000	+0.000842	+0.000842
gov_staker_remaining_fee_accumulator_filetest.gno	Remaining gov fee accumulator repeat-1000 claim-749	execution-segment-repricing	10539007	11380679	841672	-8620	-8620	0	860415	0	0	862000	862000	0	841.672	841.672	0.000000	+0.000842	+0.000842
gov_staker_remaining_fee_accumulator_filetest.gno	Remaining gov fee accumulator repeat-1000 claim-750	execution-segment-repricing	10538520	11380192	841672	-8620	-8620	0	860415	0	0	862000	862000	0	841.672	841.672	0.000000	+0.000842	+0.000842
gov_staker_remaining_fee_accumulator_filetest.gno	Remaining gov fee accumulator repeat-1000 claim-751	execution-segment-repricing	10538520	11380192	841672	-8620	-8620	0	860415	0	0	862000	862000	0	841.672	841.672	0.000000	+0.000842	+0.000842
gov_staker_remaining_fee_accumulator_filetest.gno	Remaining gov fee accumulator repeat-1000 claim-752	execution-segment-repricing	10538520	11380192	841672	-8620	-8620	0	860415	0	0	862000	862000	0	841.672	841.672	0.000000	+0.000842	+0.000842
gov_staker_remaining_fee_accumulator_filetest.gno	Remaining gov fee accumulator repeat-1000 claim-753	execution-segment-repricing	10542302	11383974	841672	-8620	-8620	0	860415	0	0	862000	862000	0	841.672	841.672	0.000000	+0.000842	+0.000842
gov_staker_remaining_fee_accumulator_filetest.gno	Remaining gov fee accumulator repeat-1000 claim-754	execution-segment-repricing	10539494	11381166	841672	-8620	-8620	0	860415	0	0	862000	862000	0	841.672	841.672	0.000000	+0.000842	+0.000842
gov_staker_remaining_fee_accumulator_filetest.gno	Remaining gov fee accumulator repeat-1000 claim-755	execution-segment-repricing	10539007	11380679	841672	-8620	-8620	0	860415	0	0	862000	862000	0	841.672	841.672	0.000000	+0.000842	+0.000842
gov_staker_remaining_fee_accumulator_filetest.gno	Remaining gov fee accumulator repeat-1000 claim-756	execution-segment-repricing	10539494	11381166	841672	-8620	-8620	0	860415	0	0	862000	862000	0	841.672	841.672	0.000000	+0.000842	+0.000842
gov_staker_remaining_fee_accumulator_filetest.gno	Remaining gov fee accumulator repeat-1000 claim-757	execution-segment-repricing	10539007	11380679	841672	-8620	-8620	0	860415	0	0	862000	862000	0	841.672	841.672	0.000000	+0.000842	+0.000842
gov_staker_remaining_fee_accumulator_filetest.gno	Remaining gov fee accumulator repeat-1000 claim-758	execution-segment-repricing	10542302	11383974	841672	-8620	-8620	0	860415	0	0	862000	862000	0	841.672	841.672	0.000000	+0.000842	+0.000842
gov_staker_remaining_fee_accumulator_filetest.gno	Remaining gov fee accumulator repeat-1000 claim-759	execution-segment-repricing	10539007	11380679	841672	-8620	-8620	0	860415	0	0	862000	862000	0	841.672	841.672	0.000000	+0.000842	+0.000842
gov_staker_remaining_fee_accumulator_filetest.gno	Remaining gov fee accumulator repeat-1000 claim-760	execution-segment-repricing	10539007	11380679	841672	-8620	-8620	0	860415	0	0	862000	862000	0	841.672	841.672	0.000000	+0.000842	+0.000842
gov_staker_remaining_fee_accumulator_filetest.gno	Remaining gov fee accumulator repeat-1000 claim-761	execution-segment-repricing	10539494	11381166	841672	-8620	-8620	0	860415	0	0	862000	862000	0	841.672	841.672	0.000000	+0.000842	+0.000842
gov_staker_remaining_fee_accumulator_filetest.gno	Remaining gov fee accumulator repeat-1000 claim-762	execution-segment-repricing	10539007	11380679	841672	-8620	-8620	0	860415	0	0	862000	862000	0	841.672	841.672	0.000000	+0.000842	+0.000842
gov_staker_remaining_fee_accumulator_filetest.gno	Remaining gov fee accumulator repeat-1000 claim-763	execution-segment-repricing	10542789	11384461	841672	-8620	-8620	0	860415	0	0	862000	862000	0	841.672	841.672	0.000000	+0.000842	+0.000842
gov_staker_remaining_fee_accumulator_filetest.gno	Remaining gov fee accumulator repeat-1000 claim-764	execution-segment-repricing	10539007	11380679	841672	-8620	-8620	0	860415	0	0	862000	862000	0	841.672	841.672	0.000000	+0.000842	+0.000842
gov_staker_remaining_fee_accumulator_filetest.gno	Remaining gov fee accumulator repeat-1000 claim-765	execution-segment-repricing	10539007	11380679	841672	-8620	-8620	0	860415	0	0	862000	862000	0	841.672	841.672	0.000000	+0.000842	+0.000842
gov_staker_remaining_fee_accumulator_filetest.gno	Remaining gov fee accumulator repeat-1000 claim-766	execution-segment-repricing	10539494	11381166	841672	-8620	-8620	0	860415	0	0	862000	862000	0	841.672	841.672	0.000000	+0.000842	+0.000842
gov_staker_remaining_fee_accumulator_filetest.gno	Remaining gov fee accumulator repeat-1000 claim-767	execution-segment-repricing	10539494	11381166	841672	-8620	-8620	0	860415	0	0	862000	862000	0	841.672	841.672	0.000000	+0.000842	+0.000842
gov_staker_remaining_fee_accumulator_filetest.gno	Remaining gov fee accumulator repeat-1000 claim-768	execution-segment-repricing	10542789	11384461	841672	-8620	-8620	0	860415	0	0	862000	862000	0	841.672	841.672	0.000000	+0.000842	+0.000842
gov_staker_remaining_fee_accumulator_filetest.gno	Remaining gov fee accumulator repeat-1000 claim-769	execution-segment-repricing	10539007	11380679	841672	-8620	-8620	0	860415	0	0	862000	862000	0	841.672	841.672	0.000000	+0.000842	+0.000842
gov_staker_remaining_fee_accumulator_filetest.gno	Remaining gov fee accumulator repeat-1000 claim-770	execution-segment-repricing	10539007	11380679	841672	-8620	-8620	0	860415	0	0	862000	862000	0	841.672	841.672	0.000000	+0.000842	+0.000842
gov_staker_remaining_fee_accumulator_filetest.gno	Remaining gov fee accumulator repeat-1000 claim-771	execution-segment-repricing	10539007	11380679	841672	-8620	-8620	0	860415	0	0	862000	862000	0	841.672	841.672	0.000000	+0.000842	+0.000842
gov_staker_remaining_fee_accumulator_filetest.gno	Remaining gov fee accumulator repeat-1000 claim-772	execution-segment-repricing	10539494	11381166	841672	-8620	-8620	0	860415	0	0	862000	862000	0	841.672	841.672	0.000000	+0.000842	+0.000842
gov_staker_remaining_fee_accumulator_filetest.gno	Remaining gov fee accumulator repeat-1000 claim-773	execution-segment-repricing	10543276	11384948	841672	-8620	-8620	0	860415	0	0	862000	862000	0	841.672	841.672	0.000000	+0.000842	+0.000842
gov_staker_remaining_fee_accumulator_filetest.gno	Remaining gov fee accumulator repeat-1000 claim-774	execution-segment-repricing	10537940	11379612	841672	-8620	-8620	0	860415	0	0	862000	862000	0	841.672	841.672	0.000000	+0.000842	+0.000842
gov_staker_remaining_fee_accumulator_filetest.gno	Remaining gov fee accumulator repeat-1000 claim-775	execution-segment-repricing	10537453	11379125	841672	-8620	-8620	0	860415	0	0	862000	862000	0	841.672	841.672	0.000000	+0.000842	+0.000842
gov_staker_remaining_fee_accumulator_filetest.gno	Remaining gov fee accumulator repeat-1000 claim-776	execution-segment-repricing	10537453	11379125	841672	-8620	-8620	0	860415	0	0	862000	862000	0	841.672	841.672	0.000000	+0.000842	+0.000842
gov_staker_remaining_fee_accumulator_filetest.gno	Remaining gov fee accumulator repeat-1000 claim-777	execution-segment-repricing	10533184	11374856	841672	-8620	-8620	0	860415	0	0	862000	862000	0	841.672	841.672	0.000000	+0.000842	+0.000842
gov_staker_remaining_fee_accumulator_filetest.gno	Remaining gov fee accumulator repeat-1000 claim-778	execution-segment-repricing	10538520	11380192	841672	-8620	-8620	0	860415	0	0	862000	862000	0	841.672	841.672	0.000000	+0.000842	+0.000842
gov_staker_remaining_fee_accumulator_filetest.gno	Remaining gov fee accumulator repeat-1000 claim-779	execution-segment-repricing	10539007	11380679	841672	-8620	-8620	0	860415	0	0	862000	862000	0	841.672	841.672	0.000000	+0.000842	+0.000842
gov_staker_remaining_fee_accumulator_filetest.gno	Remaining gov fee accumulator repeat-1000 claim-780	execution-segment-repricing	10534738	11376410	841672	-8620	-8620	0	860415	0	0	862000	862000	0	841.672	841.672	0.000000	+0.000842	+0.000842
gov_staker_remaining_fee_accumulator_filetest.gno	Remaining gov fee accumulator repeat-1000 claim-781	execution-segment-repricing	10539007	11380679	841672	-8620	-8620	0	860415	0	0	862000	862000	0	841.672	841.672	0.000000	+0.000842	+0.000842
gov_staker_remaining_fee_accumulator_filetest.gno	Remaining gov fee accumulator repeat-1000 claim-782	execution-segment-repricing	10538520	11380192	841672	-8620	-8620	0	860415	0	0	862000	862000	0	841.672	841.672	0.000000	+0.000842	+0.000842
gov_staker_remaining_fee_accumulator_filetest.gno	Remaining gov fee accumulator repeat-1000 claim-783	execution-segment-repricing	10534738	11376410	841672	-8620	-8620	0	860415	0	0	862000	862000	0	841.672	841.672	0.000000	+0.000842	+0.000842
gov_staker_remaining_fee_accumulator_filetest.gno	Remaining gov fee accumulator repeat-1000 claim-784	execution-segment-repricing	10538520	11380192	841672	-8620	-8620	0	860415	0	0	862000	862000	0	841.672	841.672	0.000000	+0.000842	+0.000842
gov_staker_remaining_fee_accumulator_filetest.gno	Remaining gov fee accumulator repeat-1000 claim-785	execution-segment-repricing	10538520	11380192	841672	-8620	-8620	0	860415	0	0	862000	862000	0	841.672	841.672	0.000000	+0.000842	+0.000842
gov_staker_remaining_fee_accumulator_filetest.gno	Remaining gov fee accumulator repeat-1000 claim-786	execution-segment-repricing	10535712	11377384	841672	-8620	-8620	0	860415	0	0	862000	862000	0	841.672	841.672	0.000000	+0.000842	+0.000842
gov_staker_remaining_fee_accumulator_filetest.gno	Remaining gov fee accumulator repeat-1000 claim-787	execution-segment-repricing	10539007	11380679	841672	-8620	-8620	0	860415	0	0	862000	862000	0	841.672	841.672	0.000000	+0.000842	+0.000842
gov_staker_remaining_fee_accumulator_filetest.gno	Remaining gov fee accumulator repeat-1000 claim-788	execution-segment-repricing	10539494	11381166	841672	-8620	-8620	0	860415	0	0	862000	862000	0	841.672	841.672	0.000000	+0.000842	+0.000842
gov_staker_remaining_fee_accumulator_filetest.gno	Remaining gov fee accumulator repeat-1000 claim-789	execution-segment-repricing	10535225	11376897	841672	-8620	-8620	0	860415	0	0	862000	862000	0	841.672	841.672	0.000000	+0.000842	+0.000842
gov_staker_remaining_fee_accumulator_filetest.gno	Remaining gov fee accumulator repeat-1000 claim-790	execution-segment-repricing	10538520	11380192	841672	-8620	-8620	0	860415	0	0	862000	862000	0	841.672	841.672	0.000000	+0.000842	+0.000842
gov_staker_remaining_fee_accumulator_filetest.gno	Remaining gov fee accumulator repeat-1000 claim-791	execution-segment-repricing	10539007	11380679	841672	-8620	-8620	0	860415	0	0	862000	862000	0	841.672	841.672	0.000000	+0.000842	+0.000842
gov_staker_remaining_fee_accumulator_filetest.gno	Remaining gov fee accumulator repeat-1000 claim-792	execution-segment-repricing	10535712	11377384	841672	-8620	-8620	0	860415	0	0	862000	862000	0	841.672	841.672	0.000000	+0.000842	+0.000842
gov_staker_remaining_fee_accumulator_filetest.gno	Remaining gov fee accumulator repeat-1000 claim-793	execution-segment-repricing	10539494	11381166	841672	-8620	-8620	0	860415	0	0	862000	862000	0	841.672	841.672	0.000000	+0.000842	+0.000842
gov_staker_remaining_fee_accumulator_filetest.gno	Remaining gov fee accumulator repeat-1000 claim-794	execution-segment-repricing	10539007	11380679	841672	-8620	-8620	0	860415	0	0	862000	862000	0	841.672	841.672	0.000000	+0.000842	+0.000842
gov_staker_remaining_fee_accumulator_filetest.gno	Remaining gov fee accumulator repeat-1000 claim-795	execution-segment-repricing	10535225	11376897	841672	-8620	-8620	0	860415	0	0	862000	862000	0	841.672	841.672	0.000000	+0.000842	+0.000842
gov_staker_remaining_fee_accumulator_filetest.gno	Remaining gov fee accumulator repeat-1000 claim-796	execution-segment-repricing	10538520	11380192	841672	-8620	-8620	0	860415	0	0	862000	862000	0	841.672	841.672	0.000000	+0.000842	+0.000842
gov_staker_remaining_fee_accumulator_filetest.gno	Remaining gov fee accumulator repeat-1000 claim-797	execution-segment-repricing	10539007	11380679	841672	-8620	-8620	0	860415	0	0	862000	862000	0	841.672	841.672	0.000000	+0.000842	+0.000842
gov_staker_remaining_fee_accumulator_filetest.gno	Remaining gov fee accumulator repeat-1000 claim-798	execution-segment-repricing	10539494	11381166	841672	-8620	-8620	0	860415	0	0	862000	862000	0	841.672	841.672	0.000000	+0.000842	+0.000842
gov_staker_remaining_fee_accumulator_filetest.gno	Remaining gov fee accumulator repeat-1000 claim-799	execution-segment-repricing	10543276	11384948	841672	-8620	-8620	0	860415	0	0	862000	862000	0	841.672	841.672	0.000000	+0.000842	+0.000842
gov_staker_remaining_fee_accumulator_filetest.gno	Remaining gov fee accumulator repeat-1000 claim-800	execution-segment-repricing	10542789	11384461	841672	-8620	-8620	0	860415	0	0	862000	862000	0	841.672	841.672	0.000000	+0.000842	+0.000842
gov_staker_remaining_fee_accumulator_filetest.gno	Remaining gov fee accumulator repeat-1000 claim-801	execution-segment-repricing	10542302	11383974	841672	-8620	-8620	0	860415	0	0	862000	862000	0	841.672	841.672	0.000000	+0.000842	+0.000842
gov_staker_remaining_fee_accumulator_filetest.gno	Remaining gov fee accumulator repeat-1000 claim-802	execution-segment-repricing	10541815	11383487	841672	-8620	-8620	0	860415	0	0	862000	862000	0	841.672	841.672	0.000000	+0.000842	+0.000842
gov_staker_remaining_fee_accumulator_filetest.gno	Remaining gov fee accumulator repeat-1000 claim-803	execution-segment-repricing	10541815	11383487	841672	-8620	-8620	0	860415	0	0	862000	862000	0	841.672	841.672	0.000000	+0.000842	+0.000842
gov_staker_remaining_fee_accumulator_filetest.gno	Remaining gov fee accumulator repeat-1000 claim-804	execution-segment-repricing	10541815	11383487	841672	-8620	-8620	0	860415	0	0	862000	862000	0	841.672	841.672	0.000000	+0.000842	+0.000842
gov_staker_remaining_fee_accumulator_filetest.gno	Remaining gov fee accumulator repeat-1000 claim-805	execution-segment-repricing	10542302	11383974	841672	-8620	-8620	0	860415	0	0	862000	862000	0	841.672	841.672	0.000000	+0.000842	+0.000842
gov_staker_remaining_fee_accumulator_filetest.gno	Remaining gov fee accumulator repeat-1000 claim-806	execution-segment-repricing	10534645	11376317	841672	-8620	-8620	0	860415	0	0	862000	862000	0	841.672	841.672	0.000000	+0.000842	+0.000842
gov_staker_remaining_fee_accumulator_filetest.gno	Remaining gov fee accumulator repeat-1000 claim-807	execution-segment-repricing	10533671	11375343	841672	-8620	-8620	0	860415	0	0	862000	862000	0	841.672	841.672	0.000000	+0.000842	+0.000842
gov_staker_remaining_fee_accumulator_filetest.gno	Remaining gov fee accumulator repeat-1000 claim-808	execution-segment-repricing	10534158	11375830	841672	-8620	-8620	0	860415	0	0	862000	862000	0	841.672	841.672	0.000000	+0.000842	+0.000842
gov_staker_remaining_fee_accumulator_filetest.gno	Remaining gov fee accumulator repeat-1000 claim-809	execution-segment-repricing	10533671	11375343	841672	-8620	-8620	0	860415	0	0	862000	862000	0	841.672	841.672	0.000000	+0.000842	+0.000842
gov_staker_remaining_fee_accumulator_filetest.gno	Remaining gov fee accumulator repeat-1000 claim-810	execution-segment-repricing	10541815	11383487	841672	-8620	-8620	0	860415	0	0	862000	862000	0	841.672	841.672	0.000000	+0.000842	+0.000842
gov_staker_remaining_fee_accumulator_filetest.gno	Remaining gov fee accumulator repeat-1000 claim-811	execution-segment-repricing	10539007	11380679	841672	-8620	-8620	0	860415	0	0	862000	862000	0	841.672	841.672	0.000000	+0.000842	+0.000842
gov_staker_remaining_fee_accumulator_filetest.gno	Remaining gov fee accumulator repeat-1000 claim-812	execution-segment-repricing	10539007	11380679	841672	-8620	-8620	0	860415	0	0	862000	862000	0	841.672	841.672	0.000000	+0.000842	+0.000842
gov_staker_remaining_fee_accumulator_filetest.gno	Remaining gov fee accumulator repeat-1000 claim-813	execution-segment-repricing	10539494	11381166	841672	-8620	-8620	0	860415	0	0	862000	862000	0	841.672	841.672	0.000000	+0.000842	+0.000842
gov_staker_remaining_fee_accumulator_filetest.gno	Remaining gov fee accumulator repeat-1000 claim-814	execution-segment-repricing	10539007	11380679	841672	-8620	-8620	0	860415	0	0	862000	862000	0	841.672	841.672	0.000000	+0.000842	+0.000842
gov_staker_remaining_fee_accumulator_filetest.gno	Remaining gov fee accumulator repeat-1000 claim-815	execution-segment-repricing	10542789	11384461	841672	-8620	-8620	0	860415	0	0	862000	862000	0	841.672	841.672	0.000000	+0.000842	+0.000842
gov_staker_remaining_fee_accumulator_filetest.gno	Remaining gov fee accumulator repeat-1000 claim-816	execution-segment-repricing	10539007	11380679	841672	-8620	-8620	0	860415	0	0	862000	862000	0	841.672	841.672	0.000000	+0.000842	+0.000842
gov_staker_remaining_fee_accumulator_filetest.gno	Remaining gov fee accumulator repeat-1000 claim-817	execution-segment-repricing	10539007	11380679	841672	-8620	-8620	0	860415	0	0	862000	862000	0	841.672	841.672	0.000000	+0.000842	+0.000842
gov_staker_remaining_fee_accumulator_filetest.gno	Remaining gov fee accumulator repeat-1000 claim-818	execution-segment-repricing	10539494	11381166	841672	-8620	-8620	0	860415	0	0	862000	862000	0	841.672	841.672	0.000000	+0.000842	+0.000842
gov_staker_remaining_fee_accumulator_filetest.gno	Remaining gov fee accumulator repeat-1000 claim-819	execution-segment-repricing	10539007	11380679	841672	-8620	-8620	0	860415	0	0	862000	862000	0	841.672	841.672	0.000000	+0.000842	+0.000842
gov_staker_remaining_fee_accumulator_filetest.gno	Remaining gov fee accumulator repeat-1000 claim-820	execution-segment-repricing	10542302	11383974	841672	-8620	-8620	0	860415	0	0	862000	862000	0	841.672	841.672	0.000000	+0.000842	+0.000842
gov_staker_remaining_fee_accumulator_filetest.gno	Remaining gov fee accumulator repeat-1000 claim-821	execution-segment-repricing	10538520	11380192	841672	-8620	-8620	0	860415	0	0	862000	862000	0	841.672	841.672	0.000000	+0.000842	+0.000842
gov_staker_remaining_fee_accumulator_filetest.gno	Remaining gov fee accumulator repeat-1000 claim-822	execution-segment-repricing	10538520	11380192	841672	-8620	-8620	0	860415	0	0	862000	862000	0	841.672	841.672	0.000000	+0.000842	+0.000842
gov_staker_remaining_fee_accumulator_filetest.gno	Remaining gov fee accumulator repeat-1000 claim-823	execution-segment-repricing	10539007	11380679	841672	-8620	-8620	0	860415	0	0	862000	862000	0	841.672	841.672	0.000000	+0.000842	+0.000842
gov_staker_remaining_fee_accumulator_filetest.gno	Remaining gov fee accumulator repeat-1000 claim-824	execution-segment-repricing	10539494	11381166	841672	-8620	-8620	0	860415	0	0	862000	862000	0	841.672	841.672	0.000000	+0.000842	+0.000842
gov_staker_remaining_fee_accumulator_filetest.gno	Remaining gov fee accumulator repeat-1000 claim-825	execution-segment-repricing	10542789	11384461	841672	-8620	-8620	0	860415	0	0	862000	862000	0	841.672	841.672	0.000000	+0.000842	+0.000842
gov_staker_remaining_fee_accumulator_filetest.gno	Remaining gov fee accumulator repeat-1000 claim-826	execution-segment-repricing	10539007	11380679	841672	-8620	-8620	0	860415	0	0	862000	862000	0	841.672	841.672	0.000000	+0.000842	+0.000842
gov_staker_remaining_fee_accumulator_filetest.gno	Remaining gov fee accumulator repeat-1000 claim-827	execution-segment-repricing	10538520	11380192	841672	-8620	-8620	0	860415	0	0	862000	862000	0	841.672	841.672	0.000000	+0.000842	+0.000842
gov_staker_remaining_fee_accumulator_filetest.gno	Remaining gov fee accumulator repeat-1000 claim-828	execution-segment-repricing	10538520	11380192	841672	-8620	-8620	0	860415	0	0	862000	862000	0	841.672	841.672	0.000000	+0.000842	+0.000842
gov_staker_remaining_fee_accumulator_filetest.gno	Remaining gov fee accumulator repeat-1000 claim-829	execution-segment-repricing	10538520	11380192	841672	-8620	-8620	0	860415	0	0	862000	862000	0	841.672	841.672	0.000000	+0.000842	+0.000842
gov_staker_remaining_fee_accumulator_filetest.gno	Remaining gov fee accumulator repeat-1000 claim-830	execution-segment-repricing	10542302	11383974	841672	-8620	-8620	0	860415	0	0	862000	862000	0	841.672	841.672	0.000000	+0.000842	+0.000842
gov_staker_remaining_fee_accumulator_filetest.gno	Remaining gov fee accumulator repeat-1000 claim-831	execution-segment-repricing	10539494	11381166	841672	-8620	-8620	0	860415	0	0	862000	862000	0	841.672	841.672	0.000000	+0.000842	+0.000842
gov_staker_remaining_fee_accumulator_filetest.gno	Remaining gov fee accumulator repeat-1000 claim-832	execution-segment-repricing	10539007	11380679	841672	-8620	-8620	0	860415	0	0	862000	862000	0	841.672	841.672	0.000000	+0.000842	+0.000842
gov_staker_remaining_fee_accumulator_filetest.gno	Remaining gov fee accumulator repeat-1000 claim-833	execution-segment-repricing	10539494	11381166	841672	-8620	-8620	0	860415	0	0	862000	862000	0	841.672	841.672	0.000000	+0.000842	+0.000842
gov_staker_remaining_fee_accumulator_filetest.gno	Remaining gov fee accumulator repeat-1000 claim-834	execution-segment-repricing	10539007	11380679	841672	-8620	-8620	0	860415	0	0	862000	862000	0	841.672	841.672	0.000000	+0.000842	+0.000842
gov_staker_remaining_fee_accumulator_filetest.gno	Remaining gov fee accumulator repeat-1000 claim-835	execution-segment-repricing	10542302	11383974	841672	-8620	-8620	0	860415	0	0	862000	862000	0	841.672	841.672	0.000000	+0.000842	+0.000842
gov_staker_remaining_fee_accumulator_filetest.gno	Remaining gov fee accumulator repeat-1000 claim-836	execution-segment-repricing	10539007	11380679	841672	-8620	-8620	0	860415	0	0	862000	862000	0	841.672	841.672	0.000000	+0.000842	+0.000842
gov_staker_remaining_fee_accumulator_filetest.gno	Remaining gov fee accumulator repeat-1000 claim-837	execution-segment-repricing	10539007	11380679	841672	-8620	-8620	0	860415	0	0	862000	862000	0	841.672	841.672	0.000000	+0.000842	+0.000842
gov_staker_remaining_fee_accumulator_filetest.gno	Remaining gov fee accumulator repeat-1000 claim-838	execution-segment-repricing	10539494	11381166	841672	-8620	-8620	0	860415	0	0	862000	862000	0	841.672	841.672	0.000000	+0.000842	+0.000842
gov_staker_remaining_fee_accumulator_filetest.gno	Remaining gov fee accumulator repeat-1000 claim-839	execution-segment-repricing	10539007	11380679	841672	-8620	-8620	0	860415	0	0	862000	862000	0	841.672	841.672	0.000000	+0.000842	+0.000842
gov_staker_remaining_fee_accumulator_filetest.gno	Remaining gov fee accumulator repeat-1000 claim-840	execution-segment-repricing	10542789	11384461	841672	-8620	-8620	0	860415	0	0	862000	862000	0	841.672	841.672	0.000000	+0.000842	+0.000842
gov_staker_remaining_fee_accumulator_filetest.gno	Remaining gov fee accumulator repeat-1000 claim-841	execution-segment-repricing	10539007	11380679	841672	-8620	-8620	0	860415	0	0	862000	862000	0	841.672	841.672	0.000000	+0.000842	+0.000842
gov_staker_remaining_fee_accumulator_filetest.gno	Remaining gov fee accumulator repeat-1000 claim-842	execution-segment-repricing	10539007	11380679	841672	-8620	-8620	0	860415	0	0	862000	862000	0	841.672	841.672	0.000000	+0.000842	+0.000842
gov_staker_remaining_fee_accumulator_filetest.gno	Remaining gov fee accumulator repeat-1000 claim-843	execution-segment-repricing	10539494	11381166	841672	-8620	-8620	0	860415	0	0	862000	862000	0	841.672	841.672	0.000000	+0.000842	+0.000842
gov_staker_remaining_fee_accumulator_filetest.gno	Remaining gov fee accumulator repeat-1000 claim-844	execution-segment-repricing	10539494	11381166	841672	-8620	-8620	0	860415	0	0	862000	862000	0	841.672	841.672	0.000000	+0.000842	+0.000842
gov_staker_remaining_fee_accumulator_filetest.gno	Remaining gov fee accumulator repeat-1000 claim-845	execution-segment-repricing	10542789	11384461	841672	-8620	-8620	0	860415	0	0	862000	862000	0	841.672	841.672	0.000000	+0.000842	+0.000842
gov_staker_remaining_fee_accumulator_filetest.gno	Remaining gov fee accumulator repeat-1000 claim-846	execution-segment-repricing	10542302	11383974	841672	-8620	-8620	0	860415	0	0	862000	862000	0	841.672	841.672	0.000000	+0.000842	+0.000842
gov_staker_remaining_fee_accumulator_filetest.gno	Remaining gov fee accumulator repeat-1000 claim-847	execution-segment-repricing	10542302	11383974	841672	-8620	-8620	0	860415	0	0	862000	862000	0	841.672	841.672	0.000000	+0.000842	+0.000842
gov_staker_remaining_fee_accumulator_filetest.gno	Remaining gov fee accumulator repeat-1000 claim-848	execution-segment-repricing	10542302	11383974	841672	-8620	-8620	0	860415	0	0	862000	862000	0	841.672	841.672	0.000000	+0.000842	+0.000842
gov_staker_remaining_fee_accumulator_filetest.gno	Remaining gov fee accumulator repeat-1000 claim-849	execution-segment-repricing	10542789	11384461	841672	-8620	-8620	0	860415	0	0	862000	862000	0	841.672	841.672	0.000000	+0.000842	+0.000842
gov_staker_remaining_fee_accumulator_filetest.gno	Remaining gov fee accumulator repeat-1000 claim-850	execution-segment-repricing	10543276	11384948	841672	-8620	-8620	0	860415	0	0	862000	862000	0	841.672	841.672	0.000000	+0.000842	+0.000842
gov_staker_remaining_fee_accumulator_filetest.gno	Remaining gov fee accumulator repeat-1000 claim-851	execution-segment-repricing	10542789	11384461	841672	-8620	-8620	0	860415	0	0	862000	862000	0	841.672	841.672	0.000000	+0.000842	+0.000842
gov_staker_remaining_fee_accumulator_filetest.gno	Remaining gov fee accumulator repeat-1000 claim-852	execution-segment-repricing	10542302	11383974	841672	-8620	-8620	0	860415	0	0	862000	862000	0	841.672	841.672	0.000000	+0.000842	+0.000842
gov_staker_remaining_fee_accumulator_filetest.gno	Remaining gov fee accumulator repeat-1000 claim-853	execution-segment-repricing	10542302	11383974	841672	-8620	-8620	0	860415	0	0	862000	862000	0	841.672	841.672	0.000000	+0.000842	+0.000842
gov_staker_remaining_fee_accumulator_filetest.gno	Remaining gov fee accumulator repeat-1000 claim-854	execution-segment-repricing	10541815	11383487	841672	-8620	-8620	0	860415	0	0	862000	862000	0	841.672	841.672	0.000000	+0.000842	+0.000842
gov_staker_remaining_fee_accumulator_filetest.gno	Remaining gov fee accumulator repeat-1000 claim-855	execution-segment-repricing	10542302	11383974	841672	-8620	-8620	0	860415	0	0	862000	862000	0	841.672	841.672	0.000000	+0.000842	+0.000842
gov_staker_remaining_fee_accumulator_filetest.gno	Remaining gov fee accumulator repeat-1000 claim-856	execution-segment-repricing	10542302	11383974	841672	-8620	-8620	0	860415	0	0	862000	862000	0	841.672	841.672	0.000000	+0.000842	+0.000842
gov_staker_remaining_fee_accumulator_filetest.gno	Remaining gov fee accumulator repeat-1000 claim-857	execution-segment-repricing	10539007	11380679	841672	-8620	-8620	0	860415	0	0	862000	862000	0	841.672	841.672	0.000000	+0.000842	+0.000842
gov_staker_remaining_fee_accumulator_filetest.gno	Remaining gov fee accumulator repeat-1000 claim-858	execution-segment-repricing	10539494	11381166	841672	-8620	-8620	0	860415	0	0	862000	862000	0	841.672	841.672	0.000000	+0.000842	+0.000842
gov_staker_remaining_fee_accumulator_filetest.gno	Remaining gov fee accumulator repeat-1000 claim-859	execution-segment-repricing	10539007	11380679	841672	-8620	-8620	0	860415	0	0	862000	862000	0	841.672	841.672	0.000000	+0.000842	+0.000842
gov_staker_remaining_fee_accumulator_filetest.gno	Remaining gov fee accumulator repeat-1000 claim-860	execution-segment-repricing	10535712	11377384	841672	-8620	-8620	0	860415	0	0	862000	862000	0	841.672	841.672	0.000000	+0.000842	+0.000842
gov_staker_remaining_fee_accumulator_filetest.gno	Remaining gov fee accumulator repeat-1000 claim-861	execution-segment-repricing	10538520	11380192	841672	-8620	-8620	0	860415	0	0	862000	862000	0	841.672	841.672	0.000000	+0.000842	+0.000842
gov_staker_remaining_fee_accumulator_filetest.gno	Remaining gov fee accumulator repeat-1000 claim-862	execution-segment-repricing	10538520	11380192	841672	-8620	-8620	0	860415	0	0	862000	862000	0	841.672	841.672	0.000000	+0.000842	+0.000842
gov_staker_remaining_fee_accumulator_filetest.gno	Remaining gov fee accumulator repeat-1000 claim-863	execution-segment-repricing	10535712	11377384	841672	-8620	-8620	0	860415	0	0	862000	862000	0	841.672	841.672	0.000000	+0.000842	+0.000842
gov_staker_remaining_fee_accumulator_filetest.gno	Remaining gov fee accumulator repeat-1000 claim-864	execution-segment-repricing	10539007	11380679	841672	-8620	-8620	0	860415	0	0	862000	862000	0	841.672	841.672	0.000000	+0.000842	+0.000842
gov_staker_remaining_fee_accumulator_filetest.gno	Remaining gov fee accumulator repeat-1000 claim-865	execution-segment-repricing	10539494	11381166	841672	-8620	-8620	0	860415	0	0	862000	862000	0	841.672	841.672	0.000000	+0.000842	+0.000842
gov_staker_remaining_fee_accumulator_filetest.gno	Remaining gov fee accumulator repeat-1000 claim-866	execution-segment-repricing	10535225	11376897	841672	-8620	-8620	0	860415	0	0	862000	862000	0	841.672	841.672	0.000000	+0.000842	+0.000842
gov_staker_remaining_fee_accumulator_filetest.gno	Remaining gov fee accumulator repeat-1000 claim-867	execution-segment-repricing	10538520	11380192	841672	-8620	-8620	0	860415	0	0	862000	862000	0	841.672	841.672	0.000000	+0.000842	+0.000842
gov_staker_remaining_fee_accumulator_filetest.gno	Remaining gov fee accumulator repeat-1000 claim-868	execution-segment-repricing	10539007	11380679	841672	-8620	-8620	0	860415	0	0	862000	862000	0	841.672	841.672	0.000000	+0.000842	+0.000842
gov_staker_remaining_fee_accumulator_filetest.gno	Remaining gov fee accumulator repeat-1000 claim-869	execution-segment-repricing	10535712	11377462	841750	-8620	-8600	20	860415	0	2000	862000	862000	2000	841.75	2841.75	+0.002000	+0.000842	+0.002842
gov_staker_remaining_fee_accumulator_filetest.gno	Remaining gov fee accumulator repeat-1000 claim-870	execution-segment-repricing	10539981	11381773	841792	-8620	-8615	5	860415	0	500	862000	862000	500	841.792	1341.792	+0.000500	+0.000842	+0.001342
gov_staker_remaining_fee_accumulator_filetest.gno	Remaining gov fee accumulator repeat-1000 claim-871	execution-segment-repricing	10539494	11381286	841792	-8620	-8620	0	860415	0	0	862000	862000	0	841.792	841.792	0.000000	+0.000842	+0.000842
gov_staker_remaining_fee_accumulator_filetest.gno	Remaining gov fee accumulator repeat-1000 claim-872	execution-segment-repricing	10535712	11377504	841792	-8620	-8620	0	860415	0	0	862000	862000	0	841.792	841.792	0.000000	+0.000842	+0.000842
gov_staker_remaining_fee_accumulator_filetest.gno	Remaining gov fee accumulator repeat-1000 claim-873	execution-segment-repricing	10539007	11380799	841792	-8620	-8620	0	860415	0	0	862000	862000	0	841.792	841.792	0.000000	+0.000842	+0.000842
gov_staker_remaining_fee_accumulator_filetest.gno	Remaining gov fee accumulator repeat-1000 claim-874	execution-segment-repricing	10539007	11380799	841792	-8620	-8620	0	860415	0	0	862000	862000	0	841.792	841.792	0.000000	+0.000842	+0.000842
gov_staker_remaining_fee_accumulator_filetest.gno	Remaining gov fee accumulator repeat-1000 claim-875	execution-segment-repricing	10536199	11377991	841792	-8620	-8620	0	860415	0	0	862000	862000	0	841.792	841.792	0.000000	+0.000842	+0.000842
gov_staker_remaining_fee_accumulator_filetest.gno	Remaining gov fee accumulator repeat-1000 claim-876	execution-segment-repricing	10539981	11381773	841792	-8620	-8620	0	860415	0	0	862000	862000	0	841.792	841.792	0.000000	+0.000842	+0.000842
gov_staker_remaining_fee_accumulator_filetest.gno	Remaining gov fee accumulator repeat-1000 claim-877	execution-segment-repricing	10539494	11381286	841792	-8620	-8620	0	860415	0	0	862000	862000	0	841.792	841.792	0.000000	+0.000842	+0.000842
gov_staker_remaining_fee_accumulator_filetest.gno	Remaining gov fee accumulator repeat-1000 claim-878	execution-segment-repricing	10530863	11372655	841792	-8620	-8620	0	860415	0	0	862000	862000	0	841.792	841.792	0.000000	+0.000842	+0.000842
gov_staker_remaining_fee_accumulator_filetest.gno	Remaining gov fee accumulator repeat-1000 claim-879	execution-segment-repricing	10533671	11375463	841792	-8620	-8620	0	860415	0	0	862000	862000	0	841.792	841.792	0.000000	+0.000842	+0.000842
gov_staker_remaining_fee_accumulator_filetest.gno	Remaining gov fee accumulator repeat-1000 claim-880	execution-segment-repricing	10533671	11375463	841792	-8620	-8620	0	860415	0	0	862000	862000	0	841.792	841.792	0.000000	+0.000842	+0.000842
gov_staker_remaining_fee_accumulator_filetest.gno	Remaining gov fee accumulator repeat-1000 claim-881	execution-segment-repricing	10533671	11375463	841792	-8620	-8620	0	860415	0	0	862000	862000	0	841.792	841.792	0.000000	+0.000842	+0.000842
gov_staker_remaining_fee_accumulator_filetest.gno	Remaining gov fee accumulator repeat-1000 claim-882	execution-segment-repricing	10542302	11384094	841792	-8620	-8620	0	860415	0	0	862000	862000	0	841.792	841.792	0.000000	+0.000842	+0.000842
gov_staker_remaining_fee_accumulator_filetest.gno	Remaining gov fee accumulator repeat-1000 claim-883	execution-segment-repricing	10539007	11380799	841792	-8620	-8620	0	860415	0	0	862000	862000	0	841.792	841.792	0.000000	+0.000842	+0.000842
gov_staker_remaining_fee_accumulator_filetest.gno	Remaining gov fee accumulator repeat-1000 claim-884	execution-segment-repricing	10538033	11379825	841792	-8620	-8620	0	860415	0	0	862000	862000	0	841.792	841.792	0.000000	+0.000842	+0.000842
gov_staker_remaining_fee_accumulator_filetest.gno	Remaining gov fee accumulator repeat-1000 claim-885	execution-segment-repricing	10539543	11381335	841792	-8620	-8620	0	860415	0	0	862000	862000	0	841.792	841.792	0.000000	+0.000842	+0.000842
gov_staker_remaining_fee_accumulator_filetest.gno	Remaining gov fee accumulator repeat-1000 claim-886	execution-segment-repricing	10540079	11381871	841792	-8620	-8620	0	860415	0	0	862000	862000	0	841.792	841.792	0.000000	+0.000842	+0.000842
gov_staker_remaining_fee_accumulator_filetest.gno	Remaining gov fee accumulator repeat-1000 claim-887	execution-segment-repricing	10544884	11386676	841792	-8620	-8620	0	860415	0	0	862000	862000	0	841.792	841.792	0.000000	+0.000842	+0.000842
gov_staker_remaining_fee_accumulator_filetest.gno	Remaining gov fee accumulator repeat-1000 claim-888	execution-segment-repricing	10543099	11384891	841792	-8620	-8620	0	860415	0	0	862000	862000	0	841.792	841.792	0.000000	+0.000842	+0.000842
gov_staker_remaining_fee_accumulator_filetest.gno	Remaining gov fee accumulator repeat-1000 claim-889	execution-segment-repricing	10543099	11384891	841792	-8620	-8620	0	860415	0	0	862000	862000	0	841.792	841.792	0.000000	+0.000842	+0.000842
gov_staker_remaining_fee_accumulator_filetest.gno	Remaining gov fee accumulator repeat-1000 claim-890	execution-segment-repricing	10543099	11384891	841792	-8620	-8620	0	860415	0	0	862000	862000	0	841.792	841.792	0.000000	+0.000842	+0.000842
gov_staker_remaining_fee_accumulator_filetest.gno	Remaining gov fee accumulator repeat-1000 claim-891	execution-segment-repricing	10542612	11384404	841792	-8620	-8620	0	860415	0	0	862000	862000	0	841.792	841.792	0.000000	+0.000842	+0.000842
gov_staker_remaining_fee_accumulator_filetest.gno	Remaining gov fee accumulator repeat-1000 claim-892	execution-segment-repricing	10546394	11388186	841792	-8620	-8620	0	860415	0	0	862000	862000	0	841.792	841.792	0.000000	+0.000842	+0.000842
gov_staker_remaining_fee_accumulator_filetest.gno	Remaining gov fee accumulator repeat-1000 claim-893	execution-segment-repricing	10542612	11384404	841792	-8620	-8620	0	860415	0	0	862000	862000	0	841.792	841.792	0.000000	+0.000842	+0.000842
gov_staker_remaining_fee_accumulator_filetest.gno	Remaining gov fee accumulator repeat-1000 claim-894	execution-segment-repricing	10543099	11384891	841792	-8620	-8620	0	860415	0	0	862000	862000	0	841.792	841.792	0.000000	+0.000842	+0.000842
gov_staker_remaining_fee_accumulator_filetest.gno	Remaining gov fee accumulator repeat-1000 claim-895	execution-segment-repricing	10543586	11385378	841792	-8620	-8620	0	860415	0	0	862000	862000	0	841.792	841.792	0.000000	+0.000842	+0.000842
gov_staker_remaining_fee_accumulator_filetest.gno	Remaining gov fee accumulator repeat-1000 claim-896	execution-segment-repricing	10542612	11384404	841792	-8620	-8620	0	860415	0	0	862000	862000	0	841.792	841.792	0.000000	+0.000842	+0.000842
gov_staker_remaining_fee_accumulator_filetest.gno	Remaining gov fee accumulator repeat-1000 claim-897	execution-segment-repricing	10545907	11387699	841792	-8620	-8620	0	860415	0	0	862000	862000	0	841.792	841.792	0.000000	+0.000842	+0.000842
gov_staker_remaining_fee_accumulator_filetest.gno	Remaining gov fee accumulator repeat-1000 claim-898	execution-segment-repricing	10542125	11383917	841792	-8620	-8620	0	860415	0	0	862000	862000	0	841.792	841.792	0.000000	+0.000842	+0.000842
gov_staker_remaining_fee_accumulator_filetest.gno	Remaining gov fee accumulator repeat-1000 claim-899	execution-segment-repricing	10542125	11383917	841792	-8620	-8620	0	860415	0	0	862000	862000	0	841.792	841.792	0.000000	+0.000842	+0.000842
gov_staker_remaining_fee_accumulator_filetest.gno	Remaining gov fee accumulator repeat-1000 claim-900	execution-segment-repricing	10543099	11384891	841792	-8620	-8620	0	860415	0	0	862000	862000	0	841.792	841.792	0.000000	+0.000842	+0.000842
gov_staker_remaining_fee_accumulator_filetest.gno	Remaining gov fee accumulator repeat-1000 claim-901	execution-segment-repricing	10543586	11385378	841792	-8620	-8620	0	860415	0	0	862000	862000	0	841.792	841.792	0.000000	+0.000842	+0.000842
gov_staker_remaining_fee_accumulator_filetest.gno	Remaining gov fee accumulator repeat-1000 claim-902	execution-segment-repricing	10547368	11389160	841792	-8620	-8620	0	860415	0	0	862000	862000	0	841.792	841.792	0.000000	+0.000842	+0.000842
gov_staker_remaining_fee_accumulator_filetest.gno	Remaining gov fee accumulator repeat-1000 claim-903	execution-segment-repricing	10543586	11385378	841792	-8620	-8620	0	860415	0	0	862000	862000	0	841.792	841.792	0.000000	+0.000842	+0.000842
gov_staker_remaining_fee_accumulator_filetest.gno	Remaining gov fee accumulator repeat-1000 claim-904	execution-segment-repricing	10543099	11384891	841792	-8620	-8620	0	860415	0	0	862000	862000	0	841.792	841.792	0.000000	+0.000842	+0.000842
gov_staker_remaining_fee_accumulator_filetest.gno	Remaining gov fee accumulator repeat-1000 claim-905	execution-segment-repricing	10543099	11384891	841792	-8620	-8620	0	860415	0	0	862000	862000	0	841.792	841.792	0.000000	+0.000842	+0.000842
gov_staker_remaining_fee_accumulator_filetest.gno	Remaining gov fee accumulator repeat-1000 claim-906	execution-segment-repricing	10542612	11384404	841792	-8620	-8620	0	860415	0	0	862000	862000	0	841.792	841.792	0.000000	+0.000842	+0.000842
gov_staker_remaining_fee_accumulator_filetest.gno	Remaining gov fee accumulator repeat-1000 claim-907	execution-segment-repricing	10546394	11388186	841792	-8620	-8620	0	860415	0	0	862000	862000	0	841.792	841.792	0.000000	+0.000842	+0.000842
gov_staker_remaining_fee_accumulator_filetest.gno	Remaining gov fee accumulator repeat-1000 claim-908	execution-segment-repricing	10543586	11385378	841792	-8620	-8620	0	860415	0	0	862000	862000	0	841.792	841.792	0.000000	+0.000842	+0.000842
gov_staker_remaining_fee_accumulator_filetest.gno	Remaining gov fee accumulator repeat-1000 claim-909	execution-segment-repricing	10543099	11384891	841792	-8620	-8620	0	860415	0	0	862000	862000	0	841.792	841.792	0.000000	+0.000842	+0.000842
gov_staker_remaining_fee_accumulator_filetest.gno	Remaining gov fee accumulator repeat-1000 claim-910	execution-segment-repricing	10543586	11385378	841792	-8620	-8620	0	860415	0	0	862000	862000	0	841.792	841.792	0.000000	+0.000842	+0.000842
gov_staker_remaining_fee_accumulator_filetest.gno	Remaining gov fee accumulator repeat-1000 claim-911	execution-segment-repricing	10543099	11384891	841792	-8620	-8620	0	860415	0	0	862000	862000	0	841.792	841.792	0.000000	+0.000842	+0.000842
gov_staker_remaining_fee_accumulator_filetest.gno	Remaining gov fee accumulator repeat-1000 claim-912	execution-segment-repricing	10546394	11388186	841792	-8620	-8620	0	860415	0	0	862000	862000	0	841.792	841.792	0.000000	+0.000842	+0.000842
gov_staker_remaining_fee_accumulator_filetest.gno	Remaining gov fee accumulator repeat-1000 claim-913	execution-segment-repricing	10546394	11388186	841792	-8620	-8620	0	860415	0	0	862000	862000	0	841.792	841.792	0.000000	+0.000842	+0.000842
gov_staker_remaining_fee_accumulator_filetest.gno	Remaining gov fee accumulator repeat-1000 claim-914	execution-segment-repricing	10546394	11388186	841792	-8620	-8620	0	860415	0	0	862000	862000	0	841.792	841.792	0.000000	+0.000842	+0.000842
gov_staker_remaining_fee_accumulator_filetest.gno	Remaining gov fee accumulator repeat-1000 claim-915	execution-segment-repricing	10546881	11388673	841792	-8620	-8620	0	860415	0	0	862000	862000	0	841.792	841.792	0.000000	+0.000842	+0.000842
gov_staker_remaining_fee_accumulator_filetest.gno	Remaining gov fee accumulator repeat-1000 claim-916	execution-segment-repricing	10546394	11388186	841792	-8620	-8620	0	860415	0	0	862000	862000	0	841.792	841.792	0.000000	+0.000842	+0.000842
gov_staker_remaining_fee_accumulator_filetest.gno	Remaining gov fee accumulator repeat-1000 claim-917	execution-segment-repricing	10546881	11388673	841792	-8620	-8620	0	860415	0	0	862000	862000	0	841.792	841.792	0.000000	+0.000842	+0.000842
gov_staker_remaining_fee_accumulator_filetest.gno	Remaining gov fee accumulator repeat-1000 claim-918	execution-segment-repricing	10546394	11388186	841792	-8620	-8620	0	860415	0	0	862000	862000	0	841.792	841.792	0.000000	+0.000842	+0.000842
gov_staker_remaining_fee_accumulator_filetest.gno	Remaining gov fee accumulator repeat-1000 claim-919	execution-segment-repricing	10546394	11388186	841792	-8620	-8620	0	860415	0	0	862000	862000	0	841.792	841.792	0.000000	+0.000842	+0.000842
gov_staker_remaining_fee_accumulator_filetest.gno	Remaining gov fee accumulator repeat-1000 claim-920	execution-segment-repricing	10546881	11388673	841792	-8620	-8620	0	860415	0	0	862000	862000	0	841.792	841.792	0.000000	+0.000842	+0.000842
gov_staker_remaining_fee_accumulator_filetest.gno	Remaining gov fee accumulator repeat-1000 claim-921	execution-segment-repricing	10546881	11388673	841792	-8620	-8620	0	860415	0	0	862000	862000	0	841.792	841.792	0.000000	+0.000842	+0.000842
gov_staker_remaining_fee_accumulator_filetest.gno	Remaining gov fee accumulator repeat-1000 claim-922	execution-segment-repricing	10546881	11388673	841792	-8620	-8620	0	860415	0	0	862000	862000	0	841.792	841.792	0.000000	+0.000842	+0.000842
gov_staker_remaining_fee_accumulator_filetest.gno	Remaining gov fee accumulator repeat-1000 claim-923	execution-segment-repricing	10546394	11388186	841792	-8620	-8620	0	860415	0	0	862000	862000	0	841.792	841.792	0.000000	+0.000842	+0.000842
gov_staker_remaining_fee_accumulator_filetest.gno	Remaining gov fee accumulator repeat-1000 claim-924	execution-segment-repricing	10546394	11388186	841792	-8620	-8620	0	860415	0	0	862000	862000	0	841.792	841.792	0.000000	+0.000842	+0.000842
gov_staker_remaining_fee_accumulator_filetest.gno	Remaining gov fee accumulator repeat-1000 claim-925	execution-segment-repricing	10546394	11388186	841792	-8620	-8620	0	860415	0	0	862000	862000	0	841.792	841.792	0.000000	+0.000842	+0.000842
gov_staker_remaining_fee_accumulator_filetest.gno	Remaining gov fee accumulator repeat-1000 claim-926	execution-segment-repricing	10546881	11388673	841792	-8620	-8620	0	860415	0	0	862000	862000	0	841.792	841.792	0.000000	+0.000842	+0.000842
gov_staker_remaining_fee_accumulator_filetest.gno	Remaining gov fee accumulator repeat-1000 claim-927	execution-segment-repricing	10547368	11389160	841792	-8620	-8620	0	860415	0	0	862000	862000	0	841.792	841.792	0.000000	+0.000842	+0.000842
gov_staker_remaining_fee_accumulator_filetest.gno	Remaining gov fee accumulator repeat-1000 claim-928	execution-segment-repricing	10546881	11388673	841792	-8620	-8620	0	860415	0	0	862000	862000	0	841.792	841.792	0.000000	+0.000842	+0.000842
gov_staker_remaining_fee_accumulator_filetest.gno	Remaining gov fee accumulator repeat-1000 claim-929	execution-segment-repricing	10546394	11388186	841792	-8620	-8620	0	860415	0	0	862000	862000	0	841.792	841.792	0.000000	+0.000842	+0.000842
gov_staker_remaining_fee_accumulator_filetest.gno	Remaining gov fee accumulator repeat-1000 claim-930	execution-segment-repricing	10546394	11388186	841792	-8620	-8620	0	860415	0	0	862000	862000	0	841.792	841.792	0.000000	+0.000842	+0.000842
gov_staker_remaining_fee_accumulator_filetest.gno	Remaining gov fee accumulator repeat-1000 claim-931	execution-segment-repricing	10545907	11387699	841792	-8620	-8620	0	860415	0	0	862000	862000	0	841.792	841.792	0.000000	+0.000842	+0.000842
gov_staker_remaining_fee_accumulator_filetest.gno	Remaining gov fee accumulator repeat-1000 claim-932	execution-segment-repricing	10546394	11388186	841792	-8620	-8620	0	860415	0	0	862000	862000	0	841.792	841.792	0.000000	+0.000842	+0.000842
gov_staker_remaining_fee_accumulator_filetest.gno	Remaining gov fee accumulator repeat-1000 claim-933	execution-segment-repricing	10546394	11388186	841792	-8620	-8620	0	860415	0	0	862000	862000	0	841.792	841.792	0.000000	+0.000842	+0.000842
gov_staker_remaining_fee_accumulator_filetest.gno	Remaining gov fee accumulator repeat-1000 claim-934	execution-segment-repricing	10546394	11388186	841792	-8620	-8620	0	860415	0	0	862000	862000	0	841.792	841.792	0.000000	+0.000842	+0.000842
gov_staker_remaining_fee_accumulator_filetest.gno	Remaining gov fee accumulator repeat-1000 claim-935	execution-segment-repricing	10546881	11388673	841792	-8620	-8620	0	860415	0	0	862000	862000	0	841.792	841.792	0.000000	+0.000842	+0.000842
gov_staker_remaining_fee_accumulator_filetest.gno	Remaining gov fee accumulator repeat-1000 claim-936	execution-segment-repricing	10546394	11388186	841792	-8620	-8620	0	860415	0	0	862000	862000	0	841.792	841.792	0.000000	+0.000842	+0.000842
gov_staker_remaining_fee_accumulator_filetest.gno	Remaining gov fee accumulator repeat-1000 claim-937	execution-segment-repricing	10542032	11383824	841792	-8620	-8620	0	860415	0	0	862000	862000	0	841.792	841.792	0.000000	+0.000842	+0.000842
gov_staker_remaining_fee_accumulator_filetest.gno	Remaining gov fee accumulator repeat-1000 claim-938	execution-segment-repricing	10541545	11383337	841792	-8620	-8620	0	860415	0	0	862000	862000	0	841.792	841.792	0.000000	+0.000842	+0.000842
gov_staker_remaining_fee_accumulator_filetest.gno	Remaining gov fee accumulator repeat-1000 claim-939	execution-segment-repricing	10541545	11383337	841792	-8620	-8620	0	860415	0	0	862000	862000	0	841.792	841.792	0.000000	+0.000842	+0.000842
gov_staker_remaining_fee_accumulator_filetest.gno	Remaining gov fee accumulator repeat-1000 claim-940	execution-segment-repricing	10538250	11380042	841792	-8620	-8620	0	860415	0	0	862000	862000	0	841.792	841.792	0.000000	+0.000842	+0.000842
gov_staker_remaining_fee_accumulator_filetest.gno	Remaining gov fee accumulator repeat-1000 claim-941	execution-segment-repricing	10542612	11384404	841792	-8620	-8620	0	860415	0	0	862000	862000	0	841.792	841.792	0.000000	+0.000842	+0.000842
gov_staker_remaining_fee_accumulator_filetest.gno	Remaining gov fee accumulator repeat-1000 claim-942	execution-segment-repricing	10543099	11384891	841792	-8620	-8620	0	860415	0	0	862000	862000	0	841.792	841.792	0.000000	+0.000842	+0.000842
gov_staker_remaining_fee_accumulator_filetest.gno	Remaining gov fee accumulator repeat-1000 claim-943	execution-segment-repricing	10538830	11380622	841792	-8620	-8620	0	860415	0	0	862000	862000	0	841.792	841.792	0.000000	+0.000842	+0.000842
gov_staker_remaining_fee_accumulator_filetest.gno	Remaining gov fee accumulator repeat-1000 claim-944	execution-segment-repricing	10542612	11384404	841792	-8620	-8620	0	860415	0	0	862000	862000	0	841.792	841.792	0.000000	+0.000842	+0.000842
gov_staker_remaining_fee_accumulator_filetest.gno	Remaining gov fee accumulator repeat-1000 claim-945	execution-segment-repricing	10543099	11384891	841792	-8620	-8620	0	860415	0	0	862000	862000	0	841.792	841.792	0.000000	+0.000842	+0.000842
gov_staker_remaining_fee_accumulator_filetest.gno	Remaining gov fee accumulator repeat-1000 claim-946	execution-segment-repricing	10539804	11381596	841792	-8620	-8620	0	860415	0	0	862000	862000	0	841.792	841.792	0.000000	+0.000842	+0.000842
gov_staker_remaining_fee_accumulator_filetest.gno	Remaining gov fee accumulator repeat-1000 claim-947	execution-segment-repricing	10544073	11385865	841792	-8620	-8620	0	860415	0	0	862000	862000	0	841.792	841.792	0.000000	+0.000842	+0.000842
gov_staker_remaining_fee_accumulator_filetest.gno	Remaining gov fee accumulator repeat-1000 claim-948	execution-segment-repricing	10543586	11385378	841792	-8620	-8620	0	860415	0	0	862000	862000	0	841.792	841.792	0.000000	+0.000842	+0.000842
gov_staker_remaining_fee_accumulator_filetest.gno	Remaining gov fee accumulator repeat-1000 claim-949	execution-segment-repricing	10539317	11381109	841792	-8620	-8620	0	860415	0	0	862000	862000	0	841.792	841.792	0.000000	+0.000842	+0.000842
gov_staker_remaining_fee_accumulator_filetest.gno	Remaining gov fee accumulator repeat-1000 claim-950	execution-segment-repricing	10537763	11379555	841792	-8620	-8620	0	860415	0	0	862000	862000	0	841.792	841.792	0.000000	+0.000842	+0.000842
gov_staker_remaining_fee_accumulator_filetest.gno	Remaining gov fee accumulator repeat-1000 claim-951	execution-segment-repricing	10537763	11379555	841792	-8620	-8620	0	860415	0	0	862000	862000	0	841.792	841.792	0.000000	+0.000842	+0.000842
gov_staker_remaining_fee_accumulator_filetest.gno	Remaining gov fee accumulator repeat-1000 claim-952	execution-segment-repricing	10534955	11376747	841792	-8620	-8620	0	860415	0	0	862000	862000	0	841.792	841.792	0.000000	+0.000842	+0.000842
gov_staker_remaining_fee_accumulator_filetest.gno	Remaining gov fee accumulator repeat-1000 claim-953	execution-segment-repricing	10539224	11381016	841792	-8620	-8620	0	860415	0	0	862000	862000	0	841.792	841.792	0.000000	+0.000842	+0.000842
gov_staker_remaining_fee_accumulator_filetest.gno	Remaining gov fee accumulator repeat-1000 claim-954	execution-segment-repricing	10543586	11385378	841792	-8620	-8620	0	860415	0	0	862000	862000	0	841.792	841.792	0.000000	+0.000842	+0.000842
gov_staker_remaining_fee_accumulator_filetest.gno	Remaining gov fee accumulator repeat-1000 claim-955	execution-segment-repricing	10536022	11377814	841792	-8620	-8620	0	860415	0	0	862000	862000	0	841.792	841.792	0.000000	+0.000842	+0.000842
gov_staker_remaining_fee_accumulator_filetest.gno	Remaining gov fee accumulator repeat-1000 claim-956	execution-segment-repricing	10538830	11380622	841792	-8620	-8620	0	860415	0	0	862000	862000	0	841.792	841.792	0.000000	+0.000842	+0.000842
gov_staker_remaining_fee_accumulator_filetest.gno	Remaining gov fee accumulator repeat-1000 claim-957	execution-segment-repricing	10538830	11380622	841792	-8620	-8620	0	860415	0	0	862000	862000	0	841.792	841.792	0.000000	+0.000842	+0.000842
gov_staker_remaining_fee_accumulator_filetest.gno	Remaining gov fee accumulator repeat-1000 claim-958	execution-segment-repricing	10535535	11377327	841792	-8620	-8620	0	860415	0	0	862000	862000	0	841.792	841.792	0.000000	+0.000842	+0.000842
gov_staker_remaining_fee_accumulator_filetest.gno	Remaining gov fee accumulator repeat-1000 claim-959	execution-segment-repricing	10543099	11384891	841792	-8620	-8620	0	860415	0	0	862000	862000	0	841.792	841.792	0.000000	+0.000842	+0.000842
gov_staker_remaining_fee_accumulator_filetest.gno	Remaining gov fee accumulator repeat-1000 claim-960	execution-segment-repricing	10540291	11382083	841792	-8620	-8620	0	860415	0	0	862000	862000	0	841.792	841.792	0.000000	+0.000842	+0.000842
gov_staker_remaining_fee_accumulator_filetest.gno	Remaining gov fee accumulator repeat-1000 claim-961	execution-segment-repricing	10539317	11381109	841792	-8620	-8620	0	860415	0	0	862000	862000	0	841.792	841.792	0.000000	+0.000842	+0.000842
gov_staker_remaining_fee_accumulator_filetest.gno	Remaining gov fee accumulator repeat-1000 claim-962	execution-segment-repricing	10543099	11384891	841792	-8620	-8620	0	860415	0	0	862000	862000	0	841.792	841.792	0.000000	+0.000842	+0.000842
gov_staker_remaining_fee_accumulator_filetest.gno	Remaining gov fee accumulator repeat-1000 claim-963	execution-segment-repricing	10542612	11384404	841792	-8620	-8620	0	860415	0	0	862000	862000	0	841.792	841.792	0.000000	+0.000842	+0.000842
gov_staker_remaining_fee_accumulator_filetest.gno	Remaining gov fee accumulator repeat-1000 claim-964	execution-segment-repricing	10545907	11387699	841792	-8620	-8620	0	860415	0	0	862000	862000	0	841.792	841.792	0.000000	+0.000842	+0.000842
gov_staker_remaining_fee_accumulator_filetest.gno	Remaining gov fee accumulator repeat-1000 claim-965	execution-segment-repricing	10543099	11384891	841792	-8620	-8620	0	860415	0	0	862000	862000	0	841.792	841.792	0.000000	+0.000842	+0.000842
gov_staker_remaining_fee_accumulator_filetest.gno	Remaining gov fee accumulator repeat-1000 claim-966	execution-segment-repricing	10543099	11384891	841792	-8620	-8620	0	860415	0	0	862000	862000	0	841.792	841.792	0.000000	+0.000842	+0.000842
gov_staker_remaining_fee_accumulator_filetest.gno	Remaining gov fee accumulator repeat-1000 claim-967	execution-segment-repricing	10543099	11384891	841792	-8620	-8620	0	860415	0	0	862000	862000	0	841.792	841.792	0.000000	+0.000842	+0.000842
gov_staker_remaining_fee_accumulator_filetest.gno	Remaining gov fee accumulator repeat-1000 claim-968	execution-segment-repricing	10542612	11384404	841792	-8620	-8620	0	860415	0	0	862000	862000	0	841.792	841.792	0.000000	+0.000842	+0.000842
gov_staker_remaining_fee_accumulator_filetest.gno	Remaining gov fee accumulator repeat-1000 claim-969	execution-segment-repricing	10546394	11388186	841792	-8620	-8620	0	860415	0	0	862000	862000	0	841.792	841.792	0.000000	+0.000842	+0.000842
gov_staker_remaining_fee_accumulator_filetest.gno	Remaining gov fee accumulator repeat-1000 claim-970	execution-segment-repricing	10542612	11384404	841792	-8620	-8620	0	860415	0	0	862000	862000	0	841.792	841.792	0.000000	+0.000842	+0.000842
gov_staker_remaining_fee_accumulator_filetest.gno	Remaining gov fee accumulator repeat-1000 claim-971	execution-segment-repricing	10543099	11384891	841792	-8620	-8620	0	860415	0	0	862000	862000	0	841.792	841.792	0.000000	+0.000842	+0.000842
gov_staker_remaining_fee_accumulator_filetest.gno	Remaining gov fee accumulator repeat-1000 claim-972	execution-segment-repricing	10543586	11385378	841792	-8620	-8620	0	860415	0	0	862000	862000	0	841.792	841.792	0.000000	+0.000842	+0.000842
gov_staker_remaining_fee_accumulator_filetest.gno	Remaining gov fee accumulator repeat-1000 claim-973	execution-segment-repricing	10543586	11385378	841792	-8620	-8620	0	860415	0	0	862000	862000	0	841.792	841.792	0.000000	+0.000842	+0.000842
gov_staker_remaining_fee_accumulator_filetest.gno	Remaining gov fee accumulator repeat-1000 claim-974	execution-segment-repricing	10546881	11388673	841792	-8620	-8620	0	860415	0	0	862000	862000	0	841.792	841.792	0.000000	+0.000842	+0.000842
gov_staker_remaining_fee_accumulator_filetest.gno	Remaining gov fee accumulator repeat-1000 claim-975	execution-segment-repricing	10543099	11384891	841792	-8620	-8620	0	860415	0	0	862000	862000	0	841.792	841.792	0.000000	+0.000842	+0.000842
gov_staker_remaining_fee_accumulator_filetest.gno	Remaining gov fee accumulator repeat-1000 claim-976	execution-segment-repricing	10543099	11384891	841792	-8620	-8620	0	860415	0	0	862000	862000	0	841.792	841.792	0.000000	+0.000842	+0.000842
gov_staker_remaining_fee_accumulator_filetest.gno	Remaining gov fee accumulator repeat-1000 claim-977	execution-segment-repricing	10543099	11384891	841792	-8620	-8620	0	860415	0	0	862000	862000	0	841.792	841.792	0.000000	+0.000842	+0.000842
gov_staker_remaining_fee_accumulator_filetest.gno	Remaining gov fee accumulator repeat-1000 claim-978	execution-segment-repricing	10543586	11385378	841792	-8620	-8620	0	860415	0	0	862000	862000	0	841.792	841.792	0.000000	+0.000842	+0.000842
gov_staker_remaining_fee_accumulator_filetest.gno	Remaining gov fee accumulator repeat-1000 claim-979	execution-segment-repricing	10547368	11389160	841792	-8620	-8620	0	860415	0	0	862000	862000	0	841.792	841.792	0.000000	+0.000842	+0.000842
gov_staker_remaining_fee_accumulator_filetest.gno	Remaining gov fee accumulator repeat-1000 claim-980	execution-segment-repricing	10543586	11385378	841792	-8620	-8620	0	860415	0	0	862000	862000	0	841.792	841.792	0.000000	+0.000842	+0.000842
gov_staker_remaining_fee_accumulator_filetest.gno	Remaining gov fee accumulator repeat-1000 claim-981	execution-segment-repricing	10543099	11384891	841792	-8620	-8620	0	860415	0	0	862000	862000	0	841.792	841.792	0.000000	+0.000842	+0.000842
gov_staker_remaining_fee_accumulator_filetest.gno	Remaining gov fee accumulator repeat-1000 claim-982	execution-segment-repricing	10543099	11384891	841792	-8620	-8620	0	860415	0	0	862000	862000	0	841.792	841.792	0.000000	+0.000842	+0.000842
gov_staker_remaining_fee_accumulator_filetest.gno	Remaining gov fee accumulator repeat-1000 claim-983	execution-segment-repricing	10542612	11384404	841792	-8620	-8620	0	860415	0	0	862000	862000	0	841.792	841.792	0.000000	+0.000842	+0.000842
gov_staker_remaining_fee_accumulator_filetest.gno	Remaining gov fee accumulator repeat-1000 claim-984	execution-segment-repricing	10546394	11388186	841792	-8620	-8620	0	860415	0	0	862000	862000	0	841.792	841.792	0.000000	+0.000842	+0.000842
gov_staker_remaining_fee_accumulator_filetest.gno	Remaining gov fee accumulator repeat-1000 claim-985	execution-segment-repricing	10546394	11388186	841792	-8620	-8620	0	860415	0	0	862000	862000	0	841.792	841.792	0.000000	+0.000842	+0.000842
gov_staker_remaining_fee_accumulator_filetest.gno	Remaining gov fee accumulator repeat-1000 claim-986	execution-segment-repricing	10545907	11387699	841792	-8620	-8620	0	860415	0	0	862000	862000	0	841.792	841.792	0.000000	+0.000842	+0.000842
gov_staker_remaining_fee_accumulator_filetest.gno	Remaining gov fee accumulator repeat-1000 claim-987	execution-segment-repricing	10546394	11388186	841792	-8620	-8620	0	860415	0	0	862000	862000	0	841.792	841.792	0.000000	+0.000842	+0.000842
gov_staker_remaining_fee_accumulator_filetest.gno	Remaining gov fee accumulator repeat-1000 claim-988	execution-segment-repricing	10545907	11387699	841792	-8620	-8620	0	860415	0	0	862000	862000	0	841.792	841.792	0.000000	+0.000842	+0.000842
gov_staker_remaining_fee_accumulator_filetest.gno	Remaining gov fee accumulator repeat-1000 claim-989	execution-segment-repricing	10546394	11388186	841792	-8620	-8620	0	860415	0	0	862000	862000	0	841.792	841.792	0.000000	+0.000842	+0.000842
gov_staker_remaining_fee_accumulator_filetest.gno	Remaining gov fee accumulator repeat-1000 claim-990	execution-segment-repricing	10546394	11388186	841792	-8620	-8620	0	860415	0	0	862000	862000	0	841.792	841.792	0.000000	+0.000842	+0.000842
gov_staker_remaining_fee_accumulator_filetest.gno	Remaining gov fee accumulator repeat-1000 claim-991	execution-segment-repricing	10546394	11388186	841792	-8620	-8620	0	860415	0	0	862000	862000	0	841.792	841.792	0.000000	+0.000842	+0.000842
gov_staker_remaining_fee_accumulator_filetest.gno	Remaining gov fee accumulator repeat-1000 claim-992	execution-segment-repricing	10546881	11388673	841792	-8620	-8620	0	860415	0	0	862000	862000	0	841.792	841.792	0.000000	+0.000842	+0.000842
gov_staker_remaining_fee_accumulator_filetest.gno	Remaining gov fee accumulator repeat-1000 claim-993	execution-segment-repricing	10546394	11388186	841792	-8620	-8620	0	860415	0	0	862000	862000	0	841.792	841.792	0.000000	+0.000842	+0.000842
gov_staker_remaining_fee_accumulator_filetest.gno	Remaining gov fee accumulator repeat-1000 claim-994	execution-segment-repricing	10546881	11388673	841792	-8620	-8620	0	860415	0	0	862000	862000	0	841.792	841.792	0.000000	+0.000842	+0.000842
gov_staker_remaining_fee_accumulator_filetest.gno	Remaining gov fee accumulator repeat-1000 claim-995	execution-segment-repricing	10546394	11388186	841792	-8620	-8620	0	860415	0	0	862000	862000	0	841.792	841.792	0.000000	+0.000842	+0.000842
gov_staker_remaining_fee_accumulator_filetest.gno	Remaining gov fee accumulator repeat-1000 claim-996	execution-segment-repricing	10546394	11388186	841792	-8620	-8620	0	860415	0	0	862000	862000	0	841.792	841.792	0.000000	+0.000842	+0.000842
gov_staker_remaining_fee_accumulator_filetest.gno	Remaining gov fee accumulator repeat-1000 claim-997	execution-segment-repricing	10546881	11388673	841792	-8620	-8620	0	860415	0	0	862000	862000	0	841.792	841.792	0.000000	+0.000842	+0.000842
gov_staker_remaining_fee_accumulator_filetest.gno	Remaining gov fee accumulator repeat-1000 claim-998	execution-segment-repricing	10546881	11388673	841792	-8620	-8620	0	860415	0	0	862000	862000	0	841.792	841.792	0.000000	+0.000842	+0.000842
gov_staker_remaining_fee_accumulator_filetest.gno	Remaining gov fee accumulator repeat-1000 claim-999	execution-segment-repricing	10546881	11388673	841792	-8620	-8620	0	860415	0	0	862000	862000	0	841.792	841.792	0.000000	+0.000842	+0.000842
gov_staker_remaining_fee_accumulator_filetest.gno	Remaining gov fee accumulator repeat-1000 claim-1000	execution-segment-repricing	10546394	11388186	841792	-8620	-8620	0	860415	0	0	862000	862000	0	841.792	841.792	0.000000	+0.000842	+0.000842
gov_staker_remaining_fee_accumulator_filetest.gno	Remaining gov fee accumulator no-new-reward claim	execution-segment-repricing	1420562	1835950	415388	0	0	0	417067	0	0	0	0	0	415.388	415.388	0.000000	+0.000415	+0.000415
gov_staker_remaining_fee_accumulator_filetest.gno	Remaining gov fee accumulator lifecycle undelegate	execution-segment-repricing	2506198	2918835	412637	1631	1609	-22	417067	163100	160900	0	0	-2200	412.637	-1787.363	-0.002200	+0.000413	-0.001787
gov_staker_remaining_fee_accumulator_filetest.gno	Remaining gov fee accumulator lifecycle withdraw	execution-segment-repricing	1547767	1547491	-276	-8703	-8712	-9	0	0	0	870300	871200	-900	-0.276	-900.276	-0.000900	0.000000	-0.000900
gov_staker_remaining_fee_accumulator_filetest.gno	Remaining gov fee accumulator lifecycle restake	execution-segment-repricing	3068805	3482846	414041	8932	8930	-2	417067	893200	893000	0	0	-200	414.041	214.041	-0.000200	+0.000414	+0.000214
gov_staker_undelegate_many_delegatees_filetest.gno	Undelegate (50 delegatees, large AVL traversal)	execution-segment-repricing	2465286	2636618	171332	708	708	0	175952	70800	70800	0	0	0	171.332	171.332	0.000000	+0.000171	+0.000171
launchpad_collect_deposit_gns_accumulation_filetest.gno	CollectDepositGns (deposit 1/5, remaining 4)	execution-segment-repricing	7720249	7891581	171332	1850	1850	0	175952	407700	407700	222700	222700	0	171.332	171.332	0.000000	+0.000171	+0.000171
launchpad_collect_deposit_gns_accumulation_filetest.gno	CollectDepositGns (deposit 2/5, remaining 3)	execution-segment-repricing	7378740	7550072	171332	-2257	-2257	0	175952	0	0	225700	225700	0	171.332	171.332	0.000000	+0.000171	+0.000171
launchpad_collect_deposit_gns_accumulation_filetest.gno	CollectDepositGns (deposit 3/5, remaining 2)	execution-segment-repricing	7352360	7523692	171332	-2257	-2257	0	175952	0	0	225700	225700	0	171.332	171.332	0.000000	+0.000171	+0.000171
launchpad_collect_deposit_gns_accumulation_filetest.gno	CollectDepositGns (deposit 4/5, remaining 1)	execution-segment-repricing	7357806	7529138	171332	-2257	-2257	0	175952	0	0	225700	225700	0	171.332	171.332	0.000000	+0.000171	+0.000171
launchpad_collect_deposit_gns_accumulation_filetest.gno	CollectDepositGns (deposit 5/5, remaining 0)	execution-segment-repricing	7230163	7401495	171332	-8456	-8456	0	175952	0	0	845600	845600	0	171.332	171.332	0.000000	+0.000171	+0.000171
launchpad_collect_deposit_gns_filetest.gno	Launchpad CollectDepositGns	execution-segment-repricing	7587491	7758823	171332	-4155	-4155	0	175952	213000	213000	628500	628500	0	171.332	171.332	0.000000	+0.000171	+0.000171
launchpad_collect_protocol_fee_1_token_filetest.gno	CollectProtocolFee (1 token)	execution-segment-repricing	3609103	3888752	279649	4426	3611	-815	286789	451800	370300	9200	9200	-81500	279.649	-81220.351	-0.081500	+0.000280	-0.081220
launchpad_collect_protocol_fee_2_tokens_filetest.gno	CollectProtocolFee (2 tokens)	execution-segment-repricing	5664323	6051779	387456	8750	7120	-1630	397626	892900	729900	17900	17900	-163000	387.456	-162612.544	-0.163000	+0.000387	-0.162613
launchpad_collect_protocol_fee_5_tokens_filetest.gno	CollectProtocolFee (5 tokens)	execution-segment-repricing	11869467	12578130	708663	21724	17649	-4075	730137	2216200	1808700	43800	43800	-407500	708.663	-406791.337	-0.407500	+0.000709	-0.406791
launchpad_collect_protocol_fee_filetest.gno	Launchpad CollectProtocolFee (tokens: 10)	execution-segment-repricing	22292315	23528943	1236628	43713	35563	-8150	1284322	4467700	3652700	96400	96400	-815000	1236.628	-813763.372	-0.815000	+0.001237	-0.813763
launchpad_collect_reward_filetest.gno	Launchpad CollectRewardByDepositId	execution-segment-repricing	3300520	3300520	0	2070	2070	0	0	207000	207000	0	0	0	0	0	0.000000	0.000000	0.000000
launchpad_create_project_filetest.gno	Create Launchpad Project	execution-segment-repricing	8585740	8588095	2355	33729	33729	0	0	3372900	3372900	0	0	0	2.355	2.355	0.000000	+0.000002	+0.000002
launchpad_deposit_gns_filetest.gno	Launchpad DepositGns	execution-segment-repricing	6470956	6650064	179108	24246	24247	1	175952	2531000	2531100	106400	106400	100	179.108	279.108	+0.000100	+0.000179	+0.000279
launchpad_transfer_left_from_project_filetest.gno	Launchpad TransferLeftFromProjectByAdmin	execution-segment-repricing	1260660	1260660	0	41	41	0	0	4100	4100	0	0	0	0	0	0.000000	0.000000	0.000000
pool_create_and_mint_filetest.gno	CreatePool	execution-segment-repricing	6717948	6718455	507	25361	25361	0	0	2536100	2536100	0	0	0	0.507	0.507	0.000000	+0.000001	+0.000001
pool_create_and_mint_filetest.gno	Mint (fee:3000, wide range)	execution-segment-repricing	31555797	31555800	3	22702	22702	0	0	2270200	2270200	0	0	0	0.003	0.003	0.000000	0.000000	0.000000
pool_swap_wugnot_gns_filetest.gno	Swap (gns -> wugnot, fee:500)	execution-segment-repricing	47051045	47051048	3	0	0	0	0	600	600	600	600	0	0.003	0.003	0.000000	0.000000	0.000000
position_decrease_liquidity_filetest.gno	DecreaseLiquidity	execution-segment-repricing	25630642	25630642	0	18	18	0	0	1800	1800	0	0	0	0	0	0.000000	0.000000	0.000000
position_increase_liquidity_filetest.gno	IncreaseLiquidity	execution-segment-repricing	23148004	23148004	0	-2084	-2084	0	0	5600	5600	214000	214000	0	0	0	0.000000	0.000000	0.000000
position_mint_filetest.gno	Mint (bar:foo:500)	execution-segment-repricing	29749968	29749971	3	22689	22689	0	0	2268900	2268900	0	0	0	0.003	0.003	0.000000	0.000000	0.000000
position_mint_with_gnot_filetest.gno	CollectFee (with unwrap)	execution-segment-repricing	7921566	7921569	3	44	44	0	0	4400	4400	0	0	0	0.003	0.003	0.000000	0.000000	0.000000
position_reposition_filetest.gno	DecreaseLiquidity (w. Remove)	execution-segment-repricing	22338548	22338551	3	62	62	0	0	6200	6200	0	0	0	0.003	0.003	0.000000	0.000000	0.000000
position_reposition_filetest.gno	Mint (reposition)	execution-segment-repricing	30576495	30576495	0	8619	8619	0	0	861900	861900	0	0	0	0	0	0.000000	0.000000	0.000000
position_stake_position_filetest.gno	SetPoolTier (tier 1)	execution-segment-repricing	4030471	4030471	0	47025	47025	0	0	4702500	4702500	0	0	0	0	0	0.000000	0.000000	0.000000
position_stake_position_filetest.gno	StakeToken	execution-segment-repricing	10617929	10617932	3	23393	23393	0	0	2445400	2445400	106100	106100	0	0.003	0.003	0.000000	0.000000	0.000000
raw_uint_tree_key_magnitude_filetest.gno	UintTree Set (0)	execution-segment-repricing	73225	76075	2850	0	0	0	0	0	0	0	0	0	2.85	2.85	0.000000	+0.000003	+0.000003
raw_uint_tree_key_magnitude_filetest.gno	UintTree Get (0)	execution-segment-repricing	56128	56128	0	0	0	0	0	0	0	0	0	0	0	0	0.000000	0.000000	0.000000
raw_uint_tree_key_magnitude_filetest.gno	UintTree Set (1)	execution-segment-repricing	57310	57310	0	0	0	0	0	0	0	0	0	0	0	0	0.000000	0.000000	0.000000
raw_uint_tree_key_magnitude_filetest.gno	UintTree Get (1)	execution-segment-repricing	56128	56128	0	0	0	0	0	0	0	0	0	0	0	0	0.000000	0.000000	0.000000
raw_uint_tree_key_magnitude_filetest.gno	UintTree Set (255)	execution-segment-repricing	57310	57310	0	0	0	0	0	0	0	0	0	0	0	0	0.000000	0.000000	0.000000
raw_uint_tree_key_magnitude_filetest.gno	UintTree Get (255)	execution-segment-repricing	56128	56128	0	0	0	0	0	0	0	0	0	0	0	0	0.000000	0.000000	0.000000
raw_uint_tree_key_magnitude_filetest.gno	UintTree Set (256)	execution-segment-repricing	57310	57310	0	0	0	0	0	0	0	0	0	0	0	0	0.000000	0.000000	0.000000
raw_uint_tree_key_magnitude_filetest.gno	UintTree Get (256)	execution-segment-repricing	56128	56128	0	0	0	0	0	0	0	0	0	0	0	0	0.000000	0.000000	0.000000
raw_uint_tree_key_magnitude_filetest.gno	UintTree Set (65535)	execution-segment-repricing	57310	57310	0	0	0	0	0	0	0	0	0	0	0	0	0.000000	0.000000	0.000000
raw_uint_tree_key_magnitude_filetest.gno	UintTree Get (65535)	execution-segment-repricing	56128	56128	0	0	0	0	0	0	0	0	0	0	0	0	0.000000	0.000000	0.000000
raw_uint_tree_key_magnitude_filetest.gno	UintTree Set (4294967295)	execution-segment-repricing	57310	57310	0	0	0	0	0	0	0	0	0	0	0	0	0.000000	0.000000	0.000000
raw_uint_tree_key_magnitude_filetest.gno	UintTree Get (4294967295)	execution-segment-repricing	56128	56128	0	0	0	0	0	0	0	0	0	0	0	0	0.000000	0.000000	0.000000
raw_uint_tree_key_magnitude_filetest.gno	UintTree Set (9223372036854775807)	execution-segment-repricing	57310	57310	0	0	0	0	0	0	0	0	0	0	0	0	0.000000	0.000000	0.000000
raw_uint_tree_key_magnitude_filetest.gno	UintTree Get (9223372036854775807)	execution-segment-repricing	56128	56128	0	0	0	0	0	0	0	0	0	0	0	0	0.000000	0.000000	0.000000
remaining_gov_manager_allocation_filetest.gno	Remaining gov allocation factory fee manager	execution-segment-repricing	876509	876397	-112	2396	2349	-47	-184	239600	234900	0	0	-4700	-0.112	-4700.112	-0.004700	0.000000	-0.004700
remaining_gov_manager_allocation_filetest.gno	Remaining gov allocation factory emission manager	execution-segment-repricing	54438	122691	68253	2550	1735	-815	53506	255000	173500	0	0	-81500	68.253	-81431.747	-0.081500	+0.000068	-0.081432
router_exact_in_single_swap_route_grc20_fee10000_filetest.gno	ExactInSingleSwapRoute(grc20) - fee:10000	execution-segment-repricing	26973783	26973789	6	9054	9054	0	0	906000	906000	600	600	0	0.006	0.006	0.000000	0.000000	0.000000
router_exact_in_single_swap_route_grc20_fee100_filetest.gno	ExactInSingleSwapRoute(grc20) - fee:100	execution-segment-repricing	31564503	31564509	6	9054	9054	0	0	906000	906000	600	600	0	0.006	0.006	0.000000	0.000000	0.000000
router_exact_in_single_swap_route_grc20_fee3000_filetest.gno	ExactInSingleSwapRoute(grc20) - fee:3000	execution-segment-repricing	27038120	27038126	6	9054	9054	0	0	906000	906000	600	600	0	0.006	0.006	0.000000	0.000000	0.000000
router_exact_in_single_swap_route_grc20_fee500_filetest.gno	ExactInSingleSwapRoute(grc20) - fee:500	execution-segment-repricing	26900357	26900363	6	9054	9054	0	0	906000	906000	600	600	0	0.006	0.006	0.000000	0.000000	0.000000
router_exact_in_swap_route_grc20_fee10000_filetest.gno	ExactInSwapRoute(grc20) - fee:10000	execution-segment-repricing	26212253	26212259	6	9054	9054	0	0	906000	906000	600	600	0	0.006	0.006	0.000000	0.000000	0.000000
router_exact_in_swap_route_grc20_fee100_filetest.gno	ExactInSwapRoute(grc20) - fee:100	execution-segment-repricing	30820277	30820283	6	9054	9054	0	0	906000	906000	600	600	0	0.006	0.006	0.000000	0.000000	0.000000
router_exact_in_swap_route_grc20_fee3000_filetest.gno	ExactInSwapRoute(grc20) - fee:3000	execution-segment-repricing	26285242	26285248	6	9054	9054	0	0	906000	906000	600	600	0	0.006	0.006	0.000000	0.000000	0.000000
router_exact_in_swap_route_grc20_fee500_filetest.gno	ExactInSwapRoute(grc20) - fee:500	execution-segment-repricing	26156131	26156137	6	9054	9054	0	0	906000	906000	600	600	0	0.006	0.006	0.000000	0.000000	0.000000
router_exact_out_single_swap_route_grc20_fee10000_filetest.gno	ExactOutSingleSwapRoute(grc20) - fee:10000	execution-segment-repricing	28806784	28806790	6	9054	9054	0	0	906000	906000	600	600	0	0.006	0.006	0.000000	0.000000	0.000000
router_exact_out_single_swap_route_grc20_fee100_filetest.gno	ExactOutSingleSwapRoute(grc20) - fee:100	execution-segment-repricing	33248280	33248286	6	9054	9054	0	0	906000	906000	600	600	0	0.006	0.006	0.000000	0.000000	0.000000
router_exact_out_single_swap_route_grc20_fee3000_filetest.gno	ExactOutSingleSwapRoute(grc20) - fee:3000	execution-segment-repricing	28747137	28747143	6	9054	9054	0	0	906000	906000	600	600	0	0.006	0.006	0.000000	0.000000	0.000000
router_exact_out_single_swap_route_grc20_fee500_filetest.gno	ExactOutSingleSwapRoute(grc20) - fee:500	execution-segment-repricing	28642922	28642928	6	9054	9054	0	0	906000	906000	600	600	0	0.006	0.006	0.000000	0.000000	0.000000
router_exact_out_swap_route_grc20_fee10000_filetest.gno	ExactOutSwapRoute(grc20) - fee:10000	execution-segment-repricing	28068289	28068295	6	9054	9054	0	0	906000	906000	600	600	0	0.006	0.006	0.000000	0.000000	0.000000
router_exact_out_swap_route_grc20_fee100_filetest.gno	ExactOutSwapRoute(grc20) - fee:100	execution-segment-repricing	32527089	32527095	6	9054	9054	0	0	906000	906000	600	600	0	0.006	0.006	0.000000	0.000000	0.000000
router_exact_out_swap_route_grc20_fee3000_filetest.gno	ExactOutSwapRoute(grc20) - fee:3000	execution-segment-repricing	28017294	28017300	6	9054	9054	0	0	906000	906000	600	600	0	0.006	0.006	0.000000	0.000000	0.000000
router_exact_out_swap_route_grc20_fee500_filetest.gno	ExactOutSwapRoute(grc20) - fee:500	execution-segment-repricing	27921731	27921737	6	9054	9054	0	0	906000	906000	600	600	0	0.006	0.006	0.000000	0.000000	0.000000
router_single_hop_route_filetest.gno	BuildSingleHopRoutePath	execution-segment-repricing	202459	204811	2352	0	0	0	0	0	0	0	0	0	2.352	2.352	0.000000	+0.000002	+0.000002
router_swap_multi_hop_filetest.gno	MultiHop ExactIn (2 hops)	execution-segment-repricing	52601164	52601170	6	9061	9061	0	0	907300	907300	1200	1200	0	0.006	0.006	0.000000	0.000000	0.000000
router_swap_multi_hop_filetest.gno	MultiHop ExactOut (2 hops)	execution-segment-repricing	73049772	73049772	0	76	76	0	0	7600	7600	0	0	0	0	0	0.000000	0.000000	0.000000
router_swap_multi_hop_filetest.gno	MultiHop ExactIn (3 hops)	execution-segment-repricing	72263997	72263997	0	33	33	0	0	4500	4500	1200	1200	0	0	0	0.000000	0.000000	0.000000
router_swap_multi_hop_filetest.gno	MultiHop ExactOut (3 hops)	execution-segment-repricing	110815904	110815904	0	0	0	0	0	0	0	0	0	0	0	0	0.000000	0.000000	0.000000
router_swap_multi_hop_filetest.gno	MultiRoute ExactIn (50:50 split)	execution-segment-repricing	71546462	71546462	0	0	0	0	0	600	600	600	600	0	0	0	0.000000	0.000000	0.000000
router_swap_multi_hop_filetest.gno	MultiRoute ExactOut (50:50 split)	execution-segment-repricing	96915876	96915876	0	4	4	0	0	400	400	0	0	0	0	0	0.000000	0.000000	0.000000
staker_collect_reward_filetest.gno	CollectReward (only Internal Reward)	execution-segment-repricing	13997436	13997436	0	11137	11137	0	0	1113700	1113700	0	0	0	0	0	0.000000	0.000000	0.000000
staker_collect_reward_filetest.gno	CollectReward 2nd (only Internal Reward)	execution-segment-repricing	13778829	13778829	0	40	40	0	0	4000	4000	0	0	0	0	0	0.000000	0.000000	0.000000
staker_collect_reward_incentive_token_count_filetest.gno	staker CollectReward (1 external-incentive token)	execution-segment-repricing	13600151	13600151	0	10026	10026	0	0	1002600	1002600	0	0	0	0	0	0.000000	0.000000	0.000000
staker_collect_reward_incentive_token_count_filetest.gno	staker CollectReward (2 external-incentive tokens)	execution-segment-repricing	20923028	20923028	0	4069	4069	0	0	406900	406900	0	0	0	0	0	0.000000	0.000000	0.000000
staker_collect_reward_incentive_token_count_filetest.gno	staker CollectReward (3 external-incentive tokens)	execution-segment-repricing	28559396	28559396	0	4502	4502	0	0	450200	450200	0	0	0	0	0	0.000000	0.000000	0.000000
staker_collect_reward_incentive_token_count_filetest.gno	staker CollectReward (4 external-incentive tokens)	execution-segment-repricing	36432228	36432228	0	5046	5046	0	0	504600	504600	0	0	0	0	0	0.000000	0.000000	0.000000
staker_collect_reward_position_growth_filetest.gno	storage growth: CollectReward 20 staked positions	execution-segment-repricing	15322696	15322696	0	62	62	0	0	6200	6200	0	0	0	0	0	0.000000	0.000000	0.000000
staker_collect_reward_position_growth_filetest.gno	storage growth: CollectReward 40 staked positions	execution-segment-repricing	15785075	15785075	0	0	0	0	0	0	0	0	0	0	0	0	0.000000	0.000000	0.000000
staker_collect_reward_position_growth_filetest.gno	storage growth: CollectReward 60 staked positions	execution-segment-repricing	15787565	15787565	0	0	0	0	0	0	0	0	0	0	0	0	0.000000	0.000000	0.000000
staker_collect_reward_position_growth_filetest.gno	storage growth: CollectReward 80 staked positions	execution-segment-repricing	15918842	15918842	0	0	0	0	0	0	0	0	0	0	0	0	0.000000	0.000000	0.000000
staker_collect_reward_position_growth_filetest.gno	storage growth: CollectReward 100 staked positions	execution-segment-repricing	15904573	15904573	0	0	0	0	0	0	0	0	0	0	0	0	0.000000	0.000000	0.000000
staker_collect_reward_with_external_rewards_1_filetest.gno	CollectReward With External Rewards (1 incentives)	execution-segment-repricing	22044914	22044914	0	14734	14734	0	0	1473400	1473400	0	0	0	0	0	0.000000	0.000000	0.000000
staker_collect_reward_with_external_rewards_1_filetest.gno	CollectReward With External Rewards 2nd (1 incentives)	execution-segment-repricing	21448920	21448920	0	31	31	0	0	3100	3100	0	0	0	0	0	0.000000	0.000000	0.000000
staker_collect_reward_with_external_rewards_5_filetest.gno	CollectReward With External Rewards (5 incentives)	execution-segment-repricing	52986713	52986713	0	28757	28757	0	0	2875700	2875700	0	0	0	0	0	0.000000	0.000000	0.000000
staker_collect_reward_with_external_rewards_5_filetest.gno	CollectReward With External Rewards 2nd (5 incentives)	execution-segment-repricing	51234359	51234359	0	52	52	0	0	5200	5200	0	0	0	0	0	0.000000	0.000000	0.000000
staker_collect_reward_with_warmup_range_filetest.gno	CollectReward with Warmup Range (30% ~ 30%)	execution-segment-repricing	14035432	14035432	0	11119	11119	0	0	1111900	1111900	0	0	0	0	0	0.000000	0.000000	0.000000
staker_collect_reward_with_warmup_range_filetest.gno	CollectReward with Warmup Range (30% ~ 50%)	execution-segment-repricing	16054351	16054351	0	58	58	0	0	5800	5800	0	0	0	0	0	0.000000	0.000000	0.000000
staker_collect_reward_with_warmup_range_filetest.gno	CollectReward with Warmup Range (30% ~ 70%)	execution-segment-repricing	18359217	18359217	0	18	18	0	0	1800	1800	0	0	0	0	0	0.000000	0.000000	0.000000
staker_collect_reward_with_warmup_range_filetest.gno	CollectReward with Warmup Range (30% ~ 100%)	execution-segment-repricing	20688010	20688010	0	18	18	0	0	1800	1800	0	0	0	0	0	0.000000	0.000000	0.000000
staker_collect_reward_with_warmup_range_filetest.gno	CollectReward with Warmup Range (100% ~)	execution-segment-repricing	13453680	13453680	0	-6	-6	0	0	0	0	600	600	0	0	0	0.000000	0.000000	0.000000
staker_collect_reward_with_warmup_range_filetest.gno	CollectReward with Warmup Range 2nd (100% ~)	execution-segment-repricing	13338327	13338327	0	0	0	0	0	0	0	0	0	0	0	0	0.000000	0.000000	0.000000
staker_create_external_incentive_filetest.gno	CreateExternalIncentive	execution-segment-repricing	3863402	3863402	0	66634	66634	0	0	6663400	6663400	0	0	0	0	0	0.000000	0.000000	0.000000
staker_end_external_incentive_filetest.gno	EndExternalIncentive	execution-segment-repricing	2328061	2328061	0	-1979	-1979	0	0	4500	4500	202400	202400	0	0	0	0.000000	0.000000	0.000000
staker_end_external_incentive_unclaimable100_filetest.gno	EndExternalIncentive (unclaimablePeriods=100)	execution-segment-repricing	2367973	2367973	0	147	147	0	0	14700	14700	0	0	0	0	0	0.000000	0.000000	0.000000
staker_end_external_incentive_unclaimable10_filetest.gno	EndExternalIncentive (unclaimablePeriods=10)	execution-segment-repricing	2317676	2317676	0	141	141	0	0	14100	14100	0	0	0	0	0	0.000000	0.000000	0.000000
staker_end_external_incentive_unclaimable50_filetest.gno	EndExternalIncentive (unclaimablePeriods=50)	execution-segment-repricing	2330106	2330106	0	141	141	0	0	14100	14100	0	0	0	0	0	0.000000	0.000000	0.000000
staker_halving_tick_cross_batch_10_filetest.gno	Swap (halving, 10 staked tick-crosses)	execution-segment-repricing	106388093	106388093	0	3729	3729	0	0	373500	373500	600	600	0	0	0	0.000000	0.000000	0.000000
staker_halving_tick_cross_batch_1_filetest.gno	Swap (halving, 1 staked tick-cross)	execution-segment-repricing	32181955	32181955	0	2813	2813	0	0	281900	281900	600	600	0	0	0	0.000000	0.000000	0.000000
staker_halving_tick_cross_batch_50_filetest.gno	Swap (halving, 50 staked tick-crosses)	execution-segment-repricing	445327990	445327990	0	7260	7260	0	0	726600	726600	600	600	0	0	0	0.000000	0.000000	0.000000
staker_tick_cross_batch_no_halving_10_filetest.gno	Swap (no halving, 10 staked tick-crosses)	execution-segment-repricing	94213213	94213213	0	-7110	-7110	0	0	40300	40300	751300	751300	0	0	0	0.000000	0.000000	0.000000
staker_tick_cross_batch_no_halving_1_filetest.gno	Swap (no halving, 1 staked tick-cross)	execution-segment-repricing	25986288	25986288	0	-7684	-7684	0	0	4500	4500	772900	772900	0	0	0	0.000000	0.000000	0.000000
staker_tick_cross_batch_no_halving_50_filetest.gno	Swap (no halving, 50 staked tick-crosses)	execution-segment-repricing	406578788	406578788	0	-5108	-5108	0	0	174600	174600	685400	685400	0	0	0	0.000000	0.000000	0.000000
staker_tick_cross_long_history_10_filetest.gno	Long-history accumulated-reward Swap (10 staked tick-crosses, visit 1)	execution-segment-repricing	110296622	110296622	0	34722	34722	0	0	3472800	3472800	600	600	0	0	0	0.000000	0.000000	0.000000
staker_tick_cross_long_history_10_filetest.gno	Long-history accumulated-reward Reverse swap (10 staked tick-crosses, visit 2)	execution-segment-repricing	131638181	131638181	0	15195	15195	0	0	1519500	1519500	0	0	0	0	0	0.000000	0.000000	0.000000
staker_tick_cross_long_history_10_filetest.gno	Long-history accumulated-reward Swap (10 staked tick-crosses, visit 3)	execution-segment-repricing	132484479	132484479	0	14651	14651	0	0	1465100	1465100	0	0	0	0	0	0.000000	0.000000	0.000000
staker_tick_cross_long_history_10_filetest.gno	Long-history accumulated-reward Reverse swap (10 staked tick-crosses, visit 4)	execution-segment-repricing	136732513	136732513	0	14630	14630	0	0	1463200	1463200	200	200	0	0	0	0.000000	0.000000	0.000000
staker_tick_cross_long_history_10_filetest.gno	Long-history accumulated-reward Swap (10 staked tick-crosses, visit 5)	execution-segment-repricing	133896154	133896154	0	57364	57364	0	0	5736400	5736400	0	0	0	0	0	0.000000	0.000000	0.000000
staker_tick_cross_long_history_10_filetest.gno	Long-history accumulated-reward Reverse swap (10 staked tick-crosses, visit 6)	execution-segment-repricing	137362627	137362627	0	15207	15207	0	0	1521100	1521100	400	400	0	0	0	0.000000	0.000000	0.000000
staker_tick_cross_long_history_10_filetest.gno	Long-history accumulated-reward Swap (10 staked tick-crosses, visit 7)	execution-segment-repricing	133436591	133436591	0	14738	14738	0	0	1473800	1473800	0	0	0	0	0	0.000000	0.000000	0.000000
staker_tick_cross_long_history_10_filetest.gno	Long-history accumulated-reward Reverse swap (10 staked tick-crosses, visit 8)	execution-segment-repricing	138521177	138521177	0	35401	35401	0	0	3540300	3540300	200	200	0	0	0	0.000000	0.000000	0.000000
staker_tick_cross_long_history_10_filetest.gno	Long-history accumulated-reward Swap (10 staked tick-crosses, visit 9)	execution-segment-repricing	133442184	133442184	0	14981	14981	0	0	1498100	1498100	0	0	0	0	0	0.000000	0.000000	0.000000
staker_tick_cross_long_history_10_filetest.gno	Long-history accumulated-reward Reverse swap (10 staked tick-crosses, visit 10)	execution-segment-repricing	137579270	137579270	0	14736	14736	0	0	1474000	1474000	400	400	0	0	0	0.000000	0.000000	0.000000
staker_tick_cross_long_history_10_filetest.gno	Long-history accumulated-reward Swap (10 staked tick-crosses, visit 11)	execution-segment-repricing	134623902	134623902	0	35354	35354	0	0	3535400	3535400	0	0	0	0	0	0.000000	0.000000	0.000000
staker_tick_cross_long_history_10_filetest.gno	Long-history accumulated-reward Reverse swap (10 staked tick-crosses, visit 12)	execution-segment-repricing	137708220	137708220	0	14970	14970	0	0	1497500	1497500	500	500	0	0	0	0.000000	0.000000	0.000000
staker_tick_cross_long_history_10_filetest.gno	Long-history accumulated-reward Swap (10 staked tick-crosses, visit 13)	execution-segment-repricing	133761194	133761194	0	14742	14742	0	0	1474200	1474200	0	0	0	0	0	0.000000	0.000000	0.000000
staker_tick_cross_long_history_10_filetest.gno	Long-history accumulated-reward Reverse swap (10 staked tick-crosses, visit 14)	execution-segment-repricing	140251575	140251575	0	80768	80768	0	0	8077300	8077300	500	500	0	0	0	0.000000	0.000000	0.000000
staker_tick_cross_long_history_10_filetest.gno	Long-history accumulated-reward Swap (10 staked tick-crosses, visit 15)	execution-segment-repricing	134258468	134258468	0	15463	15463	0	0	1546300	1546300	0	0	0	0	0	0.000000	0.000000	0.000000
staker_tick_cross_long_history_10_filetest.gno	Long-history accumulated-reward Reverse swap (10 staked tick-crosses, visit 16)	execution-segment-repricing	138364807	138364807	0	14731	14731	0	0	1473600	1473600	500	500	0	0	0	0.000000	0.000000	0.000000
staker_tick_cross_long_history_10_filetest.gno	Long-history accumulated-reward Swap (10 staked tick-crosses, visit 17)	execution-segment-repricing	135406988	135406988	0	35401	35401	0	0	3540100	3540100	0	0	0	0	0	0.000000	0.000000	0.000000
staker_tick_cross_long_history_10_filetest.gno	Long-history accumulated-reward Reverse swap (10 staked tick-crosses, visit 18)	execution-segment-repricing	138417736	138417736	0	14970	14970	0	0	1497500	1497500	500	500	0	0	0	0.000000	0.000000	0.000000
staker_tick_cross_long_history_10_filetest.gno	Long-history accumulated-reward Swap (10 staked tick-crosses, visit 19)	execution-segment-repricing	134407192	134407192	0	14751	14751	0	0	1475100	1475100	0	0	0	0	0	0.000000	0.000000	0.000000
staker_tick_cross_long_history_10_filetest.gno	Long-history accumulated-reward Reverse swap (10 staked tick-crosses, visit 20)	execution-segment-repricing	140978686	140978686	0	58739	58739	0	0	5875500	5875500	1600	1600	0	0	0	0.000000	0.000000	0.000000
staker_tick_cross_long_history_10_filetest.gno	Long-history accumulated-reward Swap (10 staked tick-crosses, visit 21)	execution-segment-repricing	134322022	134322022	0	15232	15232	0	0	1523200	1523200	0	0	0	0	0	0.000000	0.000000	0.000000
staker_tick_cross_long_history_10_filetest.gno	Long-history accumulated-reward Reverse swap (10 staked tick-crosses, visit 22)	execution-segment-repricing	138536184	138536184	0	14719	14719	0	0	1473500	1473500	1600	1600	0	0	0	0.000000	0.000000	0.000000
staker_tick_cross_long_history_10_filetest.gno	Long-history accumulated-reward Swap (10 staked tick-crosses, visit 23)	execution-segment-repricing	135474463	135474463	0	35412	35412	0	0	3541200	3541200	0	0	0	0	0	0.000000	0.000000	0.000000
staker_tick_cross_long_history_10_filetest.gno	Long-history accumulated-reward Reverse swap (10 staked tick-crosses, visit 24)	execution-segment-repricing	138609476	138609476	0	14969	14969	0	0	1497500	1497500	600	600	0	0	0	0.000000	0.000000	0.000000
staker_tick_cross_long_history_10_filetest.gno	Long-history accumulated-reward Swap (10 staked tick-crosses, visit 25)	execution-segment-repricing	134637169	134637169	0	14741	14741	0	0	1474100	1474100	0	0	0	0	0	0.000000	0.000000	0.000000
staker_tick_cross_long_history_10_filetest.gno	Long-history accumulated-reward Reverse swap (10 staked tick-crosses, visit 26)	execution-segment-repricing	141078218	141078218	0	58689	58689	0	0	5869500	5869500	600	600	0	0	0	0.000000	0.000000	0.000000
staker_tick_cross_long_history_10_filetest.gno	Long-history accumulated-reward Swap (10 staked tick-crosses, visit 27)	execution-segment-repricing	134558786	134558786	0	15221	15221	0	0	1522100	1522100	0	0	0	0	0	0.000000	0.000000	0.000000
staker_tick_cross_long_history_10_filetest.gno	Long-history accumulated-reward Reverse swap (10 staked tick-crosses, visit 28)	execution-segment-repricing	138679898	138679898	0	14729	14729	0	0	1473500	1473500	600	600	0	0	0	0.000000	0.000000	0.000000
staker_tick_cross_long_history_10_filetest.gno	Long-history accumulated-reward Swap (10 staked tick-crosses, visit 29)	execution-segment-repricing	135718611	135718611	0	35401	35401	0	0	3540100	3540100	0	0	0	0	0	0.000000	0.000000	0.000000
staker_tick_cross_long_history_10_filetest.gno	Long-history accumulated-reward Reverse swap (10 staked tick-crosses, visit 30)	execution-segment-repricing	138712958	138712958	0	14969	14969	0	0	1497500	1497500	600	600	0	0	0	0.000000	0.000000	0.000000
staker_tick_cross_long_history_10_filetest.gno	Long-history accumulated-reward Swap (10 staked tick-crosses, visit 31)	execution-segment-repricing	134773470	134773470	0	14741	14741	0	0	1474100	1474100	0	0	0	0	0	0.000000	0.000000	0.000000
staker_tick_cross_long_history_10_filetest.gno	Long-history accumulated-reward Reverse swap (10 staked tick-crosses, visit 32)	execution-segment-repricing	142618820	142618820	0	104110	104110	0	0	10411500	10411500	500	500	0	0	0	0.000000	0.000000	0.000000
staker_tick_cross_long_history_10_filetest.gno	Long-history accumulated-reward Swap (10 staked tick-crosses, visit 33)	execution-segment-repricing	135148639	135148639	0	15715	15715	0	0	1571500	1571500	0	0	0	0	0	0.000000	0.000000	0.000000
staker_tick_cross_revisit_10_filetest.gno	Accumulated-reward Swap (10 staked tick-crosses, first visit)	execution-segment-repricing	110296096	110296096	0	34722	34722	0	0	3472800	3472800	600	600	0	0	0	0.000000	0.000000	0.000000
staker_tick_cross_revisit_10_filetest.gno	Accumulated-reward Reverse swap (10 staked tick-crosses, reverse visit)	execution-segment-repricing	131638181	131638181	0	15195	15195	0	0	1519500	1519500	0	0	0	0	0	0.000000	0.000000	0.000000
staker_tick_cross_revisit_10_filetest.gno	Accumulated-reward Swap (10 staked tick-crosses, third visit)	execution-segment-repricing	132484479	132484479	0	14651	14651	0	0	1465100	1465100	0	0	0	0	0	0.000000	0.000000	0.000000
staker_tick_cross_revisit_1_filetest.gno	Accumulated-reward Swap (1 staked tick-cross, first visit)	execution-segment-repricing	31616303	31616303	0	5456	5456	0	0	546200	546200	600	600	0	0	0	0.000000	0.000000	0.000000
staker_tick_cross_revisit_1_filetest.gno	Accumulated-reward Reverse swap (1 staked tick-cross, reverse visit)	execution-segment-repricing	33533429	33533429	0	3390	3390	0	0	339000	339000	0	0	0	0	0	0.000000	0.000000	0.000000
staker_tick_cross_revisit_1_filetest.gno	Accumulated-reward Swap (1 staked tick-cross, third visit)	execution-segment-repricing	35457442	35457442	0	3341	3341	0	0	334100	334100	0	0	0	0	0	0.000000	0.000000	0.000000
staker_tick_cross_revisit_50_filetest.gno	Accumulated-reward Swap (50 staked tick-crosses, first visit)	execution-segment-repricing	468192431	468192431	0	165281	165281	0	0	16528700	16528700	600	600	0	0	0	0.000000	0.000000	0.000000
staker_tick_cross_revisit_50_filetest.gno	Accumulated-reward Reverse swap (50 staked tick-crosses, reverse visit)	execution-segment-repricing	576773420	576773420	0	68151	68151	0	0	6815100	6815100	0	0	0	0	0	0.000000	0.000000	0.000000
staker_tick_cross_revisit_50_filetest.gno	Accumulated-reward Swap (50 staked tick-crosses, third visit)	execution-segment-repricing	573705050	573705050	0	65368	65368	0	0	6536800	6536800	0	0	0	0	0	0.000000	0.000000	0.000000
staker_tick_no_cross_false_filetest.gno	No-cross control (boundary staked=false)	execution-segment-repricing	15213815	15213818	3	0	0	0	0	600	600	600	600	0	0.003	0.003	0.000000	0.000000	0.000000
staker_tick_no_cross_true_filetest.gno	No-cross control (boundary staked=true)	execution-segment-repricing	15398645	15398645	0	0	0	0	0	600	600	600	600	0	0	0	0.000000	0.000000	0.000000
version_manager_filetest.gno	RegisterInitializer (v1)	execution-segment-repricing	71548	71548	0	0	0	0	0	0	0	0	0	0	0	0	0.000000	0.000000	0.000000
version_manager_filetest.gno	RegisterInitializer (v2)	execution-segment-repricing	55268	55268	0	0	0	0	0	0	0	0	0	0	0	0	0.000000	0.000000	0.000000
