fixture	label	scope	baseline_gas	candidate_gas	gas_delta	baseline_net_bytes	candidate_net_bytes	storage_delta_bytes	cpu_delta	baseline_deposits_ugnot	candidate_deposits_ugnot	baseline_refunds_ugnot	candidate_refunds_ugnot	storage_delta_ugnot	gas_fee_delta_ugnot	net_delta_ugnot	storage_delta_gnot	gas_fee_delta_gnot	net_delta_gnot
common_filetest.gno	TickMathGetSqrtRatioAtTick (minTick)	execution-segment-repricing	1689865	1689865	0	0	0	0	0	0	0	0	0	0	0	0	0.000000	0.000000	0.000000
common_filetest.gno	TickMathGetSqrtRatioAtTick (maxTick)	execution-segment-repricing	2058854	2058854	0	0	0	0	0	0	0	0	0	0	0	0	0.000000	0.000000	0.000000
common_filetest.gno	TickMathGetSqrtRatioAtTick (zero)	execution-segment-repricing	334802	334802	0	0	0	0	0	0	0	0	0	0	0	0	0.000000	0.000000	0.000000
common_filetest.gno	TickMathGetSqrtRatioAtTick	execution-segment-repricing	1527883	1527883	0	0	0	0	0	0	0	0	0	0	0	0	0.000000	0.000000	0.000000
common_filetest.gno	TickMathGetTickAtSqrtRatio	execution-segment-repricing	3863554	3863554	0	0	0	0	0	0	0	0	0	0	0	0	0.000000	0.000000	0.000000
common_filetest.gno	GetLiquidityForAmounts	execution-segment-repricing	3211535	3211535	0	0	0	0	0	0	0	0	0	0	0	0	0.000000	0.000000	0.000000
common_filetest.gno	GetAmountsForLiquidity	execution-segment-repricing	2981525	2981525	0	0	0	0	0	0	0	0	0	0	0	0	0.000000	0.000000	0.000000
common_filetest.gno	LiquidityMathAddDelta (positive)	execution-segment-repricing	449547	449547	0	0	0	0	0	0	0	0	0	0	0	0	0.000000	0.000000	0.000000
common_filetest.gno	LiquidityMathAddDelta (negative)	execution-segment-repricing	471588	471588	0	0	0	0	0	0	0	0	0	0	0	0	0.000000	0.000000	0.000000
common_filetest.gno	LiquidityMathAddDelta	execution-segment-repricing	437865	437865	0	0	0	0	0	0	0	0	0	0	0	0	0.000000	0.000000	0.000000
gnsmath_filetest.gno	GetAmount0Delta	execution-segment-repricing	3631434	3631434	0	0	0	0	0	0	0	0	0	0	0	0	0.000000	0.000000	0.000000
gnsmath_filetest.gno	GetAmount1Delta	execution-segment-repricing	2329750	2329750	0	0	0	0	0	0	0	0	0	0	0	0	0.000000	0.000000	0.000000
gnsmath_filetest.gno	SwapMathComputeSwapStep	execution-segment-repricing	4232740	4232740	0	0	0	0	0	0	0	0	0	0	0	0	0.000000	0.000000	0.000000
gov_governance_propose_community_pool_spend_filetest.gno	Propose Community Pool Spend	execution-segment-repricing	2446348	2446348	0	20560	20560	0	0	2056000	2056000	0	0	0	0	0	0.000000	0.000000	0.000000
gov_governance_propose_parameter_change_filetest.gno	Propose Parameter Change	execution-segment-repricing	2992330	2992330	0	19532	19532	0	0	1953200	1953200	0	0	0	0	0	0.000000	0.000000	0.000000
gov_governance_propose_parameter_change_filetest.gno	Vote	execution-segment-repricing	1020769	1020769	0	4488	4488	0	0	448800	448800	0	0	0	0	0	0.000000	0.000000	0.000000
gov_governance_propose_parameter_change_filetest.gno	Execute	execution-segment-repricing	2528088	2528088	0	76	76	0	0	7600	7600	0	0	0	0	0	0.000000	0.000000	0.000000
gov_governance_propose_text_filetest.gno	Propose Text	execution-segment-repricing	1931909	1931909	0	18333	18333	0	0	1833300	1833300	0	0	0	0	0	0.000000	0.000000	0.000000
gov_governance_propose_text_with_incative_proposals_filetest.gno	Propose Text with Inactive: 100	execution-segment-repricing	2347937	2347937	0	8501	8501	0	0	850100	850100	0	0	0	0	0	0.000000	0.000000	0.000000
gov_staker_collect_gns_delegation100_withdraw1_filetest.gno	CollectUndelegatedGns (100 delegations, 1 withdraws)	execution-segment-repricing	25137447	25137447	0	0	0	0	0	0	0	0	0	0	0	0	0.000000	0.000000	0.000000
gov_staker_collect_gns_delegation10_withdraw10_filetest.gno	CollectUndelegatedGns (10 delegations, 10 withdraws)	execution-segment-repricing	4375919	4375919	0	0	0	0	0	0	0	0	0	0	0	0	0.000000	0.000000	0.000000
gov_staker_collect_gns_delegation10_withdraw1_filetest.gno	CollectUndelegatedGns (10 delegations, 1 withdraws)	execution-segment-repricing	2337329	2337329	0	0	0	0	0	0	0	0	0	0	0	0	0.000000	0.000000	0.000000
gov_staker_collect_gns_delegation10_withdraw50_filetest.gno	CollectUndelegatedGns (10 delegations, 50 withdraws)	execution-segment-repricing	13436619	13436619	0	18	18	0	0	1800	1800	0	0	0	0	0	0.000000	0.000000	0.000000
gov_staker_collect_gns_delegation10_withdraw5_filetest.gno	CollectUndelegatedGns (10 delegations, 5 withdraws)	execution-segment-repricing	3243369	3243369	0	0	0	0	0	0	0	0	0	0	0	0	0.000000	0.000000	0.000000
gov_staker_collect_gns_delegation1_withdraw10_filetest.gno	CollectUndelegatedGns (1 delegation, 10 withdraws)	execution-segment-repricing	611432	611432	0	0	0	0	0	0	0	0	0	0	0	0	0.000000	0.000000	0.000000
gov_staker_collect_gns_delegation1_withdraw1_filetest.gno	CollectUndelegatedGns (1 delegation, 1 withdraws)	execution-segment-repricing	407573	407573	0	0	0	0	0	0	0	0	0	0	0	0	0.000000	0.000000	0.000000
gov_staker_collect_gns_delegation1_withdraw50_filetest.gno	CollectUndelegatedGns (1 delegation, 50 withdraws)	execution-segment-repricing	1517472	1517472	0	0	0	0	0	0	0	0	0	0	0	0	0.000000	0.000000	0.000000
gov_staker_collect_gns_delegation1_withdraw5_filetest.gno	CollectUndelegatedGns (1 delegation, 5 withdraws)	execution-segment-repricing	498177	498177	0	0	0	0	0	0	0	0	0	0	0	0	0.000000	0.000000	0.000000
gov_staker_collect_reward_delegation100_withdraw1_filetest.gno	CollectReward (100 delegations, 1 withdraws)	execution-segment-repricing	3457355	3457355	0	2333	2333	0	0	243200	243200	9900	9900	0	0	0	0.000000	0.000000	0.000000
gov_staker_collect_reward_delegation10_withdraw10_filetest.gno	CollectReward (10 delegations, 10 withdraws)	execution-segment-repricing	3457265	3457265	0	2323	2323	0	0	242200	242200	9900	9900	0	0	0	0.000000	0.000000	0.000000
gov_staker_collect_reward_delegation10_withdraw1_filetest.gno	CollectReward (10 delegations, 1 withdraws)	execution-segment-repricing	3453477	3453477	0	2323	2323	0	0	242200	242200	9900	9900	0	0	0	0.000000	0.000000	0.000000
gov_staker_collect_reward_delegation10_withdraw50_filetest.gno	CollectReward (10 delegations, 50 withdraws)	execution-segment-repricing	3456198	3456198	0	2323	2323	0	0	242200	242200	9900	9900	0	0	0	0.000000	0.000000	0.000000
gov_staker_collect_reward_delegation10_withdraw5_filetest.gno	CollectReward (10 delegations, 5 withdraws)	execution-segment-repricing	3450274	3450274	0	2323	2323	0	0	242200	242200	9900	9900	0	0	0	0.000000	0.000000	0.000000
gov_staker_collect_reward_delegation1_withdraw10_filetest.gno	CollectReward (1 delegation, 10 withdraws)	execution-segment-repricing	3527397	3527397	0	2395	2395	0	0	249400	249400	9900	9900	0	0	0	0.000000	0.000000	0.000000
gov_staker_collect_reward_delegation1_withdraw1_filetest.gno	CollectReward (1 delegation, 1 withdraws)	execution-segment-repricing	3702983	3702983	0	2395	2395	0	0	249400	249400	9900	9900	0	0	0	0.000000	0.000000	0.000000
gov_staker_collect_reward_delegation1_withdraw50_filetest.gno	CollectReward (1 delegation, 50 withdraws)	execution-segment-repricing	3524194	3524194	0	2395	2395	0	0	249400	249400	9900	9900	0	0	0	0.000000	0.000000	0.000000
gov_staker_collect_reward_delegation1_withdraw5_filetest.gno	CollectReward (1 delegation, 5 withdraws)	execution-segment-repricing	3525351	3525351	0	2395	2395	0	0	249400	249400	9900	9900	0	0	0	0.000000	0.000000	0.000000
gov_staker_collect_reward_pf_token_count_filetest.gno	gov/staker CollectReward (1 protocol-fee tokens)	execution-segment-repricing	3710276	3710276	0	368	368	0	0	248900	248900	212100	212100	0	0	0	0.000000	0.000000	0.000000
gov_staker_collect_reward_pf_token_count_filetest.gno	gov/staker CollectReward (2 protocol-fee tokens)	execution-segment-repricing	5888205	5888205	0	-1860	-1860	0	0	238200	238200	424200	424200	0	0	0	0.000000	0.000000	0.000000
gov_staker_collect_reward_pf_token_count_filetest.gno	gov/staker CollectReward (3 protocol-fee tokens)	execution-segment-repricing	8186417	8186417	0	-3992	-3992	0	0	238200	238200	637400	637400	0	0	0	0.000000	0.000000	0.000000
gov_staker_collect_reward_pf_token_count_filetest.gno	gov/staker CollectReward (4 protocol-fee tokens)	execution-segment-repricing	10495832	10495832	0	-6122	-6122	0	0	238200	238200	850400	850400	0	0	0	0.000000	0.000000	0.000000
gov_staker_collect_reward_pf_token_count_filetest.gno	gov/staker CollectReward (4 protocol-fee tokens but zero amount)	execution-segment-repricing	1701190	1701190	0	0	0	0	0	0	0	0	0	0	0	0	0.000000	0.000000	0.000000
gov_staker_delegate_undelegate_filetest.gno	Delegate	execution-segment-repricing	4989756	4991820	2064	38285	38285	0	0	3828500	3828500	0	0	0	2.064	2.064	0.000000	+0.000002	+0.000002
gov_staker_delegate_undelegate_filetest.gno	Undelegate	execution-segment-repricing	2279200	2279200	0	840	840	0	0	84000	84000	0	0	0	0	0	0.000000	0.000000	0.000000
gov_staker_optimizations_filetest.gno	Undelegate (5 delegations, cached external calls)	execution-segment-repricing	9705646	9705646	0	3510	3510	0	0	351000	351000	0	0	0	0	0	0.000000	0.000000	0.000000
gov_staker_optimizations_filetest.gno	Delegate (cached external calls)	execution-segment-repricing	3046853	3046853	0	3210	3210	0	0	321000	321000	0	0	0	0	0	0.000000	0.000000	0.000000
gov_staker_optimizations_filetest.gno	Undelegate (early exit, 3 of 10 delegations)	execution-segment-repricing	6656620	6656620	0	2088	2088	0	0	208800	208800	0	0	0	0	0	0.000000	0.000000	0.000000
gov_staker_redelegate_filetest.gno	Redelegate	execution-segment-repricing	4363314	4363314	0	1423	1423	0	0	142300	142300	0	0	0	0	0	0.000000	0.000000	0.000000
gov_staker_redelegate_many_delegations_filetest.gno	Redelegate (50 of 100 delegations, optimized)	execution-segment-repricing	123363976	123363976	0	-118826	-118826	0	0	0	0	11882600	11882600	0	0	0	0.000000	0.000000	0.000000
gov_staker_undelegate_many_delegatees_filetest.gno	Undelegate (50 delegatees, large AVL traversal)	execution-segment-repricing	2459149	2459149	0	708	708	0	0	70800	70800	0	0	0	0	0	0.000000	0.000000	0.000000
launchpad_collect_deposit_gns_accumulation_filetest.gno	CollectDepositGns (deposit 1/5, remaining 4)	execution-segment-repricing	7721509	8021286	299777	1850	1850	0	295372	407700	407700	222700	222700	0	299.777	299.777	0.000000	+0.000300	+0.000300
launchpad_collect_deposit_gns_accumulation_filetest.gno	CollectDepositGns (deposit 2/5, remaining 3)	execution-segment-repricing	7380514	7681029	300515	-2257	-2257	0	295372	0	0	225700	225700	0	300.515	300.515	0.000000	+0.000301	+0.000301
launchpad_collect_deposit_gns_accumulation_filetest.gno	CollectDepositGns (deposit 3/5, remaining 2)	execution-segment-repricing	7354134	7654649	300515	-2257	-2257	0	295372	0	0	225700	225700	0	300.515	300.515	0.000000	+0.000301	+0.000301
launchpad_collect_deposit_gns_accumulation_filetest.gno	CollectDepositGns (deposit 4/5, remaining 1)	execution-segment-repricing	7359580	7660095	300515	-2257	-2257	0	295372	0	0	225700	225700	0	300.515	300.515	0.000000	+0.000301	+0.000301
launchpad_collect_deposit_gns_accumulation_filetest.gno	CollectDepositGns (deposit 5/5, remaining 0)	execution-segment-repricing	7231937	7532452	300515	-8456	-8456	0	295372	0	0	845600	845600	0	300.515	300.515	0.000000	+0.000301	+0.000301
launchpad_collect_deposit_gns_filetest.gno	Launchpad CollectDepositGns	execution-segment-repricing	7588751	7888528	299777	-4155	-4155	0	295372	213000	213000	628500	628500	0	299.777	299.777	0.000000	+0.000300	+0.000300
launchpad_collect_protocol_fee_1_token_filetest.gno	CollectProtocolFee (1 token)	execution-segment-repricing	3584812	3584812	0	4426	4426	0	0	451800	451800	9200	9200	0	0	0	0.000000	0.000000	0.000000
launchpad_collect_protocol_fee_2_tokens_filetest.gno	CollectProtocolFee (2 tokens)	execution-segment-repricing	5670124	5670124	0	8750	8750	0	0	892900	892900	17900	17900	0	0	0	0.000000	0.000000	0.000000
launchpad_collect_protocol_fee_5_tokens_filetest.gno	CollectProtocolFee (5 tokens)	execution-segment-repricing	11964755	11964755	0	21724	21724	0	0	2216200	2216200	43800	43800	0	0	0	0.000000	0.000000	0.000000
launchpad_collect_protocol_fee_filetest.gno	Launchpad CollectProtocolFee (tokens: 10)	execution-segment-repricing	22358495	22358495	0	43713	43713	0	0	4467700	4467700	96400	96400	0	0	0	0.000000	0.000000	0.000000
launchpad_collect_reward_filetest.gno	Launchpad CollectRewardByDepositId	execution-segment-repricing	3308430	3457765	149335	2070	2070	0	147686	207000	207000	0	0	0	149.335	149.335	0.000000	+0.000149	+0.000149
launchpad_create_project_filetest.gno	Create Launchpad Project	execution-segment-repricing	8550023	8840885	290862	33729	31284	-2445	284847	3372900	3128400	0	0	-244500	290.862	-244209.138	-0.244500	+0.000291	-0.244209
launchpad_deposit_gns_filetest.gno	Launchpad DepositGns	execution-segment-repricing	6420331	6718366	298035	24246	24246	0	221529	2531000	2531000	106400	106400	0	298.035	298.035	0.000000	+0.000298	+0.000298
launchpad_remaining_public_100_filetest.gno	Remaining launch allocation n=100	execution-segment-repricing	6263679	6550977	287298	32749	30304	-2445	284847	3274900	3030400	0	0	-244500	287.298	-244212.702	-0.244500	+0.000287	-0.244213
launchpad_remaining_public_100_filetest.gno	Remaining launch deposit seed n=100	execution-segment-repricing	9217364	9515399	298035	25327	25327	0	221529	2532700	2532700	0	0	0	298.035	298.035	0.000000	+0.000298	+0.000298
launchpad_remaining_public_100_filetest.gno	Remaining launch deposit index=0 n=100	execution-segment-repricing	8677665	8903697	226032	2027	2027	0	221529	407000	407000	204300	204300	0	226.032	226.032	0.000000	+0.000226	+0.000226
launchpad_remaining_public_100_filetest.gno	Remaining launch deposit index=1 n=100	execution-segment-repricing	8671945	8897977	226032	1883	1883	0	221529	392600	392600	204300	204300	0	226.032	226.032	0.000000	+0.000226	+0.000226
launchpad_remaining_public_100_filetest.gno	Remaining launch deposit index=2 n=100	execution-segment-repricing	8678846	8904878	226032	1883	1883	0	221529	392600	392600	204300	204300	0	226.032	226.032	0.000000	+0.000226	+0.000226
launchpad_remaining_public_100_filetest.gno	Remaining launch deposit index=3 n=100	execution-segment-repricing	8679301	8905333	226032	1883	1883	0	221529	392600	392600	204300	204300	0	226.032	226.032	0.000000	+0.000226	+0.000226
launchpad_remaining_public_100_filetest.gno	Remaining launch deposit index=4 n=100	execution-segment-repricing	8684286	8910318	226032	1883	1883	0	221529	392600	392600	204300	204300	0	226.032	226.032	0.000000	+0.000226	+0.000226
launchpad_remaining_public_100_filetest.gno	Remaining launch deposit index=5 n=100	execution-segment-repricing	8685228	8911260	226032	1883	1883	0	221529	392600	392600	204300	204300	0	226.032	226.032	0.000000	+0.000226	+0.000226
launchpad_remaining_public_100_filetest.gno	Remaining launch deposit index=6 n=100	execution-segment-repricing	8692616	8918648	226032	1883	1883	0	221529	392600	392600	204300	204300	0	226.032	226.032	0.000000	+0.000226	+0.000226
launchpad_remaining_public_100_filetest.gno	Remaining launch deposit index=7 n=100	execution-segment-repricing	8693071	8919103	226032	1883	1883	0	221529	392600	392600	204300	204300	0	226.032	226.032	0.000000	+0.000226	+0.000226
launchpad_remaining_public_100_filetest.gno	Remaining launch deposit index=8 n=100	execution-segment-repricing	8722638	8948670	226032	1982	1982	0	221529	402500	402500	204300	204300	0	226.032	226.032	0.000000	+0.000226	+0.000226
launchpad_remaining_public_100_filetest.gno	Remaining launch deposit index=9 n=100	execution-segment-repricing	8717724	8943756	226032	1886	1886	0	221529	392900	392900	204300	204300	0	226.032	226.032	0.000000	+0.000226	+0.000226
launchpad_remaining_public_100_filetest.gno	Remaining launch deposit index=10 n=100	execution-segment-repricing	8720359	8946391	226032	1886	1886	0	221529	392900	392900	204300	204300	0	226.032	226.032	0.000000	+0.000226	+0.000226
launchpad_remaining_public_100_filetest.gno	Remaining launch deposit index=11 n=100	execution-segment-repricing	8725798	8951830	226032	1944	1944	0	221529	392900	392900	198500	198500	0	226.032	226.032	0.000000	+0.000226	+0.000226
launchpad_remaining_public_100_filetest.gno	Remaining launch deposit index=12 n=100	execution-segment-repricing	8727664	8953696	226032	1880	1880	0	221529	392900	392900	204900	204900	0	226.032	226.032	0.000000	+0.000226	+0.000226
launchpad_remaining_public_100_filetest.gno	Remaining launch deposit index=13 n=100	execution-segment-repricing	8729099	8955131	226032	1874	1874	0	221529	392900	392900	205500	205500	0	226.032	226.032	0.000000	+0.000226	+0.000226
launchpad_remaining_public_100_filetest.gno	Remaining launch deposit index=14 n=100	execution-segment-repricing	8730052	8956084	226032	1874	1874	0	221529	392900	392900	205500	205500	0	226.032	226.032	0.000000	+0.000226	+0.000226
launchpad_remaining_public_100_filetest.gno	Remaining launch deposit index=15 n=100	execution-segment-repricing	9018399	9244431	226032	15048	15048	0	221529	1710300	1710300	205500	205500	0	226.032	226.032	0.000000	+0.000226	+0.000226
launchpad_remaining_public_100_filetest.gno	Remaining launch deposit index=16 n=100	execution-segment-repricing	8778392	9004424	226032	1970	1970	0	221529	402500	402500	205500	205500	0	226.032	226.032	0.000000	+0.000226	+0.000226
launchpad_remaining_public_100_filetest.gno	Remaining launch deposit index=17 n=100	execution-segment-repricing	8773384	8999416	226032	1874	1874	0	221529	392900	392900	205500	205500	0	226.032	226.032	0.000000	+0.000226	+0.000226
launchpad_remaining_public_100_filetest.gno	Remaining launch deposit index=18 n=100	execution-segment-repricing	8777292	9003324	226032	1874	1874	0	221529	392900	392900	205500	205500	0	226.032	226.032	0.000000	+0.000226	+0.000226
launchpad_remaining_public_100_filetest.gno	Remaining launch deposit index=19 n=100	execution-segment-repricing	8779214	9005246	226032	1874	1874	0	221529	392900	392900	205500	205500	0	226.032	226.032	0.000000	+0.000226	+0.000226
launchpad_remaining_public_100_filetest.gno	Remaining launch deposit index=20 n=100	execution-segment-repricing	8773719	8999751	226032	1874	1874	0	221529	392900	392900	205500	205500	0	226.032	226.032	0.000000	+0.000226	+0.000226
launchpad_remaining_public_100_filetest.gno	Remaining launch deposit index=21 n=100	execution-segment-repricing	8781602	9007634	226032	1874	1874	0	221529	392900	392900	205500	205500	0	226.032	226.032	0.000000	+0.000226	+0.000226
launchpad_remaining_public_100_filetest.gno	Remaining launch deposit index=22 n=100	execution-segment-repricing	8781568	9007600	226032	1874	1874	0	221529	392900	392900	205500	205500	0	226.032	226.032	0.000000	+0.000226	+0.000226
launchpad_remaining_public_100_filetest.gno	Remaining launch deposit index=23 n=100	execution-segment-repricing	9084234	9310266	226032	8566	8566	0	221529	1062100	1062100	205500	205500	0	226.032	226.032	0.000000	+0.000226	+0.000226
launchpad_remaining_public_100_filetest.gno	Remaining launch deposit index=24 n=100	execution-segment-repricing	8771653	8997685	226032	1922	1922	0	221529	397700	397700	205500	205500	0	226.032	226.032	0.000000	+0.000226	+0.000226
launchpad_remaining_public_100_filetest.gno	Remaining launch deposit index=25 n=100	execution-segment-repricing	8777583	9003615	226032	1874	1874	0	221529	392900	392900	205500	205500	0	226.032	226.032	0.000000	+0.000226	+0.000226
launchpad_remaining_public_100_filetest.gno	Remaining launch deposit index=26 n=100	execution-segment-repricing	8779510	9005542	226032	1874	1874	0	221529	392900	392900	205500	205500	0	226.032	226.032	0.000000	+0.000226	+0.000226
launchpad_remaining_public_100_filetest.gno	Remaining launch deposit index=27 n=100	execution-segment-repricing	8780458	9006490	226032	1874	1874	0	221529	392900	392900	205500	205500	0	226.032	226.032	0.000000	+0.000226	+0.000226
launchpad_remaining_public_100_filetest.gno	Remaining launch deposit index=28 n=100	execution-segment-repricing	8778400	9004432	226032	1874	1874	0	221529	392900	392900	205500	205500	0	226.032	226.032	0.000000	+0.000226	+0.000226
launchpad_remaining_public_100_filetest.gno	Remaining launch deposit index=29 n=100	execution-segment-repricing	8779350	9005382	226032	1874	1874	0	221529	392900	392900	205500	205500	0	226.032	226.032	0.000000	+0.000226	+0.000226
launchpad_remaining_public_100_filetest.gno	Remaining launch deposit index=30 n=100	execution-segment-repricing	8777495	9003527	226032	1874	1874	0	221529	392900	392900	205500	205500	0	226.032	226.032	0.000000	+0.000226	+0.000226
launchpad_remaining_public_100_filetest.gno	Remaining launch deposit index=31 n=100	execution-segment-repricing	9085964	9311996	226032	8554	8554	0	221529	1060900	1060900	205500	205500	0	226.032	226.032	0.000000	+0.000226	+0.000226
launchpad_remaining_public_100_filetest.gno	Remaining launch deposit index=32 n=100	execution-segment-repricing	8776829	9002861	226032	1922	1922	0	221529	397700	397700	205500	205500	0	226.032	226.032	0.000000	+0.000226	+0.000226
launchpad_remaining_public_100_filetest.gno	Remaining launch deposit index=33 n=100	execution-segment-repricing	8784225	9010257	226032	1874	1874	0	221529	392900	392900	205500	205500	0	226.032	226.032	0.000000	+0.000226	+0.000226
launchpad_remaining_public_100_filetest.gno	Remaining launch deposit index=34 n=100	execution-segment-repricing	8778730	9004762	226032	1874	1874	0	221529	392900	392900	205500	205500	0	226.032	226.032	0.000000	+0.000226	+0.000226
launchpad_remaining_public_100_filetest.gno	Remaining launch deposit index=35 n=100	execution-segment-repricing	8779678	9005710	226032	1874	1874	0	221529	392900	392900	205500	205500	0	226.032	226.032	0.000000	+0.000226	+0.000226
launchpad_remaining_public_100_filetest.gno	Remaining launch deposit index=36 n=100	execution-segment-repricing	8785603	9011635	226032	1874	1874	0	221529	392900	392900	205500	205500	0	226.032	226.032	0.000000	+0.000226	+0.000226
launchpad_remaining_public_100_filetest.gno	Remaining launch deposit index=37 n=100	execution-segment-repricing	8786569	9012601	226032	1880	1880	0	221529	393500	393500	205500	205500	0	226.032	226.032	0.000000	+0.000226	+0.000226
launchpad_remaining_public_100_filetest.gno	Remaining launch deposit index=38 n=100	execution-segment-repricing	8785982	9012014	226032	1874	1874	0	221529	392900	392900	205500	205500	0	226.032	226.032	0.000000	+0.000226	+0.000226
launchpad_remaining_public_100_filetest.gno	Remaining launch deposit index=39 n=100	execution-segment-repricing	9093179	9319211	226032	8554	8554	0	221529	1060900	1060900	205500	205500	0	226.032	226.032	0.000000	+0.000226	+0.000226
launchpad_remaining_public_100_filetest.gno	Remaining launch deposit index=40 n=100	execution-segment-repricing	8776063	9002095	226032	1922	1922	0	221529	397700	397700	205500	205500	0	226.032	226.032	0.000000	+0.000226	+0.000226
launchpad_remaining_public_100_filetest.gno	Remaining launch deposit index=41 n=100	execution-segment-repricing	8777011	9003043	226032	1874	1874	0	221529	392900	392900	205500	205500	0	226.032	226.032	0.000000	+0.000226	+0.000226
launchpad_remaining_public_100_filetest.gno	Remaining launch deposit index=42 n=100	execution-segment-repricing	8782936	9008968	226032	1874	1874	0	221529	392900	392900	205500	205500	0	226.032	226.032	0.000000	+0.000226	+0.000226
launchpad_remaining_public_100_filetest.gno	Remaining launch deposit index=43 n=100	execution-segment-repricing	8783397	9009429	226032	1874	1874	0	221529	392900	392900	205500	205500	0	226.032	226.032	0.000000	+0.000226	+0.000226
launchpad_remaining_public_100_filetest.gno	Remaining launch deposit index=44 n=100	execution-segment-repricing	8785324	9011356	226032	1874	1874	0	221529	392900	392900	205500	205500	0	226.032	226.032	0.000000	+0.000226	+0.000226
launchpad_remaining_public_100_filetest.gno	Remaining launch deposit index=45 n=100	execution-segment-repricing	8786272	9012304	226032	1874	1874	0	221529	392900	392900	205500	205500	0	226.032	226.032	0.000000	+0.000226	+0.000226
launchpad_remaining_public_100_filetest.gno	Remaining launch deposit index=46 n=100	execution-segment-repricing	8787259	9013252	225993	1887	1874	-13	221529	394200	392900	205500	205500	-1300	225.993	-1074.007	-0.001300	+0.000226	-0.001074
launchpad_remaining_public_100_filetest.gno	Remaining launch deposit index=47 n=100	execution-segment-repricing	9095298	9321324	226026	8618	8627	9	221529	1067300	1068200	205500	205500	900	226.026	1126.026	+0.000900	+0.000226	+0.001126
launchpad_remaining_public_100_filetest.gno	Remaining launch deposit index=48 n=100	execution-segment-repricing	8779512	9005544	226032	1946	1946	0	221529	400100	400100	205500	205500	0	226.032	226.032	0.000000	+0.000226	+0.000226
launchpad_remaining_public_100_filetest.gno	Remaining launch deposit index=49 n=100	execution-segment-repricing	8791198	9017230	226032	1898	1898	0	221529	395300	395300	205500	205500	0	226.032	226.032	0.000000	+0.000226	+0.000226
launchpad_remaining_public_100_filetest.gno	Remaining launch deposit index=50 n=100	execution-segment-repricing	8792644	9018676	226032	1898	1898	0	221529	395300	395300	205500	205500	0	226.032	226.032	0.000000	+0.000226	+0.000226
launchpad_remaining_public_100_filetest.gno	Remaining launch deposit index=51 n=100	execution-segment-repricing	8793604	9019636	226032	1899	1899	0	221529	395400	395400	205500	205500	0	226.032	226.032	0.000000	+0.000226	+0.000226
launchpad_remaining_public_100_filetest.gno	Remaining launch deposit index=52 n=100	execution-segment-repricing	8794077	9020109	226032	1900	1900	0	221529	395500	395500	205500	205500	0	226.032	226.032	0.000000	+0.000226	+0.000226
launchpad_remaining_public_100_filetest.gno	Remaining launch deposit index=53 n=100	execution-segment-repricing	8795031	9021063	226032	1898	1898	0	221529	395300	395300	205500	205500	0	226.032	226.032	0.000000	+0.000226	+0.000226
launchpad_remaining_public_100_filetest.gno	Remaining launch deposit index=54 n=100	execution-segment-repricing	8796964	9022996	226032	1898	1898	0	221529	395300	395300	205500	205500	0	226.032	226.032	0.000000	+0.000226	+0.000226
launchpad_remaining_public_100_filetest.gno	Remaining launch deposit index=55 n=100	execution-segment-repricing	9107039	9333071	226032	8600	8600	0	221529	1065500	1065500	205500	205500	0	226.032	226.032	0.000000	+0.000226	+0.000226
launchpad_remaining_public_100_filetest.gno	Remaining launch deposit index=56 n=100	execution-segment-repricing	8791041	9017073	226032	1946	1946	0	221529	400100	400100	205500	205500	0	226.032	226.032	0.000000	+0.000226	+0.000226
launchpad_remaining_public_100_filetest.gno	Remaining launch deposit index=57 n=100	execution-segment-repricing	8792482	9018514	226032	1898	1898	0	221529	395300	395300	205500	205500	0	226.032	226.032	0.000000	+0.000226	+0.000226
launchpad_remaining_public_100_filetest.gno	Remaining launch deposit index=58 n=100	execution-segment-repricing	8785458	9011490	226032	1898	1898	0	221529	395300	395300	205500	205500	0	226.032	226.032	0.000000	+0.000226	+0.000226
launchpad_remaining_public_100_filetest.gno	Remaining launch deposit index=59 n=100	execution-segment-repricing	8785927	9011959	226032	1898	1898	0	221529	395300	395300	205500	205500	0	226.032	226.032	0.000000	+0.000226	+0.000226
launchpad_remaining_public_100_filetest.gno	Remaining launch deposit index=60 n=100	execution-segment-repricing	8793329	9019361	226032	1898	1898	0	221529	395300	395300	205500	205500	0	226.032	226.032	0.000000	+0.000226	+0.000226
launchpad_remaining_public_100_filetest.gno	Remaining launch deposit index=61 n=100	execution-segment-repricing	8794768	9020800	226032	1898	1898	0	221529	395300	395300	205500	205500	0	226.032	226.032	0.000000	+0.000226	+0.000226
launchpad_remaining_public_100_filetest.gno	Remaining launch deposit index=62 n=100	execution-segment-repricing	8795230	9021262	226032	1898	1898	0	221529	395300	395300	205500	205500	0	226.032	226.032	0.000000	+0.000226	+0.000226
launchpad_remaining_public_100_filetest.gno	Remaining launch deposit index=63 n=100	execution-segment-repricing	9108374	9334406	226032	8600	8600	0	221529	1065500	1065500	205500	205500	0	226.032	226.032	0.000000	+0.000226	+0.000226
launchpad_remaining_public_100_filetest.gno	Remaining launch deposit index=64 n=100	execution-segment-repricing	8797208	9023240	226032	1946	1946	0	221529	400100	400100	205500	205500	0	226.032	226.032	0.000000	+0.000226	+0.000226
launchpad_remaining_public_100_filetest.gno	Remaining launch deposit index=65 n=100	execution-segment-repricing	8798162	9024194	226032	1898	1898	0	221529	395300	395300	205500	205500	0	226.032	226.032	0.000000	+0.000226	+0.000226
launchpad_remaining_public_100_filetest.gno	Remaining launch deposit index=66 n=100	execution-segment-repricing	8792673	9018705	226032	1898	1898	0	221529	395300	395300	205500	205500	0	226.032	226.032	0.000000	+0.000226	+0.000226
launchpad_remaining_public_100_filetest.gno	Remaining launch deposit index=67 n=100	execution-segment-repricing	8793627	9019659	226032	1898	1898	0	221529	395300	395300	205500	205500	0	226.032	226.032	0.000000	+0.000226	+0.000226
launchpad_remaining_public_100_filetest.gno	Remaining launch deposit index=68 n=100	execution-segment-repricing	8797536	9023568	226032	1898	1898	0	221529	395300	395300	205500	205500	0	226.032	226.032	0.000000	+0.000226	+0.000226
launchpad_remaining_public_100_filetest.gno	Remaining launch deposit index=69 n=100	execution-segment-repricing	8798492	9024524	226032	1898	1898	0	221529	395300	395300	205500	205500	0	226.032	226.032	0.000000	+0.000226	+0.000226
launchpad_remaining_public_100_filetest.gno	Remaining launch deposit index=70 n=100	execution-segment-repricing	8799938	9025970	226032	1898	1898	0	221529	395300	395300	205500	205500	0	226.032	226.032	0.000000	+0.000226	+0.000226
launchpad_remaining_public_100_filetest.gno	Remaining launch deposit index=71 n=100	execution-segment-repricing	9115606	9341638	226032	8600	8600	0	221529	1065500	1065500	205500	205500	0	226.032	226.032	0.000000	+0.000226	+0.000226
launchpad_remaining_public_100_filetest.gno	Remaining launch deposit index=72 n=100	execution-segment-repricing	8789008	9015040	226032	1946	1946	0	221529	400100	400100	205500	205500	0	226.032	226.032	0.000000	+0.000226	+0.000226
launchpad_remaining_public_100_filetest.gno	Remaining launch deposit index=73 n=100	execution-segment-repricing	8789475	9015507	226032	1898	1898	0	221529	395300	395300	205500	205500	0	226.032	226.032	0.000000	+0.000226	+0.000226
launchpad_remaining_public_100_filetest.gno	Remaining launch deposit index=74 n=100	execution-segment-repricing	8797359	9023391	226032	1898	1898	0	221529	395300	395300	205500	205500	0	226.032	226.032	0.000000	+0.000226	+0.000226
launchpad_remaining_public_100_filetest.gno	Remaining launch deposit index=75 n=100	execution-segment-repricing	8794531	9020563	226032	1898	1898	0	221529	395300	395300	205500	205500	0	226.032	226.032	0.000000	+0.000226	+0.000226
launchpad_remaining_public_100_filetest.gno	Remaining launch deposit index=76 n=100	execution-segment-repricing	8799267	9025299	226032	1898	1898	0	221529	395300	395300	205500	205500	0	226.032	226.032	0.000000	+0.000226	+0.000226
launchpad_remaining_public_100_filetest.gno	Remaining launch deposit index=77 n=100	execution-segment-repricing	8799734	9025766	226032	1898	1898	0	221529	395300	395300	205500	205500	0	226.032	226.032	0.000000	+0.000226	+0.000226
launchpad_remaining_public_100_filetest.gno	Remaining launch deposit index=78 n=100	execution-segment-repricing	8798666	9024698	226032	1898	1898	0	221529	395300	395300	205500	205500	0	226.032	226.032	0.000000	+0.000226	+0.000226
launchpad_remaining_public_100_filetest.gno	Remaining launch deposit index=79 n=100	execution-segment-repricing	9117331	9343363	226032	8600	8600	0	221529	1065500	1065500	205500	205500	0	226.032	226.032	0.000000	+0.000226	+0.000226
launchpad_remaining_public_100_filetest.gno	Remaining launch deposit index=80 n=100	execution-segment-repricing	8788724	9014756	226032	1946	1946	0	221529	400100	400100	205500	205500	0	226.032	226.032	0.000000	+0.000226	+0.000226
launchpad_remaining_public_100_filetest.gno	Remaining launch deposit index=81 n=100	execution-segment-repricing	8788215	9014247	226032	1898	1898	0	221529	395300	395300	205500	205500	0	226.032	226.032	0.000000	+0.000226	+0.000226
launchpad_remaining_public_100_filetest.gno	Remaining launch deposit index=82 n=100	execution-segment-repricing	8796104	9022136	226032	1898	1898	0	221529	395300	395300	205500	205500	0	226.032	226.032	0.000000	+0.000226	+0.000226
launchpad_remaining_public_100_filetest.gno	Remaining launch deposit index=83 n=100	execution-segment-repricing	8798034	9024066	226032	1898	1898	0	221529	395300	395300	205500	205500	0	226.032	226.032	0.000000	+0.000226	+0.000226
launchpad_remaining_public_100_filetest.gno	Remaining launch deposit index=84 n=100	execution-segment-repricing	8798501	9024533	226032	1898	1898	0	221529	395300	395300	205500	205500	0	226.032	226.032	0.000000	+0.000226	+0.000226
launchpad_remaining_public_100_filetest.gno	Remaining launch deposit index=85 n=100	execution-segment-repricing	8796160	9022192	226032	1898	1898	0	221529	395300	395300	205500	205500	0	226.032	226.032	0.000000	+0.000226	+0.000226
launchpad_remaining_public_100_filetest.gno	Remaining launch deposit index=86 n=100	execution-segment-repricing	8800409	9026441	226032	1898	1898	0	221529	395300	395300	205500	205500	0	226.032	226.032	0.000000	+0.000226	+0.000226
launchpad_remaining_public_100_filetest.gno	Remaining launch deposit index=87 n=100	execution-segment-repricing	9118272	9344304	226032	8600	8600	0	221529	1065500	1065500	205500	205500	0	226.032	226.032	0.000000	+0.000226	+0.000226
launchpad_remaining_public_100_filetest.gno	Remaining launch deposit index=88 n=100	execution-segment-repricing	8783917	9009949	226032	1946	1946	0	221529	400100	400100	205500	205500	0	226.032	226.032	0.000000	+0.000226	+0.000226
launchpad_remaining_public_100_filetest.gno	Remaining launch deposit index=89 n=100	execution-segment-repricing	8785845	9011877	226032	1898	1898	0	221529	395300	395300	205500	205500	0	226.032	226.032	0.000000	+0.000226	+0.000226
launchpad_remaining_public_100_filetest.gno	Remaining launch deposit index=90 n=100	execution-segment-repricing	8787286	9013318	226032	1898	1898	0	221529	395300	395300	205500	205500	0	226.032	226.032	0.000000	+0.000226	+0.000226
launchpad_remaining_public_100_filetest.gno	Remaining launch deposit index=91 n=100	execution-segment-repricing	8787268	9013300	226032	1898	1898	0	221529	395300	395300	205500	205500	0	226.032	226.032	0.000000	+0.000226	+0.000226
launchpad_remaining_public_100_filetest.gno	Remaining launch deposit index=92 n=100	execution-segment-repricing	8788709	9014741	226032	1898	1898	0	221529	395300	395300	205500	205500	0	226.032	226.032	0.000000	+0.000226	+0.000226
launchpad_remaining_public_100_filetest.gno	Remaining launch deposit index=93 n=100	execution-segment-repricing	8789663	9015695	226032	1898	1898	0	221529	395300	395300	205500	205500	0	226.032	226.032	0.000000	+0.000226	+0.000226
launchpad_remaining_public_100_filetest.gno	Remaining launch deposit index=94 n=100	execution-segment-repricing	8797552	9023584	226032	1898	1898	0	221529	395300	395300	205500	205500	0	226.032	226.032	0.000000	+0.000226	+0.000226
launchpad_remaining_public_100_filetest.gno	Remaining launch deposit index=95 n=100	execution-segment-repricing	9046123	9272155	226032	8320	8320	0	221529	1037500	1037500	205500	205500	0	226.032	226.032	0.000000	+0.000226	+0.000226
launchpad_remaining_public_100_filetest.gno	Remaining launch deposit index=96 n=100	execution-segment-repricing	8762211	8988243	226032	1946	1946	0	221529	400100	400100	205500	205500	0	226.032	226.032	0.000000	+0.000226	+0.000226
launchpad_remaining_public_100_filetest.gno	Remaining launch deposit index=97 n=100	execution-segment-repricing	8774462	9000494	226032	1898	1898	0	221529	395300	395300	205500	205500	0	226.032	226.032	0.000000	+0.000226	+0.000226
launchpad_remaining_public_100_filetest.gno	Remaining launch deposit index=98 n=100	execution-segment-repricing	8827433	9053465	226032	1883	1883	0	221529	393800	393800	205500	205500	0	226.032	226.032	0.000000	+0.000226	+0.000226
launchpad_remaining_public_100_filetest.gno	Remaining launch deposit index=99 n=100	execution-segment-repricing	8827788	9053820	226032	1859	1859	0	221529	391400	391400	205500	205500	0	226.032	226.032	0.000000	+0.000226	+0.000226
launchpad_remaining_public_100_filetest.gno	Remaining launch query getters n=100	query-computation-only	14114020	14259284	145264	0	0	0	141644	0	0	0	0	0	0	0	0.000000	0.000000	0.000000
launchpad_remaining_public_100_filetest.gno	Remaining launch claim index=0 n=100	execution-segment-repricing	3144572	3294645	150073	2046	2046	0	147686	204600	204600	0	0	0	150.073	150.073	0.000000	+0.000150	+0.000150
launchpad_remaining_public_100_filetest.gno	Remaining launch claim index=1 n=100	execution-segment-repricing	2777030	2927841	150811	12	12	0	147686	1200	1200	0	0	0	150.811	150.811	0.000000	+0.000151	+0.000151
launchpad_remaining_public_100_filetest.gno	Remaining launch claim index=2 n=100	execution-segment-repricing	2800850	2951661	150811	12	12	0	147686	1200	1200	0	0	0	150.811	150.811	0.000000	+0.000151	+0.000151
launchpad_remaining_public_100_filetest.gno	Remaining launch claim index=3 n=100	execution-segment-repricing	2778010	2928821	150811	12	12	0	147686	1200	1200	0	0	0	150.811	150.811	0.000000	+0.000151	+0.000151
launchpad_remaining_public_100_filetest.gno	Remaining launch claim index=4 n=100	execution-segment-repricing	2788938	2939749	150811	12	12	0	147686	1200	1200	0	0	0	150.811	150.811	0.000000	+0.000151	+0.000151
launchpad_remaining_public_100_filetest.gno	Remaining launch claim index=5 n=100	execution-segment-repricing	2777030	2927841	150811	12	12	0	147686	1200	1200	0	0	0	150.811	150.811	0.000000	+0.000151	+0.000151
launchpad_remaining_public_100_filetest.gno	Remaining launch claim index=6 n=100	execution-segment-repricing	2788938	2939749	150811	12	12	0	147686	1200	1200	0	0	0	150.811	150.811	0.000000	+0.000151	+0.000151
launchpad_remaining_public_100_filetest.gno	Remaining launch claim index=7 n=100	execution-segment-repricing	2801887	2952698	150811	31	31	0	147686	3100	3100	0	0	0	150.811	150.811	0.000000	+0.000151	+0.000151
launchpad_remaining_public_100_filetest.gno	Remaining launch claim index=8 n=100	execution-segment-repricing	2799003	2949814	150811	20	20	0	147686	2000	2000	0	0	0	150.811	150.811	0.000000	+0.000151	+0.000151
launchpad_remaining_public_100_filetest.gno	Remaining launch claim index=9 n=100	execution-segment-repricing	2799987	2950798	150811	12	12	0	147686	1200	1200	0	0	0	150.811	150.811	0.000000	+0.000151	+0.000151
launchpad_remaining_public_100_filetest.gno	Remaining launch claim index=10 n=100	execution-segment-repricing	2788080	2938891	150811	14	14	0	147686	1400	1400	0	0	0	150.811	150.811	0.000000	+0.000151	+0.000151
launchpad_remaining_public_100_filetest.gno	Remaining launch claim index=11 n=100	execution-segment-repricing	2799022	2949833	150811	14	14	0	147686	1400	1400	0	0	0	150.811	150.811	0.000000	+0.000151	+0.000151
launchpad_remaining_public_100_filetest.gno	Remaining launch claim index=12 n=100	execution-segment-repricing	2800002	2950813	150811	12	12	0	147686	1200	1200	0	0	0	150.811	150.811	0.000000	+0.000151	+0.000151
launchpad_remaining_public_100_filetest.gno	Remaining launch claim index=13 n=100	execution-segment-repricing	2788086	2938897	150811	12	12	0	147686	1200	1200	0	0	0	150.811	150.811	0.000000	+0.000151	+0.000151
launchpad_remaining_public_100_filetest.gno	Remaining launch claim index=14 n=100	execution-segment-repricing	2788086	2938897	150811	12	12	0	147686	1200	1200	0	0	0	150.811	150.811	0.000000	+0.000151	+0.000151
launchpad_remaining_public_100_filetest.gno	Remaining launch claim index=15 n=100	execution-segment-repricing	2799022	2949833	150811	12	12	0	147686	1200	1200	0	0	0	150.811	150.811	0.000000	+0.000151	+0.000151
launchpad_remaining_public_100_filetest.gno	Remaining launch claim index=16 n=100	execution-segment-repricing	2800002	2950813	150811	12	12	0	147686	1200	1200	0	0	0	150.811	150.811	0.000000	+0.000151	+0.000151
launchpad_remaining_public_100_filetest.gno	Remaining launch claim index=17 n=100	execution-segment-repricing	2788086	2938897	150811	12	12	0	147686	1200	1200	0	0	0	150.811	150.811	0.000000	+0.000151	+0.000151
launchpad_remaining_public_100_filetest.gno	Remaining launch claim index=18 n=100	execution-segment-repricing	2789062	2939873	150811	12	12	0	147686	1200	1200	0	0	0	150.811	150.811	0.000000	+0.000151	+0.000151
launchpad_remaining_public_100_filetest.gno	Remaining launch claim index=19 n=100	execution-segment-repricing	2788086	2938897	150811	12	12	0	147686	1200	1200	0	0	0	150.811	150.811	0.000000	+0.000151	+0.000151
launchpad_remaining_public_100_filetest.gno	Remaining launch claim index=20 n=100	execution-segment-repricing	2789066	2939877	150811	12	12	0	147686	1200	1200	0	0	0	150.811	150.811	0.000000	+0.000151	+0.000151
launchpad_remaining_public_100_filetest.gno	Remaining launch claim index=21 n=100	execution-segment-repricing	2789066	2939877	150811	12	12	0	147686	1200	1200	0	0	0	150.811	150.811	0.000000	+0.000151	+0.000151
launchpad_remaining_public_100_filetest.gno	Remaining launch claim index=22 n=100	execution-segment-repricing	2787110	2937921	150811	12	12	0	147686	1200	1200	0	0	0	150.811	150.811	0.000000	+0.000151	+0.000151
launchpad_remaining_public_100_filetest.gno	Remaining launch claim index=23 n=100	execution-segment-repricing	2788090	2938901	150811	12	12	0	147686	1200	1200	0	0	0	150.811	150.811	0.000000	+0.000151	+0.000151
launchpad_remaining_public_100_filetest.gno	Remaining launch claim index=24 n=100	execution-segment-repricing	2776174	2926985	150811	12	12	0	147686	1200	1200	0	0	0	150.811	150.811	0.000000	+0.000151	+0.000151
launchpad_remaining_public_100_filetest.gno	Remaining launch claim index=25 n=100	execution-segment-repricing	2776174	2926985	150811	12	12	0	147686	1200	1200	0	0	0	150.811	150.811	0.000000	+0.000151	+0.000151
launchpad_remaining_public_100_filetest.gno	Remaining launch claim index=26 n=100	execution-segment-repricing	2777154	2927965	150811	12	12	0	147686	1200	1200	0	0	0	150.811	150.811	0.000000	+0.000151	+0.000151
launchpad_remaining_public_100_filetest.gno	Remaining launch claim index=27 n=100	execution-segment-repricing	2776170	2926981	150811	12	12	0	147686	1200	1200	0	0	0	150.811	150.811	0.000000	+0.000151	+0.000151
launchpad_remaining_public_100_filetest.gno	Remaining launch claim index=28 n=100	execution-segment-repricing	2777150	2927961	150811	12	12	0	147686	1200	1200	0	0	0	150.811	150.811	0.000000	+0.000151	+0.000151
launchpad_remaining_public_100_filetest.gno	Remaining launch claim index=29 n=100	execution-segment-repricing	2799022	2949833	150811	12	12	0	147686	1200	1200	0	0	0	150.811	150.811	0.000000	+0.000151	+0.000151
launchpad_remaining_public_100_filetest.gno	Remaining launch claim index=30 n=100	execution-segment-repricing	2800002	2950813	150811	12	12	0	147686	1200	1200	0	0	0	150.811	150.811	0.000000	+0.000151	+0.000151
launchpad_remaining_public_100_filetest.gno	Remaining launch claim index=31 n=100	execution-segment-repricing	2788086	2938897	150811	12	12	0	147686	1200	1200	0	0	0	150.811	150.811	0.000000	+0.000151	+0.000151
launchpad_remaining_public_100_filetest.gno	Remaining launch claim index=32 n=100	execution-segment-repricing	2788086	2938897	150811	12	12	0	147686	1200	1200	0	0	0	150.811	150.811	0.000000	+0.000151	+0.000151
launchpad_remaining_public_100_filetest.gno	Remaining launch claim index=33 n=100	execution-segment-repricing	2789066	2939877	150811	12	12	0	147686	1200	1200	0	0	0	150.811	150.811	0.000000	+0.000151	+0.000151
launchpad_remaining_public_100_filetest.gno	Remaining launch claim index=34 n=100	execution-segment-repricing	2788086	2938897	150811	12	12	0	147686	1200	1200	0	0	0	150.811	150.811	0.000000	+0.000151	+0.000151
launchpad_remaining_public_100_filetest.gno	Remaining launch claim index=35 n=100	execution-segment-repricing	2789066	2939877	150811	12	12	0	147686	1200	1200	0	0	0	150.811	150.811	0.000000	+0.000151	+0.000151
launchpad_remaining_public_100_filetest.gno	Remaining launch claim index=36 n=100	execution-segment-repricing	2789066	2939877	150811	12	12	0	147686	1200	1200	0	0	0	150.811	150.811	0.000000	+0.000151	+0.000151
launchpad_remaining_public_100_filetest.gno	Remaining launch claim index=37 n=100	execution-segment-repricing	2799998	2950809	150811	12	12	0	147686	1200	1200	0	0	0	150.811	150.811	0.000000	+0.000151	+0.000151
launchpad_remaining_public_100_filetest.gno	Remaining launch claim index=38 n=100	execution-segment-repricing	2789062	2939873	150811	12	12	0	147686	1200	1200	0	0	0	150.811	150.811	0.000000	+0.000151	+0.000151
launchpad_remaining_public_100_filetest.gno	Remaining launch claim index=39 n=100	execution-segment-repricing	2789066	2939877	150811	12	12	0	147686	1200	1200	0	0	0	150.811	150.811	0.000000	+0.000151	+0.000151
launchpad_remaining_public_100_filetest.gno	Remaining launch claim index=40 n=100	execution-segment-repricing	2790046	2940857	150811	12	12	0	147686	1200	1200	0	0	0	150.811	150.811	0.000000	+0.000151	+0.000151
launchpad_remaining_public_100_filetest.gno	Remaining launch claim index=41 n=100	execution-segment-repricing	2789066	2939877	150811	12	12	0	147686	1200	1200	0	0	0	150.811	150.811	0.000000	+0.000151	+0.000151
launchpad_remaining_public_100_filetest.gno	Remaining launch claim index=42 n=100	execution-segment-repricing	2790046	2940857	150811	12	12	0	147686	1200	1200	0	0	0	150.811	150.811	0.000000	+0.000151	+0.000151
launchpad_remaining_public_100_filetest.gno	Remaining launch claim index=43 n=100	execution-segment-repricing	2790046	2940857	150811	12	12	0	147686	1200	1200	0	0	0	150.811	150.811	0.000000	+0.000151	+0.000151
launchpad_remaining_public_100_filetest.gno	Remaining launch claim index=44 n=100	execution-segment-repricing	2788086	2938897	150811	12	12	0	147686	1200	1200	0	0	0	150.811	150.811	0.000000	+0.000151	+0.000151
launchpad_remaining_public_100_filetest.gno	Remaining launch claim index=45 n=100	execution-segment-repricing	2789066	2939877	150811	12	12	0	147686	1200	1200	0	0	0	150.811	150.811	0.000000	+0.000151	+0.000151
launchpad_remaining_public_100_filetest.gno	Remaining launch claim index=46 n=100	execution-segment-repricing	2777150	2927961	150811	12	12	0	147686	1200	1200	0	0	0	150.811	150.811	0.000000	+0.000151	+0.000151
launchpad_remaining_public_100_filetest.gno	Remaining launch claim index=47 n=100	execution-segment-repricing	2777195	2928006	150811	12	12	0	147686	1200	1200	0	0	0	150.811	150.811	0.000000	+0.000151	+0.000151
launchpad_remaining_public_100_filetest.gno	Remaining launch claim index=48 n=100	execution-segment-repricing	2777195	2928006	150811	12	12	0	147686	1200	1200	0	0	0	150.811	150.811	0.000000	+0.000151	+0.000151
launchpad_remaining_public_100_filetest.gno	Remaining launch claim index=49 n=100	execution-segment-repricing	2778175	2928986	150811	12	12	0	147686	1200	1200	0	0	0	150.811	150.811	0.000000	+0.000151	+0.000151
launchpad_remaining_public_100_filetest.gno	Remaining launch claim index=50 n=100	execution-segment-repricing	2778175	2928986	150811	12	12	0	147686	1200	1200	0	0	0	150.811	150.811	0.000000	+0.000151	+0.000151
launchpad_remaining_public_100_filetest.gno	Remaining launch claim index=51 n=100	execution-segment-repricing	2799067	2949878	150811	12	12	0	147686	1200	1200	0	0	0	150.811	150.811	0.000000	+0.000151	+0.000151
launchpad_remaining_public_100_filetest.gno	Remaining launch claim index=52 n=100	execution-segment-repricing	2800047	2950858	150811	12	12	0	147686	1200	1200	0	0	0	150.811	150.811	0.000000	+0.000151	+0.000151
launchpad_remaining_public_100_filetest.gno	Remaining launch claim index=53 n=100	execution-segment-repricing	2788131	2938942	150811	12	12	0	147686	1200	1200	0	0	0	150.811	150.811	0.000000	+0.000151	+0.000151
launchpad_remaining_public_100_filetest.gno	Remaining launch claim index=54 n=100	execution-segment-repricing	2788131	2938942	150811	12	12	0	147686	1200	1200	0	0	0	150.811	150.811	0.000000	+0.000151	+0.000151
launchpad_remaining_public_100_filetest.gno	Remaining launch claim index=55 n=100	execution-segment-repricing	2789111	2939922	150811	12	12	0	147686	1200	1200	0	0	0	150.811	150.811	0.000000	+0.000151	+0.000151
launchpad_remaining_public_100_filetest.gno	Remaining launch claim index=56 n=100	execution-segment-repricing	2788131	2938942	150811	12	12	0	147686	1200	1200	0	0	0	150.811	150.811	0.000000	+0.000151	+0.000151
launchpad_remaining_public_100_filetest.gno	Remaining launch claim index=57 n=100	execution-segment-repricing	2789111	2939922	150811	12	12	0	147686	1200	1200	0	0	0	150.811	150.811	0.000000	+0.000151	+0.000151
launchpad_remaining_public_100_filetest.gno	Remaining launch claim index=58 n=100	execution-segment-repricing	2800047	2950858	150811	12	12	0	147686	1200	1200	0	0	0	150.811	150.811	0.000000	+0.000151	+0.000151
launchpad_remaining_public_100_filetest.gno	Remaining launch claim index=59 n=100	execution-segment-repricing	2801027	2951838	150811	12	12	0	147686	1200	1200	0	0	0	150.811	150.811	0.000000	+0.000151	+0.000151
launchpad_remaining_public_100_filetest.gno	Remaining launch claim index=60 n=100	execution-segment-repricing	2789111	2939922	150811	12	12	0	147686	1200	1200	0	0	0	150.811	150.811	0.000000	+0.000151	+0.000151
launchpad_remaining_public_100_filetest.gno	Remaining launch claim index=61 n=100	execution-segment-repricing	2789111	2939922	150811	12	12	0	147686	1200	1200	0	0	0	150.811	150.811	0.000000	+0.000151	+0.000151
launchpad_remaining_public_100_filetest.gno	Remaining launch claim index=62 n=100	execution-segment-repricing	2790091	2940902	150811	12	12	0	147686	1200	1200	0	0	0	150.811	150.811	0.000000	+0.000151	+0.000151
launchpad_remaining_public_100_filetest.gno	Remaining launch claim index=63 n=100	execution-segment-repricing	2789111	2939922	150811	12	12	0	147686	1200	1200	0	0	0	150.811	150.811	0.000000	+0.000151	+0.000151
launchpad_remaining_public_100_filetest.gno	Remaining launch claim index=64 n=100	execution-segment-repricing	2790091	2940902	150811	12	12	0	147686	1200	1200	0	0	0	150.811	150.811	0.000000	+0.000151	+0.000151
launchpad_remaining_public_100_filetest.gno	Remaining launch claim index=65 n=100	execution-segment-repricing	2790091	2940902	150811	12	12	0	147686	1200	1200	0	0	0	150.811	150.811	0.000000	+0.000151	+0.000151
launchpad_remaining_public_100_filetest.gno	Remaining launch claim index=66 n=100	execution-segment-repricing	2788131	2938942	150811	12	12	0	147686	1200	1200	0	0	0	150.811	150.811	0.000000	+0.000151	+0.000151
launchpad_remaining_public_100_filetest.gno	Remaining launch claim index=67 n=100	execution-segment-repricing	2789111	2939922	150811	12	12	0	147686	1200	1200	0	0	0	150.811	150.811	0.000000	+0.000151	+0.000151
launchpad_remaining_public_100_filetest.gno	Remaining launch claim index=68 n=100	execution-segment-repricing	2777195	2928006	150811	12	12	0	147686	1200	1200	0	0	0	150.811	150.811	0.000000	+0.000151	+0.000151
launchpad_remaining_public_100_filetest.gno	Remaining launch claim index=69 n=100	execution-segment-repricing	2778175	2928986	150811	12	12	0	147686	1200	1200	0	0	0	150.811	150.811	0.000000	+0.000151	+0.000151
launchpad_remaining_public_100_filetest.gno	Remaining launch claim index=70 n=100	execution-segment-repricing	2777199	2928010	150811	12	12	0	147686	1200	1200	0	0	0	150.811	150.811	0.000000	+0.000151	+0.000151
launchpad_remaining_public_100_filetest.gno	Remaining launch claim index=71 n=100	execution-segment-repricing	2778179	2928990	150811	12	12	0	147686	1200	1200	0	0	0	150.811	150.811	0.000000	+0.000151	+0.000151
launchpad_remaining_public_100_filetest.gno	Remaining launch claim index=72 n=100	execution-segment-repricing	2778179	2928990	150811	12	12	0	147686	1200	1200	0	0	0	150.811	150.811	0.000000	+0.000151	+0.000151
launchpad_remaining_public_100_filetest.gno	Remaining launch claim index=73 n=100	execution-segment-repricing	2800047	2950858	150811	12	12	0	147686	1200	1200	0	0	0	150.811	150.811	0.000000	+0.000151	+0.000151
launchpad_remaining_public_100_filetest.gno	Remaining launch claim index=74 n=100	execution-segment-repricing	2801027	2951838	150811	12	12	0	147686	1200	1200	0	0	0	150.811	150.811	0.000000	+0.000151	+0.000151
launchpad_remaining_public_100_filetest.gno	Remaining launch claim index=75 n=100	execution-segment-repricing	2789111	2939922	150811	12	12	0	147686	1200	1200	0	0	0	150.811	150.811	0.000000	+0.000151	+0.000151
launchpad_remaining_public_100_filetest.gno	Remaining launch claim index=76 n=100	execution-segment-repricing	2789111	2939922	150811	12	12	0	147686	1200	1200	0	0	0	150.811	150.811	0.000000	+0.000151	+0.000151
launchpad_remaining_public_100_filetest.gno	Remaining launch claim index=77 n=100	execution-segment-repricing	2790091	2940902	150811	12	12	0	147686	1200	1200	0	0	0	150.811	150.811	0.000000	+0.000151	+0.000151
launchpad_remaining_public_100_filetest.gno	Remaining launch claim index=78 n=100	execution-segment-repricing	2790087	2940898	150811	12	12	0	147686	1200	1200	0	0	0	150.811	150.811	0.000000	+0.000151	+0.000151
launchpad_remaining_public_100_filetest.gno	Remaining launch claim index=79 n=100	execution-segment-repricing	2790091	2940902	150811	12	12	0	147686	1200	1200	0	0	0	150.811	150.811	0.000000	+0.000151	+0.000151
launchpad_remaining_public_100_filetest.gno	Remaining launch claim index=80 n=100	execution-segment-repricing	2801027	2951838	150811	12	12	0	147686	1200	1200	0	0	0	150.811	150.811	0.000000	+0.000151	+0.000151
launchpad_remaining_public_100_filetest.gno	Remaining launch claim index=81 n=100	execution-segment-repricing	2802007	2952818	150811	12	12	0	147686	1200	1200	0	0	0	150.811	150.811	0.000000	+0.000151	+0.000151
launchpad_remaining_public_100_filetest.gno	Remaining launch claim index=82 n=100	execution-segment-repricing	2802007	2952818	150811	12	12	0	147686	1200	1200	0	0	0	150.811	150.811	0.000000	+0.000151	+0.000151
launchpad_remaining_public_100_filetest.gno	Remaining launch claim index=83 n=100	execution-segment-repricing	2802987	2953798	150811	12	12	0	147686	1200	1200	0	0	0	150.811	150.811	0.000000	+0.000151	+0.000151
launchpad_remaining_public_100_filetest.gno	Remaining launch claim index=84 n=100	execution-segment-repricing	2802007	2952818	150811	12	12	0	147686	1200	1200	0	0	0	150.811	150.811	0.000000	+0.000151	+0.000151
launchpad_remaining_public_100_filetest.gno	Remaining launch claim index=85 n=100	execution-segment-repricing	2802987	2953798	150811	12	12	0	147686	1200	1200	0	0	0	150.811	150.811	0.000000	+0.000151	+0.000151
launchpad_remaining_public_100_filetest.gno	Remaining launch claim index=86 n=100	execution-segment-repricing	2802987	2953798	150811	12	12	0	147686	1200	1200	0	0	0	150.811	150.811	0.000000	+0.000151	+0.000151
launchpad_remaining_public_100_filetest.gno	Remaining launch claim index=87 n=100	execution-segment-repricing	2803967	2954778	150811	12	12	0	147686	1200	1200	0	0	0	150.811	150.811	0.000000	+0.000151	+0.000151
launchpad_remaining_public_100_filetest.gno	Remaining launch claim index=88 n=100	execution-segment-repricing	2802983	2953794	150811	12	12	0	147686	1200	1200	0	0	0	150.811	150.811	0.000000	+0.000151	+0.000151
launchpad_remaining_public_100_filetest.gno	Remaining launch claim index=89 n=100	execution-segment-repricing	2802987	2953798	150811	12	12	0	147686	1200	1200	0	0	0	150.811	150.811	0.000000	+0.000151	+0.000151
launchpad_remaining_public_100_filetest.gno	Remaining launch claim index=90 n=100	execution-segment-repricing	2803967	2954778	150811	12	12	0	147686	1200	1200	0	0	0	150.811	150.811	0.000000	+0.000151	+0.000151
launchpad_remaining_public_100_filetest.gno	Remaining launch claim index=91 n=100	execution-segment-repricing	2802987	2953798	150811	12	12	0	147686	1200	1200	0	0	0	150.811	150.811	0.000000	+0.000151	+0.000151
launchpad_remaining_public_100_filetest.gno	Remaining launch claim index=92 n=100	execution-segment-repricing	2803967	2954778	150811	12	12	0	147686	1200	1200	0	0	0	150.811	150.811	0.000000	+0.000151	+0.000151
launchpad_remaining_public_100_filetest.gno	Remaining launch claim index=93 n=100	execution-segment-repricing	2803967	2954778	150811	12	12	0	147686	1200	1200	0	0	0	150.811	150.811	0.000000	+0.000151	+0.000151
launchpad_remaining_public_100_filetest.gno	Remaining launch claim index=94 n=100	execution-segment-repricing	2777199	2928010	150811	12	12	0	147686	1200	1200	0	0	0	150.811	150.811	0.000000	+0.000151	+0.000151
launchpad_remaining_public_100_filetest.gno	Remaining launch claim index=95 n=100	execution-segment-repricing	2869655	3019728	150073	18	18	0	147686	1800	1800	0	0	0	150.073	150.073	0.000000	+0.000150	+0.000150
launchpad_remaining_public_100_filetest.gno	Remaining launch claim index=96 n=100	execution-segment-repricing	2857739	3007812	150073	18	18	0	147686	1800	1800	0	0	0	150.073	150.073	0.000000	+0.000150	+0.000150
launchpad_remaining_public_100_filetest.gno	Remaining launch claim index=97 n=100	execution-segment-repricing	2857739	3007812	150073	18	18	0	147686	1800	1800	0	0	0	150.073	150.073	0.000000	+0.000150	+0.000150
launchpad_remaining_public_100_filetest.gno	Remaining launch claim index=98 n=100	execution-segment-repricing	2883657	3033730	150073	18	18	0	147686	1800	1800	0	0	0	150.073	150.073	0.000000	+0.000150	+0.000150
launchpad_remaining_public_100_filetest.gno	Remaining launch claim index=99 n=100	execution-segment-repricing	2895577	3045650	150073	18	18	0	147686	1800	1800	0	0	0	150.073	150.073	0.000000	+0.000150	+0.000150
launchpad_remaining_public_100_filetest.gno	Remaining launch claim repeated-accrued n=100	execution-segment-repricing	3117187	3267260	150073	0	0	0	147686	0	0	0	0	0	150.073	150.073	0.000000	+0.000150	+0.000150
launchpad_remaining_public_100_filetest.gno	Remaining launch claim repeated-zero-time n=100	execution-segment-repricing	2217186	2369104	151918	0	0	0	147686	0	0	0	0	0	151.918	151.918	0.000000	+0.000152	+0.000152
launchpad_remaining_public_100_filetest.gno	Remaining launch refund before-withdraw n=100	execution-segment-repricing	6407182	6558362	151180	2070	2070	0	147686	207000	207000	0	0	0	151.18	151.18	0.000000	+0.000151	+0.000151
launchpad_remaining_public_100_filetest.gno	Remaining launch withdraw index=0 n=100	execution-segment-repricing	7836513	8137766	301253	-202	-202	0	295372	205500	205500	225700	225700	0	301.253	301.253	0.000000	+0.000301	+0.000301
launchpad_remaining_public_100_filetest.gno	Remaining launch withdraw index=1 n=100	execution-segment-repricing	7655148	7956401	301253	-5725	-5725	0	295372	600	600	573100	573100	0	301.253	301.253	0.000000	+0.000301	+0.000301
launchpad_remaining_public_100_filetest.gno	Remaining launch withdraw index=2 n=100	execution-segment-repricing	7691276	7992529	301253	-5723	-5723	0	295372	0	0	572300	572300	0	301.253	301.253	0.000000	+0.000301	+0.000301
launchpad_remaining_public_100_filetest.gno	Remaining launch withdraw index=3 n=100	execution-segment-repricing	7639046	7940299	301253	-2263	-2263	0	295372	0	0	226300	226300	0	301.253	301.253	0.000000	+0.000301	+0.000301
launchpad_remaining_public_100_filetest.gno	Remaining launch withdraw index=4 n=100	execution-segment-repricing	7657197	7958450	301253	-5742	-5742	0	295372	0	0	574200	574200	0	301.253	301.253	0.000000	+0.000301	+0.000301
launchpad_remaining_public_100_filetest.gno	Remaining launch withdraw index=5 n=100	execution-segment-repricing	7643787	7945040	301253	-5730	-5730	0	295372	0	0	573000	573000	0	301.253	301.253	0.000000	+0.000301	+0.000301
launchpad_remaining_public_100_filetest.gno	Remaining launch withdraw index=6 n=100	execution-segment-repricing	7646004	7947257	301253	-2263	-2263	0	295372	0	0	226300	226300	0	301.253	301.253	0.000000	+0.000301	+0.000301
launchpad_remaining_public_100_filetest.gno	Remaining launch withdraw index=7 n=100	execution-segment-repricing	7571721	7872974	301253	-2263	-2263	0	295372	0	0	226300	226300	0	301.253	301.253	0.000000	+0.000301	+0.000301
launchpad_remaining_public_100_filetest.gno	Remaining launch withdraw index=8 n=100	execution-segment-repricing	7566287	7867540	301253	-2276	-2276	0	295372	0	0	227600	227600	0	301.253	301.253	0.000000	+0.000301	+0.000301
launchpad_remaining_public_100_filetest.gno	Remaining launch withdraw index=9 n=100	execution-segment-repricing	7669296	7970549	301253	-2276	-2276	0	295372	0	0	227600	227600	0	301.253	301.253	0.000000	+0.000301	+0.000301
launchpad_remaining_public_100_filetest.gno	Remaining launch withdraw index=10 n=100	execution-segment-repricing	7658683	7959936	301253	-2276	-2276	0	295372	0	0	227600	227600	0	301.253	301.253	0.000000	+0.000301	+0.000301
launchpad_remaining_public_100_filetest.gno	Remaining launch withdraw index=11 n=100	execution-segment-repricing	7665209	7966462	301253	-2276	-2276	0	295372	0	0	227600	227600	0	301.253	301.253	0.000000	+0.000301	+0.000301
launchpad_remaining_public_100_filetest.gno	Remaining launch withdraw index=12 n=100	execution-segment-repricing	7664268	7965521	301253	-2276	-2276	0	295372	0	0	227600	227600	0	301.253	301.253	0.000000	+0.000301	+0.000301
launchpad_remaining_public_100_filetest.gno	Remaining launch withdraw index=13 n=100	execution-segment-repricing	7653655	7954908	301253	-2276	-2276	0	295372	0	0	227600	227600	0	301.253	301.253	0.000000	+0.000301	+0.000301
launchpad_remaining_public_100_filetest.gno	Remaining launch withdraw index=14 n=100	execution-segment-repricing	7652066	7953319	301253	-2247	-2247	0	295372	2900	2900	227600	227600	0	301.253	301.253	0.000000	+0.000301	+0.000301
launchpad_remaining_public_100_filetest.gno	Remaining launch withdraw index=15 n=100	execution-segment-repricing	7658592	7959845	301253	-2276	-2276	0	295372	0	0	227600	227600	0	301.253	301.253	0.000000	+0.000301	+0.000301
launchpad_remaining_public_100_filetest.gno	Remaining launch withdraw index=16 n=100	execution-segment-repricing	7663660	7964913	301253	-5744	-5744	0	295372	0	0	574400	574400	0	301.253	301.253	0.000000	+0.000301	+0.000301
launchpad_remaining_public_100_filetest.gno	Remaining launch withdraw index=17 n=100	execution-segment-repricing	7566061	7867314	301253	-2276	-2276	0	295372	0	0	227600	227600	0	301.253	301.253	0.000000	+0.000301	+0.000301
launchpad_remaining_public_100_filetest.gno	Remaining launch withdraw index=18 n=100	execution-segment-repricing	7565117	7866370	301253	-2276	-2276	0	295372	0	0	227600	227600	0	301.253	301.253	0.000000	+0.000301	+0.000301
launchpad_remaining_public_100_filetest.gno	Remaining launch withdraw index=19 n=100	execution-segment-repricing	7562709	7863962	301253	-2276	-2276	0	295372	0	0	227600	227600	0	301.253	301.253	0.000000	+0.000301	+0.000301
launchpad_remaining_public_100_filetest.gno	Remaining launch withdraw index=20 n=100	execution-segment-repricing	7561768	7863021	301253	-2276	-2276	0	295372	0	0	227600	227600	0	301.253	301.253	0.000000	+0.000301	+0.000301
launchpad_remaining_public_100_filetest.gno	Remaining launch withdraw index=21 n=100	execution-segment-repricing	7559112	7860365	301253	-2276	-2276	0	295372	0	0	227600	227600	0	301.253	301.253	0.000000	+0.000301	+0.000301
launchpad_remaining_public_100_filetest.gno	Remaining launch withdraw index=22 n=100	execution-segment-repricing	7555969	7857222	301253	-2276	-2276	0	295372	0	0	227600	227600	0	301.253	301.253	0.000000	+0.000301	+0.000301
launchpad_remaining_public_100_filetest.gno	Remaining launch withdraw index=23 n=100	execution-segment-repricing	7543112	7844365	301253	-2276	-2276	0	295372	0	0	227600	227600	0	301.253	301.253	0.000000	+0.000301	+0.000301
launchpad_remaining_public_100_filetest.gno	Remaining launch withdraw index=24 n=100	execution-segment-repricing	7649200	7950453	301253	-2276	-2276	0	295372	0	0	227600	227600	0	301.253	301.253	0.000000	+0.000301	+0.000301
launchpad_remaining_public_100_filetest.gno	Remaining launch withdraw index=25 n=100	execution-segment-repricing	7647524	7948777	301253	-2276	-2276	0	295372	0	0	227600	227600	0	301.253	301.253	0.000000	+0.000301	+0.000301
launchpad_remaining_public_100_filetest.gno	Remaining launch withdraw index=26 n=100	execution-segment-repricing	7646583	7947836	301253	-2276	-2276	0	295372	0	0	227600	227600	0	301.253	301.253	0.000000	+0.000301	+0.000301
launchpad_remaining_public_100_filetest.gno	Remaining launch withdraw index=27 n=100	execution-segment-repricing	7644169	7945422	301253	-2276	-2276	0	295372	0	0	227600	227600	0	301.253	301.253	0.000000	+0.000301	+0.000301
launchpad_remaining_public_100_filetest.gno	Remaining launch withdraw index=28 n=100	execution-segment-repricing	7643228	7944481	301253	-2276	-2276	0	295372	0	0	227600	227600	0	301.253	301.253	0.000000	+0.000301	+0.000301
launchpad_remaining_public_100_filetest.gno	Remaining launch withdraw index=29 n=100	execution-segment-repricing	7657956	7959209	301253	-2276	-2276	0	295372	0	0	227600	227600	0	301.253	301.253	0.000000	+0.000301	+0.000301
launchpad_remaining_public_100_filetest.gno	Remaining launch withdraw index=30 n=100	execution-segment-repricing	7661884	7963137	301253	-5744	-5744	0	295372	0	0	574400	574400	0	301.253	301.253	0.000000	+0.000301	+0.000301
launchpad_remaining_public_100_filetest.gno	Remaining launch withdraw index=31 n=100	execution-segment-repricing	7565443	7866696	301253	-2276	-2276	0	295372	0	0	227600	227600	0	301.253	301.253	0.000000	+0.000301	+0.000301
launchpad_remaining_public_100_filetest.gno	Remaining launch withdraw index=32 n=100	execution-segment-repricing	7563767	7865020	301253	-2276	-2276	0	295372	0	0	227600	227600	0	301.253	301.253	0.000000	+0.000301	+0.000301
launchpad_remaining_public_100_filetest.gno	Remaining launch withdraw index=33 n=100	execution-segment-repricing	7562826	7864079	301253	-2276	-2276	0	295372	0	0	227600	227600	0	301.253	301.253	0.000000	+0.000301	+0.000301
launchpad_remaining_public_100_filetest.gno	Remaining launch withdraw index=34 n=100	execution-segment-repricing	7560415	7861668	301253	-2276	-2276	0	295372	0	0	227600	227600	0	301.253	301.253	0.000000	+0.000301	+0.000301
launchpad_remaining_public_100_filetest.gno	Remaining launch withdraw index=35 n=100	execution-segment-repricing	7558494	7859747	301253	-2276	-2276	0	295372	0	0	227600	227600	0	301.253	301.253	0.000000	+0.000301	+0.000301
launchpad_remaining_public_100_filetest.gno	Remaining launch withdraw index=36 n=100	execution-segment-repricing	7556818	7858071	301253	-2276	-2276	0	295372	0	0	227600	227600	0	301.253	301.253	0.000000	+0.000301	+0.000301
launchpad_remaining_public_100_filetest.gno	Remaining launch withdraw index=37 n=100	execution-segment-repricing	7551425	7852678	301253	-2276	-2276	0	295372	0	0	227600	227600	0	301.253	301.253	0.000000	+0.000301	+0.000301
launchpad_remaining_public_100_filetest.gno	Remaining launch withdraw index=38 n=100	execution-segment-repricing	7660068	7961321	301253	-2276	-2276	0	295372	0	0	227600	227600	0	301.253	301.253	0.000000	+0.000301	+0.000301
launchpad_remaining_public_100_filetest.gno	Remaining launch withdraw index=39 n=100	execution-segment-repricing	7658395	7959648	301253	-2276	-2276	0	295372	0	0	227600	227600	0	301.253	301.253	0.000000	+0.000301	+0.000301
launchpad_remaining_public_100_filetest.gno	Remaining launch withdraw index=40 n=100	execution-segment-repricing	7657454	7958707	301253	-2276	-2276	0	295372	0	0	227600	227600	0	301.253	301.253	0.000000	+0.000301	+0.000301
launchpad_remaining_public_100_filetest.gno	Remaining launch withdraw index=41 n=100	execution-segment-repricing	7655043	7956296	301253	-2276	-2276	0	295372	0	0	227600	227600	0	301.253	301.253	0.000000	+0.000301	+0.000301
launchpad_remaining_public_100_filetest.gno	Remaining launch withdraw index=42 n=100	execution-segment-repricing	7654102	7955355	301253	-2276	-2276	0	295372	0	0	227600	227600	0	301.253	301.253	0.000000	+0.000301	+0.000301
launchpad_remaining_public_100_filetest.gno	Remaining launch withdraw index=43 n=100	execution-segment-repricing	7652426	7953679	301253	-2276	-2276	0	295372	0	0	227600	227600	0	301.253	301.253	0.000000	+0.000301	+0.000301
launchpad_remaining_public_100_filetest.gno	Remaining launch withdraw index=44 n=100	execution-segment-repricing	7649280	7950533	301253	-2276	-2276	0	295372	0	0	227600	227600	0	301.253	301.253	0.000000	+0.000301	+0.000301
launchpad_remaining_public_100_filetest.gno	Remaining launch withdraw index=45 n=100	execution-segment-repricing	7652029	7953282	301253	-5755	-5755	0	295372	0	0	575500	575500	0	301.253	301.253	0.000000	+0.000301	+0.000301
launchpad_remaining_public_100_filetest.gno	Remaining launch withdraw index=46 n=100	execution-segment-repricing	7556752	7858005	301253	-2278	-2276	2	295372	0	0	227800	227600	200	301.253	501.253	+0.000200	+0.000301	+0.000501
launchpad_remaining_public_100_filetest.gno	Remaining launch withdraw index=47 n=100	execution-segment-repricing	7555175	7856428	301253	-2291	-2291	0	295372	0	0	229100	229100	0	301.253	301.253	0.000000	+0.000301	+0.000301
launchpad_remaining_public_100_filetest.gno	Remaining launch withdraw index=48 n=100	execution-segment-repricing	7553487	7854740	301253	-2291	-2291	0	295372	0	0	229100	229100	0	301.253	301.253	0.000000	+0.000301	+0.000301
launchpad_remaining_public_100_filetest.gno	Remaining launch withdraw index=49 n=100	execution-segment-repricing	7552534	7853787	301253	-2291	-2291	0	295372	0	0	229100	229100	0	301.253	301.253	0.000000	+0.000301	+0.000301
launchpad_remaining_public_100_filetest.gno	Remaining launch refund after-withdraw n=100	execution-segment-repricing	3155780	3307698	151918	0	0	0	147686	600	600	600	600	0	151.918	151.918	0.000000	+0.000152	+0.000152
launchpad_remaining_public_100_filetest.gno	Remaining launch withdraw index=50 n=100	execution-segment-repricing	7540122	7841375	301253	-2285	-2285	0	295372	0	0	228500	228500	0	301.253	301.253	0.000000	+0.000301	+0.000301
launchpad_remaining_public_100_filetest.gno	Remaining launch withdraw index=51 n=100	execution-segment-repricing	7550851	7852104	301253	-2291	-2291	0	295372	0	0	229100	229100	0	301.253	301.253	0.000000	+0.000301	+0.000301
launchpad_remaining_public_100_filetest.gno	Remaining launch withdraw index=52 n=100	execution-segment-repricing	7537982	7839235	301253	-2291	-2291	0	295372	0	0	229100	229100	0	301.253	301.253	0.000000	+0.000301	+0.000301
launchpad_remaining_public_100_filetest.gno	Remaining launch withdraw index=53 n=100	execution-segment-repricing	7644220	7945473	301253	-2291	-2291	0	295372	0	0	229100	229100	0	301.253	301.253	0.000000	+0.000301	+0.000301
launchpad_remaining_public_100_filetest.gno	Remaining launch withdraw index=54 n=100	execution-segment-repricing	7642532	7943785	301253	-2291	-2291	0	295372	0	0	229100	229100	0	301.253	301.253	0.000000	+0.000301	+0.000301
launchpad_remaining_public_100_filetest.gno	Remaining launch withdraw index=55 n=100	execution-segment-repricing	7641579	7942832	301253	-2291	-2291	0	295372	0	0	229100	229100	0	301.253	301.253	0.000000	+0.000301	+0.000301
launchpad_remaining_public_100_filetest.gno	Remaining launch withdraw index=56 n=100	execution-segment-repricing	7639156	7940409	301253	-2291	-2291	0	295372	0	0	229100	229100	0	301.253	301.253	0.000000	+0.000301	+0.000301
launchpad_remaining_public_100_filetest.gno	Remaining launch withdraw index=57 n=100	execution-segment-repricing	7638203	7939456	301253	-2291	-2291	0	295372	0	0	229100	229100	0	301.253	301.253	0.000000	+0.000301	+0.000301
launchpad_remaining_public_100_filetest.gno	Remaining launch withdraw index=58 n=100	execution-segment-repricing	7644717	7945970	301253	-2291	-2291	0	295372	0	0	229100	229100	0	301.253	301.253	0.000000	+0.000301	+0.000301
launchpad_remaining_public_100_filetest.gno	Remaining launch withdraw index=59 n=100	execution-segment-repricing	7646308	7947561	301253	-5770	-5770	0	295372	0	0	577000	577000	0	301.253	301.253	0.000000	+0.000301	+0.000301
launchpad_remaining_public_100_filetest.gno	Remaining launch withdraw index=60 n=100	execution-segment-repricing	7540271	7841524	301253	-2291	-2291	0	295372	0	0	229100	229100	0	301.253	301.253	0.000000	+0.000301	+0.000301
launchpad_remaining_public_100_filetest.gno	Remaining launch withdraw index=61 n=100	execution-segment-repricing	7538583	7839836	301253	-2291	-2291	0	295372	0	0	229100	229100	0	301.253	301.253	0.000000	+0.000301	+0.000301
launchpad_remaining_public_100_filetest.gno	Remaining launch withdraw index=62 n=100	execution-segment-repricing	7537630	7838883	301253	-2291	-2291	0	295372	0	0	229100	229100	0	301.253	301.253	0.000000	+0.000301	+0.000301
launchpad_remaining_public_100_filetest.gno	Remaining launch withdraw index=63 n=100	execution-segment-repricing	7535207	7836460	301253	-2291	-2291	0	295372	0	0	229100	229100	0	301.253	301.253	0.000000	+0.000301	+0.000301
launchpad_remaining_public_100_filetest.gno	Remaining launch withdraw index=64 n=100	execution-segment-repricing	7533274	7834527	301253	-2291	-2291	0	295372	0	0	229100	229100	0	301.253	301.253	0.000000	+0.000301	+0.000301
launchpad_remaining_public_100_filetest.gno	Remaining launch withdraw index=65 n=100	execution-segment-repricing	7531586	7832839	301253	-2291	-2291	0	295372	0	0	229100	229100	0	301.253	301.253	0.000000	+0.000301	+0.000301
launchpad_remaining_public_100_filetest.gno	Remaining launch withdraw index=66 n=100	execution-segment-repricing	7516512	7817765	301253	-2291	-2291	0	295372	0	0	229100	229100	0	301.253	301.253	0.000000	+0.000301	+0.000301
launchpad_remaining_public_100_filetest.gno	Remaining launch withdraw index=67 n=100	execution-segment-repricing	7623674	7924927	301253	-5770	-5770	0	295372	0	0	577000	577000	0	301.253	301.253	0.000000	+0.000301	+0.000301
launchpad_remaining_public_100_filetest.gno	Remaining launch withdraw index=68 n=100	execution-segment-repricing	7530713	7831966	301253	-2291	-2291	0	295372	0	0	229100	229100	0	301.253	301.253	0.000000	+0.000301	+0.000301
launchpad_remaining_public_100_filetest.gno	Remaining launch withdraw index=69 n=100	execution-segment-repricing	7529760	7831013	301253	-2291	-2291	0	295372	0	0	229100	229100	0	301.253	301.253	0.000000	+0.000301	+0.000301
launchpad_remaining_public_100_filetest.gno	Remaining launch withdraw index=70 n=100	execution-segment-repricing	7527340	7828593	301253	-2291	-2291	0	295372	0	0	229100	229100	0	301.253	301.253	0.000000	+0.000301	+0.000301
launchpad_remaining_public_100_filetest.gno	Remaining launch withdraw index=71 n=100	execution-segment-repricing	7526387	7827640	301253	-2291	-2291	0	295372	0	0	229100	229100	0	301.253	301.253	0.000000	+0.000301	+0.000301
launchpad_remaining_public_100_filetest.gno	Remaining launch withdraw index=72 n=100	execution-segment-repricing	7523719	7824972	301253	-2291	-2291	0	295372	0	0	229100	229100	0	301.253	301.253	0.000000	+0.000301	+0.000301
launchpad_remaining_public_100_filetest.gno	Remaining launch withdraw index=73 n=100	execution-segment-repricing	7538432	7839685	301253	-2291	-2291	0	295372	0	0	229100	229100	0	301.253	301.253	0.000000	+0.000301	+0.000301
launchpad_remaining_public_100_filetest.gno	Remaining launch withdraw index=74 n=100	execution-segment-repricing	7525563	7826816	301253	-2291	-2291	0	295372	0	0	229100	229100	0	301.253	301.253	0.000000	+0.000301	+0.000301
launchpad_remaining_public_100_filetest.gno	Remaining launch withdraw index=75 n=100	execution-segment-repricing	7631765	7933018	301253	-2291	-2291	0	295372	0	0	229100	229100	0	301.253	301.253	0.000000	+0.000301	+0.000301
launchpad_remaining_public_100_filetest.gno	Remaining launch withdraw index=76 n=100	execution-segment-repricing	7630077	7931330	301253	-2291	-2291	0	295372	0	0	229100	229100	0	301.253	301.253	0.000000	+0.000301	+0.000301
launchpad_remaining_public_100_filetest.gno	Remaining launch withdraw index=77 n=100	execution-segment-repricing	7629124	7930377	301253	-2291	-2291	0	295372	0	0	229100	229100	0	301.253	301.253	0.000000	+0.000301	+0.000301
launchpad_remaining_public_100_filetest.gno	Remaining launch withdraw index=78 n=100	execution-segment-repricing	7627433	7928686	301253	-2291	-2291	0	295372	0	0	229100	229100	0	301.253	301.253	0.000000	+0.000301	+0.000301
launchpad_remaining_public_100_filetest.gno	Remaining launch withdraw index=79 n=100	execution-segment-repricing	7625748	7927001	301253	-2291	-2291	0	295372	0	0	229100	229100	0	301.253	301.253	0.000000	+0.000301	+0.000301
launchpad_remaining_public_100_filetest.gno	Remaining launch withdraw index=80 n=100	execution-segment-repricing	7632262	7933515	301253	-2291	-2291	0	295372	0	0	229100	229100	0	301.253	301.253	0.000000	+0.000301	+0.000301
launchpad_remaining_public_100_filetest.gno	Remaining launch withdraw index=81 n=100	execution-segment-repricing	7631561	7932814	301253	-5770	-5770	0	295372	0	0	577000	577000	0	301.253	301.253	0.000000	+0.000301	+0.000301
launchpad_remaining_public_100_filetest.gno	Remaining launch withdraw index=82 n=100	execution-segment-repricing	7536789	7838042	301253	-2291	-2291	0	295372	0	0	229100	229100	0	301.253	301.253	0.000000	+0.000301	+0.000301
launchpad_remaining_public_100_filetest.gno	Remaining launch withdraw index=83 n=100	execution-segment-repricing	7535836	7837089	301253	-2291	-2291	0	295372	0	0	229100	229100	0	301.253	301.253	0.000000	+0.000301	+0.000301
launchpad_remaining_public_100_filetest.gno	Remaining launch withdraw index=84 n=100	execution-segment-repricing	7533413	7834666	301253	-2291	-2291	0	295372	0	0	229100	229100	0	301.253	301.253	0.000000	+0.000301	+0.000301
launchpad_remaining_public_100_filetest.gno	Remaining launch withdraw index=85 n=100	execution-segment-repricing	7532460	7833713	301253	-2291	-2291	0	295372	0	0	229100	229100	0	301.253	301.253	0.000000	+0.000301	+0.000301
launchpad_remaining_public_100_filetest.gno	Remaining launch withdraw index=86 n=100	execution-segment-repricing	7529792	7831045	301253	-2291	-2291	0	295372	0	0	229100	229100	0	301.253	301.253	0.000000	+0.000301	+0.000301
launchpad_remaining_public_100_filetest.gno	Remaining launch withdraw index=87 n=100	execution-segment-repricing	7528839	7830092	301253	-2291	-2291	0	295372	0	0	229100	229100	0	301.253	301.253	0.000000	+0.000301	+0.000301
launchpad_remaining_public_100_filetest.gno	Remaining launch withdraw index=88 n=100	execution-segment-repricing	7514497	7815750	301253	-2291	-2291	0	295372	0	0	229100	229100	0	301.253	301.253	0.000000	+0.000301	+0.000301
launchpad_remaining_public_100_filetest.gno	Remaining launch withdraw index=89 n=100	execution-segment-repricing	7602614	7903867	301253	-8913	-8913	0	295372	0	0	891300	891300	0	301.253	301.253	0.000000	+0.000301	+0.000301
launchpad_remaining_public_100_filetest.gno	Remaining launch withdraw index=90 n=100	execution-segment-repricing	7458273	7759526	301253	-2291	-2291	0	295372	0	0	229100	229100	0	301.253	301.253	0.000000	+0.000301	+0.000301
launchpad_remaining_public_100_filetest.gno	Remaining launch withdraw index=91 n=100	execution-segment-repricing	7455850	7757103	301253	-2291	-2291	0	295372	0	0	229100	229100	0	301.253	301.253	0.000000	+0.000301	+0.000301
launchpad_remaining_public_100_filetest.gno	Remaining launch withdraw index=92 n=100	execution-segment-repricing	7442981	7744234	301253	-2291	-2291	0	295372	0	0	229100	229100	0	301.253	301.253	0.000000	+0.000301	+0.000301
launchpad_remaining_public_100_filetest.gno	Remaining launch withdraw index=93 n=100	execution-segment-repricing	7441293	7742546	301253	-2291	-2291	0	295372	0	0	229100	229100	0	301.253	301.253	0.000000	+0.000301	+0.000301
launchpad_remaining_public_100_filetest.gno	Remaining launch withdraw index=94 n=100	execution-segment-repricing	7420509	7721762	301253	-2291	-2291	0	295372	0	0	229100	229100	0	301.253	301.253	0.000000	+0.000301	+0.000301
launchpad_remaining_public_100_filetest.gno	Remaining launch withdraw index=95 n=100	execution-segment-repricing	7506046	7807299	301253	-2285	-2285	0	295372	0	0	228500	228500	0	301.253	301.253	0.000000	+0.000301	+0.000301
launchpad_remaining_public_100_filetest.gno	Remaining launch withdraw index=96 n=100	execution-segment-repricing	7493418	7794671	301253	-2285	-2285	0	295372	0	0	228500	228500	0	301.253	301.253	0.000000	+0.000301	+0.000301
launchpad_remaining_public_100_filetest.gno	Remaining launch withdraw index=97 n=100	execution-segment-repricing	7479814	7781067	301253	-2285	-2285	0	295372	0	0	228500	228500	0	301.253	301.253	0.000000	+0.000301	+0.000301
launchpad_remaining_public_100_filetest.gno	Remaining launch withdraw index=98 n=100	execution-segment-repricing	7518409	7819662	301253	-2285	-2285	0	295372	0	0	228500	228500	0	301.253	301.253	0.000000	+0.000301	+0.000301
launchpad_remaining_public_100_filetest.gno	Remaining launch withdraw index=99 n=100	execution-segment-repricing	7524863	7826116	301253	-2285	-2285	0	295372	0	0	228500	228500	0	301.253	301.253	0.000000	+0.000301	+0.000301
launchpad_remaining_public_100_filetest.gno	Remaining launch withdraw seed n=100	execution-segment-repricing	7285633	7586886	301253	-8814	-8814	0	295372	0	0	881400	881400	0	301.253	301.253	0.000000	+0.000301	+0.000301
launchpad_remaining_public_10_filetest.gno	Remaining launch allocation n=10	execution-segment-repricing	6263679	6550977	287298	32749	30304	-2445	284847	3274900	3030400	0	0	-244500	287.298	-244212.702	-0.244500	+0.000287	-0.244213
launchpad_remaining_public_10_filetest.gno	Remaining launch deposit seed n=10	execution-segment-repricing	9217364	9515399	298035	25327	25327	0	221529	2532700	2532700	0	0	0	298.035	298.035	0.000000	+0.000298	+0.000298
launchpad_remaining_public_10_filetest.gno	Remaining launch deposit index=0 n=10	execution-segment-repricing	8677665	8903697	226032	2027	2027	0	221529	407000	407000	204300	204300	0	226.032	226.032	0.000000	+0.000226	+0.000226
launchpad_remaining_public_10_filetest.gno	Remaining launch deposit index=1 n=10	execution-segment-repricing	8671945	8897977	226032	1883	1883	0	221529	392600	392600	204300	204300	0	226.032	226.032	0.000000	+0.000226	+0.000226
launchpad_remaining_public_10_filetest.gno	Remaining launch deposit index=2 n=10	execution-segment-repricing	8678846	8904878	226032	1883	1883	0	221529	392600	392600	204300	204300	0	226.032	226.032	0.000000	+0.000226	+0.000226
launchpad_remaining_public_10_filetest.gno	Remaining launch deposit index=3 n=10	execution-segment-repricing	8679301	8905333	226032	1883	1883	0	221529	392600	392600	204300	204300	0	226.032	226.032	0.000000	+0.000226	+0.000226
launchpad_remaining_public_10_filetest.gno	Remaining launch deposit index=4 n=10	execution-segment-repricing	8684286	8910318	226032	1883	1883	0	221529	392600	392600	204300	204300	0	226.032	226.032	0.000000	+0.000226	+0.000226
launchpad_remaining_public_10_filetest.gno	Remaining launch deposit index=5 n=10	execution-segment-repricing	8685228	8911260	226032	1883	1883	0	221529	392600	392600	204300	204300	0	226.032	226.032	0.000000	+0.000226	+0.000226
launchpad_remaining_public_10_filetest.gno	Remaining launch deposit index=6 n=10	execution-segment-repricing	8692616	8918648	226032	1883	1883	0	221529	392600	392600	204300	204300	0	226.032	226.032	0.000000	+0.000226	+0.000226
launchpad_remaining_public_10_filetest.gno	Remaining launch deposit index=7 n=10	execution-segment-repricing	8693071	8919103	226032	1883	1883	0	221529	392600	392600	204300	204300	0	226.032	226.032	0.000000	+0.000226	+0.000226
launchpad_remaining_public_10_filetest.gno	Remaining launch deposit index=8 n=10	execution-segment-repricing	8722638	8948670	226032	1982	1982	0	221529	402500	402500	204300	204300	0	226.032	226.032	0.000000	+0.000226	+0.000226
launchpad_remaining_public_10_filetest.gno	Remaining launch deposit index=9 n=10	execution-segment-repricing	8717724	8943756	226032	1886	1886	0	221529	392900	392900	204300	204300	0	226.032	226.032	0.000000	+0.000226	+0.000226
launchpad_remaining_public_10_filetest.gno	Remaining launch query getters n=10	query-computation-only	4663169	4808433	145264	0	0	0	141644	0	0	0	0	0	0	0	0.000000	0.000000	0.000000
launchpad_remaining_public_10_filetest.gno	Remaining launch claim index=0 n=10	execution-segment-repricing	3351933	3501268	149335	2046	2046	0	147686	204600	204600	0	0	0	149.335	149.335	0.000000	+0.000149	+0.000149
launchpad_remaining_public_10_filetest.gno	Remaining launch claim index=1 n=10	execution-segment-repricing	2997297	3147370	150073	12	12	0	147686	1200	1200	0	0	0	150.073	150.073	0.000000	+0.000150	+0.000150
launchpad_remaining_public_10_filetest.gno	Remaining launch claim index=2 n=10	execution-segment-repricing	2985385	3135458	150073	12	12	0	147686	1200	1200	0	0	0	150.073	150.073	0.000000	+0.000150	+0.000150
launchpad_remaining_public_10_filetest.gno	Remaining launch claim index=3 n=10	execution-segment-repricing	2996317	3146390	150073	12	12	0	147686	1200	1200	0	0	0	150.073	150.073	0.000000	+0.000150	+0.000150
launchpad_remaining_public_10_filetest.gno	Remaining launch claim index=4 n=10	execution-segment-repricing	2997297	3147370	150073	12	12	0	147686	1200	1200	0	0	0	150.073	150.073	0.000000	+0.000150	+0.000150
launchpad_remaining_public_10_filetest.gno	Remaining launch claim index=5 n=10	execution-segment-repricing	2985385	3135458	150073	12	12	0	147686	1200	1200	0	0	0	150.073	150.073	0.000000	+0.000150	+0.000150
launchpad_remaining_public_10_filetest.gno	Remaining launch claim index=6 n=10	execution-segment-repricing	2997297	3147370	150073	12	12	0	147686	1200	1200	0	0	0	150.073	150.073	0.000000	+0.000150	+0.000150
launchpad_remaining_public_10_filetest.gno	Remaining launch claim index=7 n=10	execution-segment-repricing	2998334	3148407	150073	31	31	0	147686	3100	3100	0	0	0	150.073	150.073	0.000000	+0.000150	+0.000150
launchpad_remaining_public_10_filetest.gno	Remaining launch claim index=8 n=10	execution-segment-repricing	2996410	3146483	150073	26	26	0	147686	2600	2600	0	0	0	150.073	150.073	0.000000	+0.000150	+0.000150
launchpad_remaining_public_10_filetest.gno	Remaining launch claim index=9 n=10	execution-segment-repricing	2984498	3134571	150073	18	18	0	147686	1800	1800	0	0	0	150.073	150.073	0.000000	+0.000150	+0.000150
launchpad_remaining_public_10_filetest.gno	Remaining launch claim repeated-accrued n=10	execution-segment-repricing	3320575	3469910	149335	2	2	0	147686	200	200	0	0	0	149.335	149.335	0.000000	+0.000149	+0.000149
launchpad_remaining_public_10_filetest.gno	Remaining launch claim repeated-zero-time n=10	execution-segment-repricing	2369716	2521634	151918	0	0	0	147686	0	0	0	0	0	151.918	151.918	0.000000	+0.000152	+0.000152
launchpad_remaining_public_10_filetest.gno	Remaining launch refund before-withdraw n=10	execution-segment-repricing	6398185	6549365	151180	2045	2045	0	147686	205100	205100	600	600	0	151.18	151.18	0.000000	+0.000151	+0.000151
launchpad_remaining_public_10_filetest.gno	Remaining launch withdraw index=0 n=10	execution-segment-repricing	7695652	7996167	300515	-226	-226	0	295372	204300	204300	226900	226900	0	300.515	300.515	0.000000	+0.000301	+0.000301
launchpad_remaining_public_10_filetest.gno	Remaining launch withdraw index=1 n=10	execution-segment-repricing	7514087	7814602	300515	-2269	-2269	0	295372	600	600	227500	227500	0	300.515	300.515	0.000000	+0.000301	+0.000301
launchpad_remaining_public_10_filetest.gno	Remaining launch withdraw index=2 n=10	execution-segment-repricing	7490776	7791291	300515	-2275	-2275	0	295372	0	0	227500	227500	0	300.515	300.515	0.000000	+0.000301	+0.000301
launchpad_remaining_public_10_filetest.gno	Remaining launch withdraw index=3 n=10	execution-segment-repricing	7496510	7797025	300515	-2275	-2275	0	295372	0	0	227500	227500	0	300.515	300.515	0.000000	+0.000301	+0.000301
launchpad_remaining_public_10_filetest.gno	Remaining launch withdraw index=4 n=10	execution-segment-repricing	7495760	7796275	300515	-2275	-2275	0	295372	0	0	227500	227500	0	300.515	300.515	0.000000	+0.000301	+0.000301
launchpad_remaining_public_10_filetest.gno	Remaining launch refund after-withdraw n=10	execution-segment-repricing	3145839	3297757	151918	-6	-6	0	147686	0	0	600	600	0	151.918	151.918	0.000000	+0.000152	+0.000152
launchpad_remaining_public_10_filetest.gno	Remaining launch withdraw index=5 n=10	execution-segment-repricing	7481292	7781807	300515	-2269	-2269	0	295372	0	0	226900	226900	0	300.515	300.515	0.000000	+0.000301	+0.000301
launchpad_remaining_public_10_filetest.gno	Remaining launch withdraw index=6 n=10	execution-segment-repricing	7485800	7786315	300515	-2261	-2261	0	295372	1400	1400	227500	227500	0	300.515	300.515	0.000000	+0.000301	+0.000301
launchpad_remaining_public_10_filetest.gno	Remaining launch withdraw index=7 n=10	execution-segment-repricing	7472203	7772718	300515	-2260	-2260	0	295372	1500	1500	227500	227500	0	300.515	300.515	0.000000	+0.000301	+0.000301
launchpad_remaining_public_10_filetest.gno	Remaining launch withdraw index=8 n=10	execution-segment-repricing	7470812	7771327	300515	-2270	-2270	0	295372	0	0	227000	227000	0	300.515	300.515	0.000000	+0.000301	+0.000301
launchpad_remaining_public_10_filetest.gno	Remaining launch withdraw index=9 n=10	execution-segment-repricing	7459410	7759925	300515	-2270	-2270	0	295372	0	0	227000	227000	0	300.515	300.515	0.000000	+0.000301	+0.000301
launchpad_remaining_public_10_filetest.gno	Remaining launch withdraw seed n=10	execution-segment-repricing	7339963	7640478	300515	-8582	-8582	0	295372	0	0	858200	858200	0	300.515	300.515	0.000000	+0.000301	+0.000301
launchpad_remaining_public_1_filetest.gno	Remaining launch allocation n=1	execution-segment-repricing	6263679	6550977	287298	32749	30304	-2445	284847	3274900	3030400	0	0	-244500	287.298	-244212.702	-0.244500	+0.000287	-0.244213
launchpad_remaining_public_1_filetest.gno	Remaining launch deposit seed n=1	execution-segment-repricing	9217364	9515399	298035	25327	25327	0	221529	2532700	2532700	0	0	0	298.035	298.035	0.000000	+0.000298	+0.000298
launchpad_remaining_public_1_filetest.gno	Remaining launch deposit index=0 n=1	execution-segment-repricing	8677665	8903697	226032	2027	2027	0	221529	407000	407000	204300	204300	0	226.032	226.032	0.000000	+0.000226	+0.000226
launchpad_remaining_public_1_filetest.gno	Remaining launch query getters n=1	query-computation-only	3992091	4137355	145264	0	0	0	141644	0	0	0	0	0	0	0	0.000000	0.000000	0.000000
launchpad_remaining_public_1_filetest.gno	Remaining launch claim index=0 n=1	execution-segment-repricing	3319628	3468963	149335	2052	2052	0	147686	205200	205200	0	0	0	149.335	149.335	0.000000	+0.000149	+0.000149
launchpad_remaining_public_1_filetest.gno	Remaining launch claim repeated-accrued n=1	execution-segment-repricing	3292149	3441484	149335	0	0	0	147686	0	0	0	0	0	149.335	149.335	0.000000	+0.000149	+0.000149
launchpad_remaining_public_1_filetest.gno	Remaining launch claim repeated-zero-time n=1	execution-segment-repricing	2348054	2499972	151918	0	0	0	147686	0	0	0	0	0	151.918	151.918	0.000000	+0.000152	+0.000152
launchpad_remaining_public_1_filetest.gno	Remaining launch refund before-withdraw n=1	execution-segment-repricing	6416061	6567241	151180	2028	2028	0	147686	203400	203400	600	600	0	151.18	151.18	0.000000	+0.000151	+0.000151
launchpad_remaining_public_1_filetest.gno	Remaining launch withdraw index=0 n=1	execution-segment-repricing	7666610	7967125	300515	-220	-220	0	295372	204300	204300	226300	226300	0	300.515	300.515	0.000000	+0.000301	+0.000301
launchpad_remaining_public_1_filetest.gno	Remaining launch refund after-withdraw n=1	execution-segment-repricing	2768168	2920086	151918	0	0	0	147686	0	0	0	0	0	151.918	151.918	0.000000	+0.000152	+0.000152
launchpad_remaining_public_1_filetest.gno	Remaining launch withdraw seed n=1	execution-segment-repricing	7372252	7672767	300515	-10413	-10413	0	295372	0	0	1041300	1041300	0	300.515	300.515	0.000000	+0.000301	+0.000301
launchpad_transfer_left_from_project_filetest.gno	Launchpad TransferLeftFromProjectByAdmin	execution-segment-repricing	1268570	1268570	0	41	41	0	0	4100	4100	0	0	0	0	0	0.000000	0.000000	0.000000
pool_create_and_mint_filetest.gno	CreatePool	execution-segment-repricing	6718031	6718538	507	25361	25361	0	0	2536100	2536100	0	0	0	0.507	0.507	0.000000	+0.000001	+0.000001
pool_create_and_mint_filetest.gno	Mint (fee:3000, wide range)	execution-segment-repricing	31555821	31555824	3	22702	22702	0	0	2270200	2270200	0	0	0	0.003	0.003	0.000000	0.000000	0.000000
pool_swap_wugnot_gns_filetest.gno	Swap (gns -> wugnot, fee:500)	execution-segment-repricing	47051055	47051058	3	0	0	0	0	600	600	600	600	0	0.003	0.003	0.000000	0.000000	0.000000
position_decrease_liquidity_filetest.gno	DecreaseLiquidity	execution-segment-repricing	25630642	25630642	0	18	18	0	0	1800	1800	0	0	0	0	0	0.000000	0.000000	0.000000
position_increase_liquidity_filetest.gno	IncreaseLiquidity	execution-segment-repricing	23148004	23148004	0	-2084	-2084	0	0	5600	5600	214000	214000	0	0	0	0.000000	0.000000	0.000000
position_mint_filetest.gno	Mint (bar:foo:500)	execution-segment-repricing	29749968	29749971	3	22689	22689	0	0	2268900	2268900	0	0	0	0.003	0.003	0.000000	0.000000	0.000000
position_mint_with_gnot_filetest.gno	CollectFee (with unwrap)	execution-segment-repricing	7921566	7921569	3	44	44	0	0	4400	4400	0	0	0	0.003	0.003	0.000000	0.000000	0.000000
position_reposition_filetest.gno	DecreaseLiquidity (w. Remove)	execution-segment-repricing	22338548	22338551	3	62	62	0	0	6200	6200	0	0	0	0.003	0.003	0.000000	0.000000	0.000000
position_reposition_filetest.gno	Mint (reposition)	execution-segment-repricing	30576495	30576495	0	8619	8619	0	0	861900	861900	0	0	0	0	0	0.000000	0.000000	0.000000
position_stake_position_filetest.gno	SetPoolTier (tier 1)	execution-segment-repricing	4030471	4030471	0	47025	47025	0	0	4702500	4702500	0	0	0	0	0	0.000000	0.000000	0.000000
position_stake_position_filetest.gno	StakeToken	execution-segment-repricing	10617929	10617932	3	23393	23393	0	0	2445400	2445400	106100	106100	0	0.003	0.003	0.000000	0.000000	0.000000
raw_uint_tree_key_magnitude_filetest.gno	UintTree Set (0)	execution-segment-repricing	73225	75277	2052	0	0	0	0	0	0	0	0	0	2.052	2.052	0.000000	+0.000002	+0.000002
raw_uint_tree_key_magnitude_filetest.gno	UintTree Get (0)	execution-segment-repricing	56128	56128	0	0	0	0	0	0	0	0	0	0	0	0	0.000000	0.000000	0.000000
raw_uint_tree_key_magnitude_filetest.gno	UintTree Set (1)	execution-segment-repricing	57310	57310	0	0	0	0	0	0	0	0	0	0	0	0	0.000000	0.000000	0.000000
raw_uint_tree_key_magnitude_filetest.gno	UintTree Get (1)	execution-segment-repricing	56128	56128	0	0	0	0	0	0	0	0	0	0	0	0	0.000000	0.000000	0.000000
raw_uint_tree_key_magnitude_filetest.gno	UintTree Set (255)	execution-segment-repricing	57310	57310	0	0	0	0	0	0	0	0	0	0	0	0	0.000000	0.000000	0.000000
raw_uint_tree_key_magnitude_filetest.gno	UintTree Get (255)	execution-segment-repricing	56128	56128	0	0	0	0	0	0	0	0	0	0	0	0	0.000000	0.000000	0.000000
raw_uint_tree_key_magnitude_filetest.gno	UintTree Set (256)	execution-segment-repricing	57310	57310	0	0	0	0	0	0	0	0	0	0	0	0	0.000000	0.000000	0.000000
raw_uint_tree_key_magnitude_filetest.gno	UintTree Get (256)	execution-segment-repricing	56128	56128	0	0	0	0	0	0	0	0	0	0	0	0	0.000000	0.000000	0.000000
raw_uint_tree_key_magnitude_filetest.gno	UintTree Set (65535)	execution-segment-repricing	57310	57310	0	0	0	0	0	0	0	0	0	0	0	0	0.000000	0.000000	0.000000
raw_uint_tree_key_magnitude_filetest.gno	UintTree Get (65535)	execution-segment-repricing	56128	56128	0	0	0	0	0	0	0	0	0	0	0	0	0.000000	0.000000	0.000000
raw_uint_tree_key_magnitude_filetest.gno	UintTree Set (4294967295)	execution-segment-repricing	57310	57310	0	0	0	0	0	0	0	0	0	0	0	0	0.000000	0.000000	0.000000
raw_uint_tree_key_magnitude_filetest.gno	UintTree Get (4294967295)	execution-segment-repricing	56128	56128	0	0	0	0	0	0	0	0	0	0	0	0	0.000000	0.000000	0.000000
raw_uint_tree_key_magnitude_filetest.gno	UintTree Set (9223372036854775807)	execution-segment-repricing	57310	57310	0	0	0	0	0	0	0	0	0	0	0	0	0.000000	0.000000	0.000000
raw_uint_tree_key_magnitude_filetest.gno	UintTree Get (9223372036854775807)	execution-segment-repricing	56128	56128	0	0	0	0	0	0	0	0	0	0	0	0	0.000000	0.000000	0.000000
router_exact_in_single_swap_route_grc20_fee10000_filetest.gno	ExactInSingleSwapRoute(grc20) - fee:10000	execution-segment-repricing	26973823	26973829	6	9054	9054	0	0	906000	906000	600	600	0	0.006	0.006	0.000000	0.000000	0.000000
router_exact_in_single_swap_route_grc20_fee100_filetest.gno	ExactInSingleSwapRoute(grc20) - fee:100	execution-segment-repricing	31564543	31564549	6	9054	9054	0	0	906000	906000	600	600	0	0.006	0.006	0.000000	0.000000	0.000000
router_exact_in_single_swap_route_grc20_fee3000_filetest.gno	ExactInSingleSwapRoute(grc20) - fee:3000	execution-segment-repricing	27038160	27038166	6	9054	9054	0	0	906000	906000	600	600	0	0.006	0.006	0.000000	0.000000	0.000000
router_exact_in_single_swap_route_grc20_fee500_filetest.gno	ExactInSingleSwapRoute(grc20) - fee:500	execution-segment-repricing	26900397	26900403	6	9054	9054	0	0	906000	906000	600	600	0	0.006	0.006	0.000000	0.000000	0.000000
router_exact_in_swap_route_grc20_fee10000_filetest.gno	ExactInSwapRoute(grc20) - fee:10000	execution-segment-repricing	26212293	26212299	6	9054	9054	0	0	906000	906000	600	600	0	0.006	0.006	0.000000	0.000000	0.000000
router_exact_in_swap_route_grc20_fee100_filetest.gno	ExactInSwapRoute(grc20) - fee:100	execution-segment-repricing	30820317	30820323	6	9054	9054	0	0	906000	906000	600	600	0	0.006	0.006	0.000000	0.000000	0.000000
router_exact_in_swap_route_grc20_fee3000_filetest.gno	ExactInSwapRoute(grc20) - fee:3000	execution-segment-repricing	26285282	26285288	6	9054	9054	0	0	906000	906000	600	600	0	0.006	0.006	0.000000	0.000000	0.000000
router_exact_in_swap_route_grc20_fee500_filetest.gno	ExactInSwapRoute(grc20) - fee:500	execution-segment-repricing	26156171	26156177	6	9054	9054	0	0	906000	906000	600	600	0	0.006	0.006	0.000000	0.000000	0.000000
router_exact_out_single_swap_route_grc20_fee10000_filetest.gno	ExactOutSingleSwapRoute(grc20) - fee:10000	execution-segment-repricing	28806824	28806830	6	9054	9054	0	0	906000	906000	600	600	0	0.006	0.006	0.000000	0.000000	0.000000
router_exact_out_single_swap_route_grc20_fee100_filetest.gno	ExactOutSingleSwapRoute(grc20) - fee:100	execution-segment-repricing	33248320	33248326	6	9054	9054	0	0	906000	906000	600	600	0	0.006	0.006	0.000000	0.000000	0.000000
router_exact_out_single_swap_route_grc20_fee3000_filetest.gno	ExactOutSingleSwapRoute(grc20) - fee:3000	execution-segment-repricing	28747177	28747183	6	9054	9054	0	0	906000	906000	600	600	0	0.006	0.006	0.000000	0.000000	0.000000
router_exact_out_single_swap_route_grc20_fee500_filetest.gno	ExactOutSingleSwapRoute(grc20) - fee:500	execution-segment-repricing	28642962	28642968	6	9054	9054	0	0	906000	906000	600	600	0	0.006	0.006	0.000000	0.000000	0.000000
router_exact_out_swap_route_grc20_fee10000_filetest.gno	ExactOutSwapRoute(grc20) - fee:10000	execution-segment-repricing	28068329	28068335	6	9054	9054	0	0	906000	906000	600	600	0	0.006	0.006	0.000000	0.000000	0.000000
router_exact_out_swap_route_grc20_fee100_filetest.gno	ExactOutSwapRoute(grc20) - fee:100	execution-segment-repricing	32527129	32527135	6	9054	9054	0	0	906000	906000	600	600	0	0.006	0.006	0.000000	0.000000	0.000000
router_exact_out_swap_route_grc20_fee3000_filetest.gno	ExactOutSwapRoute(grc20) - fee:3000	execution-segment-repricing	28017334	28017340	6	9054	9054	0	0	906000	906000	600	600	0	0.006	0.006	0.000000	0.000000	0.000000
router_exact_out_swap_route_grc20_fee500_filetest.gno	ExactOutSwapRoute(grc20) - fee:500	execution-segment-repricing	27921771	27921777	6	9054	9054	0	0	906000	906000	600	600	0	0.006	0.006	0.000000	0.000000	0.000000
router_single_hop_route_filetest.gno	BuildSingleHopRoutePath	execution-segment-repricing	202459	204013	1554	0	0	0	0	0	0	0	0	0	1.554	1.554	0.000000	+0.000002	+0.000002
router_swap_multi_hop_filetest.gno	MultiHop ExactIn (2 hops)	execution-segment-repricing	52640746	52640752	6	9061	9061	0	0	907300	907300	1200	1200	0	0.006	0.006	0.000000	0.000000	0.000000
router_swap_multi_hop_filetest.gno	MultiHop ExactOut (2 hops)	execution-segment-repricing	73105182	73105182	0	76	76	0	0	7600	7600	0	0	0	0	0	0.000000	0.000000	0.000000
router_swap_multi_hop_filetest.gno	MultiHop ExactIn (3 hops)	execution-segment-repricing	72264029	72264029	0	33	33	0	0	4500	4500	1200	1200	0	0	0	0.000000	0.000000	0.000000
router_swap_multi_hop_filetest.gno	MultiHop ExactOut (3 hops)	execution-segment-repricing	110815944	110815944	0	0	0	0	0	0	0	0	0	0	0	0	0.000000	0.000000	0.000000
router_swap_multi_hop_filetest.gno	MultiRoute ExactIn (50:50 split)	execution-segment-repricing	71586063	71586063	0	0	0	0	0	600	600	600	600	0	0	0	0.000000	0.000000	0.000000
router_swap_multi_hop_filetest.gno	MultiRoute ExactOut (50:50 split)	execution-segment-repricing	96971305	96971305	0	4	4	0	0	400	400	0	0	0	0	0	0.000000	0.000000	0.000000
staker_collect_reward_filetest.gno	CollectReward (only Internal Reward)	execution-segment-repricing	13997438	13997438	0	11137	11137	0	0	1113700	1113700	0	0	0	0	0	0.000000	0.000000	0.000000
staker_collect_reward_filetest.gno	CollectReward 2nd (only Internal Reward)	execution-segment-repricing	13778831	13778831	0	40	40	0	0	4000	4000	0	0	0	0	0	0.000000	0.000000	0.000000
staker_collect_reward_incentive_token_count_filetest.gno	staker CollectReward (1 external-incentive token)	execution-segment-repricing	13624670	13624670	0	10026	10026	0	0	1002600	1002600	0	0	0	0	0	0.000000	0.000000	0.000000
staker_collect_reward_incentive_token_count_filetest.gno	staker CollectReward (2 external-incentive tokens)	execution-segment-repricing	20970488	20970488	0	4069	4069	0	0	406900	406900	0	0	0	0	0	0.000000	0.000000	0.000000
staker_collect_reward_incentive_token_count_filetest.gno	staker CollectReward (3 external-incentive tokens)	execution-segment-repricing	28630586	28630586	0	4502	4502	0	0	450200	450200	0	0	0	0	0	0.000000	0.000000	0.000000
staker_collect_reward_incentive_token_count_filetest.gno	staker CollectReward (4 external-incentive tokens)	execution-segment-repricing	36478899	36478899	0	5046	5046	0	0	504600	504600	0	0	0	0	0	0.000000	0.000000	0.000000
staker_collect_reward_position_growth_filetest.gno	storage growth: CollectReward 20 staked positions	execution-segment-repricing	15322698	15322698	0	62	62	0	0	6200	6200	0	0	0	0	0	0.000000	0.000000	0.000000
staker_collect_reward_position_growth_filetest.gno	storage growth: CollectReward 40 staked positions	execution-segment-repricing	15785077	15785077	0	0	0	0	0	0	0	0	0	0	0	0	0.000000	0.000000	0.000000
staker_collect_reward_position_growth_filetest.gno	storage growth: CollectReward 60 staked positions	execution-segment-repricing	15787567	15787567	0	0	0	0	0	0	0	0	0	0	0	0	0.000000	0.000000	0.000000
staker_collect_reward_position_growth_filetest.gno	storage growth: CollectReward 80 staked positions	execution-segment-repricing	15918844	15918844	0	0	0	0	0	0	0	0	0	0	0	0	0.000000	0.000000	0.000000
staker_collect_reward_position_growth_filetest.gno	storage growth: CollectReward 100 staked positions	execution-segment-repricing	15904575	15904575	0	0	0	0	0	0	0	0	0	0	0	0	0.000000	0.000000	0.000000
staker_collect_reward_with_external_rewards_1_filetest.gno	CollectReward With External Rewards (1 incentives)	execution-segment-repricing	22021186	22021186	0	14734	14734	0	0	1473400	1473400	0	0	0	0	0	0.000000	0.000000	0.000000
staker_collect_reward_with_external_rewards_1_filetest.gno	CollectReward With External Rewards 2nd (1 incentives)	execution-segment-repricing	21425192	21425192	0	31	31	0	0	3100	3100	0	0	0	0	0	0.000000	0.000000	0.000000
staker_collect_reward_with_external_rewards_5_filetest.gno	CollectReward With External Rewards (5 incentives)	execution-segment-repricing	53057905	53057905	0	28757	28757	0	0	2875700	2875700	0	0	0	0	0	0.000000	0.000000	0.000000
staker_collect_reward_with_external_rewards_5_filetest.gno	CollectReward With External Rewards 2nd (5 incentives)	execution-segment-repricing	51305551	51305551	0	52	52	0	0	5200	5200	0	0	0	0	0	0.000000	0.000000	0.000000
staker_collect_reward_with_warmup_range_filetest.gno	CollectReward with Warmup Range (30% ~ 30%)	execution-segment-repricing	14035434	14035434	0	11119	11119	0	0	1111900	1111900	0	0	0	0	0	0.000000	0.000000	0.000000
staker_collect_reward_with_warmup_range_filetest.gno	CollectReward with Warmup Range (30% ~ 50%)	execution-segment-repricing	16054353	16054353	0	58	58	0	0	5800	5800	0	0	0	0	0	0.000000	0.000000	0.000000
staker_collect_reward_with_warmup_range_filetest.gno	CollectReward with Warmup Range (30% ~ 70%)	execution-segment-repricing	18359219	18359219	0	18	18	0	0	1800	1800	0	0	0	0	0	0.000000	0.000000	0.000000
staker_collect_reward_with_warmup_range_filetest.gno	CollectReward with Warmup Range (30% ~ 100%)	execution-segment-repricing	20688012	20688012	0	18	18	0	0	1800	1800	0	0	0	0	0	0.000000	0.000000	0.000000
staker_collect_reward_with_warmup_range_filetest.gno	CollectReward with Warmup Range (100% ~)	execution-segment-repricing	13453682	13453682	0	-6	-6	0	0	0	0	600	600	0	0	0	0.000000	0.000000	0.000000
staker_collect_reward_with_warmup_range_filetest.gno	CollectReward with Warmup Range 2nd (100% ~)	execution-segment-repricing	13338329	13338329	0	0	0	0	0	0	0	0	0	0	0	0	0.000000	0.000000	0.000000
staker_create_external_incentive_filetest.gno	CreateExternalIncentive	execution-segment-repricing	3858805	3858805	0	66634	66634	0	0	6663400	6663400	0	0	0	0	0	0.000000	0.000000	0.000000
staker_end_external_incentive_filetest.gno	EndExternalIncentive	execution-segment-repricing	2312242	2312242	0	-1979	-1979	0	0	4500	4500	202400	202400	0	0	0	0.000000	0.000000	0.000000
staker_end_external_incentive_unclaimable100_filetest.gno	EndExternalIncentive (unclaimablePeriods=100)	execution-segment-repricing	2352154	2352154	0	147	147	0	0	14700	14700	0	0	0	0	0	0.000000	0.000000	0.000000
staker_end_external_incentive_unclaimable10_filetest.gno	EndExternalIncentive (unclaimablePeriods=10)	execution-segment-repricing	2301857	2301857	0	141	141	0	0	14100	14100	0	0	0	0	0	0.000000	0.000000	0.000000
staker_end_external_incentive_unclaimable50_filetest.gno	EndExternalIncentive (unclaimablePeriods=50)	execution-segment-repricing	2314287	2314287	0	141	141	0	0	14100	14100	0	0	0	0	0	0.000000	0.000000	0.000000
staker_halving_tick_cross_batch_10_filetest.gno	Swap (halving, 10 staked tick-crosses)	execution-segment-repricing	106403913	106403913	0	3729	3729	0	0	373500	373500	600	600	0	0	0	0.000000	0.000000	0.000000
staker_halving_tick_cross_batch_1_filetest.gno	Swap (halving, 1 staked tick-cross)	execution-segment-repricing	32197775	32197775	0	2813	2813	0	0	281900	281900	600	600	0	0	0	0.000000	0.000000	0.000000
staker_halving_tick_cross_batch_50_filetest.gno	Swap (halving, 50 staked tick-crosses)	execution-segment-repricing	445343810	445343810	0	7260	7260	0	0	726600	726600	600	600	0	0	0	0.000000	0.000000	0.000000
staker_tick_cross_batch_no_halving_10_filetest.gno	Swap (no halving, 10 staked tick-crosses)	execution-segment-repricing	94229033	94229033	0	-7110	-7110	0	0	40300	40300	751300	751300	0	0	0	0.000000	0.000000	0.000000
staker_tick_cross_batch_no_halving_1_filetest.gno	Swap (no halving, 1 staked tick-cross)	execution-segment-repricing	26002108	26002108	0	-7684	-7684	0	0	4500	4500	772900	772900	0	0	0	0.000000	0.000000	0.000000
staker_tick_cross_batch_no_halving_50_filetest.gno	Swap (no halving, 50 staked tick-crosses)	execution-segment-repricing	406594608	406594608	0	-5108	-5108	0	0	174600	174600	685400	685400	0	0	0	0.000000	0.000000	0.000000
version_manager_filetest.gno	RegisterInitializer (v1)	execution-segment-repricing	71548	71548	0	0	0	0	0	0	0	0	0	0	0	0	0.000000	0.000000	0.000000
version_manager_filetest.gno	RegisterInitializer (v2)	execution-segment-repricing	55268	55268	0	0	0	0	0	0	0	0	0	0	0	0	0.000000	0.000000	0.000000
