fixture	label	scope	baseline_gas	candidate_gas	gas_delta	baseline_net_bytes	candidate_net_bytes	storage_delta_bytes	cpu_delta	baseline_deposits_ugnot	candidate_deposits_ugnot	baseline_refunds_ugnot	candidate_refunds_ugnot	storage_delta_ugnot	gas_fee_delta_ugnot	net_delta_ugnot	storage_delta_gnot	gas_fee_delta_gnot	net_delta_gnot
common_filetest.gno	TickMathGetSqrtRatioAtTick (minTick)	execution-segment-repricing	1689865	1689865	0	0	0	0	0	0	0	0	0	0	0	0	0.000000	0.000000	0.000000
common_filetest.gno	TickMathGetSqrtRatioAtTick (maxTick)	execution-segment-repricing	2058854	2058854	0	0	0	0	0	0	0	0	0	0	0	0	0.000000	0.000000	0.000000
common_filetest.gno	TickMathGetSqrtRatioAtTick (zero)	execution-segment-repricing	334802	334802	0	0	0	0	0	0	0	0	0	0	0	0	0.000000	0.000000	0.000000
common_filetest.gno	TickMathGetSqrtRatioAtTick	execution-segment-repricing	1527883	1527883	0	0	0	0	0	0	0	0	0	0	0	0	0.000000	0.000000	0.000000
common_filetest.gno	TickMathGetTickAtSqrtRatio	execution-segment-repricing	3863554	3863554	0	0	0	0	0	0	0	0	0	0	0	0	0.000000	0.000000	0.000000
common_filetest.gno	GetLiquidityForAmounts	execution-segment-repricing	3211535	3211535	0	0	0	0	0	0	0	0	0	0	0	0	0.000000	0.000000	0.000000
common_filetest.gno	GetAmountsForLiquidity	execution-segment-repricing	2981525	2981525	0	0	0	0	0	0	0	0	0	0	0	0	0.000000	0.000000	0.000000
common_filetest.gno	LiquidityMathAddDelta (positive)	execution-segment-repricing	449547	449547	0	0	0	0	0	0	0	0	0	0	0	0	0.000000	0.000000	0.000000
common_filetest.gno	LiquidityMathAddDelta (negative)	execution-segment-repricing	471588	471588	0	0	0	0	0	0	0	0	0	0	0	0	0.000000	0.000000	0.000000
common_filetest.gno	LiquidityMathAddDelta	execution-segment-repricing	437865	437865	0	0	0	0	0	0	0	0	0	0	0	0	0.000000	0.000000	0.000000
gnsmath_filetest.gno	GetAmount0Delta	execution-segment-repricing	3631434	3631434	0	0	0	0	0	0	0	0	0	0	0	0	0.000000	0.000000	0.000000
gnsmath_filetest.gno	GetAmount1Delta	execution-segment-repricing	2329750	2329750	0	0	0	0	0	0	0	0	0	0	0	0	0.000000	0.000000	0.000000
gnsmath_filetest.gno	SwapMathComputeSwapStep	execution-segment-repricing	4232740	4232740	0	0	0	0	0	0	0	0	0	0	0	0	0.000000	0.000000	0.000000
gov_governance_propose_community_pool_spend_filetest.gno	Propose Community Pool Spend	execution-segment-repricing	2446348	2446348	0	20560	20560	0	0	2056000	2056000	0	0	0	0	0	0.000000	0.000000	0.000000
gov_governance_propose_parameter_change_filetest.gno	Propose Parameter Change	execution-segment-repricing	2992330	2992330	0	19532	19532	0	0	1953200	1953200	0	0	0	0	0	0.000000	0.000000	0.000000
gov_governance_propose_parameter_change_filetest.gno	Vote	execution-segment-repricing	1020769	1020769	0	4488	4488	0	0	448800	448800	0	0	0	0	0	0.000000	0.000000	0.000000
gov_governance_propose_parameter_change_filetest.gno	Execute	execution-segment-repricing	2528088	2528088	0	76	76	0	0	7600	7600	0	0	0	0	0	0.000000	0.000000	0.000000
gov_governance_propose_text_filetest.gno	Propose Text	execution-segment-repricing	1931909	1931909	0	18333	18333	0	0	1833300	1833300	0	0	0	0	0	0.000000	0.000000	0.000000
gov_governance_propose_text_with_incative_proposals_filetest.gno	Propose Text with Inactive: 100	execution-segment-repricing	2347937	2347937	0	8501	8501	0	0	850100	850100	0	0	0	0	0	0.000000	0.000000	0.000000
gov_staker_collect_gns_delegation100_withdraw1_filetest.gno	CollectUndelegatedGns (100 delegations, 1 withdraws)	execution-segment-repricing	25137447	25137447	0	0	0	0	0	0	0	0	0	0	0	0	0.000000	0.000000	0.000000
gov_staker_collect_gns_delegation10_withdraw10_filetest.gno	CollectUndelegatedGns (10 delegations, 10 withdraws)	execution-segment-repricing	4375919	4375919	0	0	0	0	0	0	0	0	0	0	0	0	0.000000	0.000000	0.000000
gov_staker_collect_gns_delegation10_withdraw1_filetest.gno	CollectUndelegatedGns (10 delegations, 1 withdraws)	execution-segment-repricing	2337329	2337329	0	0	0	0	0	0	0	0	0	0	0	0	0.000000	0.000000	0.000000
gov_staker_collect_gns_delegation10_withdraw50_filetest.gno	CollectUndelegatedGns (10 delegations, 50 withdraws)	execution-segment-repricing	13436619	13436619	0	18	18	0	0	1800	1800	0	0	0	0	0	0.000000	0.000000	0.000000
gov_staker_collect_gns_delegation10_withdraw5_filetest.gno	CollectUndelegatedGns (10 delegations, 5 withdraws)	execution-segment-repricing	3243369	3243369	0	0	0	0	0	0	0	0	0	0	0	0	0.000000	0.000000	0.000000
gov_staker_collect_gns_delegation1_withdraw10_filetest.gno	CollectUndelegatedGns (1 delegation, 10 withdraws)	execution-segment-repricing	611432	611432	0	0	0	0	0	0	0	0	0	0	0	0	0.000000	0.000000	0.000000
gov_staker_collect_gns_delegation1_withdraw1_filetest.gno	CollectUndelegatedGns (1 delegation, 1 withdraws)	execution-segment-repricing	407573	407573	0	0	0	0	0	0	0	0	0	0	0	0	0.000000	0.000000	0.000000
gov_staker_collect_gns_delegation1_withdraw50_filetest.gno	CollectUndelegatedGns (1 delegation, 50 withdraws)	execution-segment-repricing	1517472	1517472	0	0	0	0	0	0	0	0	0	0	0	0	0.000000	0.000000	0.000000
gov_staker_collect_gns_delegation1_withdraw5_filetest.gno	CollectUndelegatedGns (1 delegation, 5 withdraws)	execution-segment-repricing	498177	498177	0	0	0	0	0	0	0	0	0	0	0	0	0.000000	0.000000	0.000000
gov_staker_collect_reward_delegation100_withdraw1_filetest.gno	CollectReward (100 delegations, 1 withdraws)	execution-segment-repricing	3457355	3457355	0	2333	2333	0	0	243200	243200	9900	9900	0	0	0	0.000000	0.000000	0.000000
gov_staker_collect_reward_delegation10_withdraw10_filetest.gno	CollectReward (10 delegations, 10 withdraws)	execution-segment-repricing	3457265	3457265	0	2323	2323	0	0	242200	242200	9900	9900	0	0	0	0.000000	0.000000	0.000000
gov_staker_collect_reward_delegation10_withdraw1_filetest.gno	CollectReward (10 delegations, 1 withdraws)	execution-segment-repricing	3453477	3453477	0	2323	2323	0	0	242200	242200	9900	9900	0	0	0	0.000000	0.000000	0.000000
gov_staker_collect_reward_delegation10_withdraw50_filetest.gno	CollectReward (10 delegations, 50 withdraws)	execution-segment-repricing	3456198	3456198	0	2323	2323	0	0	242200	242200	9900	9900	0	0	0	0.000000	0.000000	0.000000
gov_staker_collect_reward_delegation10_withdraw5_filetest.gno	CollectReward (10 delegations, 5 withdraws)	execution-segment-repricing	3450274	3450274	0	2323	2323	0	0	242200	242200	9900	9900	0	0	0	0.000000	0.000000	0.000000
gov_staker_collect_reward_delegation1_withdraw10_filetest.gno	CollectReward (1 delegation, 10 withdraws)	execution-segment-repricing	3527397	3527397	0	2395	2395	0	0	249400	249400	9900	9900	0	0	0	0.000000	0.000000	0.000000
gov_staker_collect_reward_delegation1_withdraw1_filetest.gno	CollectReward (1 delegation, 1 withdraws)	execution-segment-repricing	3702983	3702983	0	2395	2395	0	0	249400	249400	9900	9900	0	0	0	0.000000	0.000000	0.000000
gov_staker_collect_reward_delegation1_withdraw50_filetest.gno	CollectReward (1 delegation, 50 withdraws)	execution-segment-repricing	3524194	3524194	0	2395	2395	0	0	249400	249400	9900	9900	0	0	0	0.000000	0.000000	0.000000
gov_staker_collect_reward_delegation1_withdraw5_filetest.gno	CollectReward (1 delegation, 5 withdraws)	execution-segment-repricing	3525351	3525351	0	2395	2395	0	0	249400	249400	9900	9900	0	0	0	0.000000	0.000000	0.000000
gov_staker_collect_reward_pf_token_count_filetest.gno	gov/staker CollectReward (1 protocol-fee tokens)	execution-segment-repricing	3710276	3710276	0	368	368	0	0	248900	248900	212100	212100	0	0	0	0.000000	0.000000	0.000000
gov_staker_collect_reward_pf_token_count_filetest.gno	gov/staker CollectReward (2 protocol-fee tokens)	execution-segment-repricing	5888205	5888205	0	-1860	-1860	0	0	238200	238200	424200	424200	0	0	0	0.000000	0.000000	0.000000
gov_staker_collect_reward_pf_token_count_filetest.gno	gov/staker CollectReward (3 protocol-fee tokens)	execution-segment-repricing	8186417	8186417	0	-3992	-3992	0	0	238200	238200	637400	637400	0	0	0	0.000000	0.000000	0.000000
gov_staker_collect_reward_pf_token_count_filetest.gno	gov/staker CollectReward (4 protocol-fee tokens)	execution-segment-repricing	10495832	10495832	0	-6122	-6122	0	0	238200	238200	850400	850400	0	0	0	0.000000	0.000000	0.000000
gov_staker_collect_reward_pf_token_count_filetest.gno	gov/staker CollectReward (4 protocol-fee tokens but zero amount)	execution-segment-repricing	1701190	1701190	0	0	0	0	0	0	0	0	0	0	0	0	0.000000	0.000000	0.000000
gov_staker_delegate_undelegate_filetest.gno	Delegate	execution-segment-repricing	4989756	4991820	2064	38285	38285	0	0	3828500	3828500	0	0	0	2.064	2.064	0.000000	+0.000002	+0.000002
gov_staker_delegate_undelegate_filetest.gno	Undelegate	execution-segment-repricing	2279200	2279200	0	840	840	0	0	84000	84000	0	0	0	0	0	0.000000	0.000000	0.000000
gov_staker_optimizations_filetest.gno	Undelegate (5 delegations, cached external calls)	execution-segment-repricing	9705646	9705646	0	3510	3510	0	0	351000	351000	0	0	0	0	0	0.000000	0.000000	0.000000
gov_staker_optimizations_filetest.gno	Delegate (cached external calls)	execution-segment-repricing	3046853	3046853	0	3210	3210	0	0	321000	321000	0	0	0	0	0	0.000000	0.000000	0.000000
gov_staker_optimizations_filetest.gno	Undelegate (early exit, 3 of 10 delegations)	execution-segment-repricing	6656620	6656620	0	2088	2088	0	0	208800	208800	0	0	0	0	0	0.000000	0.000000	0.000000
gov_staker_redelegate_filetest.gno	Redelegate	execution-segment-repricing	4363314	4363314	0	1423	1423	0	0	142300	142300	0	0	0	0	0	0.000000	0.000000	0.000000
gov_staker_redelegate_many_delegations_filetest.gno	Redelegate (50 of 100 delegations, optimized)	execution-segment-repricing	123363976	123363976	0	-118826	-118826	0	0	0	0	11882600	11882600	0	0	0	0.000000	0.000000	0.000000
gov_staker_undelegate_many_delegatees_filetest.gno	Undelegate (50 delegatees, large AVL traversal)	execution-segment-repricing	2459149	2459149	0	708	708	0	0	70800	70800	0	0	0	0	0	0.000000	0.000000	0.000000
launchpad_collect_deposit_gns_accumulation_filetest.gno	CollectDepositGns (deposit 1/5, remaining 4)	execution-segment-repricing	7721509	7837227	115718	1850	1850	0	119128	407700	407700	222700	222700	0	115.718	115.718	0.000000	+0.000116	+0.000116
launchpad_collect_deposit_gns_accumulation_filetest.gno	CollectDepositGns (deposit 2/5, remaining 3)	execution-segment-repricing	7380514	7496970	116456	-2257	-2257	0	119128	0	0	225700	225700	0	116.456	116.456	0.000000	+0.000116	+0.000116
launchpad_collect_deposit_gns_accumulation_filetest.gno	CollectDepositGns (deposit 3/5, remaining 2)	execution-segment-repricing	7354134	7470590	116456	-2257	-2257	0	119128	0	0	225700	225700	0	116.456	116.456	0.000000	+0.000116	+0.000116
launchpad_collect_deposit_gns_accumulation_filetest.gno	CollectDepositGns (deposit 4/5, remaining 1)	execution-segment-repricing	7359580	7476036	116456	-2257	-2257	0	119128	0	0	225700	225700	0	116.456	116.456	0.000000	+0.000116	+0.000116
launchpad_collect_deposit_gns_accumulation_filetest.gno	CollectDepositGns (deposit 5/5, remaining 0)	execution-segment-repricing	7231937	7348393	116456	-8456	-8456	0	119128	0	0	845600	845600	0	116.456	116.456	0.000000	+0.000116	+0.000116
launchpad_collect_deposit_gns_filetest.gno	Launchpad CollectDepositGns	execution-segment-repricing	7588751	7704469	115718	-4155	-4155	0	119128	213000	213000	628500	628500	0	115.718	115.718	0.000000	+0.000116	+0.000116
launchpad_collect_protocol_fee_1_token_filetest.gno	CollectProtocolFee (1 token)	execution-segment-repricing	3584812	3584812	0	4426	4426	0	0	451800	451800	9200	9200	0	0	0	0.000000	0.000000	0.000000
launchpad_collect_protocol_fee_2_tokens_filetest.gno	CollectProtocolFee (2 tokens)	execution-segment-repricing	5670124	5670124	0	8750	8750	0	0	892900	892900	17900	17900	0	0	0	0.000000	0.000000	0.000000
launchpad_collect_protocol_fee_5_tokens_filetest.gno	CollectProtocolFee (5 tokens)	execution-segment-repricing	11964755	11964755	0	21724	21724	0	0	2216200	2216200	43800	43800	0	0	0	0.000000	0.000000	0.000000
launchpad_collect_protocol_fee_filetest.gno	Launchpad CollectProtocolFee (tokens: 10)	execution-segment-repricing	22358495	22358495	0	43713	43713	0	0	4467700	4467700	96400	96400	0	0	0	0.000000	0.000000	0.000000
launchpad_collect_reward_filetest.gno	Launchpad CollectRewardByDepositId	execution-segment-repricing	3308430	3305847	-2583	2070	2070	0	0	207000	207000	0	0	0	-2.583	-2.583	0.000000	-0.000003	-0.000003
launchpad_create_project_filetest.gno	Create Launchpad Project	execution-segment-repricing	8550023	8702888	152865	33729	31284	-2445	148992	3372900	3128400	0	0	-244500	152.865	-244347.135	-0.244500	+0.000153	-0.244347
launchpad_deposit_gns_filetest.gno	Launchpad DepositGns	execution-segment-repricing	6420331	6610266	189935	24246	24246	0	119128	2531000	2531000	106400	106400	0	189.935	189.935	0.000000	+0.000190	+0.000190
launchpad_remaining_public_100_filetest.gno	Remaining launch allocation n=100	execution-segment-repricing	6263679	6412980	149301	32749	30304	-2445	148992	3274900	3030400	0	0	-244500	149.301	-244350.699	-0.244500	+0.000149	-0.244351
launchpad_remaining_public_100_filetest.gno	Remaining launch deposit seed n=100	execution-segment-repricing	9217364	9407299	189935	25327	25327	0	119128	2532700	2532700	0	0	0	189.935	189.935	0.000000	+0.000190	+0.000190
launchpad_remaining_public_100_filetest.gno	Remaining launch deposit index=0 n=100	execution-segment-repricing	8677665	8795597	117932	2027	2027	0	119128	407000	407000	204300	204300	0	117.932	117.932	0.000000	+0.000118	+0.000118
launchpad_remaining_public_100_filetest.gno	Remaining launch deposit index=1 n=100	execution-segment-repricing	8671945	8789877	117932	1883	1883	0	119128	392600	392600	204300	204300	0	117.932	117.932	0.000000	+0.000118	+0.000118
launchpad_remaining_public_100_filetest.gno	Remaining launch deposit index=2 n=100	execution-segment-repricing	8678846	8796778	117932	1883	1883	0	119128	392600	392600	204300	204300	0	117.932	117.932	0.000000	+0.000118	+0.000118
launchpad_remaining_public_100_filetest.gno	Remaining launch deposit index=3 n=100	execution-segment-repricing	8679301	8797233	117932	1883	1883	0	119128	392600	392600	204300	204300	0	117.932	117.932	0.000000	+0.000118	+0.000118
launchpad_remaining_public_100_filetest.gno	Remaining launch deposit index=4 n=100	execution-segment-repricing	8684286	8802218	117932	1883	1883	0	119128	392600	392600	204300	204300	0	117.932	117.932	0.000000	+0.000118	+0.000118
launchpad_remaining_public_100_filetest.gno	Remaining launch deposit index=5 n=100	execution-segment-repricing	8685228	8803160	117932	1883	1883	0	119128	392600	392600	204300	204300	0	117.932	117.932	0.000000	+0.000118	+0.000118
launchpad_remaining_public_100_filetest.gno	Remaining launch deposit index=6 n=100	execution-segment-repricing	8692616	8810548	117932	1883	1883	0	119128	392600	392600	204300	204300	0	117.932	117.932	0.000000	+0.000118	+0.000118
launchpad_remaining_public_100_filetest.gno	Remaining launch deposit index=7 n=100	execution-segment-repricing	8693071	8811003	117932	1883	1883	0	119128	392600	392600	204300	204300	0	117.932	117.932	0.000000	+0.000118	+0.000118
launchpad_remaining_public_100_filetest.gno	Remaining launch deposit index=8 n=100	execution-segment-repricing	8722638	8840570	117932	1982	1982	0	119128	402500	402500	204300	204300	0	117.932	117.932	0.000000	+0.000118	+0.000118
launchpad_remaining_public_100_filetest.gno	Remaining launch deposit index=9 n=100	execution-segment-repricing	8717724	8835656	117932	1886	1886	0	119128	392900	392900	204300	204300	0	117.932	117.932	0.000000	+0.000118	+0.000118
launchpad_remaining_public_100_filetest.gno	Remaining launch deposit index=10 n=100	execution-segment-repricing	8720359	8838291	117932	1886	1886	0	119128	392900	392900	204300	204300	0	117.932	117.932	0.000000	+0.000118	+0.000118
launchpad_remaining_public_100_filetest.gno	Remaining launch deposit index=11 n=100	execution-segment-repricing	8725798	8843730	117932	1944	1944	0	119128	392900	392900	198500	198500	0	117.932	117.932	0.000000	+0.000118	+0.000118
launchpad_remaining_public_100_filetest.gno	Remaining launch deposit index=12 n=100	execution-segment-repricing	8727664	8845596	117932	1880	1880	0	119128	392900	392900	204900	204900	0	117.932	117.932	0.000000	+0.000118	+0.000118
launchpad_remaining_public_100_filetest.gno	Remaining launch deposit index=13 n=100	execution-segment-repricing	8729099	8847031	117932	1874	1874	0	119128	392900	392900	205500	205500	0	117.932	117.932	0.000000	+0.000118	+0.000118
launchpad_remaining_public_100_filetest.gno	Remaining launch deposit index=14 n=100	execution-segment-repricing	8730052	8847984	117932	1874	1874	0	119128	392900	392900	205500	205500	0	117.932	117.932	0.000000	+0.000118	+0.000118
launchpad_remaining_public_100_filetest.gno	Remaining launch deposit index=15 n=100	execution-segment-repricing	9018399	9136331	117932	15048	15048	0	119128	1710300	1710300	205500	205500	0	117.932	117.932	0.000000	+0.000118	+0.000118
launchpad_remaining_public_100_filetest.gno	Remaining launch deposit index=16 n=100	execution-segment-repricing	8778392	8896324	117932	1970	1970	0	119128	402500	402500	205500	205500	0	117.932	117.932	0.000000	+0.000118	+0.000118
launchpad_remaining_public_100_filetest.gno	Remaining launch deposit index=17 n=100	execution-segment-repricing	8773384	8891316	117932	1874	1874	0	119128	392900	392900	205500	205500	0	117.932	117.932	0.000000	+0.000118	+0.000118
launchpad_remaining_public_100_filetest.gno	Remaining launch deposit index=18 n=100	execution-segment-repricing	8777292	8895224	117932	1874	1874	0	119128	392900	392900	205500	205500	0	117.932	117.932	0.000000	+0.000118	+0.000118
launchpad_remaining_public_100_filetest.gno	Remaining launch deposit index=19 n=100	execution-segment-repricing	8779214	8897146	117932	1874	1874	0	119128	392900	392900	205500	205500	0	117.932	117.932	0.000000	+0.000118	+0.000118
launchpad_remaining_public_100_filetest.gno	Remaining launch deposit index=20 n=100	execution-segment-repricing	8773719	8891651	117932	1874	1874	0	119128	392900	392900	205500	205500	0	117.932	117.932	0.000000	+0.000118	+0.000118
launchpad_remaining_public_100_filetest.gno	Remaining launch deposit index=21 n=100	execution-segment-repricing	8781602	8899534	117932	1874	1874	0	119128	392900	392900	205500	205500	0	117.932	117.932	0.000000	+0.000118	+0.000118
launchpad_remaining_public_100_filetest.gno	Remaining launch deposit index=22 n=100	execution-segment-repricing	8781568	8899500	117932	1874	1874	0	119128	392900	392900	205500	205500	0	117.932	117.932	0.000000	+0.000118	+0.000118
launchpad_remaining_public_100_filetest.gno	Remaining launch deposit index=23 n=100	execution-segment-repricing	9084234	9202166	117932	8566	8566	0	119128	1062100	1062100	205500	205500	0	117.932	117.932	0.000000	+0.000118	+0.000118
launchpad_remaining_public_100_filetest.gno	Remaining launch deposit index=24 n=100	execution-segment-repricing	8771653	8889585	117932	1922	1922	0	119128	397700	397700	205500	205500	0	117.932	117.932	0.000000	+0.000118	+0.000118
launchpad_remaining_public_100_filetest.gno	Remaining launch deposit index=25 n=100	execution-segment-repricing	8777583	8895515	117932	1874	1874	0	119128	392900	392900	205500	205500	0	117.932	117.932	0.000000	+0.000118	+0.000118
launchpad_remaining_public_100_filetest.gno	Remaining launch deposit index=26 n=100	execution-segment-repricing	8779510	8897442	117932	1874	1874	0	119128	392900	392900	205500	205500	0	117.932	117.932	0.000000	+0.000118	+0.000118
launchpad_remaining_public_100_filetest.gno	Remaining launch deposit index=27 n=100	execution-segment-repricing	8780458	8898390	117932	1874	1874	0	119128	392900	392900	205500	205500	0	117.932	117.932	0.000000	+0.000118	+0.000118
launchpad_remaining_public_100_filetest.gno	Remaining launch deposit index=28 n=100	execution-segment-repricing	8778400	8896332	117932	1874	1874	0	119128	392900	392900	205500	205500	0	117.932	117.932	0.000000	+0.000118	+0.000118
launchpad_remaining_public_100_filetest.gno	Remaining launch deposit index=29 n=100	execution-segment-repricing	8779350	8897282	117932	1874	1874	0	119128	392900	392900	205500	205500	0	117.932	117.932	0.000000	+0.000118	+0.000118
launchpad_remaining_public_100_filetest.gno	Remaining launch deposit index=30 n=100	execution-segment-repricing	8777495	8895427	117932	1874	1874	0	119128	392900	392900	205500	205500	0	117.932	117.932	0.000000	+0.000118	+0.000118
launchpad_remaining_public_100_filetest.gno	Remaining launch deposit index=31 n=100	execution-segment-repricing	9085964	9203896	117932	8554	8554	0	119128	1060900	1060900	205500	205500	0	117.932	117.932	0.000000	+0.000118	+0.000118
launchpad_remaining_public_100_filetest.gno	Remaining launch deposit index=32 n=100	execution-segment-repricing	8776829	8894761	117932	1922	1922	0	119128	397700	397700	205500	205500	0	117.932	117.932	0.000000	+0.000118	+0.000118
launchpad_remaining_public_100_filetest.gno	Remaining launch deposit index=33 n=100	execution-segment-repricing	8784225	8902157	117932	1874	1874	0	119128	392900	392900	205500	205500	0	117.932	117.932	0.000000	+0.000118	+0.000118
launchpad_remaining_public_100_filetest.gno	Remaining launch deposit index=34 n=100	execution-segment-repricing	8778730	8896662	117932	1874	1874	0	119128	392900	392900	205500	205500	0	117.932	117.932	0.000000	+0.000118	+0.000118
launchpad_remaining_public_100_filetest.gno	Remaining launch deposit index=35 n=100	execution-segment-repricing	8779678	8897610	117932	1874	1874	0	119128	392900	392900	205500	205500	0	117.932	117.932	0.000000	+0.000118	+0.000118
launchpad_remaining_public_100_filetest.gno	Remaining launch deposit index=36 n=100	execution-segment-repricing	8785603	8903535	117932	1874	1874	0	119128	392900	392900	205500	205500	0	117.932	117.932	0.000000	+0.000118	+0.000118
launchpad_remaining_public_100_filetest.gno	Remaining launch deposit index=37 n=100	execution-segment-repricing	8786569	8904501	117932	1880	1880	0	119128	393500	393500	205500	205500	0	117.932	117.932	0.000000	+0.000118	+0.000118
launchpad_remaining_public_100_filetest.gno	Remaining launch deposit index=38 n=100	execution-segment-repricing	8785982	8903914	117932	1874	1874	0	119128	392900	392900	205500	205500	0	117.932	117.932	0.000000	+0.000118	+0.000118
launchpad_remaining_public_100_filetest.gno	Remaining launch deposit index=39 n=100	execution-segment-repricing	9093179	9211111	117932	8554	8554	0	119128	1060900	1060900	205500	205500	0	117.932	117.932	0.000000	+0.000118	+0.000118
launchpad_remaining_public_100_filetest.gno	Remaining launch deposit index=40 n=100	execution-segment-repricing	8776063	8893995	117932	1922	1922	0	119128	397700	397700	205500	205500	0	117.932	117.932	0.000000	+0.000118	+0.000118
launchpad_remaining_public_100_filetest.gno	Remaining launch deposit index=41 n=100	execution-segment-repricing	8777011	8894943	117932	1874	1874	0	119128	392900	392900	205500	205500	0	117.932	117.932	0.000000	+0.000118	+0.000118
launchpad_remaining_public_100_filetest.gno	Remaining launch deposit index=42 n=100	execution-segment-repricing	8782936	8900868	117932	1874	1874	0	119128	392900	392900	205500	205500	0	117.932	117.932	0.000000	+0.000118	+0.000118
launchpad_remaining_public_100_filetest.gno	Remaining launch deposit index=43 n=100	execution-segment-repricing	8783397	8901329	117932	1874	1874	0	119128	392900	392900	205500	205500	0	117.932	117.932	0.000000	+0.000118	+0.000118
launchpad_remaining_public_100_filetest.gno	Remaining launch deposit index=44 n=100	execution-segment-repricing	8785324	8903256	117932	1874	1874	0	119128	392900	392900	205500	205500	0	117.932	117.932	0.000000	+0.000118	+0.000118
launchpad_remaining_public_100_filetest.gno	Remaining launch deposit index=45 n=100	execution-segment-repricing	8786272	8904204	117932	1874	1874	0	119128	392900	392900	205500	205500	0	117.932	117.932	0.000000	+0.000118	+0.000118
launchpad_remaining_public_100_filetest.gno	Remaining launch deposit index=46 n=100	execution-segment-repricing	8787259	8905152	117893	1887	1874	-13	119128	394200	392900	205500	205500	-1300	117.893	-1182.107	-0.001300	+0.000118	-0.001182
launchpad_remaining_public_100_filetest.gno	Remaining launch deposit index=47 n=100	execution-segment-repricing	9095298	9212990	117692	8618	8554	-64	119128	1067300	1060900	205500	205500	-6400	117.692	-6282.308	-0.006400	+0.000118	-0.006282
launchpad_remaining_public_100_filetest.gno	Remaining launch deposit index=48 n=100	execution-segment-repricing	8779512	8897213	117701	1946	1922	-24	119128	400100	397700	205500	205500	-2400	117.701	-2282.299	-0.002400	+0.000118	-0.002282
launchpad_remaining_public_100_filetest.gno	Remaining launch deposit index=49 n=100	execution-segment-repricing	8791198	8908893	117695	1898	1874	-24	119128	395300	392900	205500	205500	-2400	117.695	-2282.305	-0.002400	+0.000118	-0.002282
launchpad_remaining_public_100_filetest.gno	Remaining launch deposit index=50 n=100	execution-segment-repricing	8792644	8910333	117689	1898	1874	-24	119128	395300	392900	205500	205500	-2400	117.689	-2282.311	-0.002400	+0.000118	-0.002282
launchpad_remaining_public_100_filetest.gno	Remaining launch deposit index=51 n=100	execution-segment-repricing	8793604	8911287	117683	1899	1875	-24	119128	395400	393000	205500	205500	-2400	117.683	-2282.317	-0.002400	+0.000118	-0.002282
launchpad_remaining_public_100_filetest.gno	Remaining launch deposit index=52 n=100	execution-segment-repricing	8794077	8911754	117677	1900	1876	-24	119128	395500	393100	205500	205500	-2400	117.677	-2282.323	-0.002400	+0.000118	-0.002282
launchpad_remaining_public_100_filetest.gno	Remaining launch deposit index=53 n=100	execution-segment-repricing	8795031	8912819	117788	1898	1909	11	119128	395300	396400	205500	205500	1100	117.788	1217.788	+0.001100	+0.000118	+0.001218
launchpad_remaining_public_100_filetest.gno	Remaining launch deposit index=54 n=100	execution-segment-repricing	8796964	8914758	117794	1898	1896	-2	119128	395300	395100	205500	205500	-200	117.794	-82.206	-0.000200	+0.000118	-0.000082
launchpad_remaining_public_100_filetest.gno	Remaining launch deposit index=55 n=100	execution-segment-repricing	9107039	9224740	117701	8600	8608	8	119128	1065500	1066300	205500	205500	800	117.701	917.701	+0.000800	+0.000118	+0.000918
launchpad_remaining_public_100_filetest.gno	Remaining launch deposit index=56 n=100	execution-segment-repricing	8791041	8908925	117884	1946	1946	0	119128	400100	400100	205500	205500	0	117.884	117.884	0.000000	+0.000118	+0.000118
launchpad_remaining_public_100_filetest.gno	Remaining launch deposit index=57 n=100	execution-segment-repricing	8792482	8910366	117884	1898	1898	0	119128	395300	395300	205500	205500	0	117.884	117.884	0.000000	+0.000118	+0.000118
launchpad_remaining_public_100_filetest.gno	Remaining launch deposit index=58 n=100	execution-segment-repricing	8785458	8903342	117884	1898	1898	0	119128	395300	395300	205500	205500	0	117.884	117.884	0.000000	+0.000118	+0.000118
launchpad_remaining_public_100_filetest.gno	Remaining launch deposit index=59 n=100	execution-segment-repricing	8785927	8903811	117884	1898	1898	0	119128	395300	395300	205500	205500	0	117.884	117.884	0.000000	+0.000118	+0.000118
launchpad_remaining_public_100_filetest.gno	Remaining launch deposit index=60 n=100	execution-segment-repricing	8793329	8911213	117884	1898	1898	0	119128	395300	395300	205500	205500	0	117.884	117.884	0.000000	+0.000118	+0.000118
launchpad_remaining_public_100_filetest.gno	Remaining launch deposit index=61 n=100	execution-segment-repricing	8794768	8912652	117884	1898	1898	0	119128	395300	395300	205500	205500	0	117.884	117.884	0.000000	+0.000118	+0.000118
launchpad_remaining_public_100_filetest.gno	Remaining launch deposit index=62 n=100	execution-segment-repricing	8795230	8913114	117884	1898	1898	0	119128	395300	395300	205500	205500	0	117.884	117.884	0.000000	+0.000118	+0.000118
launchpad_remaining_public_100_filetest.gno	Remaining launch deposit index=63 n=100	execution-segment-repricing	9108374	9226207	117833	8600	8600	0	119128	1065500	1065500	205500	205500	0	117.833	117.833	0.000000	+0.000118	+0.000118
launchpad_remaining_public_100_filetest.gno	Remaining launch deposit index=64 n=100	execution-segment-repricing	8797208	8915107	117899	1946	1946	0	119128	400100	400100	205500	205500	0	117.899	117.899	0.000000	+0.000118	+0.000118
launchpad_remaining_public_100_filetest.gno	Remaining launch deposit index=65 n=100	execution-segment-repricing	8798162	8916061	117899	1898	1898	0	119128	395300	395300	205500	205500	0	117.899	117.899	0.000000	+0.000118	+0.000118
launchpad_remaining_public_100_filetest.gno	Remaining launch deposit index=66 n=100	execution-segment-repricing	8792673	8910572	117899	1898	1898	0	119128	395300	395300	205500	205500	0	117.899	117.899	0.000000	+0.000118	+0.000118
launchpad_remaining_public_100_filetest.gno	Remaining launch deposit index=67 n=100	execution-segment-repricing	8793627	8911526	117899	1898	1898	0	119128	395300	395300	205500	205500	0	117.899	117.899	0.000000	+0.000118	+0.000118
launchpad_remaining_public_100_filetest.gno	Remaining launch deposit index=68 n=100	execution-segment-repricing	8797536	8915435	117899	1898	1898	0	119128	395300	395300	205500	205500	0	117.899	117.899	0.000000	+0.000118	+0.000118
launchpad_remaining_public_100_filetest.gno	Remaining launch deposit index=69 n=100	execution-segment-repricing	8798492	8916391	117899	1898	1898	0	119128	395300	395300	205500	205500	0	117.899	117.899	0.000000	+0.000118	+0.000118
launchpad_remaining_public_100_filetest.gno	Remaining launch deposit index=70 n=100	execution-segment-repricing	8799938	8917837	117899	1898	1898	0	119128	395300	395300	205500	205500	0	117.899	117.899	0.000000	+0.000118	+0.000118
launchpad_remaining_public_100_filetest.gno	Remaining launch deposit index=71 n=100	execution-segment-repricing	9115606	9233505	117899	8600	8600	0	119128	1065500	1065500	205500	205500	0	117.899	117.899	0.000000	+0.000118	+0.000118
launchpad_remaining_public_100_filetest.gno	Remaining launch deposit index=72 n=100	execution-segment-repricing	8789008	8906907	117899	1946	1946	0	119128	400100	400100	205500	205500	0	117.899	117.899	0.000000	+0.000118	+0.000118
launchpad_remaining_public_100_filetest.gno	Remaining launch deposit index=73 n=100	execution-segment-repricing	8789475	8907374	117899	1898	1898	0	119128	395300	395300	205500	205500	0	117.899	117.899	0.000000	+0.000118	+0.000118
launchpad_remaining_public_100_filetest.gno	Remaining launch deposit index=74 n=100	execution-segment-repricing	8797359	8915258	117899	1898	1898	0	119128	395300	395300	205500	205500	0	117.899	117.899	0.000000	+0.000118	+0.000118
launchpad_remaining_public_100_filetest.gno	Remaining launch deposit index=75 n=100	execution-segment-repricing	8794531	8912430	117899	1898	1898	0	119128	395300	395300	205500	205500	0	117.899	117.899	0.000000	+0.000118	+0.000118
launchpad_remaining_public_100_filetest.gno	Remaining launch deposit index=76 n=100	execution-segment-repricing	8799267	8917166	117899	1898	1898	0	119128	395300	395300	205500	205500	0	117.899	117.899	0.000000	+0.000118	+0.000118
launchpad_remaining_public_100_filetest.gno	Remaining launch deposit index=77 n=100	execution-segment-repricing	8799734	8917633	117899	1898	1898	0	119128	395300	395300	205500	205500	0	117.899	117.899	0.000000	+0.000118	+0.000118
launchpad_remaining_public_100_filetest.gno	Remaining launch deposit index=78 n=100	execution-segment-repricing	8798666	8916565	117899	1898	1898	0	119128	395300	395300	205500	205500	0	117.899	117.899	0.000000	+0.000118	+0.000118
launchpad_remaining_public_100_filetest.gno	Remaining launch deposit index=79 n=100	execution-segment-repricing	9117331	9235230	117899	8600	8600	0	119128	1065500	1065500	205500	205500	0	117.899	117.899	0.000000	+0.000118	+0.000118
launchpad_remaining_public_100_filetest.gno	Remaining launch deposit index=80 n=100	execution-segment-repricing	8788724	8906623	117899	1946	1946	0	119128	400100	400100	205500	205500	0	117.899	117.899	0.000000	+0.000118	+0.000118
launchpad_remaining_public_100_filetest.gno	Remaining launch deposit index=81 n=100	execution-segment-repricing	8788215	8906114	117899	1898	1898	0	119128	395300	395300	205500	205500	0	117.899	117.899	0.000000	+0.000118	+0.000118
launchpad_remaining_public_100_filetest.gno	Remaining launch deposit index=82 n=100	execution-segment-repricing	8796104	8914003	117899	1898	1898	0	119128	395300	395300	205500	205500	0	117.899	117.899	0.000000	+0.000118	+0.000118
launchpad_remaining_public_100_filetest.gno	Remaining launch deposit index=83 n=100	execution-segment-repricing	8798034	8915933	117899	1898	1898	0	119128	395300	395300	205500	205500	0	117.899	117.899	0.000000	+0.000118	+0.000118
launchpad_remaining_public_100_filetest.gno	Remaining launch deposit index=84 n=100	execution-segment-repricing	8798501	8916400	117899	1898	1898	0	119128	395300	395300	205500	205500	0	117.899	117.899	0.000000	+0.000118	+0.000118
launchpad_remaining_public_100_filetest.gno	Remaining launch deposit index=85 n=100	execution-segment-repricing	8796160	8914059	117899	1898	1898	0	119128	395300	395300	205500	205500	0	117.899	117.899	0.000000	+0.000118	+0.000118
launchpad_remaining_public_100_filetest.gno	Remaining launch deposit index=86 n=100	execution-segment-repricing	8800409	8918308	117899	1898	1898	0	119128	395300	395300	205500	205500	0	117.899	117.899	0.000000	+0.000118	+0.000118
launchpad_remaining_public_100_filetest.gno	Remaining launch deposit index=87 n=100	execution-segment-repricing	9118272	9236171	117899	8600	8600	0	119128	1065500	1065500	205500	205500	0	117.899	117.899	0.000000	+0.000118	+0.000118
launchpad_remaining_public_100_filetest.gno	Remaining launch deposit index=88 n=100	execution-segment-repricing	8783917	8901816	117899	1946	1946	0	119128	400100	400100	205500	205500	0	117.899	117.899	0.000000	+0.000118	+0.000118
launchpad_remaining_public_100_filetest.gno	Remaining launch deposit index=89 n=100	execution-segment-repricing	8785845	8903744	117899	1898	1898	0	119128	395300	395300	205500	205500	0	117.899	117.899	0.000000	+0.000118	+0.000118
launchpad_remaining_public_100_filetest.gno	Remaining launch deposit index=90 n=100	execution-segment-repricing	8787286	8905185	117899	1898	1898	0	119128	395300	395300	205500	205500	0	117.899	117.899	0.000000	+0.000118	+0.000118
launchpad_remaining_public_100_filetest.gno	Remaining launch deposit index=91 n=100	execution-segment-repricing	8787268	8905167	117899	1898	1898	0	119128	395300	395300	205500	205500	0	117.899	117.899	0.000000	+0.000118	+0.000118
launchpad_remaining_public_100_filetest.gno	Remaining launch deposit index=92 n=100	execution-segment-repricing	8788709	8906608	117899	1898	1898	0	119128	395300	395300	205500	205500	0	117.899	117.899	0.000000	+0.000118	+0.000118
launchpad_remaining_public_100_filetest.gno	Remaining launch deposit index=93 n=100	execution-segment-repricing	8789663	8907562	117899	1898	1898	0	119128	395300	395300	205500	205500	0	117.899	117.899	0.000000	+0.000118	+0.000118
launchpad_remaining_public_100_filetest.gno	Remaining launch deposit index=94 n=100	execution-segment-repricing	8797552	8915451	117899	1898	1898	0	119128	395300	395300	205500	205500	0	117.899	117.899	0.000000	+0.000118	+0.000118
launchpad_remaining_public_100_filetest.gno	Remaining launch deposit index=95 n=100	execution-segment-repricing	9046123	9164022	117899	8320	8320	0	119128	1037500	1037500	205500	205500	0	117.899	117.899	0.000000	+0.000118	+0.000118
launchpad_remaining_public_100_filetest.gno	Remaining launch deposit index=96 n=100	execution-segment-repricing	8762211	8880110	117899	1946	1946	0	119128	400100	400100	205500	205500	0	117.899	117.899	0.000000	+0.000118	+0.000118
launchpad_remaining_public_100_filetest.gno	Remaining launch deposit index=97 n=100	execution-segment-repricing	8774462	8892361	117899	1898	1898	0	119128	395300	395300	205500	205500	0	117.899	117.899	0.000000	+0.000118	+0.000118
launchpad_remaining_public_100_filetest.gno	Remaining launch deposit index=98 n=100	execution-segment-repricing	8827433	8945332	117899	1883	1883	0	119128	393800	393800	205500	205500	0	117.899	117.899	0.000000	+0.000118	+0.000118
launchpad_remaining_public_100_filetest.gno	Remaining launch deposit index=99 n=100	execution-segment-repricing	8827788	8945687	117899	1859	1859	0	119128	391400	391400	205500	205500	0	117.899	117.899	0.000000	+0.000118	+0.000118
launchpad_remaining_public_100_filetest.gno	Remaining launch query getters n=100	query-computation-only	14114020	14183325	69305	0	0	0	67801	0	0	0	0	0	0	0	0.000000	0.000000	0.000000
launchpad_remaining_public_100_filetest.gno	Remaining launch claim index=0 n=100	execution-segment-repricing	3144572	3142712	-1860	2046	2046	0	0	204600	204600	0	0	0	-1.86	-1.86	0.000000	-0.000002	-0.000002
launchpad_remaining_public_100_filetest.gno	Remaining launch claim index=1 n=100	execution-segment-repricing	2777030	2775914	-1116	12	12	0	0	1200	1200	0	0	0	-1.116	-1.116	0.000000	-0.000001	-0.000001
launchpad_remaining_public_100_filetest.gno	Remaining launch claim index=2 n=100	execution-segment-repricing	2800850	2799734	-1116	12	12	0	0	1200	1200	0	0	0	-1.116	-1.116	0.000000	-0.000001	-0.000001
launchpad_remaining_public_100_filetest.gno	Remaining launch claim index=3 n=100	execution-segment-repricing	2778010	2776894	-1116	12	12	0	0	1200	1200	0	0	0	-1.116	-1.116	0.000000	-0.000001	-0.000001
launchpad_remaining_public_100_filetest.gno	Remaining launch claim index=4 n=100	execution-segment-repricing	2788938	2787822	-1116	12	12	0	0	1200	1200	0	0	0	-1.116	-1.116	0.000000	-0.000001	-0.000001
launchpad_remaining_public_100_filetest.gno	Remaining launch claim index=5 n=100	execution-segment-repricing	2777030	2775914	-1116	12	12	0	0	1200	1200	0	0	0	-1.116	-1.116	0.000000	-0.000001	-0.000001
launchpad_remaining_public_100_filetest.gno	Remaining launch claim index=6 n=100	execution-segment-repricing	2788938	2787822	-1116	12	12	0	0	1200	1200	0	0	0	-1.116	-1.116	0.000000	-0.000001	-0.000001
launchpad_remaining_public_100_filetest.gno	Remaining launch claim index=7 n=100	execution-segment-repricing	2801887	2800771	-1116	31	31	0	0	3100	3100	0	0	0	-1.116	-1.116	0.000000	-0.000001	-0.000001
launchpad_remaining_public_100_filetest.gno	Remaining launch claim index=8 n=100	execution-segment-repricing	2799003	2797887	-1116	20	20	0	0	2000	2000	0	0	0	-1.116	-1.116	0.000000	-0.000001	-0.000001
launchpad_remaining_public_100_filetest.gno	Remaining launch claim index=9 n=100	execution-segment-repricing	2799987	2798871	-1116	12	12	0	0	1200	1200	0	0	0	-1.116	-1.116	0.000000	-0.000001	-0.000001
launchpad_remaining_public_100_filetest.gno	Remaining launch claim index=10 n=100	execution-segment-repricing	2788080	2786964	-1116	14	14	0	0	1400	1400	0	0	0	-1.116	-1.116	0.000000	-0.000001	-0.000001
launchpad_remaining_public_100_filetest.gno	Remaining launch claim index=11 n=100	execution-segment-repricing	2799022	2797906	-1116	14	14	0	0	1400	1400	0	0	0	-1.116	-1.116	0.000000	-0.000001	-0.000001
launchpad_remaining_public_100_filetest.gno	Remaining launch claim index=12 n=100	execution-segment-repricing	2800002	2798886	-1116	12	12	0	0	1200	1200	0	0	0	-1.116	-1.116	0.000000	-0.000001	-0.000001
launchpad_remaining_public_100_filetest.gno	Remaining launch claim index=13 n=100	execution-segment-repricing	2788086	2786970	-1116	12	12	0	0	1200	1200	0	0	0	-1.116	-1.116	0.000000	-0.000001	-0.000001
launchpad_remaining_public_100_filetest.gno	Remaining launch claim index=14 n=100	execution-segment-repricing	2788086	2786970	-1116	12	12	0	0	1200	1200	0	0	0	-1.116	-1.116	0.000000	-0.000001	-0.000001
launchpad_remaining_public_100_filetest.gno	Remaining launch claim index=15 n=100	execution-segment-repricing	2799022	2797906	-1116	12	12	0	0	1200	1200	0	0	0	-1.116	-1.116	0.000000	-0.000001	-0.000001
launchpad_remaining_public_100_filetest.gno	Remaining launch claim index=16 n=100	execution-segment-repricing	2800002	2798886	-1116	12	12	0	0	1200	1200	0	0	0	-1.116	-1.116	0.000000	-0.000001	-0.000001
launchpad_remaining_public_100_filetest.gno	Remaining launch claim index=17 n=100	execution-segment-repricing	2788086	2786970	-1116	12	12	0	0	1200	1200	0	0	0	-1.116	-1.116	0.000000	-0.000001	-0.000001
launchpad_remaining_public_100_filetest.gno	Remaining launch claim index=18 n=100	execution-segment-repricing	2789062	2787946	-1116	12	12	0	0	1200	1200	0	0	0	-1.116	-1.116	0.000000	-0.000001	-0.000001
launchpad_remaining_public_100_filetest.gno	Remaining launch claim index=19 n=100	execution-segment-repricing	2788086	2786970	-1116	12	12	0	0	1200	1200	0	0	0	-1.116	-1.116	0.000000	-0.000001	-0.000001
launchpad_remaining_public_100_filetest.gno	Remaining launch claim index=20 n=100	execution-segment-repricing	2789066	2787950	-1116	12	12	0	0	1200	1200	0	0	0	-1.116	-1.116	0.000000	-0.000001	-0.000001
launchpad_remaining_public_100_filetest.gno	Remaining launch claim index=21 n=100	execution-segment-repricing	2789066	2787950	-1116	12	12	0	0	1200	1200	0	0	0	-1.116	-1.116	0.000000	-0.000001	-0.000001
launchpad_remaining_public_100_filetest.gno	Remaining launch claim index=22 n=100	execution-segment-repricing	2787110	2785994	-1116	12	12	0	0	1200	1200	0	0	0	-1.116	-1.116	0.000000	-0.000001	-0.000001
launchpad_remaining_public_100_filetest.gno	Remaining launch claim index=23 n=100	execution-segment-repricing	2788090	2786974	-1116	12	12	0	0	1200	1200	0	0	0	-1.116	-1.116	0.000000	-0.000001	-0.000001
launchpad_remaining_public_100_filetest.gno	Remaining launch claim index=24 n=100	execution-segment-repricing	2776174	2775058	-1116	12	12	0	0	1200	1200	0	0	0	-1.116	-1.116	0.000000	-0.000001	-0.000001
launchpad_remaining_public_100_filetest.gno	Remaining launch claim index=25 n=100	execution-segment-repricing	2776174	2775058	-1116	12	12	0	0	1200	1200	0	0	0	-1.116	-1.116	0.000000	-0.000001	-0.000001
launchpad_remaining_public_100_filetest.gno	Remaining launch claim index=26 n=100	execution-segment-repricing	2777154	2776038	-1116	12	12	0	0	1200	1200	0	0	0	-1.116	-1.116	0.000000	-0.000001	-0.000001
launchpad_remaining_public_100_filetest.gno	Remaining launch claim index=27 n=100	execution-segment-repricing	2776170	2775054	-1116	12	12	0	0	1200	1200	0	0	0	-1.116	-1.116	0.000000	-0.000001	-0.000001
launchpad_remaining_public_100_filetest.gno	Remaining launch claim index=28 n=100	execution-segment-repricing	2777150	2776034	-1116	12	12	0	0	1200	1200	0	0	0	-1.116	-1.116	0.000000	-0.000001	-0.000001
launchpad_remaining_public_100_filetest.gno	Remaining launch claim index=29 n=100	execution-segment-repricing	2799022	2797906	-1116	12	12	0	0	1200	1200	0	0	0	-1.116	-1.116	0.000000	-0.000001	-0.000001
launchpad_remaining_public_100_filetest.gno	Remaining launch claim index=30 n=100	execution-segment-repricing	2800002	2798886	-1116	12	12	0	0	1200	1200	0	0	0	-1.116	-1.116	0.000000	-0.000001	-0.000001
launchpad_remaining_public_100_filetest.gno	Remaining launch claim index=31 n=100	execution-segment-repricing	2788086	2786970	-1116	12	12	0	0	1200	1200	0	0	0	-1.116	-1.116	0.000000	-0.000001	-0.000001
launchpad_remaining_public_100_filetest.gno	Remaining launch claim index=32 n=100	execution-segment-repricing	2788086	2786970	-1116	12	12	0	0	1200	1200	0	0	0	-1.116	-1.116	0.000000	-0.000001	-0.000001
launchpad_remaining_public_100_filetest.gno	Remaining launch claim index=33 n=100	execution-segment-repricing	2789066	2787950	-1116	12	12	0	0	1200	1200	0	0	0	-1.116	-1.116	0.000000	-0.000001	-0.000001
launchpad_remaining_public_100_filetest.gno	Remaining launch claim index=34 n=100	execution-segment-repricing	2788086	2786970	-1116	12	12	0	0	1200	1200	0	0	0	-1.116	-1.116	0.000000	-0.000001	-0.000001
launchpad_remaining_public_100_filetest.gno	Remaining launch claim index=35 n=100	execution-segment-repricing	2789066	2787950	-1116	12	12	0	0	1200	1200	0	0	0	-1.116	-1.116	0.000000	-0.000001	-0.000001
launchpad_remaining_public_100_filetest.gno	Remaining launch claim index=36 n=100	execution-segment-repricing	2789066	2787950	-1116	12	12	0	0	1200	1200	0	0	0	-1.116	-1.116	0.000000	-0.000001	-0.000001
launchpad_remaining_public_100_filetest.gno	Remaining launch claim index=37 n=100	execution-segment-repricing	2799998	2798882	-1116	12	12	0	0	1200	1200	0	0	0	-1.116	-1.116	0.000000	-0.000001	-0.000001
launchpad_remaining_public_100_filetest.gno	Remaining launch claim index=38 n=100	execution-segment-repricing	2789062	2787946	-1116	12	12	0	0	1200	1200	0	0	0	-1.116	-1.116	0.000000	-0.000001	-0.000001
launchpad_remaining_public_100_filetest.gno	Remaining launch claim index=39 n=100	execution-segment-repricing	2789066	2787950	-1116	12	12	0	0	1200	1200	0	0	0	-1.116	-1.116	0.000000	-0.000001	-0.000001
launchpad_remaining_public_100_filetest.gno	Remaining launch claim index=40 n=100	execution-segment-repricing	2790046	2788930	-1116	12	12	0	0	1200	1200	0	0	0	-1.116	-1.116	0.000000	-0.000001	-0.000001
launchpad_remaining_public_100_filetest.gno	Remaining launch claim index=41 n=100	execution-segment-repricing	2789066	2787950	-1116	12	12	0	0	1200	1200	0	0	0	-1.116	-1.116	0.000000	-0.000001	-0.000001
launchpad_remaining_public_100_filetest.gno	Remaining launch claim index=42 n=100	execution-segment-repricing	2790046	2788930	-1116	12	12	0	0	1200	1200	0	0	0	-1.116	-1.116	0.000000	-0.000001	-0.000001
launchpad_remaining_public_100_filetest.gno	Remaining launch claim index=43 n=100	execution-segment-repricing	2790046	2788930	-1116	12	12	0	0	1200	1200	0	0	0	-1.116	-1.116	0.000000	-0.000001	-0.000001
launchpad_remaining_public_100_filetest.gno	Remaining launch claim index=44 n=100	execution-segment-repricing	2788086	2786970	-1116	12	12	0	0	1200	1200	0	0	0	-1.116	-1.116	0.000000	-0.000001	-0.000001
launchpad_remaining_public_100_filetest.gno	Remaining launch claim index=45 n=100	execution-segment-repricing	2789066	2787950	-1116	12	12	0	0	1200	1200	0	0	0	-1.116	-1.116	0.000000	-0.000001	-0.000001
launchpad_remaining_public_100_filetest.gno	Remaining launch claim index=46 n=100	execution-segment-repricing	2777150	2776034	-1116	12	12	0	0	1200	1200	0	0	0	-1.116	-1.116	0.000000	-0.000001	-0.000001
launchpad_remaining_public_100_filetest.gno	Remaining launch claim index=47 n=100	execution-segment-repricing	2777195	2776034	-1161	12	12	0	0	1200	1200	0	0	0	-1.161	-1.161	0.000000	-0.000001	-0.000001
launchpad_remaining_public_100_filetest.gno	Remaining launch claim index=48 n=100	execution-segment-repricing	2777195	2776034	-1161	12	12	0	0	1200	1200	0	0	0	-1.161	-1.161	0.000000	-0.000001	-0.000001
launchpad_remaining_public_100_filetest.gno	Remaining launch claim index=49 n=100	execution-segment-repricing	2778175	2777014	-1161	12	12	0	0	1200	1200	0	0	0	-1.161	-1.161	0.000000	-0.000001	-0.000001
launchpad_remaining_public_100_filetest.gno	Remaining launch claim index=50 n=100	execution-segment-repricing	2778175	2777014	-1161	12	12	0	0	1200	1200	0	0	0	-1.161	-1.161	0.000000	-0.000001	-0.000001
launchpad_remaining_public_100_filetest.gno	Remaining launch claim index=51 n=100	execution-segment-repricing	2799067	2797906	-1161	12	12	0	0	1200	1200	0	0	0	-1.161	-1.161	0.000000	-0.000001	-0.000001
launchpad_remaining_public_100_filetest.gno	Remaining launch claim index=52 n=100	execution-segment-repricing	2800047	2798886	-1161	12	12	0	0	1200	1200	0	0	0	-1.161	-1.161	0.000000	-0.000001	-0.000001
launchpad_remaining_public_100_filetest.gno	Remaining launch claim index=53 n=100	execution-segment-repricing	2788131	2787009	-1122	12	12	0	0	1200	1200	0	0	0	-1.122	-1.122	0.000000	-0.000001	-0.000001
launchpad_remaining_public_100_filetest.gno	Remaining launch claim index=54 n=100	execution-segment-repricing	2788131	2787009	-1122	12	12	0	0	1200	1200	0	0	0	-1.122	-1.122	0.000000	-0.000001	-0.000001
launchpad_remaining_public_100_filetest.gno	Remaining launch claim index=55 n=100	execution-segment-repricing	2789111	2787995	-1116	12	12	0	0	1200	1200	0	0	0	-1.116	-1.116	0.000000	-0.000001	-0.000001
launchpad_remaining_public_100_filetest.gno	Remaining launch claim index=56 n=100	execution-segment-repricing	2788131	2787015	-1116	12	12	0	0	1200	1200	0	0	0	-1.116	-1.116	0.000000	-0.000001	-0.000001
launchpad_remaining_public_100_filetest.gno	Remaining launch claim index=57 n=100	execution-segment-repricing	2789111	2787995	-1116	12	12	0	0	1200	1200	0	0	0	-1.116	-1.116	0.000000	-0.000001	-0.000001
launchpad_remaining_public_100_filetest.gno	Remaining launch claim index=58 n=100	execution-segment-repricing	2800047	2798931	-1116	12	12	0	0	1200	1200	0	0	0	-1.116	-1.116	0.000000	-0.000001	-0.000001
launchpad_remaining_public_100_filetest.gno	Remaining launch claim index=59 n=100	execution-segment-repricing	2801027	2799911	-1116	12	12	0	0	1200	1200	0	0	0	-1.116	-1.116	0.000000	-0.000001	-0.000001
launchpad_remaining_public_100_filetest.gno	Remaining launch claim index=60 n=100	execution-segment-repricing	2789111	2787995	-1116	12	12	0	0	1200	1200	0	0	0	-1.116	-1.116	0.000000	-0.000001	-0.000001
launchpad_remaining_public_100_filetest.gno	Remaining launch claim index=61 n=100	execution-segment-repricing	2789111	2787995	-1116	12	12	0	0	1200	1200	0	0	0	-1.116	-1.116	0.000000	-0.000001	-0.000001
launchpad_remaining_public_100_filetest.gno	Remaining launch claim index=62 n=100	execution-segment-repricing	2790091	2788975	-1116	12	12	0	0	1200	1200	0	0	0	-1.116	-1.116	0.000000	-0.000001	-0.000001
launchpad_remaining_public_100_filetest.gno	Remaining launch claim index=63 n=100	execution-segment-repricing	2789111	2787995	-1116	12	12	0	0	1200	1200	0	0	0	-1.116	-1.116	0.000000	-0.000001	-0.000001
launchpad_remaining_public_100_filetest.gno	Remaining launch claim index=64 n=100	execution-segment-repricing	2790091	2788975	-1116	12	12	0	0	1200	1200	0	0	0	-1.116	-1.116	0.000000	-0.000001	-0.000001
launchpad_remaining_public_100_filetest.gno	Remaining launch claim index=65 n=100	execution-segment-repricing	2790091	2788975	-1116	12	12	0	0	1200	1200	0	0	0	-1.116	-1.116	0.000000	-0.000001	-0.000001
launchpad_remaining_public_100_filetest.gno	Remaining launch claim index=66 n=100	execution-segment-repricing	2788131	2787015	-1116	12	12	0	0	1200	1200	0	0	0	-1.116	-1.116	0.000000	-0.000001	-0.000001
launchpad_remaining_public_100_filetest.gno	Remaining launch claim index=67 n=100	execution-segment-repricing	2789111	2787995	-1116	12	12	0	0	1200	1200	0	0	0	-1.116	-1.116	0.000000	-0.000001	-0.000001
launchpad_remaining_public_100_filetest.gno	Remaining launch claim index=68 n=100	execution-segment-repricing	2777195	2776079	-1116	12	12	0	0	1200	1200	0	0	0	-1.116	-1.116	0.000000	-0.000001	-0.000001
launchpad_remaining_public_100_filetest.gno	Remaining launch claim index=69 n=100	execution-segment-repricing	2778175	2777059	-1116	12	12	0	0	1200	1200	0	0	0	-1.116	-1.116	0.000000	-0.000001	-0.000001
launchpad_remaining_public_100_filetest.gno	Remaining launch claim index=70 n=100	execution-segment-repricing	2777199	2776083	-1116	12	12	0	0	1200	1200	0	0	0	-1.116	-1.116	0.000000	-0.000001	-0.000001
launchpad_remaining_public_100_filetest.gno	Remaining launch claim index=71 n=100	execution-segment-repricing	2778179	2777063	-1116	12	12	0	0	1200	1200	0	0	0	-1.116	-1.116	0.000000	-0.000001	-0.000001
launchpad_remaining_public_100_filetest.gno	Remaining launch claim index=72 n=100	execution-segment-repricing	2778179	2777063	-1116	12	12	0	0	1200	1200	0	0	0	-1.116	-1.116	0.000000	-0.000001	-0.000001
launchpad_remaining_public_100_filetest.gno	Remaining launch claim index=73 n=100	execution-segment-repricing	2800047	2798931	-1116	12	12	0	0	1200	1200	0	0	0	-1.116	-1.116	0.000000	-0.000001	-0.000001
launchpad_remaining_public_100_filetest.gno	Remaining launch claim index=74 n=100	execution-segment-repricing	2801027	2799911	-1116	12	12	0	0	1200	1200	0	0	0	-1.116	-1.116	0.000000	-0.000001	-0.000001
launchpad_remaining_public_100_filetest.gno	Remaining launch claim index=75 n=100	execution-segment-repricing	2789111	2787995	-1116	12	12	0	0	1200	1200	0	0	0	-1.116	-1.116	0.000000	-0.000001	-0.000001
launchpad_remaining_public_100_filetest.gno	Remaining launch claim index=76 n=100	execution-segment-repricing	2789111	2787995	-1116	12	12	0	0	1200	1200	0	0	0	-1.116	-1.116	0.000000	-0.000001	-0.000001
launchpad_remaining_public_100_filetest.gno	Remaining launch claim index=77 n=100	execution-segment-repricing	2790091	2788975	-1116	12	12	0	0	1200	1200	0	0	0	-1.116	-1.116	0.000000	-0.000001	-0.000001
launchpad_remaining_public_100_filetest.gno	Remaining launch claim index=78 n=100	execution-segment-repricing	2790087	2788971	-1116	12	12	0	0	1200	1200	0	0	0	-1.116	-1.116	0.000000	-0.000001	-0.000001
launchpad_remaining_public_100_filetest.gno	Remaining launch claim index=79 n=100	execution-segment-repricing	2790091	2788975	-1116	12	12	0	0	1200	1200	0	0	0	-1.116	-1.116	0.000000	-0.000001	-0.000001
launchpad_remaining_public_100_filetest.gno	Remaining launch claim index=80 n=100	execution-segment-repricing	2801027	2799911	-1116	12	12	0	0	1200	1200	0	0	0	-1.116	-1.116	0.000000	-0.000001	-0.000001
launchpad_remaining_public_100_filetest.gno	Remaining launch claim index=81 n=100	execution-segment-repricing	2802007	2800891	-1116	12	12	0	0	1200	1200	0	0	0	-1.116	-1.116	0.000000	-0.000001	-0.000001
launchpad_remaining_public_100_filetest.gno	Remaining launch claim index=82 n=100	execution-segment-repricing	2802007	2800891	-1116	12	12	0	0	1200	1200	0	0	0	-1.116	-1.116	0.000000	-0.000001	-0.000001
launchpad_remaining_public_100_filetest.gno	Remaining launch claim index=83 n=100	execution-segment-repricing	2802987	2801871	-1116	12	12	0	0	1200	1200	0	0	0	-1.116	-1.116	0.000000	-0.000001	-0.000001
launchpad_remaining_public_100_filetest.gno	Remaining launch claim index=84 n=100	execution-segment-repricing	2802007	2800891	-1116	12	12	0	0	1200	1200	0	0	0	-1.116	-1.116	0.000000	-0.000001	-0.000001
launchpad_remaining_public_100_filetest.gno	Remaining launch claim index=85 n=100	execution-segment-repricing	2802987	2801871	-1116	12	12	0	0	1200	1200	0	0	0	-1.116	-1.116	0.000000	-0.000001	-0.000001
launchpad_remaining_public_100_filetest.gno	Remaining launch claim index=86 n=100	execution-segment-repricing	2802987	2801871	-1116	12	12	0	0	1200	1200	0	0	0	-1.116	-1.116	0.000000	-0.000001	-0.000001
launchpad_remaining_public_100_filetest.gno	Remaining launch claim index=87 n=100	execution-segment-repricing	2803967	2802851	-1116	12	12	0	0	1200	1200	0	0	0	-1.116	-1.116	0.000000	-0.000001	-0.000001
launchpad_remaining_public_100_filetest.gno	Remaining launch claim index=88 n=100	execution-segment-repricing	2802983	2801867	-1116	12	12	0	0	1200	1200	0	0	0	-1.116	-1.116	0.000000	-0.000001	-0.000001
launchpad_remaining_public_100_filetest.gno	Remaining launch claim index=89 n=100	execution-segment-repricing	2802987	2801871	-1116	12	12	0	0	1200	1200	0	0	0	-1.116	-1.116	0.000000	-0.000001	-0.000001
launchpad_remaining_public_100_filetest.gno	Remaining launch claim index=90 n=100	execution-segment-repricing	2803967	2802851	-1116	12	12	0	0	1200	1200	0	0	0	-1.116	-1.116	0.000000	-0.000001	-0.000001
launchpad_remaining_public_100_filetest.gno	Remaining launch claim index=91 n=100	execution-segment-repricing	2802987	2801871	-1116	12	12	0	0	1200	1200	0	0	0	-1.116	-1.116	0.000000	-0.000001	-0.000001
launchpad_remaining_public_100_filetest.gno	Remaining launch claim index=92 n=100	execution-segment-repricing	2803967	2802851	-1116	12	12	0	0	1200	1200	0	0	0	-1.116	-1.116	0.000000	-0.000001	-0.000001
launchpad_remaining_public_100_filetest.gno	Remaining launch claim index=93 n=100	execution-segment-repricing	2803967	2802851	-1116	12	12	0	0	1200	1200	0	0	0	-1.116	-1.116	0.000000	-0.000001	-0.000001
launchpad_remaining_public_100_filetest.gno	Remaining launch claim index=94 n=100	execution-segment-repricing	2777199	2776083	-1116	12	12	0	0	1200	1200	0	0	0	-1.116	-1.116	0.000000	-0.000001	-0.000001
launchpad_remaining_public_100_filetest.gno	Remaining launch claim index=95 n=100	execution-segment-repricing	2869655	2867789	-1866	18	18	0	0	1800	1800	0	0	0	-1.866	-1.866	0.000000	-0.000002	-0.000002
launchpad_remaining_public_100_filetest.gno	Remaining launch claim index=96 n=100	execution-segment-repricing	2857739	2855873	-1866	18	18	0	0	1800	1800	0	0	0	-1.866	-1.866	0.000000	-0.000002	-0.000002
launchpad_remaining_public_100_filetest.gno	Remaining launch claim index=97 n=100	execution-segment-repricing	2857739	2855873	-1866	18	18	0	0	1800	1800	0	0	0	-1.866	-1.866	0.000000	-0.000002	-0.000002
launchpad_remaining_public_100_filetest.gno	Remaining launch claim index=98 n=100	execution-segment-repricing	2883657	2881791	-1866	18	18	0	0	1800	1800	0	0	0	-1.866	-1.866	0.000000	-0.000002	-0.000002
launchpad_remaining_public_100_filetest.gno	Remaining launch claim index=99 n=100	execution-segment-repricing	2895577	2893711	-1866	18	18	0	0	1800	1800	0	0	0	-1.866	-1.866	0.000000	-0.000002	-0.000002
launchpad_remaining_public_100_filetest.gno	Remaining launch claim repeated-accrued n=100	execution-segment-repricing	3117187	3115327	-1860	0	0	0	0	0	0	0	0	0	-1.86	-1.86	0.000000	-0.000002	-0.000002
launchpad_remaining_public_100_filetest.gno	Remaining launch claim repeated-zero-time n=100	execution-segment-repricing	2217186	2217186	0	0	0	0	0	0	0	0	0	0	0	0	0.000000	0.000000	0.000000
launchpad_remaining_public_100_filetest.gno	Remaining launch refund before-withdraw n=100	execution-segment-repricing	6407182	6482397	75215	2070	2070	0	73843	207000	207000	0	0	0	75.215	75.215	0.000000	+0.000075	+0.000075
launchpad_remaining_public_100_filetest.gno	Remaining launch withdraw index=0 n=100	execution-segment-repricing	7836513	7953671	117158	-202	-202	0	119128	205500	205500	225700	225700	0	117.158	117.158	0.000000	+0.000117	+0.000117
launchpad_remaining_public_100_filetest.gno	Remaining launch withdraw index=1 n=100	execution-segment-repricing	7655148	7772300	117152	-5725	-5725	0	119128	600	600	573100	573100	0	117.152	117.152	0.000000	+0.000117	+0.000117
launchpad_remaining_public_100_filetest.gno	Remaining launch withdraw index=2 n=100	execution-segment-repricing	7691276	7808428	117152	-5723	-5719	4	119128	0	0	572300	571900	400	117.152	517.152	+0.000400	+0.000117	+0.000517
launchpad_remaining_public_100_filetest.gno	Remaining launch withdraw index=3 n=100	execution-segment-repricing	7639046	7756138	117092	-2263	-2263	0	119128	0	0	226300	226300	0	117.092	117.092	0.000000	+0.000117	+0.000117
launchpad_remaining_public_100_filetest.gno	Remaining launch withdraw index=4 n=100	execution-segment-repricing	7657197	7774295	117098	-5742	-5742	0	119128	0	0	574200	574200	0	117.098	117.098	0.000000	+0.000117	+0.000117
launchpad_remaining_public_100_filetest.gno	Remaining launch withdraw index=5 n=100	execution-segment-repricing	7643787	7760945	117158	-5730	-5730	0	119128	0	0	573000	573000	0	117.158	117.158	0.000000	+0.000117	+0.000117
launchpad_remaining_public_100_filetest.gno	Remaining launch withdraw index=6 n=100	execution-segment-repricing	7646004	7763162	117158	-2263	-2263	0	119128	0	0	226300	226300	0	117.158	117.158	0.000000	+0.000117	+0.000117
launchpad_remaining_public_100_filetest.gno	Remaining launch withdraw index=7 n=100	execution-segment-repricing	7571721	7688879	117158	-2263	-2263	0	119128	0	0	226300	226300	0	117.158	117.158	0.000000	+0.000117	+0.000117
launchpad_remaining_public_100_filetest.gno	Remaining launch withdraw index=8 n=100	execution-segment-repricing	7566287	7683445	117158	-2276	-2276	0	119128	0	0	227600	227600	0	117.158	117.158	0.000000	+0.000117	+0.000117
launchpad_remaining_public_100_filetest.gno	Remaining launch withdraw index=9 n=100	execution-segment-repricing	7669296	7786454	117158	-2276	-2276	0	119128	0	0	227600	227600	0	117.158	117.158	0.000000	+0.000117	+0.000117
launchpad_remaining_public_100_filetest.gno	Remaining launch withdraw index=10 n=100	execution-segment-repricing	7658683	7775841	117158	-2276	-2276	0	119128	0	0	227600	227600	0	117.158	117.158	0.000000	+0.000117	+0.000117
launchpad_remaining_public_100_filetest.gno	Remaining launch withdraw index=11 n=100	execution-segment-repricing	7665209	7782367	117158	-2276	-2276	0	119128	0	0	227600	227600	0	117.158	117.158	0.000000	+0.000117	+0.000117
launchpad_remaining_public_100_filetest.gno	Remaining launch withdraw index=12 n=100	execution-segment-repricing	7664268	7781426	117158	-2276	-2276	0	119128	0	0	227600	227600	0	117.158	117.158	0.000000	+0.000117	+0.000117
launchpad_remaining_public_100_filetest.gno	Remaining launch withdraw index=13 n=100	execution-segment-repricing	7653655	7770813	117158	-2276	-2276	0	119128	0	0	227600	227600	0	117.158	117.158	0.000000	+0.000117	+0.000117
launchpad_remaining_public_100_filetest.gno	Remaining launch withdraw index=14 n=100	execution-segment-repricing	7652066	7769224	117158	-2247	-2247	0	119128	2900	2900	227600	227600	0	117.158	117.158	0.000000	+0.000117	+0.000117
launchpad_remaining_public_100_filetest.gno	Remaining launch withdraw index=15 n=100	execution-segment-repricing	7658592	7775750	117158	-2276	-2276	0	119128	0	0	227600	227600	0	117.158	117.158	0.000000	+0.000117	+0.000117
launchpad_remaining_public_100_filetest.gno	Remaining launch withdraw index=16 n=100	execution-segment-repricing	7663660	7780812	117152	-5744	-5744	0	119128	0	0	574400	574400	0	117.152	117.152	0.000000	+0.000117	+0.000117
launchpad_remaining_public_100_filetest.gno	Remaining launch withdraw index=17 n=100	execution-segment-repricing	7566061	7683219	117158	-2276	-2276	0	119128	0	0	227600	227600	0	117.158	117.158	0.000000	+0.000117	+0.000117
launchpad_remaining_public_100_filetest.gno	Remaining launch withdraw index=18 n=100	execution-segment-repricing	7565117	7682275	117158	-2276	-2276	0	119128	0	0	227600	227600	0	117.158	117.158	0.000000	+0.000117	+0.000117
launchpad_remaining_public_100_filetest.gno	Remaining launch withdraw index=19 n=100	execution-segment-repricing	7562709	7679867	117158	-2276	-2276	0	119128	0	0	227600	227600	0	117.158	117.158	0.000000	+0.000117	+0.000117
launchpad_remaining_public_100_filetest.gno	Remaining launch withdraw index=20 n=100	execution-segment-repricing	7561768	7678926	117158	-2276	-2276	0	119128	0	0	227600	227600	0	117.158	117.158	0.000000	+0.000117	+0.000117
launchpad_remaining_public_100_filetest.gno	Remaining launch withdraw index=21 n=100	execution-segment-repricing	7559112	7676270	117158	-2276	-2276	0	119128	0	0	227600	227600	0	117.158	117.158	0.000000	+0.000117	+0.000117
launchpad_remaining_public_100_filetest.gno	Remaining launch withdraw index=22 n=100	execution-segment-repricing	7555969	7673127	117158	-2276	-2276	0	119128	0	0	227600	227600	0	117.158	117.158	0.000000	+0.000117	+0.000117
launchpad_remaining_public_100_filetest.gno	Remaining launch withdraw index=23 n=100	execution-segment-repricing	7543112	7660270	117158	-2276	-2276	0	119128	0	0	227600	227600	0	117.158	117.158	0.000000	+0.000117	+0.000117
launchpad_remaining_public_100_filetest.gno	Remaining launch withdraw index=24 n=100	execution-segment-repricing	7649200	7766358	117158	-2276	-2276	0	119128	0	0	227600	227600	0	117.158	117.158	0.000000	+0.000117	+0.000117
launchpad_remaining_public_100_filetest.gno	Remaining launch withdraw index=25 n=100	execution-segment-repricing	7647524	7764682	117158	-2276	-2276	0	119128	0	0	227600	227600	0	117.158	117.158	0.000000	+0.000117	+0.000117
launchpad_remaining_public_100_filetest.gno	Remaining launch withdraw index=26 n=100	execution-segment-repricing	7646583	7763741	117158	-2276	-2276	0	119128	0	0	227600	227600	0	117.158	117.158	0.000000	+0.000117	+0.000117
launchpad_remaining_public_100_filetest.gno	Remaining launch withdraw index=27 n=100	execution-segment-repricing	7644169	7761327	117158	-2276	-2276	0	119128	0	0	227600	227600	0	117.158	117.158	0.000000	+0.000117	+0.000117
launchpad_remaining_public_100_filetest.gno	Remaining launch withdraw index=28 n=100	execution-segment-repricing	7643228	7760386	117158	-2276	-2276	0	119128	0	0	227600	227600	0	117.158	117.158	0.000000	+0.000117	+0.000117
launchpad_remaining_public_100_filetest.gno	Remaining launch withdraw index=29 n=100	execution-segment-repricing	7657956	7775114	117158	-2276	-2276	0	119128	0	0	227600	227600	0	117.158	117.158	0.000000	+0.000117	+0.000117
launchpad_remaining_public_100_filetest.gno	Remaining launch withdraw index=30 n=100	execution-segment-repricing	7661884	7779036	117152	-5744	-5744	0	119128	0	0	574400	574400	0	117.152	117.152	0.000000	+0.000117	+0.000117
launchpad_remaining_public_100_filetest.gno	Remaining launch withdraw index=31 n=100	execution-segment-repricing	7565443	7682601	117158	-2276	-2276	0	119128	0	0	227600	227600	0	117.158	117.158	0.000000	+0.000117	+0.000117
launchpad_remaining_public_100_filetest.gno	Remaining launch withdraw index=32 n=100	execution-segment-repricing	7563767	7680925	117158	-2276	-2276	0	119128	0	0	227600	227600	0	117.158	117.158	0.000000	+0.000117	+0.000117
launchpad_remaining_public_100_filetest.gno	Remaining launch withdraw index=33 n=100	execution-segment-repricing	7562826	7679984	117158	-2276	-2276	0	119128	0	0	227600	227600	0	117.158	117.158	0.000000	+0.000117	+0.000117
launchpad_remaining_public_100_filetest.gno	Remaining launch withdraw index=34 n=100	execution-segment-repricing	7560415	7677573	117158	-2276	-2276	0	119128	0	0	227600	227600	0	117.158	117.158	0.000000	+0.000117	+0.000117
launchpad_remaining_public_100_filetest.gno	Remaining launch withdraw index=35 n=100	execution-segment-repricing	7558494	7675652	117158	-2276	-2276	0	119128	0	0	227600	227600	0	117.158	117.158	0.000000	+0.000117	+0.000117
launchpad_remaining_public_100_filetest.gno	Remaining launch withdraw index=36 n=100	execution-segment-repricing	7556818	7673976	117158	-2276	-2276	0	119128	0	0	227600	227600	0	117.158	117.158	0.000000	+0.000117	+0.000117
launchpad_remaining_public_100_filetest.gno	Remaining launch withdraw index=37 n=100	execution-segment-repricing	7551425	7668583	117158	-2276	-2276	0	119128	0	0	227600	227600	0	117.158	117.158	0.000000	+0.000117	+0.000117
launchpad_remaining_public_100_filetest.gno	Remaining launch withdraw index=38 n=100	execution-segment-repricing	7660068	7777130	117062	-2276	-2276	0	119128	0	0	227600	227600	0	117.062	117.062	0.000000	+0.000117	+0.000117
launchpad_remaining_public_100_filetest.gno	Remaining launch withdraw index=39 n=100	execution-segment-repricing	7658395	7775457	117062	-2276	-2276	0	119128	0	0	227600	227600	0	117.062	117.062	0.000000	+0.000117	+0.000117
launchpad_remaining_public_100_filetest.gno	Remaining launch withdraw index=40 n=100	execution-segment-repricing	7657454	7774516	117062	-2276	-2276	0	119128	0	0	227600	227600	0	117.062	117.062	0.000000	+0.000117	+0.000117
launchpad_remaining_public_100_filetest.gno	Remaining launch withdraw index=41 n=100	execution-segment-repricing	7655043	7772105	117062	-2276	-2276	0	119128	0	0	227600	227600	0	117.062	117.062	0.000000	+0.000117	+0.000117
launchpad_remaining_public_100_filetest.gno	Remaining launch withdraw index=42 n=100	execution-segment-repricing	7654102	7771164	117062	-2276	-2276	0	119128	0	0	227600	227600	0	117.062	117.062	0.000000	+0.000117	+0.000117
launchpad_remaining_public_100_filetest.gno	Remaining launch withdraw index=43 n=100	execution-segment-repricing	7652426	7769488	117062	-2276	-2276	0	119128	0	0	227600	227600	0	117.062	117.062	0.000000	+0.000117	+0.000117
launchpad_remaining_public_100_filetest.gno	Remaining launch withdraw index=44 n=100	execution-segment-repricing	7649280	7766342	117062	-2276	-2276	0	119128	0	0	227600	227600	0	117.062	117.062	0.000000	+0.000117	+0.000117
launchpad_remaining_public_100_filetest.gno	Remaining launch withdraw index=45 n=100	execution-segment-repricing	7652029	7769112	117083	-5755	-5748	7	119128	0	0	575500	574800	700	117.083	817.083	+0.000700	+0.000117	+0.000817
launchpad_remaining_public_100_filetest.gno	Remaining launch withdraw index=46 n=100	execution-segment-repricing	7556752	7673835	117083	-2278	-2276	2	119128	0	0	227800	227600	200	117.083	317.083	+0.000200	+0.000117	+0.000317
launchpad_remaining_public_100_filetest.gno	Remaining launch withdraw index=47 n=100	execution-segment-repricing	7555175	7672159	116984	-2291	-2276	15	119128	0	0	229100	227600	1500	116.984	1616.984	+0.001500	+0.000117	+0.001617
launchpad_remaining_public_100_filetest.gno	Remaining launch withdraw index=48 n=100	execution-segment-repricing	7553487	7670483	116996	-2291	-2276	15	119128	0	0	229100	227600	1500	116.996	1616.996	+0.001500	+0.000117	+0.001617
launchpad_remaining_public_100_filetest.gno	Remaining launch withdraw index=49 n=100	execution-segment-repricing	7552534	7669542	117008	-2291	-2276	15	119128	0	0	229100	227600	1500	117.008	1617.008	+0.001500	+0.000117	+0.001617
launchpad_remaining_public_100_filetest.gno	Remaining launch refund after-withdraw n=100	execution-segment-repricing	3155780	3231739	75959	0	0	0	73843	600	600	600	600	0	75.959	75.959	0.000000	+0.000076	+0.000076
launchpad_remaining_public_100_filetest.gno	Remaining launch withdraw index=50 n=100	execution-segment-repricing	7540122	7657142	117020	-2285	-2270	15	119128	0	0	228500	227000	1500	117.02	1617.02	+0.001500	+0.000117	+0.001617
launchpad_remaining_public_100_filetest.gno	Remaining launch withdraw index=51 n=100	execution-segment-repricing	7550851	7667883	117032	-2291	-2276	15	119128	0	0	229100	227600	1500	117.032	1617.032	+0.001500	+0.000117	+0.001617
launchpad_remaining_public_100_filetest.gno	Remaining launch withdraw index=52 n=100	execution-segment-repricing	7537982	7655026	117044	-2291	-2276	15	119128	0	0	229100	227600	1500	117.044	1617.044	+0.001500	+0.000117	+0.001617
launchpad_remaining_public_100_filetest.gno	Remaining launch withdraw index=53 n=100	execution-segment-repricing	7644220	7761345	117125	-2291	-2290	1	119128	0	0	229100	229000	100	117.125	217.125	+0.000100	+0.000117	+0.000217
launchpad_remaining_public_100_filetest.gno	Remaining launch withdraw index=54 n=100	execution-segment-repricing	7642532	7759678	117146	-2291	-2290	1	119128	0	0	229100	229000	100	117.146	217.146	+0.000100	+0.000117	+0.000217
launchpad_remaining_public_100_filetest.gno	Remaining launch withdraw index=55 n=100	execution-segment-repricing	7641579	7758740	117161	-2291	-2291	0	119128	0	0	229100	229100	0	117.161	117.161	0.000000	+0.000117	+0.000117
launchpad_remaining_public_100_filetest.gno	Remaining launch withdraw index=56 n=100	execution-segment-repricing	7639156	7756317	117161	-2291	-2291	0	119128	0	0	229100	229100	0	117.161	117.161	0.000000	+0.000117	+0.000117
launchpad_remaining_public_100_filetest.gno	Remaining launch withdraw index=57 n=100	execution-segment-repricing	7638203	7755364	117161	-2291	-2291	0	119128	0	0	229100	229100	0	117.161	117.161	0.000000	+0.000117	+0.000117
launchpad_remaining_public_100_filetest.gno	Remaining launch withdraw index=58 n=100	execution-segment-repricing	7644717	7761878	117161	-2291	-2291	0	119128	0	0	229100	229100	0	117.161	117.161	0.000000	+0.000117	+0.000117
launchpad_remaining_public_100_filetest.gno	Remaining launch withdraw index=59 n=100	execution-segment-repricing	7646308	7763469	117161	-5770	-5770	0	119128	0	0	577000	577000	0	117.161	117.161	0.000000	+0.000117	+0.000117
launchpad_remaining_public_100_filetest.gno	Remaining launch withdraw index=60 n=100	execution-segment-repricing	7540271	7657432	117161	-2291	-2291	0	119128	0	0	229100	229100	0	117.161	117.161	0.000000	+0.000117	+0.000117
launchpad_remaining_public_100_filetest.gno	Remaining launch withdraw index=61 n=100	execution-segment-repricing	7538583	7655744	117161	-2291	-2291	0	119128	0	0	229100	229100	0	117.161	117.161	0.000000	+0.000117	+0.000117
launchpad_remaining_public_100_filetest.gno	Remaining launch withdraw index=62 n=100	execution-segment-repricing	7537630	7654791	117161	-2291	-2291	0	119128	0	0	229100	229100	0	117.161	117.161	0.000000	+0.000117	+0.000117
launchpad_remaining_public_100_filetest.gno	Remaining launch withdraw index=63 n=100	execution-segment-repricing	7535207	7652368	117161	-2291	-2291	0	119128	0	0	229100	229100	0	117.161	117.161	0.000000	+0.000117	+0.000117
launchpad_remaining_public_100_filetest.gno	Remaining launch withdraw index=64 n=100	execution-segment-repricing	7533274	7650435	117161	-2291	-2291	0	119128	0	0	229100	229100	0	117.161	117.161	0.000000	+0.000117	+0.000117
launchpad_remaining_public_100_filetest.gno	Remaining launch withdraw index=65 n=100	execution-segment-repricing	7531586	7648747	117161	-2291	-2291	0	119128	0	0	229100	229100	0	117.161	117.161	0.000000	+0.000117	+0.000117
launchpad_remaining_public_100_filetest.gno	Remaining launch withdraw index=66 n=100	execution-segment-repricing	7516512	7633673	117161	-2291	-2291	0	119128	0	0	229100	229100	0	117.161	117.161	0.000000	+0.000117	+0.000117
launchpad_remaining_public_100_filetest.gno	Remaining launch withdraw index=67 n=100	execution-segment-repricing	7623674	7740835	117161	-5770	-5770	0	119128	0	0	577000	577000	0	117.161	117.161	0.000000	+0.000117	+0.000117
launchpad_remaining_public_100_filetest.gno	Remaining launch withdraw index=68 n=100	execution-segment-repricing	7530713	7647874	117161	-2291	-2291	0	119128	0	0	229100	229100	0	117.161	117.161	0.000000	+0.000117	+0.000117
launchpad_remaining_public_100_filetest.gno	Remaining launch withdraw index=69 n=100	execution-segment-repricing	7529760	7646921	117161	-2291	-2291	0	119128	0	0	229100	229100	0	117.161	117.161	0.000000	+0.000117	+0.000117
launchpad_remaining_public_100_filetest.gno	Remaining launch withdraw index=70 n=100	execution-segment-repricing	7527340	7644501	117161	-2291	-2291	0	119128	0	0	229100	229100	0	117.161	117.161	0.000000	+0.000117	+0.000117
launchpad_remaining_public_100_filetest.gno	Remaining launch withdraw index=71 n=100	execution-segment-repricing	7526387	7643548	117161	-2291	-2291	0	119128	0	0	229100	229100	0	117.161	117.161	0.000000	+0.000117	+0.000117
launchpad_remaining_public_100_filetest.gno	Remaining launch withdraw index=72 n=100	execution-segment-repricing	7523719	7640880	117161	-2291	-2291	0	119128	0	0	229100	229100	0	117.161	117.161	0.000000	+0.000117	+0.000117
launchpad_remaining_public_100_filetest.gno	Remaining launch withdraw index=73 n=100	execution-segment-repricing	7538432	7655593	117161	-2291	-2291	0	119128	0	0	229100	229100	0	117.161	117.161	0.000000	+0.000117	+0.000117
launchpad_remaining_public_100_filetest.gno	Remaining launch withdraw index=74 n=100	execution-segment-repricing	7525563	7642724	117161	-2291	-2291	0	119128	0	0	229100	229100	0	117.161	117.161	0.000000	+0.000117	+0.000117
launchpad_remaining_public_100_filetest.gno	Remaining launch withdraw index=75 n=100	execution-segment-repricing	7631765	7748926	117161	-2291	-2291	0	119128	0	0	229100	229100	0	117.161	117.161	0.000000	+0.000117	+0.000117
launchpad_remaining_public_100_filetest.gno	Remaining launch withdraw index=76 n=100	execution-segment-repricing	7630077	7747238	117161	-2291	-2291	0	119128	0	0	229100	229100	0	117.161	117.161	0.000000	+0.000117	+0.000117
launchpad_remaining_public_100_filetest.gno	Remaining launch withdraw index=77 n=100	execution-segment-repricing	7629124	7746285	117161	-2291	-2291	0	119128	0	0	229100	229100	0	117.161	117.161	0.000000	+0.000117	+0.000117
launchpad_remaining_public_100_filetest.gno	Remaining launch withdraw index=78 n=100	execution-segment-repricing	7627433	7744594	117161	-2291	-2291	0	119128	0	0	229100	229100	0	117.161	117.161	0.000000	+0.000117	+0.000117
launchpad_remaining_public_100_filetest.gno	Remaining launch withdraw index=79 n=100	execution-segment-repricing	7625748	7742909	117161	-2291	-2291	0	119128	0	0	229100	229100	0	117.161	117.161	0.000000	+0.000117	+0.000117
launchpad_remaining_public_100_filetest.gno	Remaining launch withdraw index=80 n=100	execution-segment-repricing	7632262	7749423	117161	-2291	-2291	0	119128	0	0	229100	229100	0	117.161	117.161	0.000000	+0.000117	+0.000117
launchpad_remaining_public_100_filetest.gno	Remaining launch withdraw index=81 n=100	execution-segment-repricing	7631561	7748722	117161	-5770	-5770	0	119128	0	0	577000	577000	0	117.161	117.161	0.000000	+0.000117	+0.000117
launchpad_remaining_public_100_filetest.gno	Remaining launch withdraw index=82 n=100	execution-segment-repricing	7536789	7653950	117161	-2291	-2291	0	119128	0	0	229100	229100	0	117.161	117.161	0.000000	+0.000117	+0.000117
launchpad_remaining_public_100_filetest.gno	Remaining launch withdraw index=83 n=100	execution-segment-repricing	7535836	7652997	117161	-2291	-2291	0	119128	0	0	229100	229100	0	117.161	117.161	0.000000	+0.000117	+0.000117
launchpad_remaining_public_100_filetest.gno	Remaining launch withdraw index=84 n=100	execution-segment-repricing	7533413	7650574	117161	-2291	-2291	0	119128	0	0	229100	229100	0	117.161	117.161	0.000000	+0.000117	+0.000117
launchpad_remaining_public_100_filetest.gno	Remaining launch withdraw index=85 n=100	execution-segment-repricing	7532460	7649621	117161	-2291	-2291	0	119128	0	0	229100	229100	0	117.161	117.161	0.000000	+0.000117	+0.000117
launchpad_remaining_public_100_filetest.gno	Remaining launch withdraw index=86 n=100	execution-segment-repricing	7529792	7646953	117161	-2291	-2291	0	119128	0	0	229100	229100	0	117.161	117.161	0.000000	+0.000117	+0.000117
launchpad_remaining_public_100_filetest.gno	Remaining launch withdraw index=87 n=100	execution-segment-repricing	7528839	7646000	117161	-2291	-2291	0	119128	0	0	229100	229100	0	117.161	117.161	0.000000	+0.000117	+0.000117
launchpad_remaining_public_100_filetest.gno	Remaining launch withdraw index=88 n=100	execution-segment-repricing	7514497	7631658	117161	-2291	-2291	0	119128	0	0	229100	229100	0	117.161	117.161	0.000000	+0.000117	+0.000117
launchpad_remaining_public_100_filetest.gno	Remaining launch withdraw index=89 n=100	execution-segment-repricing	7602614	7719775	117161	-8913	-8913	0	119128	0	0	891300	891300	0	117.161	117.161	0.000000	+0.000117	+0.000117
launchpad_remaining_public_100_filetest.gno	Remaining launch withdraw index=90 n=100	execution-segment-repricing	7458273	7575434	117161	-2291	-2291	0	119128	0	0	229100	229100	0	117.161	117.161	0.000000	+0.000117	+0.000117
launchpad_remaining_public_100_filetest.gno	Remaining launch withdraw index=91 n=100	execution-segment-repricing	7455850	7573011	117161	-2291	-2291	0	119128	0	0	229100	229100	0	117.161	117.161	0.000000	+0.000117	+0.000117
launchpad_remaining_public_100_filetest.gno	Remaining launch withdraw index=92 n=100	execution-segment-repricing	7442981	7560142	117161	-2291	-2291	0	119128	0	0	229100	229100	0	117.161	117.161	0.000000	+0.000117	+0.000117
launchpad_remaining_public_100_filetest.gno	Remaining launch withdraw index=93 n=100	execution-segment-repricing	7441293	7558454	117161	-2291	-2291	0	119128	0	0	229100	229100	0	117.161	117.161	0.000000	+0.000117	+0.000117
launchpad_remaining_public_100_filetest.gno	Remaining launch withdraw index=94 n=100	execution-segment-repricing	7420509	7537670	117161	-2291	-2291	0	119128	0	0	229100	229100	0	117.161	117.161	0.000000	+0.000117	+0.000117
launchpad_remaining_public_100_filetest.gno	Remaining launch withdraw index=95 n=100	execution-segment-repricing	7506046	7623198	117152	-2285	-2285	0	119128	0	0	228500	228500	0	117.152	117.152	0.000000	+0.000117	+0.000117
launchpad_remaining_public_100_filetest.gno	Remaining launch withdraw index=96 n=100	execution-segment-repricing	7493418	7610570	117152	-2285	-2285	0	119128	0	0	228500	228500	0	117.152	117.152	0.000000	+0.000117	+0.000117
launchpad_remaining_public_100_filetest.gno	Remaining launch withdraw index=97 n=100	execution-segment-repricing	7479814	7596966	117152	-2285	-2285	0	119128	0	0	228500	228500	0	117.152	117.152	0.000000	+0.000117	+0.000117
launchpad_remaining_public_100_filetest.gno	Remaining launch withdraw index=98 n=100	execution-segment-repricing	7518409	7635561	117152	-2285	-2285	0	119128	0	0	228500	228500	0	117.152	117.152	0.000000	+0.000117	+0.000117
launchpad_remaining_public_100_filetest.gno	Remaining launch withdraw index=99 n=100	execution-segment-repricing	7524863	7642015	117152	-2285	-2285	0	119128	0	0	228500	228500	0	117.152	117.152	0.000000	+0.000117	+0.000117
launchpad_remaining_public_100_filetest.gno	Remaining launch withdraw seed n=100	execution-segment-repricing	7285633	7402794	117161	-8814	-8814	0	119128	0	0	881400	881400	0	117.161	117.161	0.000000	+0.000117	+0.000117
launchpad_remaining_public_10_filetest.gno	Remaining launch allocation n=10	execution-segment-repricing	6263679	6412980	149301	32749	30304	-2445	148992	3274900	3030400	0	0	-244500	149.301	-244350.699	-0.244500	+0.000149	-0.244351
launchpad_remaining_public_10_filetest.gno	Remaining launch deposit seed n=10	execution-segment-repricing	9217364	9407299	189935	25327	25327	0	119128	2532700	2532700	0	0	0	189.935	189.935	0.000000	+0.000190	+0.000190
launchpad_remaining_public_10_filetest.gno	Remaining launch deposit index=0 n=10	execution-segment-repricing	8677665	8795597	117932	2027	2027	0	119128	407000	407000	204300	204300	0	117.932	117.932	0.000000	+0.000118	+0.000118
launchpad_remaining_public_10_filetest.gno	Remaining launch deposit index=1 n=10	execution-segment-repricing	8671945	8789877	117932	1883	1883	0	119128	392600	392600	204300	204300	0	117.932	117.932	0.000000	+0.000118	+0.000118
launchpad_remaining_public_10_filetest.gno	Remaining launch deposit index=2 n=10	execution-segment-repricing	8678846	8796778	117932	1883	1883	0	119128	392600	392600	204300	204300	0	117.932	117.932	0.000000	+0.000118	+0.000118
launchpad_remaining_public_10_filetest.gno	Remaining launch deposit index=3 n=10	execution-segment-repricing	8679301	8797233	117932	1883	1883	0	119128	392600	392600	204300	204300	0	117.932	117.932	0.000000	+0.000118	+0.000118
launchpad_remaining_public_10_filetest.gno	Remaining launch deposit index=4 n=10	execution-segment-repricing	8684286	8802218	117932	1883	1883	0	119128	392600	392600	204300	204300	0	117.932	117.932	0.000000	+0.000118	+0.000118
launchpad_remaining_public_10_filetest.gno	Remaining launch deposit index=5 n=10	execution-segment-repricing	8685228	8803160	117932	1883	1883	0	119128	392600	392600	204300	204300	0	117.932	117.932	0.000000	+0.000118	+0.000118
launchpad_remaining_public_10_filetest.gno	Remaining launch deposit index=6 n=10	execution-segment-repricing	8692616	8810548	117932	1883	1883	0	119128	392600	392600	204300	204300	0	117.932	117.932	0.000000	+0.000118	+0.000118
launchpad_remaining_public_10_filetest.gno	Remaining launch deposit index=7 n=10	execution-segment-repricing	8693071	8811003	117932	1883	1883	0	119128	392600	392600	204300	204300	0	117.932	117.932	0.000000	+0.000118	+0.000118
launchpad_remaining_public_10_filetest.gno	Remaining launch deposit index=8 n=10	execution-segment-repricing	8722638	8840570	117932	1982	1982	0	119128	402500	402500	204300	204300	0	117.932	117.932	0.000000	+0.000118	+0.000118
launchpad_remaining_public_10_filetest.gno	Remaining launch deposit index=9 n=10	execution-segment-repricing	8717724	8835656	117932	1886	1886	0	119128	392900	392900	204300	204300	0	117.932	117.932	0.000000	+0.000118	+0.000118
launchpad_remaining_public_10_filetest.gno	Remaining launch query getters n=10	query-computation-only	4663169	4732474	69305	0	0	0	67801	0	0	0	0	0	0	0	0.000000	0.000000	0.000000
launchpad_remaining_public_10_filetest.gno	Remaining launch claim index=0 n=10	execution-segment-repricing	3351933	3349350	-2583	2046	2046	0	0	204600	204600	0	0	0	-2.583	-2.583	0.000000	-0.000003	-0.000003
launchpad_remaining_public_10_filetest.gno	Remaining launch claim index=1 n=10	execution-segment-repricing	2997297	2995452	-1845	12	12	0	0	1200	1200	0	0	0	-1.845	-1.845	0.000000	-0.000002	-0.000002
launchpad_remaining_public_10_filetest.gno	Remaining launch claim index=2 n=10	execution-segment-repricing	2985385	2983540	-1845	12	12	0	0	1200	1200	0	0	0	-1.845	-1.845	0.000000	-0.000002	-0.000002
launchpad_remaining_public_10_filetest.gno	Remaining launch claim index=3 n=10	execution-segment-repricing	2996317	2994472	-1845	12	12	0	0	1200	1200	0	0	0	-1.845	-1.845	0.000000	-0.000002	-0.000002
launchpad_remaining_public_10_filetest.gno	Remaining launch claim index=4 n=10	execution-segment-repricing	2997297	2995452	-1845	12	12	0	0	1200	1200	0	0	0	-1.845	-1.845	0.000000	-0.000002	-0.000002
launchpad_remaining_public_10_filetest.gno	Remaining launch claim index=5 n=10	execution-segment-repricing	2985385	2983540	-1845	12	12	0	0	1200	1200	0	0	0	-1.845	-1.845	0.000000	-0.000002	-0.000002
launchpad_remaining_public_10_filetest.gno	Remaining launch claim index=6 n=10	execution-segment-repricing	2997297	2995452	-1845	12	12	0	0	1200	1200	0	0	0	-1.845	-1.845	0.000000	-0.000002	-0.000002
launchpad_remaining_public_10_filetest.gno	Remaining launch claim index=7 n=10	execution-segment-repricing	2998334	2996489	-1845	31	31	0	0	3100	3100	0	0	0	-1.845	-1.845	0.000000	-0.000002	-0.000002
launchpad_remaining_public_10_filetest.gno	Remaining launch claim index=8 n=10	execution-segment-repricing	2996410	2994565	-1845	26	26	0	0	2600	2600	0	0	0	-1.845	-1.845	0.000000	-0.000002	-0.000002
launchpad_remaining_public_10_filetest.gno	Remaining launch claim index=9 n=10	execution-segment-repricing	2984498	2982653	-1845	18	18	0	0	1800	1800	0	0	0	-1.845	-1.845	0.000000	-0.000002	-0.000002
launchpad_remaining_public_10_filetest.gno	Remaining launch claim repeated-accrued n=10	execution-segment-repricing	3320575	3317992	-2583	2	2	0	0	200	200	0	0	0	-2.583	-2.583	0.000000	-0.000003	-0.000003
launchpad_remaining_public_10_filetest.gno	Remaining launch claim repeated-zero-time n=10	execution-segment-repricing	2369716	2369716	0	0	0	0	0	0	0	0	0	0	0	0	0.000000	0.000000	0.000000
launchpad_remaining_public_10_filetest.gno	Remaining launch refund before-withdraw n=10	execution-segment-repricing	6398185	6473406	75221	2045	2045	0	73843	205100	205100	600	600	0	75.221	75.221	0.000000	+0.000075	+0.000075
launchpad_remaining_public_10_filetest.gno	Remaining launch withdraw index=0 n=10	execution-segment-repricing	7695652	7812108	116456	-226	-226	0	119128	204300	204300	226900	226900	0	116.456	116.456	0.000000	+0.000116	+0.000116
launchpad_remaining_public_10_filetest.gno	Remaining launch withdraw index=1 n=10	execution-segment-repricing	7514087	7630543	116456	-2269	-2269	0	119128	600	600	227500	227500	0	116.456	116.456	0.000000	+0.000116	+0.000116
launchpad_remaining_public_10_filetest.gno	Remaining launch withdraw index=2 n=10	execution-segment-repricing	7490776	7607232	116456	-2275	-2275	0	119128	0	0	227500	227500	0	116.456	116.456	0.000000	+0.000116	+0.000116
launchpad_remaining_public_10_filetest.gno	Remaining launch withdraw index=3 n=10	execution-segment-repricing	7496510	7612966	116456	-2275	-2275	0	119128	0	0	227500	227500	0	116.456	116.456	0.000000	+0.000116	+0.000116
launchpad_remaining_public_10_filetest.gno	Remaining launch withdraw index=4 n=10	execution-segment-repricing	7495760	7612216	116456	-2275	-2275	0	119128	0	0	227500	227500	0	116.456	116.456	0.000000	+0.000116	+0.000116
launchpad_remaining_public_10_filetest.gno	Remaining launch refund after-withdraw n=10	execution-segment-repricing	3145839	3221798	75959	-6	-6	0	73843	0	0	600	600	0	75.959	75.959	0.000000	+0.000076	+0.000076
launchpad_remaining_public_10_filetest.gno	Remaining launch withdraw index=5 n=10	execution-segment-repricing	7481292	7597748	116456	-2269	-2269	0	119128	0	0	226900	226900	0	116.456	116.456	0.000000	+0.000116	+0.000116
launchpad_remaining_public_10_filetest.gno	Remaining launch withdraw index=6 n=10	execution-segment-repricing	7485800	7602256	116456	-2261	-2261	0	119128	1400	1400	227500	227500	0	116.456	116.456	0.000000	+0.000116	+0.000116
launchpad_remaining_public_10_filetest.gno	Remaining launch withdraw index=7 n=10	execution-segment-repricing	7472203	7588659	116456	-2260	-2260	0	119128	1500	1500	227500	227500	0	116.456	116.456	0.000000	+0.000116	+0.000116
launchpad_remaining_public_10_filetest.gno	Remaining launch withdraw index=8 n=10	execution-segment-repricing	7470812	7587268	116456	-2270	-2270	0	119128	0	0	227000	227000	0	116.456	116.456	0.000000	+0.000116	+0.000116
launchpad_remaining_public_10_filetest.gno	Remaining launch withdraw index=9 n=10	execution-segment-repricing	7459410	7575866	116456	-2270	-2270	0	119128	0	0	227000	227000	0	116.456	116.456	0.000000	+0.000116	+0.000116
launchpad_remaining_public_10_filetest.gno	Remaining launch withdraw seed n=10	execution-segment-repricing	7339963	7456419	116456	-8582	-8582	0	119128	0	0	858200	858200	0	116.456	116.456	0.000000	+0.000116	+0.000116
launchpad_remaining_public_1_filetest.gno	Remaining launch allocation n=1	execution-segment-repricing	6263679	6412980	149301	32749	30304	-2445	148992	3274900	3030400	0	0	-244500	149.301	-244350.699	-0.244500	+0.000149	-0.244351
launchpad_remaining_public_1_filetest.gno	Remaining launch deposit seed n=1	execution-segment-repricing	9217364	9407299	189935	25327	25327	0	119128	2532700	2532700	0	0	0	189.935	189.935	0.000000	+0.000190	+0.000190
launchpad_remaining_public_1_filetest.gno	Remaining launch deposit index=0 n=1	execution-segment-repricing	8677665	8795597	117932	2027	2027	0	119128	407000	407000	204300	204300	0	117.932	117.932	0.000000	+0.000118	+0.000118
launchpad_remaining_public_1_filetest.gno	Remaining launch query getters n=1	query-computation-only	3992091	4061396	69305	0	0	0	67801	0	0	0	0	0	0	0	0.000000	0.000000	0.000000
launchpad_remaining_public_1_filetest.gno	Remaining launch claim index=0 n=1	execution-segment-repricing	3319628	3317045	-2583	2052	2052	0	0	205200	205200	0	0	0	-2.583	-2.583	0.000000	-0.000003	-0.000003
launchpad_remaining_public_1_filetest.gno	Remaining launch claim repeated-accrued n=1	execution-segment-repricing	3292149	3289566	-2583	0	0	0	0	0	0	0	0	0	-2.583	-2.583	0.000000	-0.000003	-0.000003
launchpad_remaining_public_1_filetest.gno	Remaining launch claim repeated-zero-time n=1	execution-segment-repricing	2348054	2348054	0	0	0	0	0	0	0	0	0	0	0	0	0.000000	0.000000	0.000000
launchpad_remaining_public_1_filetest.gno	Remaining launch refund before-withdraw n=1	execution-segment-repricing	6416061	6491282	75221	2028	2028	0	73843	203400	203400	600	600	0	75.221	75.221	0.000000	+0.000075	+0.000075
launchpad_remaining_public_1_filetest.gno	Remaining launch withdraw index=0 n=1	execution-segment-repricing	7666610	7783066	116456	-220	-220	0	119128	204300	204300	226300	226300	0	116.456	116.456	0.000000	+0.000116	+0.000116
launchpad_remaining_public_1_filetest.gno	Remaining launch refund after-withdraw n=1	execution-segment-repricing	2768168	2844127	75959	0	0	0	73843	0	0	0	0	0	75.959	75.959	0.000000	+0.000076	+0.000076
launchpad_remaining_public_1_filetest.gno	Remaining launch withdraw seed n=1	execution-segment-repricing	7372252	7488708	116456	-10413	-10413	0	119128	0	0	1041300	1041300	0	116.456	116.456	0.000000	+0.000116	+0.000116
launchpad_transfer_left_from_project_filetest.gno	Launchpad TransferLeftFromProjectByAdmin	execution-segment-repricing	1268570	1268570	0	41	41	0	0	4100	4100	0	0	0	0	0	0.000000	0.000000	0.000000
pool_create_and_mint_filetest.gno	CreatePool	execution-segment-repricing	6718031	6718538	507	25361	25361	0	0	2536100	2536100	0	0	0	0.507	0.507	0.000000	+0.000001	+0.000001
pool_create_and_mint_filetest.gno	Mint (fee:3000, wide range)	execution-segment-repricing	31555821	31555824	3	22702	22702	0	0	2270200	2270200	0	0	0	0.003	0.003	0.000000	0.000000	0.000000
pool_swap_wugnot_gns_filetest.gno	Swap (gns -> wugnot, fee:500)	execution-segment-repricing	47051055	47051058	3	0	0	0	0	600	600	600	600	0	0.003	0.003	0.000000	0.000000	0.000000
position_decrease_liquidity_filetest.gno	DecreaseLiquidity	execution-segment-repricing	25630642	25630642	0	18	18	0	0	1800	1800	0	0	0	0	0	0.000000	0.000000	0.000000
position_increase_liquidity_filetest.gno	IncreaseLiquidity	execution-segment-repricing	23148004	23148004	0	-2084	-2084	0	0	5600	5600	214000	214000	0	0	0	0.000000	0.000000	0.000000
position_mint_filetest.gno	Mint (bar:foo:500)	execution-segment-repricing	29749968	29749971	3	22689	22689	0	0	2268900	2268900	0	0	0	0.003	0.003	0.000000	0.000000	0.000000
position_mint_with_gnot_filetest.gno	CollectFee (with unwrap)	execution-segment-repricing	7921566	7921569	3	44	44	0	0	4400	4400	0	0	0	0.003	0.003	0.000000	0.000000	0.000000
position_reposition_filetest.gno	DecreaseLiquidity (w. Remove)	execution-segment-repricing	22338548	22338551	3	62	62	0	0	6200	6200	0	0	0	0.003	0.003	0.000000	0.000000	0.000000
position_reposition_filetest.gno	Mint (reposition)	execution-segment-repricing	30576495	30576495	0	8619	8619	0	0	861900	861900	0	0	0	0	0	0.000000	0.000000	0.000000
position_stake_position_filetest.gno	SetPoolTier (tier 1)	execution-segment-repricing	4030471	4030471	0	47025	47025	0	0	4702500	4702500	0	0	0	0	0	0.000000	0.000000	0.000000
position_stake_position_filetest.gno	StakeToken	execution-segment-repricing	10617929	10617932	3	23393	23393	0	0	2445400	2445400	106100	106100	0	0.003	0.003	0.000000	0.000000	0.000000
raw_uint_tree_key_magnitude_filetest.gno	UintTree Set (0)	execution-segment-repricing	73225	75277	2052	0	0	0	0	0	0	0	0	0	2.052	2.052	0.000000	+0.000002	+0.000002
raw_uint_tree_key_magnitude_filetest.gno	UintTree Get (0)	execution-segment-repricing	56128	56128	0	0	0	0	0	0	0	0	0	0	0	0	0.000000	0.000000	0.000000
raw_uint_tree_key_magnitude_filetest.gno	UintTree Set (1)	execution-segment-repricing	57310	57310	0	0	0	0	0	0	0	0	0	0	0	0	0.000000	0.000000	0.000000
raw_uint_tree_key_magnitude_filetest.gno	UintTree Get (1)	execution-segment-repricing	56128	56128	0	0	0	0	0	0	0	0	0	0	0	0	0.000000	0.000000	0.000000
raw_uint_tree_key_magnitude_filetest.gno	UintTree Set (255)	execution-segment-repricing	57310	57310	0	0	0	0	0	0	0	0	0	0	0	0	0.000000	0.000000	0.000000
raw_uint_tree_key_magnitude_filetest.gno	UintTree Get (255)	execution-segment-repricing	56128	56128	0	0	0	0	0	0	0	0	0	0	0	0	0.000000	0.000000	0.000000
raw_uint_tree_key_magnitude_filetest.gno	UintTree Set (256)	execution-segment-repricing	57310	57310	0	0	0	0	0	0	0	0	0	0	0	0	0.000000	0.000000	0.000000
raw_uint_tree_key_magnitude_filetest.gno	UintTree Get (256)	execution-segment-repricing	56128	56128	0	0	0	0	0	0	0	0	0	0	0	0	0.000000	0.000000	0.000000
raw_uint_tree_key_magnitude_filetest.gno	UintTree Set (65535)	execution-segment-repricing	57310	57310	0	0	0	0	0	0	0	0	0	0	0	0	0.000000	0.000000	0.000000
raw_uint_tree_key_magnitude_filetest.gno	UintTree Get (65535)	execution-segment-repricing	56128	56128	0	0	0	0	0	0	0	0	0	0	0	0	0.000000	0.000000	0.000000
raw_uint_tree_key_magnitude_filetest.gno	UintTree Set (4294967295)	execution-segment-repricing	57310	57310	0	0	0	0	0	0	0	0	0	0	0	0	0.000000	0.000000	0.000000
raw_uint_tree_key_magnitude_filetest.gno	UintTree Get (4294967295)	execution-segment-repricing	56128	56128	0	0	0	0	0	0	0	0	0	0	0	0	0.000000	0.000000	0.000000
raw_uint_tree_key_magnitude_filetest.gno	UintTree Set (9223372036854775807)	execution-segment-repricing	57310	57310	0	0	0	0	0	0	0	0	0	0	0	0	0.000000	0.000000	0.000000
raw_uint_tree_key_magnitude_filetest.gno	UintTree Get (9223372036854775807)	execution-segment-repricing	56128	56128	0	0	0	0	0	0	0	0	0	0	0	0	0.000000	0.000000	0.000000
router_exact_in_single_swap_route_grc20_fee10000_filetest.gno	ExactInSingleSwapRoute(grc20) - fee:10000	execution-segment-repricing	26973823	26973829	6	9054	9054	0	0	906000	906000	600	600	0	0.006	0.006	0.000000	0.000000	0.000000
router_exact_in_single_swap_route_grc20_fee100_filetest.gno	ExactInSingleSwapRoute(grc20) - fee:100	execution-segment-repricing	31564543	31564549	6	9054	9054	0	0	906000	906000	600	600	0	0.006	0.006	0.000000	0.000000	0.000000
router_exact_in_single_swap_route_grc20_fee3000_filetest.gno	ExactInSingleSwapRoute(grc20) - fee:3000	execution-segment-repricing	27038160	27038166	6	9054	9054	0	0	906000	906000	600	600	0	0.006	0.006	0.000000	0.000000	0.000000
router_exact_in_single_swap_route_grc20_fee500_filetest.gno	ExactInSingleSwapRoute(grc20) - fee:500	execution-segment-repricing	26900397	26900403	6	9054	9054	0	0	906000	906000	600	600	0	0.006	0.006	0.000000	0.000000	0.000000
router_exact_in_swap_route_grc20_fee10000_filetest.gno	ExactInSwapRoute(grc20) - fee:10000	execution-segment-repricing	26212293	26212299	6	9054	9054	0	0	906000	906000	600	600	0	0.006	0.006	0.000000	0.000000	0.000000
router_exact_in_swap_route_grc20_fee100_filetest.gno	ExactInSwapRoute(grc20) - fee:100	execution-segment-repricing	30820317	30820323	6	9054	9054	0	0	906000	906000	600	600	0	0.006	0.006	0.000000	0.000000	0.000000
router_exact_in_swap_route_grc20_fee3000_filetest.gno	ExactInSwapRoute(grc20) - fee:3000	execution-segment-repricing	26285282	26285288	6	9054	9054	0	0	906000	906000	600	600	0	0.006	0.006	0.000000	0.000000	0.000000
router_exact_in_swap_route_grc20_fee500_filetest.gno	ExactInSwapRoute(grc20) - fee:500	execution-segment-repricing	26156171	26156177	6	9054	9054	0	0	906000	906000	600	600	0	0.006	0.006	0.000000	0.000000	0.000000
router_exact_out_single_swap_route_grc20_fee10000_filetest.gno	ExactOutSingleSwapRoute(grc20) - fee:10000	execution-segment-repricing	28806824	28806830	6	9054	9054	0	0	906000	906000	600	600	0	0.006	0.006	0.000000	0.000000	0.000000
router_exact_out_single_swap_route_grc20_fee100_filetest.gno	ExactOutSingleSwapRoute(grc20) - fee:100	execution-segment-repricing	33248320	33248326	6	9054	9054	0	0	906000	906000	600	600	0	0.006	0.006	0.000000	0.000000	0.000000
router_exact_out_single_swap_route_grc20_fee3000_filetest.gno	ExactOutSingleSwapRoute(grc20) - fee:3000	execution-segment-repricing	28747177	28747183	6	9054	9054	0	0	906000	906000	600	600	0	0.006	0.006	0.000000	0.000000	0.000000
router_exact_out_single_swap_route_grc20_fee500_filetest.gno	ExactOutSingleSwapRoute(grc20) - fee:500	execution-segment-repricing	28642962	28642968	6	9054	9054	0	0	906000	906000	600	600	0	0.006	0.006	0.000000	0.000000	0.000000
router_exact_out_swap_route_grc20_fee10000_filetest.gno	ExactOutSwapRoute(grc20) - fee:10000	execution-segment-repricing	28068329	28068335	6	9054	9054	0	0	906000	906000	600	600	0	0.006	0.006	0.000000	0.000000	0.000000
router_exact_out_swap_route_grc20_fee100_filetest.gno	ExactOutSwapRoute(grc20) - fee:100	execution-segment-repricing	32527129	32527135	6	9054	9054	0	0	906000	906000	600	600	0	0.006	0.006	0.000000	0.000000	0.000000
router_exact_out_swap_route_grc20_fee3000_filetest.gno	ExactOutSwapRoute(grc20) - fee:3000	execution-segment-repricing	28017334	28017340	6	9054	9054	0	0	906000	906000	600	600	0	0.006	0.006	0.000000	0.000000	0.000000
router_exact_out_swap_route_grc20_fee500_filetest.gno	ExactOutSwapRoute(grc20) - fee:500	execution-segment-repricing	27921771	27921777	6	9054	9054	0	0	906000	906000	600	600	0	0.006	0.006	0.000000	0.000000	0.000000
router_single_hop_route_filetest.gno	BuildSingleHopRoutePath	execution-segment-repricing	202459	204013	1554	0	0	0	0	0	0	0	0	0	1.554	1.554	0.000000	+0.000002	+0.000002
router_swap_multi_hop_filetest.gno	MultiHop ExactIn (2 hops)	execution-segment-repricing	52640746	52640752	6	9061	9061	0	0	907300	907300	1200	1200	0	0.006	0.006	0.000000	0.000000	0.000000
router_swap_multi_hop_filetest.gno	MultiHop ExactOut (2 hops)	execution-segment-repricing	73105182	73105182	0	76	76	0	0	7600	7600	0	0	0	0	0	0.000000	0.000000	0.000000
router_swap_multi_hop_filetest.gno	MultiHop ExactIn (3 hops)	execution-segment-repricing	72264029	72264029	0	33	33	0	0	4500	4500	1200	1200	0	0	0	0.000000	0.000000	0.000000
router_swap_multi_hop_filetest.gno	MultiHop ExactOut (3 hops)	execution-segment-repricing	110815944	110815944	0	0	0	0	0	0	0	0	0	0	0	0	0.000000	0.000000	0.000000
router_swap_multi_hop_filetest.gno	MultiRoute ExactIn (50:50 split)	execution-segment-repricing	71586063	71586063	0	0	0	0	0	600	600	600	600	0	0	0	0.000000	0.000000	0.000000
router_swap_multi_hop_filetest.gno	MultiRoute ExactOut (50:50 split)	execution-segment-repricing	96971305	96971305	0	4	4	0	0	400	400	0	0	0	0	0	0.000000	0.000000	0.000000
staker_collect_reward_filetest.gno	CollectReward (only Internal Reward)	execution-segment-repricing	13997438	13997438	0	11137	11137	0	0	1113700	1113700	0	0	0	0	0	0.000000	0.000000	0.000000
staker_collect_reward_filetest.gno	CollectReward 2nd (only Internal Reward)	execution-segment-repricing	13778831	13778831	0	40	40	0	0	4000	4000	0	0	0	0	0	0.000000	0.000000	0.000000
staker_collect_reward_incentive_token_count_filetest.gno	staker CollectReward (1 external-incentive token)	execution-segment-repricing	13624670	13624670	0	10026	10026	0	0	1002600	1002600	0	0	0	0	0	0.000000	0.000000	0.000000
staker_collect_reward_incentive_token_count_filetest.gno	staker CollectReward (2 external-incentive tokens)	execution-segment-repricing	20970488	20970488	0	4069	4069	0	0	406900	406900	0	0	0	0	0	0.000000	0.000000	0.000000
staker_collect_reward_incentive_token_count_filetest.gno	staker CollectReward (3 external-incentive tokens)	execution-segment-repricing	28630586	28630586	0	4502	4502	0	0	450200	450200	0	0	0	0	0	0.000000	0.000000	0.000000
staker_collect_reward_incentive_token_count_filetest.gno	staker CollectReward (4 external-incentive tokens)	execution-segment-repricing	36478899	36478899	0	5046	5046	0	0	504600	504600	0	0	0	0	0	0.000000	0.000000	0.000000
staker_collect_reward_position_growth_filetest.gno	storage growth: CollectReward 20 staked positions	execution-segment-repricing	15322698	15322698	0	62	62	0	0	6200	6200	0	0	0	0	0	0.000000	0.000000	0.000000
staker_collect_reward_position_growth_filetest.gno	storage growth: CollectReward 40 staked positions	execution-segment-repricing	15785077	15785077	0	0	0	0	0	0	0	0	0	0	0	0	0.000000	0.000000	0.000000
staker_collect_reward_position_growth_filetest.gno	storage growth: CollectReward 60 staked positions	execution-segment-repricing	15787567	15787567	0	0	0	0	0	0	0	0	0	0	0	0	0.000000	0.000000	0.000000
staker_collect_reward_position_growth_filetest.gno	storage growth: CollectReward 80 staked positions	execution-segment-repricing	15918844	15918844	0	0	0	0	0	0	0	0	0	0	0	0	0.000000	0.000000	0.000000
staker_collect_reward_position_growth_filetest.gno	storage growth: CollectReward 100 staked positions	execution-segment-repricing	15904575	15904575	0	0	0	0	0	0	0	0	0	0	0	0	0.000000	0.000000	0.000000
staker_collect_reward_with_external_rewards_1_filetest.gno	CollectReward With External Rewards (1 incentives)	execution-segment-repricing	22021186	22021186	0	14734	14734	0	0	1473400	1473400	0	0	0	0	0	0.000000	0.000000	0.000000
staker_collect_reward_with_external_rewards_1_filetest.gno	CollectReward With External Rewards 2nd (1 incentives)	execution-segment-repricing	21425192	21425192	0	31	31	0	0	3100	3100	0	0	0	0	0	0.000000	0.000000	0.000000
staker_collect_reward_with_external_rewards_5_filetest.gno	CollectReward With External Rewards (5 incentives)	execution-segment-repricing	53057905	53057905	0	28757	28757	0	0	2875700	2875700	0	0	0	0	0	0.000000	0.000000	0.000000
staker_collect_reward_with_external_rewards_5_filetest.gno	CollectReward With External Rewards 2nd (5 incentives)	execution-segment-repricing	51305551	51305551	0	52	52	0	0	5200	5200	0	0	0	0	0	0.000000	0.000000	0.000000
staker_collect_reward_with_warmup_range_filetest.gno	CollectReward with Warmup Range (30% ~ 30%)	execution-segment-repricing	14035434	14035434	0	11119	11119	0	0	1111900	1111900	0	0	0	0	0	0.000000	0.000000	0.000000
staker_collect_reward_with_warmup_range_filetest.gno	CollectReward with Warmup Range (30% ~ 50%)	execution-segment-repricing	16054353	16054353	0	58	58	0	0	5800	5800	0	0	0	0	0	0.000000	0.000000	0.000000
staker_collect_reward_with_warmup_range_filetest.gno	CollectReward with Warmup Range (30% ~ 70%)	execution-segment-repricing	18359219	18359219	0	18	18	0	0	1800	1800	0	0	0	0	0	0.000000	0.000000	0.000000
staker_collect_reward_with_warmup_range_filetest.gno	CollectReward with Warmup Range (30% ~ 100%)	execution-segment-repricing	20688012	20688012	0	18	18	0	0	1800	1800	0	0	0	0	0	0.000000	0.000000	0.000000
staker_collect_reward_with_warmup_range_filetest.gno	CollectReward with Warmup Range (100% ~)	execution-segment-repricing	13453682	13453682	0	-6	-6	0	0	0	0	600	600	0	0	0	0.000000	0.000000	0.000000
staker_collect_reward_with_warmup_range_filetest.gno	CollectReward with Warmup Range 2nd (100% ~)	execution-segment-repricing	13338329	13338329	0	0	0	0	0	0	0	0	0	0	0	0	0.000000	0.000000	0.000000
staker_create_external_incentive_filetest.gno	CreateExternalIncentive	execution-segment-repricing	3858805	3858805	0	66634	66634	0	0	6663400	6663400	0	0	0	0	0	0.000000	0.000000	0.000000
staker_end_external_incentive_filetest.gno	EndExternalIncentive	execution-segment-repricing	2312242	2312242	0	-1979	-1979	0	0	4500	4500	202400	202400	0	0	0	0.000000	0.000000	0.000000
staker_end_external_incentive_unclaimable100_filetest.gno	EndExternalIncentive (unclaimablePeriods=100)	execution-segment-repricing	2352154	2352154	0	147	147	0	0	14700	14700	0	0	0	0	0	0.000000	0.000000	0.000000
staker_end_external_incentive_unclaimable10_filetest.gno	EndExternalIncentive (unclaimablePeriods=10)	execution-segment-repricing	2301857	2301857	0	141	141	0	0	14100	14100	0	0	0	0	0	0.000000	0.000000	0.000000
staker_end_external_incentive_unclaimable50_filetest.gno	EndExternalIncentive (unclaimablePeriods=50)	execution-segment-repricing	2314287	2314287	0	141	141	0	0	14100	14100	0	0	0	0	0	0.000000	0.000000	0.000000
staker_halving_tick_cross_batch_10_filetest.gno	Swap (halving, 10 staked tick-crosses)	execution-segment-repricing	106403913	106403913	0	3729	3729	0	0	373500	373500	600	600	0	0	0	0.000000	0.000000	0.000000
staker_halving_tick_cross_batch_1_filetest.gno	Swap (halving, 1 staked tick-cross)	execution-segment-repricing	32197775	32197775	0	2813	2813	0	0	281900	281900	600	600	0	0	0	0.000000	0.000000	0.000000
staker_halving_tick_cross_batch_50_filetest.gno	Swap (halving, 50 staked tick-crosses)	execution-segment-repricing	445343810	445343810	0	7260	7260	0	0	726600	726600	600	600	0	0	0	0.000000	0.000000	0.000000
staker_tick_cross_batch_no_halving_10_filetest.gno	Swap (no halving, 10 staked tick-crosses)	execution-segment-repricing	94229033	94229033	0	-7110	-7110	0	0	40300	40300	751300	751300	0	0	0	0.000000	0.000000	0.000000
staker_tick_cross_batch_no_halving_1_filetest.gno	Swap (no halving, 1 staked tick-cross)	execution-segment-repricing	26002108	26002108	0	-7684	-7684	0	0	4500	4500	772900	772900	0	0	0	0.000000	0.000000	0.000000
staker_tick_cross_batch_no_halving_50_filetest.gno	Swap (no halving, 50 staked tick-crosses)	execution-segment-repricing	406594608	406594608	0	-5108	-5108	0	0	174600	174600	685400	685400	0	0	0	0.000000	0.000000	0.000000
version_manager_filetest.gno	RegisterInitializer (v1)	execution-segment-repricing	71548	71548	0	0	0	0	0	0	0	0	0	0	0	0	0.000000	0.000000	0.000000
version_manager_filetest.gno	RegisterInitializer (v2)	execution-segment-repricing	55268	55268	0	0	0	0	0	0	0	0	0	0	0	0	0.000000	0.000000	0.000000
